{"type":"FeatureCollection","features":[{"type":"Feature","properties":{"name":"Khijadia Wildlife Sanctuary","kind":"wetland","ramsarid":2464,"area_km2":5.1,"source":"Ramsar Sites Information Service"},"geometry":{"type":"MultiPolygon","coordinates":[[[[70.125806,22.514158],[70.12622,22.514431],[70.127112,22.514872],[70.130281,22.516746],[70.132651,22.518042],[70.133643,22.517876],[70.137796,22.51671],[70.139256,22.516278],[70.141204,22.515662],[70.144024,22.514588],[70.147029,22.51343],[70.148774,22.512557],[70.153038,22.517349],[70.154739,22.519232],[70.15632,22.521137],[70.157485,22.52246],[70.158851,22.52355],[70.161072,22.525495],[70.163229,22.527346],[70.166739,22.528634],[70.169244,22.52941],[70.171713,22.530039],[70.172042,22.528663],[70.172389,22.526841],[70.172495,22.526353],[70.172666,22.526288],[70.173736,22.525853],[70.17637,22.524806],[70.177822,22.524295],[70.179692,22.523548],[70.181461,22.523213],[70.184184,22.522654],[70.182958,22.524583],[70.183261,22.52541],[70.183583,22.526595],[70.183937,22.529022],[70.18421,22.53269],[70.184207,22.534555],[70.184212,22.536819],[70.183907,22.538147],[70.18396,22.53997],[70.184401,22.541851],[70.184713,22.543597],[70.185583,22.543162],[70.187952,22.54181],[70.189358,22.540993],[70.189646,22.540758],[70.189887,22.540381],[70.189934,22.540211],[70.190122,22.540252],[70.190281,22.540358],[70.190381,22.540413],[70.190519,22.540502],[70.190729,22.540668],[70.191045,22.54074],[70.191304,22.54071],[70.191645,22.540581],[70.192103,22.540399],[70.19258,22.540264],[70.192521,22.538253],[70.192439,22.536007],[70.192344,22.533973],[70.19235,22.532297],[70.192321,22.531197],[70.192303,22.530421],[70.192294,22.530205],[70.192209,22.530152],[70.192136,22.530076],[70.191945,22.530243],[70.189769,22.528646],[70.189781,22.527182],[70.190502,22.52696],[70.190918,22.526773],[70.191159,22.526616],[70.190953,22.526594],[70.19059,22.526516],[70.190169,22.526217],[70.189899,22.526041],[70.18954,22.525559],[70.189299,22.525365],[70.189266,22.525158],[70.189156,22.524892],[70.188954,22.524799],[70.188526,22.524099],[70.18839,22.52335],[70.188428,22.522929],[70.188437,22.522314],[70.188671,22.521494],[70.188546,22.521002],[70.188368,22.520572],[70.187958,22.520419],[70.187882,22.520179],[70.187764,22.520114],[70.186382,22.519994],[70.186413,22.519751],[70.186504,22.519193],[70.186632,22.518488],[70.185961,22.518289],[70.184966,22.517903],[70.18411,22.517549],[70.182802,22.516904],[70.181273,22.521096],[70.181173,22.521067],[70.179598,22.52045],[70.177657,22.51975],[70.174342,22.518418],[70.174298,22.518703],[70.174181,22.518873],[70.17417,22.51923],[70.173959,22.519344],[70.173689,22.519403],[70.173491,22.519407],[70.173348,22.519562],[70.173495,22.519668],[70.173768,22.519827],[70.173857,22.520191],[70.173702,22.520334],[70.173423,22.520382],[70.173401,22.520676],[70.173413,22.520909],[70.173722,22.520988],[70.17375,22.521173],[70.173814,22.521466],[70.173698,22.521669],[70.173389,22.521731],[70.173212,22.521731],[70.172895,22.52173],[70.172689,22.521761],[70.17262,22.521911],[70.172608,22.521999],[70.172698,22.522293],[70.172694,22.522438],[70.17253,22.522466],[70.172183,22.522449],[70.172141,22.522579],[70.172139,22.522777],[70.171911,22.522956],[70.171691,22.522989],[70.171459,22.523253],[70.171528,22.523454],[70.171568,22.523694],[70.171496,22.524124],[70.171322,22.524389],[70.17161,22.524455],[70.171771,22.524629],[70.171908,22.524709],[70.172367,22.524722],[70.172343,22.524899],[70.172166,22.525571],[70.172024,22.525777],[70.172264,22.525991],[70.17229,22.52614],[70.172301,22.52637],[70.172172,22.526458],[70.171995,22.526576],[70.171771,22.526709],[70.171704,22.526897],[70.171674,22.527125],[70.171529,22.527206],[70.171292,22.527278],[70.171183,22.527393],[70.171112,22.52759],[70.170915,22.527976],[70.170572,22.527942],[70.17005,22.527867],[70.169731,22.527853],[70.169179,22.527999],[70.168585,22.527864],[70.168515,22.527529],[70.16845,22.526858],[70.168369,22.526228],[70.168009,22.525665],[70.168103,22.525306],[70.167791,22.5252],[70.167339,22.52503],[70.166692,22.524842],[70.166545,22.52453],[70.164906,22.523894],[70.164906,22.523232],[70.165218,22.52315],[70.165286,22.522679],[70.165092,22.522659],[70.16482,22.522652],[70.164168,22.5226],[70.163749,22.522334],[70.162867,22.521818],[70.161884,22.521671],[70.161535,22.522316],[70.161559,22.522563],[70.161496,22.52278],[70.161313,22.522817],[70.161185,22.522967],[70.160998,22.52297],[70.160874,22.522967],[70.160928,22.52337],[70.160901,22.523683],[70.160772,22.523857],[70.160632,22.524009],[70.160425,22.524024],[70.160318,22.523866],[70.1602,22.523709],[70.160109,22.523592],[70.160006,22.523446],[70.15989,22.523288],[70.158898,22.522038],[70.158246,22.521854],[70.158328,22.521175],[70.158108,22.520972],[70.157584,22.520348],[70.15729,22.520237],[70.157143,22.519934],[70.156702,22.519686],[70.156693,22.519144],[70.155343,22.517582],[70.155269,22.517169],[70.154957,22.517114],[70.154865,22.516811],[70.154341,22.516719],[70.15436,22.516223],[70.154332,22.515745],[70.153919,22.515525],[70.154424,22.51354],[70.153214,22.51183],[70.152742,22.511821],[70.152394,22.511711],[70.152392,22.511264],[70.152495,22.510839],[70.152752,22.510463],[70.152761,22.510297],[70.152531,22.510095],[70.151751,22.509498],[70.150602,22.508699],[70.149187,22.507743],[70.149105,22.508249],[70.148838,22.508377],[70.14826,22.508212],[70.146385,22.507973],[70.146165,22.508056],[70.146036,22.508368],[70.145871,22.50869],[70.146009,22.509048],[70.145246,22.509223],[70.145384,22.509921],[70.145053,22.509957],[70.145255,22.510591],[70.145504,22.511253],[70.146,22.511391],[70.146046,22.511657],[70.145807,22.511629],[70.145283,22.511556],[70.144906,22.511409],[70.143712,22.510986],[70.143262,22.510986],[70.142931,22.510362],[70.142316,22.510297],[70.141921,22.510279],[70.141774,22.510141],[70.141397,22.510104],[70.141379,22.509902],[70.141075,22.509884],[70.140515,22.509553],[70.140221,22.50902],[70.139523,22.508818],[70.139707,22.509645],[70.139606,22.509663],[70.139413,22.509618],[70.139165,22.509443],[70.139128,22.509689],[70.139459,22.509856],[70.139431,22.510141],[70.139403,22.510711],[70.139054,22.510729],[70.139054,22.51117],[70.139358,22.511234],[70.139385,22.512043],[70.138871,22.511979],[70.138843,22.511832],[70.138678,22.511271],[70.13876,22.510876],[70.138972,22.51027],[70.139039,22.509654],[70.134453,22.51091],[70.134547,22.51117],[70.134773,22.511207],[70.13498,22.511323],[70.135002,22.511585],[70.135026,22.511717],[70.135202,22.511795],[70.13532,22.511996],[70.135374,22.512205],[70.135366,22.51235],[70.135378,22.512453],[70.135484,22.512648],[70.13549,22.513027],[70.135465,22.513258],[70.135412,22.513642],[70.135308,22.513933],[70.13549,22.513995],[70.135383,22.514473],[70.135255,22.514568],[70.135008,22.51463],[70.134947,22.515084],[70.135205,22.515159],[70.13586,22.515317],[70.134423,22.517149],[70.134125,22.517119],[70.133708,22.517176],[70.133429,22.517413],[70.133234,22.517518],[70.132914,22.517631],[70.1325,22.517684],[70.132259,22.517529],[70.132123,22.517303],[70.132123,22.516981],[70.132236,22.51637],[70.132022,22.516363],[70.131796,22.516367],[70.131567,22.516382],[70.131533,22.516265],[70.131491,22.516152],[70.131491,22.516058],[70.131488,22.515949],[70.131461,22.51587],[70.131239,22.515866],[70.130968,22.515885],[70.130709,22.51587],[70.130223,22.515776],[70.130223,22.51453],[70.128702,22.514495],[70.128821,22.514129],[70.128899,22.513698],[70.129012,22.513379],[70.129128,22.513067],[70.129072,22.512758],[70.128993,22.512261],[70.129098,22.512077],[70.129185,22.511862],[70.129309,22.511505],[70.129294,22.511211],[70.129102,22.511174],[70.128959,22.511426],[70.128842,22.511629],[70.128417,22.511569],[70.128342,22.51184],[70.128259,22.512047],[70.12795,22.512367],[70.127638,22.512656],[70.127465,22.512965],[70.127318,22.512931],[70.127047,22.512803],[70.12675,22.512611],[70.126618,22.512818],[70.126671,22.512863],[70.126867,22.512976],[70.126938,22.513112],[70.126965,22.513367],[70.126867,22.513597],[70.126686,22.513608],[70.12646,22.513631],[70.126366,22.513751],[70.126118,22.513834],[70.125858,22.513864],[70.125806,22.514158]]],[[[70.119185,22.501206],[70.119179,22.501198],[70.119025,22.502587],[70.11878,22.504284],[70.118694,22.50542],[70.118709,22.506707],[70.119017,22.507302],[70.119868,22.508558],[70.120812,22.509845],[70.121817,22.511087],[70.123111,22.512589],[70.124003,22.513401],[70.123928,22.511685],[70.123649,22.511569],[70.123698,22.511147],[70.123484,22.510997],[70.1235,22.509975],[70.124057,22.509907],[70.1241,22.509532],[70.123694,22.509228],[70.123315,22.508853],[70.123263,22.50838],[70.123615,22.507631],[70.12385,22.507457],[70.1242,22.50728],[70.12496,22.507408],[70.12507,22.507121],[70.12516,22.506879],[70.125304,22.506843],[70.125394,22.50656],[70.126204,22.505938],[70.126377,22.505852],[70.126526,22.505849],[70.126648,22.505684],[70.12684,22.505548],[70.127017,22.505424],[70.127123,22.505319],[70.127179,22.505255],[70.127292,22.505183],[70.127371,22.505194],[70.127484,22.505123],[70.127728,22.504965],[70.127977,22.504923],[70.128282,22.504935],[70.128453,22.504978],[70.128113,22.504602],[70.128003,22.503922],[70.127709,22.502286],[70.123085,22.500867],[70.122871,22.500908],[70.122638,22.500984],[70.12241,22.501035],[70.122143,22.501147],[70.121849,22.501359],[70.121549,22.501488],[70.121249,22.501559],[70.120937,22.501523],[70.120649,22.501435],[70.120361,22.501076],[70.119902,22.500606],[70.11985,22.500665],[70.119603,22.501],[70.119414,22.501165],[70.119185,22.501206]]]]}},{"type":"Feature","properties":{"name":"Sundarban Wetland","kind":"wetland","ramsarid":2370,"area_km2":4230.0,"source":"Ramsar Sites Information Service"},"geometry":{"type":"MultiPolygon","coordinates":[[[[88.18853,21.423477],[88.174813,21.456687],[88.172647,21.474735],[88.170482,21.497837],[88.158209,21.523827],[88.139438,21.551983],[88.137272,21.57292],[88.138716,21.601075],[88.144492,21.620568],[88.142502,21.63722],[88.153893,21.655832],[88.169038,21.671104],[88.176257,21.657387],[88.180589,21.632119],[88.189974,21.609739],[88.200081,21.597466],[88.207779,21.604164],[88.200836,21.620001],[88.210189,21.633563],[88.220296,21.65089],[88.23111,21.645281],[88.216309,21.627239],[88.219452,21.614719],[88.230553,21.60972],[88.230403,21.593856],[88.226793,21.585915],[88.242226,21.597221],[88.254227,21.600354],[88.244164,21.580833],[88.256668,21.560831],[88.273613,21.559444],[88.291046,21.575807],[88.285271,21.590246],[88.27372,21.602519],[88.278051,21.6249],[88.296822,21.66605],[88.291046,21.681211],[88.283827,21.694206],[88.279167,21.71694],[88.284157,21.75058],[88.282501,21.76722],[88.264847,21.756943],[88.24773,21.774342],[88.243252,21.789184],[88.242034,21.799337],[88.244876,21.811519],[88.252592,21.818829],[88.259902,21.824921],[88.270866,21.830606],[88.282643,21.835479],[88.292795,21.836291],[88.300105,21.834667],[88.290298,21.823801],[88.271103,21.818741],[88.261391,21.81176],[88.250562,21.809895],[88.251946,21.798334],[88.254433,21.791201],[88.263908,21.787451],[88.2798,21.781875],[88.292877,21.77483],[88.295232,21.757103],[88.297669,21.727458],[88.307236,21.72369],[88.316755,21.727052],[88.323659,21.725834],[88.330156,21.720148],[88.328331,21.710279],[88.330276,21.70389],[88.332497,21.702223],[88.315131,21.701468],[88.308296,21.70697],[88.29631,21.706079],[88.289444,21.701668],[88.295555,21.695555],[88.308052,21.693624],[88.32244,21.690097],[88.329474,21.68883],[88.336326,21.684719],[88.34455,21.677637],[88.354144,21.667358],[88.358712,21.656165],[88.35807,21.647501],[88.369905,21.646343],[88.375388,21.642231],[88.374931,21.631495],[88.376758,21.625099],[88.374702,21.61619],[88.374702,21.607282],[88.379728,21.604312],[88.385895,21.606368],[88.391378,21.61185],[88.39686,21.618018],[88.403713,21.622586],[88.416276,21.624642],[88.41422,21.635378],[88.405083,21.644972],[88.398687,21.654338],[88.397773,21.669642],[88.39823,21.685175],[88.404626,21.693627],[88.415134,21.701394],[88.424553,21.709356],[88.439903,21.709305],[88.442156,21.736064],[88.443679,21.747638],[88.448248,21.769567],[88.451902,21.781445],[88.459167,21.791016],[88.475354,21.803069],[88.485101,21.810684],[88.484796,21.82378],[88.480837,21.828653],[88.481819,21.835129],[88.491112,21.830278],[88.498886,21.819721],[88.509466,21.809161],[88.510075,21.803983],[88.519212,21.814643],[88.522258,21.824085],[88.516167,21.828653],[88.502766,21.832613],[88.494542,21.841141],[88.490303,21.853962],[88.481446,21.872816],[88.476877,21.881039],[88.477415,21.89326],[88.465637,21.896395],[88.466146,21.904529],[88.473151,21.910925],[88.487161,21.918235],[88.493862,21.927372],[88.493862,21.945646],[88.485334,21.950519],[88.478938,21.959656],[88.481983,21.972144],[88.486552,21.97854],[88.499039,21.986154],[88.504013,21.981491],[88.494194,21.971569],[88.487161,21.96392],[88.497231,21.95644],[88.509933,21.950815],[88.517143,21.944139],[88.52282,21.9331],[88.521881,21.920721],[88.509163,21.91083],[88.503891,21.904167],[88.49498,21.883711],[88.496948,21.875679],[88.508865,21.86701],[88.519188,21.8589],[88.526146,21.860366],[88.524928,21.87194],[88.533456,21.881077],[88.534369,21.893564],[88.528278,21.902702],[88.532238,21.908793],[88.545578,21.904627],[88.553947,21.902708],[88.557517,21.909707],[88.542288,21.91793],[88.535588,21.924326],[88.536197,21.947473],[88.531933,21.959352],[88.53041,21.970925],[88.537506,21.978691],[88.547256,21.97378],[88.554471,21.967575],[88.560258,21.958133],[88.565131,21.96788],[88.566045,21.984326],[88.576096,21.991636],[88.586451,21.991332],[88.591933,22.005037],[88.60168,22.016002],[88.60838,22.029098],[88.616908,22.040976],[88.628738,22.051661],[88.642797,22.057119],[88.659996,22.05722],[88.667504,22.063712],[88.678164,22.067367],[88.689433,22.067062],[88.70472,22.065001],[88.712486,22.059341],[88.722326,22.062798],[88.73055,22.074067],[88.735118,22.081986],[88.743342,22.089905],[88.754306,22.099042],[88.768317,22.111529],[88.775626,22.116707],[88.787504,22.127671],[88.805832,22.130831],[88.823624,22.130053],[88.833495,22.116402],[88.838977,22.103915],[88.851464,22.096301],[88.859688,22.0896],[88.874307,22.095387],[88.88984,22.095387],[88.90385,22.099346],[88.90781,22.101478],[88.906287,22.11823],[88.894713,22.134981],[88.883444,22.151428],[88.878639,22.167826],[88.874916,22.176403],[88.880703,22.181885],[88.894112,22.177242],[88.898422,22.170555],[88.906029,22.173693],[88.909942,22.180667],[88.91201,22.185942],[88.918152,22.1849],[88.922846,22.185506],[88.926197,22.190075],[88.925283,22.196471],[88.933811,22.199212],[88.942644,22.199516],[88.945385,22.205912],[88.943557,22.214136],[88.941124,22.22521],[88.955002,22.216562],[88.961222,22.20774],[88.973488,22.209185],[88.986502,22.212004],[88.998589,22.210863],[89.000816,22.190075],[89.004471,22.170887],[89.009649,22.162054],[89.017568,22.149262],[89.036827,22.140001],[89.040106,22.127333],[89.030055,22.116064],[89.020164,22.097033],[89.028656,22.067183],[89.046112,22.038055],[89.053192,22.013648],[89.054275,21.976829],[89.041946,21.945829],[89.017883,21.927505],[89.006086,21.915644],[89.005003,21.88803],[89.027547,21.864983],[89.027547,21.84785],[89.020885,21.826911],[89.007175,21.802453],[89.013271,21.781226],[89.017685,21.762241],[89.023423,21.750578],[89.038017,21.737253],[89.05484,21.724041],[89.07486,21.6875],[89.094978,21.651308],[89.10193,21.633518],[89.099223,21.620523],[89.075407,21.599277],[89.041301,21.575483],[89.010368,21.566758],[88.971504,21.546136],[88.886636,21.507271],[88.852531,21.493788],[88.778768,21.508064],[88.691521,21.534239],[88.597135,21.512823],[88.481335,21.492201],[88.383777,21.549308],[88.282253,21.516789],[88.226733,21.477925],[88.18853,21.423477]]]]}},{"type":"Feature","properties":{"name":"Bakhira Wildlife Sanctuary","kind":"wetland","ramsarid":2465,"area_km2":28.9,"source":"Ramsar Sites Information Service"},"geometry":{"type":"MultiPolygon","coordinates":[[[[83.089042,26.923941],[83.091168,26.927993],[83.092053,26.92977],[83.092639,26.931194],[83.093156,26.931784],[83.093836,26.932538],[83.093869,26.932895],[83.093859,26.933803],[83.094189,26.934323],[83.094606,26.935272],[83.094941,26.936103],[83.09601,26.937711],[83.096424,26.938493],[83.097716,26.93919],[83.097828,26.938456],[83.098479,26.938246],[83.098556,26.938961],[83.099417,26.940553],[83.100583,26.942241],[83.101613,26.941724],[83.102034,26.941187],[83.102215,26.940554],[83.102587,26.940383],[83.102794,26.940046],[83.102893,26.939226],[83.103147,26.939136],[83.104096,26.939437],[83.104741,26.939714],[83.105368,26.93992],[83.105833,26.940028],[83.106184,26.939951],[83.106408,26.939877],[83.106619,26.939285],[83.106877,26.938551],[83.107151,26.93783],[83.107667,26.93706],[83.109146,26.936369],[83.110128,26.936139],[83.11226,26.936203],[83.11252,26.936315],[83.114707,26.937531],[83.115594,26.937933],[83.116205,26.938167],[83.116788,26.93856],[83.117591,26.938748],[83.118188,26.939069],[83.118677,26.939534],[83.119192,26.939756],[83.119866,26.939846],[83.120591,26.940042],[83.120945,26.940303],[83.123561,26.9383],[83.126902,26.935714],[83.12797,26.934709],[83.13009,26.932729],[83.133783,26.929349],[83.135136,26.928211],[83.137517,26.92647],[83.140087,26.924583],[83.143843,26.922062],[83.144332,26.921696],[83.144002,26.921325],[83.142689,26.919531],[83.144856,26.917181],[83.148378,26.916077],[83.150335,26.915331],[83.153024,26.915266],[83.156015,26.914265],[83.156626,26.914184],[83.157704,26.913452],[83.15946,26.913329],[83.159961,26.913107],[83.160548,26.913122],[83.160298,26.912576],[83.15986,26.911962],[83.159792,26.908405],[83.161606,26.90716],[83.163437,26.904003],[83.163564,26.903667],[83.165804,26.902439],[83.166119,26.90081],[83.167374,26.899549],[83.167575,26.898926],[83.170087,26.898003],[83.169716,26.89672],[83.168648,26.89516],[83.167697,26.894172],[83.166264,26.893024],[83.16454,26.892],[83.163144,26.891448],[83.16162,26.891113],[83.159939,26.890924],[83.159033,26.890914],[83.157439,26.891105],[83.15587,26.891249],[83.155547,26.891039],[83.155621,26.890626],[83.155975,26.890579],[83.156452,26.890465],[83.157114,26.89024],[83.157508,26.889971],[83.15789,26.889726],[83.158539,26.889549],[83.159109,26.889409],[83.159491,26.889212],[83.160019,26.888978],[83.160469,26.888851],[83.161184,26.888637],[83.161963,26.888291],[83.162702,26.88791],[83.163176,26.887664],[83.163918,26.887449],[83.165107,26.886977],[83.165738,26.886514],[83.166419,26.885834],[83.166489,26.885284],[83.166221,26.883784],[83.16611,26.882185],[83.165614,26.881309],[83.164979,26.880402],[83.164397,26.880469],[83.163768,26.880288],[83.16307,26.879953],[83.162568,26.879507],[83.162094,26.878399],[83.160809,26.876488],[83.160373,26.875945],[83.159969,26.875238],[83.159244,26.874806],[83.158501,26.874244],[83.157933,26.873811],[83.15743,26.873245],[83.156839,26.87298],[83.156091,26.872824],[83.155412,26.872822],[83.154666,26.872834],[83.153998,26.87269],[83.153071,26.872833],[83.152174,26.873002],[83.151827,26.873319],[83.151421,26.873695],[83.151097,26.874142],[83.15081,26.874469],[83.149172,26.875433],[83.148579,26.876054],[83.147849,26.876877],[83.147174,26.877818],[83.146489,26.878646],[83.146191,26.878718],[83.145836,26.878986],[83.145627,26.879192],[83.145301,26.879531],[83.144854,26.879872],[83.144419,26.880082],[83.14409,26.880314],[83.14374,26.880796],[83.143483,26.881302],[83.143359,26.881781],[83.142923,26.882659],[83.142674,26.882878],[83.142466,26.883132],[83.142352,26.883456],[83.142298,26.884125],[83.141812,26.885184],[83.14063,26.886718],[83.13882,26.888918],[83.137323,26.89072],[83.13709,26.891081],[83.136685,26.89147],[83.136068,26.891957],[83.135637,26.892405],[83.135232,26.892817],[83.134855,26.893312],[83.134398,26.893785],[83.133917,26.894389],[83.133556,26.895039],[83.132795,26.895624],[83.131829,26.895984],[83.131271,26.896053],[83.130752,26.896072],[83.130233,26.896056],[83.129753,26.896028],[83.129312,26.895951],[83.128551,26.895831],[83.128044,26.895791],[83.127589,26.895666],[83.127292,26.895444],[83.126836,26.895284],[83.126556,26.895276],[83.126062,26.8952],[83.125529,26.895208],[83.124585,26.895246],[83.123782,26.895055],[83.123415,26.894655],[83.123036,26.894338],[83.122714,26.894188],[83.122261,26.894194],[83.121788,26.894488],[83.121434,26.894828],[83.120657,26.895281],[83.120144,26.895623],[83.11978,26.89607],[83.11996,26.89645],[83.120424,26.897651],[83.120265,26.897768],[83.12012,26.897834],[83.119934,26.897919],[83.119721,26.897537],[83.119505,26.897054],[83.119149,26.897106],[83.117968,26.897435],[83.117451,26.89761],[83.117029,26.897819],[83.11625,26.898141],[83.115867,26.898326],[83.11546,26.898642],[83.115226,26.898933],[83.114884,26.899153],[83.114768,26.899405],[83.11471,26.89986],[83.114516,26.900137],[83.114005,26.900622],[83.113626,26.900986],[83.113487,26.901406],[83.11307,26.90189],[83.112437,26.902234],[83.111823,26.902828],[83.111631,26.903285],[83.111378,26.903969],[83.110986,26.904369],[83.110343,26.904916],[83.10979,26.905234],[83.109002,26.905956],[83.108886,26.906036],[83.106887,26.907737],[83.106168,26.908464],[83.106073,26.908589],[83.10549,26.909644],[83.105162,26.909888],[83.104696,26.909895],[83.103788,26.909789],[83.102755,26.909375],[83.102075,26.909325],[83.101157,26.909399],[83.100799,26.909452],[83.099363,26.910107],[83.098945,26.910393],[83.097794,26.911156],[83.096674,26.911829],[83.095682,26.912202],[83.09416,26.912702],[83.092879,26.913677],[83.092462,26.914518],[83.090644,26.916203],[83.089252,26.917199],[83.088905,26.917837],[83.088711,26.918162],[83.088586,26.91863],[83.088488,26.919085],[83.088483,26.919539],[83.08873,26.921386],[83.08905,26.923389],[83.089042,26.923941]]]]}},{"type":"Feature","properties":{"name":"Haiderpur Wetland","kind":"wetland","ramsarid":2463,"area_km2":69.1,"source":"Ramsar Sites Information Service"},"geometry":{"type":"Polygon","coordinates":[[[77.982065,29.471887],[77.982409,29.471667],[77.982984,29.470894],[77.982243,29.470056],[77.982498,29.469585],[77.981885,29.468003],[77.983633,29.467127],[77.984239,29.467971],[77.985232,29.467502],[77.985368,29.467519],[77.98585,29.468563],[77.986491,29.468214],[77.985506,29.465295],[77.985875,29.464654],[77.986694,29.464366],[77.987215,29.464565],[77.987322,29.464291],[77.986178,29.462325],[77.987063,29.461528],[77.985775,29.459763],[77.985193,29.459303],[77.98153,29.454005],[77.981156,29.453271],[77.981268,29.45306],[77.981182,29.452756],[77.981862,29.452665],[77.982815,29.453019],[77.982762,29.453542],[77.983256,29.454065],[77.983749,29.455372],[77.984227,29.455034],[77.984245,29.454727],[77.986102,29.453805],[77.986933,29.454744],[77.987906,29.455268],[77.988718,29.456038],[77.98854,29.456099],[77.988822,29.456546],[77.988982,29.456469],[77.989458,29.456931],[77.989704,29.457392],[77.990044,29.459154],[77.989658,29.459426],[77.989976,29.45998],[77.989605,29.460026],[77.990045,29.460672],[77.989444,29.461287],[77.988842,29.461502],[77.989409,29.462208],[77.989426,29.462732],[77.988735,29.463561],[77.988806,29.463838],[77.990076,29.465438],[77.990201,29.465377],[77.991164,29.466412],[77.991588,29.465812],[77.992207,29.465659],[77.992596,29.465968],[77.992879,29.465784],[77.992591,29.465467],[77.992694,29.465274],[77.992513,29.465046],[77.99228,29.465136],[77.992098,29.464971],[77.992274,29.464523],[77.992581,29.464281],[77.992384,29.463876],[77.992933,29.463364],[77.992754,29.463174],[77.993531,29.462563],[77.992726,29.461236],[77.993022,29.460863],[77.991788,29.459277],[77.991819,29.457792],[77.992093,29.457683],[77.992479,29.458211],[77.992953,29.460241],[77.993153,29.460099],[77.993448,29.460194],[77.993818,29.459855],[77.993566,29.459599],[77.994175,29.459217],[77.994041,29.459089],[77.994909,29.457921],[77.994863,29.457648],[77.995434,29.457279],[77.995795,29.456814],[77.995356,29.456597],[77.994985,29.455885],[77.995013,29.45548],[77.995487,29.455157],[77.996096,29.455167],[77.996575,29.454963],[77.997267,29.456263],[77.996942,29.456696],[77.996604,29.457664],[77.997338,29.459066],[77.998016,29.459528],[77.998606,29.457883],[77.998219,29.456448],[77.998689,29.455952],[77.998894,29.455131],[78.000721,29.453263],[78.005893,29.453915],[78.007998,29.453754],[78.009594,29.452873],[78.010406,29.451975],[78.014505,29.450521],[78.015582,29.449514],[78.015658,29.448923],[78.016945,29.446981],[78.020488,29.447687],[78.021408,29.449416],[78.021415,29.453654],[78.02253,29.455798],[78.025775,29.45673],[78.028114,29.456894],[78.031611,29.456686],[78.033914,29.456212],[78.037858,29.454678],[78.04034,29.453241],[78.043127,29.449614],[78.045742,29.447362],[78.053805,29.4473],[78.059977,29.446005],[78.065814,29.444989],[78.055879,29.418192],[78.055573,29.413112],[78.054692,29.386015],[78.053787,29.376955],[78.05411,29.375001],[78.052547,29.374417],[78.050807,29.373353],[78.048931,29.374146],[78.034939,29.373189],[78.022996,29.370102],[78.023074,29.370416],[78.024784,29.371184],[78.025053,29.371476],[78.025031,29.371691],[78.024694,29.371611],[78.024356,29.371862],[78.025161,29.372839],[78.025163,29.373326],[78.024661,29.373774],[78.024608,29.374072],[77.999201,29.372393],[77.995491,29.372204],[77.994781,29.372346],[77.991527,29.374288],[77.990945,29.375291],[77.989935,29.37603],[77.987817,29.376538],[77.987517,29.376888],[77.987798,29.377206],[77.987762,29.377411],[77.987401,29.377658],[77.98744,29.378168],[77.986675,29.378872],[77.986273,29.378643],[77.985548,29.379786],[77.985262,29.379997],[77.984903,29.37961],[77.984854,29.380384],[77.983581,29.381949],[77.983602,29.382195],[77.983121,29.382299],[77.983243,29.382545],[77.983744,29.382582],[77.984905,29.382128],[77.985369,29.382516],[77.98596,29.383517],[77.98598,29.384151],[77.986893,29.38508],[77.986193,29.385427],[77.986026,29.386004],[77.98586,29.386093],[77.986355,29.386605],[77.985074,29.38746],[77.984649,29.387944],[77.984605,29.388256],[77.983149,29.388726],[77.983216,29.389048],[77.982851,29.389232],[77.982575,29.388812],[77.982364,29.388966],[77.981752,29.388852],[77.980745,29.389716],[77.981252,29.390491],[77.981678,29.39042],[77.982194,29.390926],[77.982222,29.391162],[77.981888,29.391455],[77.981889,29.391701],[77.982715,29.392265],[77.983173,29.392093],[77.984041,29.392886],[77.983298,29.393674],[77.982531,29.393778],[77.981989,29.393389],[77.981444,29.393873],[77.981583,29.394488],[77.98017,29.395349],[77.980431,29.395859],[77.981457,29.395931],[77.981016,29.397039],[77.980373,29.396809],[77.980073,29.397124],[77.979928,29.397723],[77.980588,29.398218],[77.980548,29.398746],[77.980854,29.399466],[77.980594,29.400385],[77.980413,29.400525],[77.979965,29.402494],[77.980428,29.402986],[77.980447,29.403866],[77.980828,29.40425],[77.980982,29.405611],[77.980625,29.406115],[77.980724,29.406537],[77.979697,29.406783],[77.979008,29.407258],[77.9782,29.407398],[77.977806,29.40814],[77.976914,29.408298],[77.976751,29.40858],[77.975967,29.408742],[77.975108,29.409624],[77.975469,29.409782],[77.975991,29.410328],[77.978459,29.409872],[77.978701,29.409714],[77.97979,29.410207],[77.981423,29.413586],[77.98092,29.413971],[77.980839,29.414393],[77.980113,29.414936],[77.97929,29.415992],[77.97937,29.416309],[77.978499,29.416695],[77.978273,29.417469],[77.97789,29.417381],[77.976277,29.418154],[77.975349,29.418206],[77.975813,29.418787],[77.976339,29.418787],[77.976927,29.419085],[77.977272,29.419085],[77.977653,29.418523],[77.978016,29.418753],[77.978661,29.419896],[77.978803,29.420019],[77.979042,29.419881],[77.979163,29.420235],[77.978444,29.421647],[77.977898,29.422154],[77.977818,29.422575],[77.978178,29.423049],[77.9766,29.425772],[77.977592,29.427053],[77.978235,29.426651],[77.97896,29.427004],[77.979102,29.4276],[77.978373,29.428322],[77.97793,29.42811],[77.977425,29.428163],[77.977346,29.428566],[77.976827,29.429176],[77.975979,29.429439],[77.97632,29.429878],[77.977025,29.430001],[77.977165,29.430809],[77.976903,29.431284],[77.977023,29.431688],[77.976538,29.432128],[77.976013,29.432391],[77.975449,29.432408],[77.974564,29.432934],[77.974604,29.433144],[77.975045,29.433128],[77.974965,29.433637],[77.975588,29.434535],[77.974882,29.434974],[77.974582,29.434392],[77.974864,29.434234],[77.974421,29.4339],[77.973409,29.434674],[77.973065,29.434305],[77.97272,29.434534],[77.97252,29.434428],[77.9723,29.434532],[77.972441,29.434814],[77.971554,29.435515],[77.971469,29.435869],[77.970687,29.436357],[77.970743,29.436643],[77.971258,29.436624],[77.971821,29.436959],[77.971761,29.437539],[77.972124,29.437891],[77.972124,29.438137],[77.971703,29.438664],[77.972017,29.43946],[77.971816,29.439724],[77.972077,29.44027],[77.971176,29.440885],[77.9717,29.441448],[77.972001,29.441307],[77.972386,29.441606],[77.973394,29.441642],[77.973715,29.441976],[77.97287,29.443046],[77.972869,29.443274],[77.973432,29.443943],[77.973935,29.443716],[77.974157,29.443839],[77.97444,29.444155],[77.974519,29.444561],[77.973751,29.445458],[77.973609,29.446661],[77.974678,29.44733],[77.974074,29.447909],[77.974478,29.448401],[77.975304,29.448666],[77.975323,29.449193],[77.975585,29.449687],[77.975256,29.450757],[77.974406,29.451003],[77.973679,29.450932],[77.973518,29.451108],[77.973476,29.451706],[77.973053,29.451794],[77.973233,29.452076],[77.97277,29.45248],[77.972189,29.452109],[77.97108,29.452951],[77.970293,29.453161],[77.970133,29.453512],[77.970274,29.453705],[77.970958,29.453566],[77.970818,29.453969],[77.972451,29.455233],[77.972088,29.455848],[77.972308,29.456235],[77.97255,29.456324],[77.971343,29.457505],[77.971745,29.458278],[77.971967,29.45826],[77.971967,29.457453],[77.973498,29.4567],[77.973357,29.45605],[77.974002,29.455418],[77.974224,29.454961],[77.975253,29.455244],[77.975656,29.4557],[77.975575,29.456596],[77.975756,29.456982],[77.975615,29.457263],[77.975856,29.457298],[77.976198,29.45793],[77.975896,29.458543],[77.975936,29.459088],[77.975492,29.459492],[77.975915,29.460057],[77.975084,29.460182],[77.974883,29.460727],[77.974458,29.461025],[77.974377,29.461516],[77.973792,29.461902],[77.973328,29.461796],[77.973247,29.461936],[77.973449,29.462201],[77.973327,29.462816],[77.974276,29.462729],[77.974962,29.463117],[77.975108,29.464506],[77.974846,29.464857],[77.974564,29.464945],[77.974664,29.465155],[77.975027,29.465226],[77.976682,29.464647],[77.976843,29.465016],[77.97658,29.465437],[77.976903,29.465859],[77.976478,29.46628],[77.977164,29.466965],[77.975952,29.467719],[77.975206,29.468403],[77.974963,29.469226],[77.975487,29.469227],[77.977243,29.468142],[77.978577,29.468506],[77.978415,29.469464],[77.977873,29.469782],[77.977507,29.47032],[77.980591,29.47153],[77.982065,29.471887]]]}},{"type":"Feature","properties":{"name":"Sandi Bird Sanctuary","kind":"wetland","ramsarid":2409,"area_km2":3.1,"source":"Ramsar Sites Information Service"},"geometry":{"type":"MultiPolygon","coordinates":[[[[79.970528,27.300911],[79.970371,27.299881],[79.969172,27.300067],[79.968431,27.300131],[79.967425,27.299874],[79.965433,27.299338],[79.964997,27.300559],[79.965233,27.303407],[79.964919,27.303721],[79.965162,27.305742],[79.965076,27.306612],[79.965033,27.307676],[79.96574,27.308533],[79.96559,27.309668],[79.965561,27.310731],[79.967068,27.313287],[79.966154,27.313622],[79.966347,27.313865],[79.965968,27.314036],[79.966618,27.315485],[79.965783,27.315771],[79.964726,27.316763],[79.964412,27.317341],[79.965347,27.317149],[79.964698,27.318805],[79.965333,27.319447],[79.966161,27.319219],[79.966596,27.319925],[79.966961,27.320982],[79.967396,27.321068],[79.96993,27.321589],[79.970687,27.323131],[79.970601,27.323937],[79.971236,27.324494],[79.972686,27.324722],[79.975005,27.325458],[79.975705,27.325786],[79.976776,27.326578],[79.979124,27.325179],[79.979724,27.324615],[79.97966,27.324351],[79.979874,27.323459],[79.981639,27.31974],[79.980877,27.318312],[79.982579,27.317313],[79.983459,27.317218],[79.983245,27.31654],[79.982662,27.316349],[79.981424,27.316183],[79.979783,27.31598],[79.979319,27.315885],[79.978831,27.315612],[79.977886,27.314032],[79.977225,27.311269],[79.975883,27.311062],[79.975754,27.310876],[79.975519,27.310405],[79.975283,27.30982],[79.975133,27.309556],[79.975026,27.308978],[79.974966,27.308074],[79.975274,27.307153],[79.974284,27.307493],[79.974006,27.307315],[79.973599,27.307001],[79.973228,27.30663],[79.973049,27.306266],[79.972949,27.305744],[79.973156,27.305573],[79.973328,27.30543],[79.973435,27.305181],[79.973563,27.305045],[79.973656,27.304981],[79.973827,27.304688],[79.973906,27.304431],[79.973988,27.304341],[79.974654,27.303603],[79.973901,27.302833],[79.973651,27.303047],[79.972729,27.30225],[79.972283,27.302297],[79.970528,27.300911]]]]}},{"type":"Feature","properties":{"name":"Beas Conservation Reserve","kind":"wetland","ramsarid":2408,"area_km2":64.3,"source":"Ramsar Sites Information Service"},"geometry":{"type":"MultiPolygon","coordinates":[[[[75.894341,31.955956],[75.894389,31.958192],[75.894369,31.957751],[75.894282,31.956961],[75.894139,31.955165],[75.894014,31.954292],[75.894045,31.953853],[75.893865,31.952558],[75.893066,31.952555],[75.892744,31.953993],[75.89206,31.954903],[75.887796,31.956516],[75.88422,31.95926],[75.882273,31.962233],[75.878992,31.965937],[75.876375,31.966928],[75.870254,31.967044],[75.869168,31.967384],[75.865926,31.969322],[75.864164,31.971257],[75.859442,31.974783],[75.85895,31.975807],[75.857549,31.976794],[75.857278,31.977425],[75.856149,31.978007],[75.852507,31.983034],[75.850474,31.984618],[75.846807,31.985782],[75.843287,31.985861],[75.834334,31.988929],[75.829719,31.989833],[75.825447,31.991745],[75.822527,31.995792],[75.820128,32.000495],[75.819785,32.002321],[75.8172,32.008717],[75.817193,32.011862],[75.818145,32.014834],[75.817153,32.015377],[75.816635,32.016608],[75.814015,32.018243],[75.8136,32.020048],[75.813885,32.022019],[75.813719,32.024045],[75.812071,32.025763],[75.808571,32.027545],[75.808233,32.028376],[75.805962,32.030267],[75.805465,32.031584],[75.804603,32.032643],[75.799372,32.035274],[75.798762,32.036843],[75.79747,32.037941],[75.788936,32.041328],[75.785371,32.045131],[75.783587,32.047899],[75.783437,32.048817],[75.783937,32.049272],[75.784456,32.051016],[75.782816,32.054452],[75.782281,32.056991],[75.782412,32.057746],[75.784502,32.060053],[75.783898,32.062127],[75.782277,32.064463],[75.782086,32.067401],[75.78117,32.067581],[75.777873,32.066966],[75.772554,32.067131],[75.770501,32.067962],[75.769985,32.068711],[75.766945,32.070554],[75.765863,32.070772],[75.761775,32.068416],[75.761199,32.067435],[75.758613,32.067057],[75.752421,32.06693],[75.749461,32.067693],[75.747769,32.06996],[75.743072,32.073752],[75.739784,32.078509],[75.737997,32.084414],[75.738231,32.085923],[75.739592,32.088444],[75.738909,32.090768],[75.736703,32.093114],[75.729811,32.096558],[75.726309,32.09901],[75.725139,32.100615],[75.724773,32.10182],[75.725121,32.105206],[75.724412,32.105629],[75.721787,32.106058],[75.719548,32.104779],[75.717873,32.103088],[75.715421,32.102475],[75.711072,32.103578],[75.709819,32.104237],[75.702187,32.104677],[75.691719,32.110055],[75.690313,32.111805],[75.686202,32.115324],[75.680212,32.116789],[75.676418,32.116191],[75.676048,32.114618],[75.674716,32.114638],[75.673219,32.114163],[75.669803,32.114274],[75.668193,32.112794],[75.66693,32.112206],[75.665897,32.110089],[75.666282,32.108439],[75.665421,32.107045],[75.661824,32.104432],[75.660847,32.104302],[75.660265,32.103716],[75.657652,32.102533],[75.656084,32.1033],[75.654739,32.103447],[75.649649,32.103333],[75.646864,32.103678],[75.641554,32.104793],[75.638239,32.106127],[75.637126,32.106089],[75.633393,32.102532],[75.631995,32.102425],[75.628591,32.100841],[75.627945,32.100154],[75.625782,32.098914],[75.623222,32.098055],[75.620686,32.097963],[75.619659,32.098181],[75.6173,32.099433],[75.616306,32.099478],[75.611307,32.097549],[75.608058,32.095904],[75.606323,32.092545],[75.60522,32.089168],[75.602921,32.085483],[75.601313,32.083775],[75.598494,32.083256],[75.59493,32.081498],[75.592881,32.077865],[75.591225,32.076788],[75.588441,32.075367],[75.5841,32.074998],[75.582639,32.073819],[75.582206,32.072764],[75.579364,32.07271],[75.576338,32.070616],[75.573796,32.071354],[75.573279,32.072046],[75.571144,32.072188],[75.568152,32.069226],[75.567653,32.06601],[75.565738,32.062843],[75.565582,32.061272],[75.564272,32.058595],[75.56097,32.054547],[75.559543,32.053673],[75.555659,32.04827],[75.55464,32.047468],[75.554517,32.046163],[75.55637,32.0419],[75.557296,32.040479],[75.559315,32.038983],[75.559332,32.038223],[75.558941,32.035286],[75.558042,32.033218],[75.557891,32.031743],[75.55716,32.030655],[75.556574,32.027424],[75.55498,32.023082],[75.554682,32.021046],[75.55478,32.019554],[75.556347,32.017202],[75.556345,32.013143],[75.556724,32.010828],[75.555881,32.007488],[75.555094,32.005848],[75.554875,32.004247],[75.554211,32.003197],[75.554009,32.001751],[75.554053,31.998882],[75.555674,31.996285],[75.555621,31.994943],[75.556332,31.99234],[75.554407,31.983822],[75.553966,31.980287],[75.553406,31.978766],[75.553314,31.976946],[75.554228,31.972139],[75.553952,31.970655],[75.551427,31.967079],[75.549502,31.963509],[75.54562,31.957383],[75.541597,31.952409],[75.540259,31.950014],[75.538006,31.944812],[75.536171,31.942316],[75.535082,31.939547],[75.535098,31.93711],[75.535951,31.931213],[75.536677,31.929055],[75.539522,31.925608],[75.541174,31.923099],[75.54176,31.921273],[75.545455,31.916384],[75.545303,31.91458],[75.545927,31.913161],[75.550571,31.910065],[75.554096,31.908805],[75.556256,31.907571],[75.558522,31.90564],[75.562096,31.903428],[75.564869,31.900416],[75.565817,31.900153],[75.568255,31.896151],[75.568415,31.894307],[75.567932,31.890173],[75.568288,31.888064],[75.570822,31.883218],[75.571337,31.877625],[75.569793,31.871159],[75.569754,31.868272],[75.569124,31.864886],[75.571813,31.86191],[75.572187,31.860523],[75.571824,31.85857],[75.572094,31.85471],[75.570693,31.848536],[75.570727,31.846905],[75.571403,31.845135],[75.571445,31.842571],[75.572031,31.84085],[75.572192,31.837442],[75.570951,31.834981],[75.568089,31.831255],[75.567663,31.829284],[75.566751,31.827391],[75.565479,31.826273],[75.563332,31.821541],[75.560621,31.819965],[75.559506,31.81859],[75.559725,31.815912],[75.560174,31.814791],[75.559645,31.809011],[75.559907,31.806449],[75.567114,31.804836],[75.568265,31.804203],[75.572347,31.804036],[75.573724,31.803317],[75.574726,31.802104],[75.57669,31.798436],[75.576455,31.79716],[75.575847,31.796238],[75.575678,31.794569],[75.575544,31.791832],[75.575861,31.787878],[75.57554,31.786439],[75.573077,31.782511],[75.571906,31.779934],[75.571676,31.778096],[75.56886,31.771238],[75.569051,31.769346],[75.568619,31.768219],[75.568626,31.766898],[75.566441,31.764261],[75.564336,31.762977],[75.563089,31.761356],[75.56127,31.760339],[75.554641,31.75884],[75.548587,31.754903],[75.543901,31.753021],[75.541221,31.750455],[75.540075,31.746287],[75.539159,31.744688],[75.537629,31.743468],[75.536147,31.741228],[75.535523,31.736443],[75.535912,31.734398],[75.53748,31.731219],[75.53739,31.729156],[75.537689,31.727638],[75.540127,31.723093],[75.541183,31.719313],[75.540883,31.718148],[75.539314,31.715681],[75.539477,31.714194],[75.539001,31.713048],[75.538415,31.711902],[75.537254,31.710882],[75.536208,31.709206],[75.535504,31.703254],[75.533557,31.701236],[75.532273,31.699129],[75.530894,31.697921],[75.524268,31.693357],[75.521205,31.690081],[75.516001,31.686935],[75.515194,31.685784],[75.51315,31.684852],[75.511462,31.683604],[75.506783,31.681438],[75.505039,31.681766],[75.499968,31.681642],[75.49423,31.680612],[75.490251,31.678066],[75.489138,31.676879],[75.482824,31.672638],[75.482368,31.671733],[75.480262,31.670445],[75.480203,31.667031],[75.479774,31.665621],[75.477616,31.662474],[75.477045,31.659835],[75.475859,31.656733],[75.474062,31.655391],[75.473615,31.653548],[75.474046,31.652179],[75.473997,31.64735],[75.47325,31.646648],[75.472296,31.642419],[75.470835,31.640419],[75.470456,31.638184],[75.469181,31.637724],[75.461111,31.632626],[75.459635,31.63241],[75.456589,31.632691],[75.45518,31.632361],[75.454421,31.631404],[75.453474,31.630948],[75.448741,31.630449],[75.446145,31.632291],[75.445442,31.633449],[75.444384,31.633931],[75.442312,31.634162],[75.440663,31.633776],[75.439229,31.633861],[75.435867,31.632638],[75.434399,31.631671],[75.431092,31.63165],[75.428282,31.632552],[75.425569,31.632272],[75.423461,31.629611],[75.419775,31.628815],[75.418975,31.625639],[75.418048,31.624671],[75.416425,31.621752],[75.415861,31.620094],[75.414601,31.618228],[75.413521,31.618089],[75.412299,31.617273],[75.408374,31.611991],[75.405598,31.60942],[75.403843,31.608466],[75.392179,31.59689],[75.387282,31.594618],[75.383028,31.588609],[75.382624,31.586971],[75.381157,31.58572],[75.378675,31.58431],[75.377454,31.582454],[75.377613,31.579599],[75.37545,31.577671],[75.371187,31.575815],[75.369796,31.576197],[75.368414,31.57555],[75.367696,31.57425],[75.364573,31.571241],[75.361955,31.56968],[75.36168,31.567468],[75.36251,31.564152],[75.362946,31.559239],[75.360694,31.557839],[75.360071,31.555631],[75.355238,31.551501],[75.352731,31.548476],[75.345289,31.544349],[75.341449,31.540134],[75.338494,31.537761],[75.334613,31.535738],[75.333276,31.534639],[75.330159,31.530311],[75.330363,31.527566],[75.329689,31.525007],[75.325167,31.521737],[75.323882,31.520282],[75.322364,31.51996],[75.320598,31.518091],[75.319062,31.517148],[75.316065,31.516697],[75.314352,31.51595],[75.312808,31.515751],[75.310248,31.513363],[75.309759,31.511873],[75.308889,31.510692],[75.304114,31.505166],[75.293997,31.498635],[75.291192,31.497128],[75.289067,31.495021],[75.288296,31.491992],[75.285896,31.489154],[75.283319,31.487745],[75.28154,31.487675],[75.279129,31.488655],[75.273764,31.486318],[75.271728,31.48491],[75.267317,31.482655],[75.262661,31.481521],[75.260665,31.480035],[75.258447,31.477571],[75.256823,31.476578],[75.255944,31.475044],[75.253166,31.473322],[75.251444,31.471193],[75.24536,31.468871],[75.243316,31.467747],[75.241016,31.465564],[75.237879,31.461829],[75.23362,31.459861],[75.231478,31.457932],[75.228345,31.45225],[75.224199,31.447109],[75.219878,31.444025],[75.216056,31.443371],[75.211636,31.442052],[75.209801,31.437994],[75.206769,31.434122],[75.20628,31.432897],[75.203942,31.430828],[75.201973,31.42732],[75.200806,31.425792],[75.199597,31.424873],[75.198947,31.416603],[75.197463,31.414777],[75.195512,31.413196],[75.19349,31.410979],[75.189214,31.409057],[75.189008,31.406481],[75.18963,31.401876],[75.189508,31.399744],[75.188071,31.398833],[75.188232,31.396663],[75.186641,31.395032],[75.182955,31.394619],[75.181129,31.392978],[75.180323,31.391675],[75.180151,31.390144],[75.180461,31.388451],[75.178329,31.386635],[75.177944,31.385441],[75.177104,31.384424],[75.174057,31.383017],[75.171034,31.378157],[75.168396,31.373103],[75.16528,31.36883],[75.164553,31.36608],[75.16495,31.363951],[75.16565,31.361668],[75.167529,31.35964],[75.166768,31.358139],[75.166749,31.356458],[75.167833,31.350835],[75.167181,31.349095],[75.164542,31.347195],[75.16056,31.343336],[75.158295,31.342361],[75.153899,31.342586],[75.151338,31.341477],[75.14895,31.340862],[75.143882,31.339687],[75.140819,31.339408],[75.138439,31.338558],[75.137153,31.337396],[75.134454,31.336301],[75.128147,31.334519],[75.128309,31.332239],[75.125454,31.329608],[75.124654,31.324318],[75.123578,31.321911],[75.121896,31.32078],[75.120583,31.32059],[75.118856,31.314594],[75.117688,31.312515],[75.118233,31.310493],[75.116503,31.303448],[75.118902,31.300406],[75.121017,31.298992],[75.121244,31.297912],[75.12095,31.296867],[75.121791,31.2954],[75.119628,31.290945],[75.119394,31.288304],[75.11873,31.28574],[75.116764,31.283404],[75.111646,31.281247],[75.109679,31.276798],[75.109094,31.273428],[75.106408,31.27129],[75.103383,31.270815],[75.099976,31.27127],[75.09821,31.272997],[75.097534,31.274654],[75.096639,31.275746],[75.090337,31.27607],[75.087478,31.276698],[75.084797,31.276784],[75.083797,31.276496],[75.082991,31.274854],[75.084859,31.270971],[75.086619,31.269853],[75.089624,31.26882],[75.092976,31.266154],[75.093554,31.263568],[75.092745,31.260892],[75.091571,31.258887],[75.087455,31.255398],[75.078875,31.253921],[75.072,31.24926],[75.069022,31.245225],[75.06909,31.24353],[75.068267,31.241764],[75.063856,31.237513],[75.061824,31.236342],[75.060974,31.234585],[75.057636,31.221276],[75.057629,31.218726],[75.055009,31.215619],[75.050855,31.212333],[75.049147,31.212189],[75.047861,31.212012],[75.042869,31.209371],[75.039572,31.206406],[75.034412,31.205513],[75.03133,31.206052],[75.026637,31.204788],[75.02483,31.202493],[75.024893,31.201232],[75.026635,31.200297],[75.029536,31.199606],[75.031783,31.198075],[75.0316,31.196316],[75.030011,31.194653],[75.025882,31.192525],[75.023735,31.1924],[75.019103,31.192857],[75.015829,31.194101],[75.013422,31.195923],[75.010883,31.196665],[75.008465,31.196625],[75.005898,31.196053],[75.004176,31.195271],[75.001938,31.193239],[75.001204,31.191716],[74.996411,31.189228],[74.992133,31.189403],[74.986447,31.188033],[74.984723,31.187063],[74.982702,31.185452],[74.981714,31.183557],[74.981718,31.179297],[74.98,31.176301],[74.977718,31.175183],[74.975287,31.175116],[74.973301,31.174635],[74.970549,31.172277],[74.970174,31.168062],[74.968783,31.166325],[74.96768,31.16546],[74.96252,31.16508],[74.960152,31.164315],[74.958779,31.163391],[74.956008,31.162315],[74.954147,31.161007],[74.952986,31.159642],[74.951621,31.157973],[74.951857,31.15465],[74.952323,31.152041],[74.952676,31.150993],[74.952511,31.148314],[74.951635,31.147157],[74.949293,31.142804],[74.947509,31.14271],[74.946067,31.145588],[74.942364,31.156626],[74.942809,31.160292],[74.947543,31.162378],[74.952888,31.16342],[74.957929,31.165406],[74.965799,31.166606],[74.968421,31.168112],[74.969043,31.169491],[74.969135,31.171994],[74.971552,31.175268],[74.974052,31.176358],[74.975963,31.176471],[74.978424,31.177241],[74.980066,31.179928],[74.980425,31.184796],[74.980896,31.186271],[74.982747,31.187986],[74.984927,31.189328],[74.990461,31.190625],[74.993097,31.190548],[74.996898,31.191229],[74.998218,31.191962],[75.001026,31.195336],[75.00288,31.196247],[75.006243,31.198861],[75.010071,31.199053],[75.012211,31.198742],[75.013815,31.197934],[75.01491,31.196737],[75.021554,31.193935],[75.026108,31.194056],[75.027599,31.194376],[75.029445,31.195269],[75.030074,31.195921],[75.030215,31.196823],[75.029496,31.198484],[75.027173,31.198378],[75.024912,31.199411],[75.02385,31.200323],[75.022794,31.204171],[75.022753,31.206814],[75.024743,31.207827],[75.02755,31.208242],[75.029558,31.20824],[75.034973,31.207116],[75.036786,31.207203],[75.038258,31.208617],[75.04016,31.211236],[75.042328,31.213175],[75.045088,31.21203],[75.046263,31.213592],[75.047843,31.21442],[75.049411,31.214665],[75.054543,31.21973],[75.055957,31.223243],[75.055286,31.224869],[75.055285,31.227332],[75.056327,31.230429],[75.056672,31.232482],[75.059627,31.236597],[75.060912,31.237435],[75.061587,31.238914],[75.064302,31.241069],[75.066915,31.244997],[75.068463,31.24867],[75.068862,31.250501],[75.070406,31.251885],[75.072697,31.252569],[75.078423,31.255575],[75.080674,31.255687],[75.084269,31.256418],[75.089044,31.258923],[75.091166,31.261226],[75.091623,31.262216],[75.090403,31.266219],[75.089442,31.266975],[75.08656,31.267721],[75.082587,31.271265],[75.081815,31.272332],[75.080225,31.273476],[75.079066,31.277223],[75.084915,31.278946],[75.088304,31.278881],[75.09089,31.27741],[75.094144,31.277838],[75.095819,31.277709],[75.098521,31.276381],[75.101026,31.273807],[75.102847,31.272952],[75.105116,31.273111],[75.106239,31.274285],[75.106555,31.275485],[75.105277,31.277485],[75.105591,31.278655],[75.109245,31.283193],[75.109827,31.284694],[75.111499,31.286815],[75.113777,31.288386],[75.115793,31.289184],[75.118432,31.293343],[75.118433,31.295801],[75.115432,31.298567],[75.11334,31.303996],[75.113977,31.307652],[75.113288,31.309395],[75.114933,31.312564],[75.114936,31.314501],[75.115759,31.316618],[75.115895,31.319114],[75.115155,31.323407],[75.116907,31.327177],[75.121396,31.329753],[75.119797,31.332444],[75.120706,31.335281],[75.123976,31.336358],[75.127357,31.336879],[75.130369,31.338754],[75.133087,31.339846],[75.136447,31.340411],[75.138961,31.341846],[75.145694,31.344581],[75.150327,31.345979],[75.157049,31.346699],[75.160073,31.348314],[75.162815,31.350792],[75.163898,31.353121],[75.163381,31.354796],[75.163937,31.357319],[75.162489,31.363319],[75.161798,31.370554],[75.162384,31.374363],[75.161951,31.377078],[75.162612,31.379121],[75.166777,31.382493],[75.170149,31.386462],[75.172293,31.387058],[75.174576,31.390592],[75.178065,31.394925],[75.18286,31.396388],[75.184684,31.399324],[75.185311,31.401841],[75.181399,31.403773],[75.182903,31.408153],[75.185167,31.409987],[75.186496,31.412244],[75.187059,31.414378],[75.190081,31.414632],[75.193935,31.415837],[75.196208,31.417342],[75.195728,31.419965],[75.197079,31.428346],[75.199034,31.430039],[75.201105,31.431285],[75.200982,31.434203],[75.202382,31.436928],[75.212279,31.446567],[75.218376,31.449097],[75.219651,31.45068],[75.226783,31.456565],[75.230135,31.460905],[75.233061,31.462704],[75.23644,31.465417],[75.239357,31.469606],[75.251338,31.477787],[75.260597,31.482688],[75.263591,31.486397],[75.269392,31.488745],[75.273503,31.49391],[75.281293,31.494596],[75.285664,31.499324],[75.291048,31.504252],[75.294855,31.505983],[75.302339,31.510317],[75.30729,31.516795],[75.319248,31.520508],[75.326609,31.529483],[75.329621,31.534514],[75.333768,31.540401],[75.338042,31.544198],[75.341734,31.544729],[75.352336,31.555529],[75.35498,31.560156],[75.357473,31.567467],[75.359635,31.570396],[75.359996,31.576139],[75.369814,31.581881],[75.374445,31.587859],[75.374979,31.590205],[75.378858,31.594017],[75.384826,31.598349],[75.386416,31.60305],[75.396822,31.607865],[75.405116,31.618235],[75.411955,31.625987],[75.416095,31.63009],[75.424128,31.635916],[75.434067,31.638574],[75.438209,31.640245],[75.449149,31.638321],[75.457128,31.635734],[75.459209,31.636038],[75.461822,31.637498],[75.46569,31.639932],[75.467595,31.645031],[75.473129,31.662226],[75.472671,31.667513],[75.47388,31.671909],[75.477232,31.674208],[75.479735,31.677769],[75.482532,31.679021],[75.4844,31.680809],[75.485304,31.682356],[75.487845,31.683345],[75.49375,31.684037],[75.496568,31.685032],[75.500752,31.684774],[75.504886,31.683834],[75.51008,31.68581],[75.520883,31.69439],[75.528037,31.697585],[75.529675,31.699753],[75.53035,31.703032],[75.531257,31.704984],[75.533613,31.708151],[75.534065,31.711021],[75.533663,31.714062],[75.534361,31.716191],[75.534892,31.721953],[75.534361,31.724004],[75.534848,31.726815],[75.534379,31.727982],[75.530977,31.732597],[75.530653,31.735442],[75.531002,31.738842],[75.533378,31.747506],[75.536794,31.751483],[75.538325,31.75535],[75.542242,31.760945],[75.54546,31.762081],[75.554758,31.760729],[75.555337,31.764492],[75.56418,31.771424],[75.565762,31.775561],[75.568907,31.781095],[75.56835,31.784738],[75.569505,31.78753],[75.572341,31.790593],[75.572696,31.794194],[75.572313,31.796627],[75.571072,31.798958],[75.566931,31.799839],[75.559546,31.802956],[75.555404,31.807269],[75.553929,31.80833],[75.55279,31.810114],[75.552085,31.813275],[75.556508,31.81875],[75.557229,31.82451],[75.56309,31.828839],[75.56885,31.834928],[75.568069,31.836128],[75.568574,31.840679],[75.568477,31.845366],[75.568875,31.850761],[75.569832,31.853995],[75.570157,31.858793],[75.567876,31.861977],[75.566348,31.867148],[75.567044,31.871846],[75.568614,31.873731],[75.568876,31.876751],[75.56935,31.87775],[75.568664,31.880031],[75.567644,31.88186],[75.56641,31.886058],[75.564792,31.888491],[75.5656,31.891725],[75.56571,31.8935],[75.563608,31.897077],[75.561478,31.898233],[75.555262,31.8996],[75.553792,31.903255],[75.54813,31.904601],[75.546614,31.909039],[75.544287,31.911865],[75.54071,31.91748],[75.535977,31.923256],[75.535371,31.926293],[75.531444,31.936188],[75.531844,31.940273],[75.534208,31.942873],[75.541696,31.956593],[75.544309,31.959496],[75.548417,31.968412],[75.54863,31.970951],[75.550691,31.973761],[75.551425,31.97907],[75.550702,31.980696],[75.552458,31.984392],[75.552034,31.986209],[75.553475,31.987663],[75.554057,31.990477],[75.553142,31.994033],[75.551878,31.996259],[75.551634,31.998796],[75.550392,32.000889],[75.549696,32.008585],[75.551101,32.011809],[75.551077,32.01743],[75.552667,32.020801],[75.554799,32.030613],[75.557495,32.038539],[75.554952,32.041226],[75.553586,32.043707],[75.552768,32.046672],[75.554377,32.049272],[75.557045,32.052289],[75.558777,32.054911],[75.562369,32.058158],[75.564553,32.06353],[75.564965,32.066441],[75.566528,32.069201],[75.569793,32.0729],[75.57256,32.074328],[75.580119,32.073575],[75.582162,32.075144],[75.58437,32.075934],[75.589637,32.076706],[75.591905,32.078652],[75.592821,32.080402],[75.594774,32.082046],[75.595207,32.082802],[75.599667,32.084295],[75.601155,32.085055],[75.60266,32.086516],[75.604245,32.088788],[75.60493,32.091263],[75.604922,32.094013],[75.605441,32.094917],[75.607728,32.096943],[75.611298,32.098744],[75.618607,32.101137],[75.622352,32.09885],[75.623445,32.098799],[75.626572,32.100088],[75.629608,32.10204],[75.63293,32.103265],[75.634409,32.104134],[75.635468,32.105213],[75.635598,32.10593],[75.636818,32.106615],[75.640988,32.106066],[75.642734,32.105224],[75.645996,32.104469],[75.652377,32.104143],[75.657723,32.103339],[75.659754,32.104805],[75.66108,32.105109],[75.662286,32.106194],[75.664413,32.107026],[75.665019,32.107614],[75.665328,32.111147],[75.666875,32.113598],[75.668176,32.114552],[75.671402,32.115457],[75.674124,32.11559],[75.67837,32.117294],[75.680292,32.11752],[75.682984,32.116372],[75.684396,32.116384],[75.686315,32.115726],[75.688366,32.114515],[75.69146,32.111737],[75.694871,32.109568],[75.702034,32.105946],[75.705063,32.10525],[75.70658,32.10585],[75.707893,32.105187],[75.708943,32.105171],[75.715789,32.102894],[75.716761,32.102971],[75.717878,32.104761],[75.720451,32.106571],[75.721683,32.10699],[75.723713,32.106849],[75.725653,32.10564],[75.725903,32.10424],[75.72565,32.102704],[75.726221,32.100742],[75.728233,32.098614],[75.738506,32.093015],[75.738729,32.092052],[75.741861,32.090348],[75.741626,32.089189],[75.740323,32.088157],[75.73927,32.086154],[75.738914,32.084945],[75.738999,32.08309],[75.740381,32.081152],[75.742763,32.076192],[75.74391,32.075318],[75.745698,32.074584],[75.747625,32.07287],[75.748733,32.070043],[75.750461,32.068076],[75.751491,32.067746],[75.754298,32.067705],[75.760586,32.068268],[75.762466,32.069642],[75.763667,32.071313],[75.765091,32.07177],[75.766409,32.071789],[75.768243,32.071256],[75.770183,32.069418],[75.77433,32.067509],[75.777663,32.067404],[75.779222,32.068325],[75.779955,32.068403],[75.782168,32.068034],[75.783204,32.067485],[75.7837,32.066883],[75.782925,32.064835],[75.785559,32.063121],[75.786384,32.061522],[75.785126,32.059487],[75.783433,32.057911],[75.783039,32.056801],[75.785166,32.051851],[75.78528,32.050181],[75.786273,32.047163],[75.786717,32.046186],[75.787441,32.046128],[75.788362,32.043496],[75.788338,32.042736],[75.78901,32.042023],[75.790264,32.041399],[75.795428,32.040354],[75.797798,32.038219],[75.799742,32.037823],[75.800802,32.036817],[75.801438,32.03525],[75.803009,32.03421],[75.804628,32.033695],[75.805853,32.032532],[75.806794,32.030345],[75.807441,32.029754],[75.808913,32.028681],[75.813203,32.02692],[75.815069,32.02484],[75.814948,32.022104],[75.815733,32.021364],[75.816192,32.019245],[75.817205,32.017538],[75.81924,32.015798],[75.818849,32.01326],[75.818115,32.011824],[75.81808,32.008596],[75.819262,32.00745],[75.820735,32.005003],[75.821387,32.002049],[75.823173,32.000206],[75.822685,31.996499],[75.823621,31.994566],[75.826849,31.99202],[75.828313,31.991332],[75.832174,31.990457],[75.841689,31.987338],[75.84686,31.987012],[75.851092,31.985078],[75.852715,31.984073],[75.855149,31.981376],[75.855826,31.980061],[75.858365,31.977825],[75.860069,31.977591],[75.86227,31.976307],[75.863134,31.974918],[75.865261,31.973019],[75.865912,31.972055],[75.866088,31.970955],[75.868844,31.968255],[75.878324,31.96748],[75.881458,31.965286],[75.883848,31.961083],[75.885737,31.959284],[75.889622,31.956913],[75.891705,31.956581],[75.89362,31.958136],[75.89422,31.958161],[75.894341,31.955956]]],[[[75.050833,31.212324],[75.053429,31.214295],[75.049363,31.20699],[75.047401,31.204779],[75.044603,31.20293],[75.043909,31.201957],[75.043637,31.200676],[75.043747,31.199598],[75.04512,31.198072],[75.049418,31.196158],[75.050618,31.195387],[75.051619,31.194185],[75.051986,31.192536],[75.05182,31.190393],[75.049944,31.187157],[75.050091,31.185441],[75.048326,31.181069],[75.046741,31.178922],[75.045203,31.178598],[75.044617,31.178004],[75.043051,31.177363],[75.041926,31.176288],[75.041278,31.174894],[75.036706,31.172522],[75.033649,31.172204],[75.030641,31.172625],[75.02802,31.175748],[75.022131,31.177633],[75.019403,31.177177],[75.015874,31.176],[75.004806,31.176359],[75.001991,31.176948],[75.000421,31.176469],[74.997251,31.176411],[74.995524,31.175766],[74.994048,31.174614],[74.99273,31.173535],[74.992076,31.172401],[74.990538,31.171422],[74.987825,31.168843],[74.985484,31.165296],[74.983951,31.16195],[74.983062,31.158981],[74.983093,31.157489],[74.98203,31.155772],[74.978533,31.154312],[74.976059,31.154025],[74.969016,31.151181],[74.959346,31.150834],[74.956269,31.14979],[74.952031,31.147531],[74.952634,31.148891],[74.952644,31.149751],[74.952585,31.151012],[74.952665,31.151484],[74.953747,31.152111],[74.960794,31.153494],[74.966625,31.153286],[74.970917,31.153606],[74.974127,31.15447],[74.977982,31.156818],[74.981724,31.161032],[74.983828,31.164687],[74.984844,31.167303],[74.985831,31.16887],[74.988602,31.171648],[74.989595,31.173729],[74.998406,31.178648],[75.001978,31.178734],[75.009007,31.177132],[75.011186,31.177247],[75.013569,31.178275],[75.024074,31.178721],[75.027059,31.177972],[75.029943,31.175107],[75.032594,31.173902],[75.034415,31.173714],[75.040003,31.175847],[75.041476,31.177703],[75.043155,31.178997],[75.046202,31.180128],[75.048564,31.184023],[75.048396,31.186682],[75.04758,31.187972],[75.046494,31.188336],[75.045147,31.19],[75.044772,31.193529],[75.045987,31.194847],[75.045776,31.196191],[75.044984,31.196855],[75.042873,31.197647],[75.041671,31.198844],[75.041614,31.19998],[75.042685,31.203691],[75.044301,31.206733],[75.048458,31.209082],[75.049331,31.21077],[75.049492,31.212117],[75.050833,31.212324]]]]}},{"type":"Feature","properties":{"name":"Saman Bird Sanctuary","kind":"wetland","ramsarid":2413,"area_km2":5.3,"source":"Ramsar Sites Information Service"},"geometry":{"type":"MultiPolygon","coordinates":[[[[79.186124,27.026085],[79.18612,27.025942],[79.186738,27.025833],[79.186827,27.025818],[79.187129,27.025765],[79.187214,27.02575],[79.187611,27.02568],[79.187814,27.025635],[79.187664,27.025227],[79.188238,27.025035],[79.188231,27.024799],[79.188428,27.024588],[79.188531,27.024415],[79.188699,27.024303],[79.188743,27.024223],[79.188865,27.023965],[79.189186,27.02348],[79.189245,27.023522],[79.189392,27.023392],[79.191094,27.022161],[79.190319,27.021666],[79.190066,27.021693],[79.189429,27.020156],[79.189185,27.019446],[79.188931,27.01929],[79.188001,27.017444],[79.187669,27.016886],[79.187141,27.016535],[79.185875,27.015659],[79.183259,27.013887],[79.182397,27.013111],[79.182108,27.012515],[79.182286,27.01204],[79.182374,27.011869],[79.183129,27.011363],[79.1839,27.011163],[79.184112,27.011242],[79.184301,27.011397],[79.184702,27.011689],[79.185207,27.012097],[79.186099,27.012357],[79.187651,27.012682],[79.188566,27.012809],[79.189874,27.012563],[79.190432,27.012266],[79.190767,27.011721],[79.190924,27.011502],[79.190673,27.011373],[79.19135,27.011044],[79.191351,27.01104],[79.191029,27.010575],[79.190707,27.010726],[79.190472,27.010613],[79.190611,27.010268],[79.190622,27.010236],[79.190703,27.010141],[79.190687,27.009999],[79.190656,27.009714],[79.190663,27.009104],[79.189921,27.008778],[79.189223,27.008686],[79.189046,27.008516],[79.188675,27.008339],[79.188484,27.008199],[79.188493,27.008097],[79.188296,27.007916],[79.188331,27.007803],[79.188118,27.007651],[79.188021,27.007584],[79.188478,27.007327],[79.18874,27.007217],[79.188718,27.006918],[79.188623,27.00677],[79.188394,27.006329],[79.188179,27.006428],[79.187792,27.006076],[79.187873,27.005976],[79.187855,27.00585],[79.187748,27.005867],[79.187489,27.006258],[79.186793,27.005574],[79.186534,27.005673],[79.186337,27.005371],[79.186472,27.005259],[79.186415,27.005074],[79.186135,27.004646],[79.18623,27.00457],[79.186117,27.004526],[79.185957,27.004112],[79.1861,27.003923],[79.186017,27.003701],[79.18604,27.003487],[79.186038,27.003236],[79.185973,27.003116],[79.186022,27.002991],[79.185675,27.00298],[79.184811,27.003668],[79.18418,27.003976],[79.184011,27.004075],[79.183161,27.004345],[79.182249,27.004662],[79.181739,27.004882],[79.181208,27.005132],[79.180773,27.005293],[79.180424,27.005396],[79.180064,27.005439],[79.179529,27.005534],[79.179255,27.005548],[79.178762,27.00556],[79.178183,27.005487],[79.177434,27.005668],[79.177045,27.005794],[79.176915,27.005602],[79.176321,27.005892],[79.175624,27.005215],[79.175504,27.00507],[79.175135,27.005202],[79.17486,27.005318],[79.174287,27.005281],[79.173756,27.005197],[79.173716,27.005142],[79.173272,27.005005],[79.173027,27.004912],[79.172477,27.004726],[79.172331,27.0047],[79.17181,27.004836],[79.171783,27.004814],[79.17173,27.004787],[79.171688,27.004785],[79.171655,27.004808],[79.171617,27.004855],[79.171589,27.00492],[79.171219,27.005014],[79.171032,27.005066],[79.170713,27.005002],[79.170547,27.004928],[79.170473,27.004987],[79.170405,27.005069],[79.169747,27.004936],[79.1698,27.005149],[79.1698,27.005149],[79.169213,27.005388],[79.168501,27.005749],[79.168262,27.005722],[79.167568,27.006173],[79.167401,27.006186],[79.16735,27.00619],[79.166987,27.006219],[79.16592,27.007059],[79.166005,27.007126],[79.166197,27.007277],[79.165476,27.008183],[79.165832,27.008372],[79.165698,27.008517],[79.165864,27.008613],[79.165929,27.008549],[79.16592,27.008419],[79.165999,27.00846],[79.166054,27.008497],[79.16604,27.008866],[79.166159,27.008974],[79.165705,27.009302],[79.165626,27.009251],[79.165521,27.009321],[79.165534,27.009457],[79.165355,27.009684],[79.164495,27.010411],[79.164441,27.010819],[79.164263,27.011425],[79.164195,27.011632],[79.164123,27.011667],[79.164099,27.012132],[79.164121,27.012262],[79.163954,27.012696],[79.163602,27.013659],[79.163337,27.0136],[79.163298,27.013704],[79.163588,27.013753],[79.163504,27.014288],[79.163349,27.015454],[79.163389,27.015956],[79.163474,27.016122],[79.163314,27.016177],[79.163203,27.016104],[79.163073,27.016057],[79.163102,27.016127],[79.163273,27.016469],[79.163413,27.016908],[79.163487,27.017305],[79.163397,27.0176],[79.163237,27.018125],[79.163106,27.018535],[79.16295,27.018798],[79.162567,27.019248],[79.162628,27.019372],[79.162768,27.019588],[79.163182,27.020463],[79.163442,27.020843],[79.16386,27.021398],[79.163941,27.021601],[79.164101,27.021524],[79.164086,27.021467],[79.16468,27.021336],[79.164753,27.021442],[79.163988,27.021719],[79.164109,27.022022],[79.164014,27.0221],[79.163893,27.022198],[79.163864,27.022335],[79.163886,27.023319],[79.163691,27.024811],[79.16818,27.025214],[79.170359,27.025465],[79.172805,27.025651],[79.17324,27.025735],[79.173513,27.025768],[79.174252,27.025795],[79.175068,27.025803],[79.176146,27.02583],[79.17755,27.025866],[79.177551,27.025866],[79.177551,27.026522],[79.179289,27.026809],[79.179517,27.026842],[79.179555,27.026847],[79.180641,27.027003],[79.181521,27.027157],[79.181534,27.027159],[79.182091,27.027257],[79.183151,27.027442],[79.183265,27.027345],[79.183473,27.027167],[79.183641,27.027116],[79.183699,27.027089],[79.183856,27.027017],[79.184213,27.026822],[79.184246,27.026806],[79.184662,27.026604],[79.185078,27.026497],[79.185372,27.026422],[79.185313,27.026367],[79.185429,27.026208],[79.18579,27.026144],[79.186124,27.026085]],[[79.167828,27.024297],[79.167956,27.024291],[79.168066,27.024381],[79.168145,27.024453],[79.168447,27.024553],[79.168612,27.024283],[79.168734,27.024332],[79.16872,27.024494],[79.168809,27.024591],[79.168963,27.024655],[79.169087,27.02459],[79.169317,27.024512],[79.169385,27.024302],[79.169279,27.024244],[79.169148,27.024123],[79.169001,27.023992],[79.168948,27.023924],[79.168907,27.023819],[79.169374,27.023634],[79.16961,27.02356],[79.170002,27.023389],[79.170163,27.023314],[79.17034,27.02325],[79.170827,27.023151],[79.171164,27.023452],[79.171136,27.023508],[79.170996,27.023621],[79.17102,27.023798],[79.170263,27.024099],[79.170283,27.024157],[79.170439,27.024077],[79.170637,27.024032],[79.170899,27.023973],[79.171111,27.024053],[79.171308,27.024079],[79.171602,27.024083],[79.171673,27.024256],[79.171523,27.024311],[79.171084,27.024411],[79.170968,27.024653],[79.170724,27.024602],[79.170495,27.024589],[79.170383,27.024569],[79.170234,27.024533],[79.170148,27.024623],[79.170114,27.024718],[79.170161,27.024785],[79.170192,27.024857],[79.170175,27.024919],[79.169731,27.025004],[79.169604,27.024921],[79.169498,27.02491],[79.169221,27.024883],[79.168992,27.02487],[79.168693,27.024886],[79.168453,27.024868],[79.16833,27.02491],[79.168142,27.024984],[79.16805,27.02503],[79.167927,27.025067],[79.16792,27.024847],[79.167926,27.024814],[79.167932,27.024766],[79.167879,27.024756],[79.16781,27.02475],[79.167725,27.024725],[79.167693,27.024682],[79.167695,27.024586],[79.167665,27.024452],[79.167614,27.024332],[79.167828,27.024297]],[[79.164666,27.02157],[79.164966,27.021478],[79.164969,27.021495],[79.165015,27.021741],[79.164232,27.021989],[79.164128,27.021729],[79.164436,27.021605],[79.164666,27.02157]],[[79.165695,27.020934],[79.165634,27.020888],[79.165629,27.02081],[79.16563,27.020733],[79.165648,27.020669],[79.165752,27.020603],[79.1659,27.020515],[79.166001,27.020451],[79.166096,27.020369],[79.166157,27.020268],[79.166212,27.020197],[79.1663,27.020138],[79.166348,27.020049],[79.166317,27.019906],[79.166246,27.019768],[79.1661,27.019682],[79.166028,27.019633],[79.166048,27.019616],[79.166201,27.019618],[79.166275,27.019613],[79.166336,27.019518],[79.166385,27.019411],[79.166459,27.019346],[79.166593,27.019294],[79.166708,27.019212],[79.166822,27.019154],[79.166877,27.019065],[79.166972,27.018947],[79.167141,27.018812],[79.167215,27.018753],[79.167396,27.018696],[79.167469,27.018721],[79.167548,27.018817],[79.167632,27.01895],[79.168243,27.018671],[79.168842,27.018351],[79.168903,27.018286],[79.168959,27.018131],[79.169301,27.017986],[79.169603,27.017871],[79.168831,27.018601],[79.168466,27.018877],[79.167488,27.019611],[79.165695,27.020934],[79.165742,27.020958],[79.165768,27.020992],[79.165752,27.021035],[79.165082,27.021561],[79.165007,27.021464],[79.165263,27.021262],[79.165381,27.021197],[79.165542,27.021113],[79.165661,27.021033],[79.165695,27.020934]],[[79.178929,27.01846],[79.179746,27.018201],[79.180766,27.01985],[79.180711,27.019903],[79.180572,27.019847],[79.18056,27.019763],[79.180476,27.019643],[79.180416,27.019594],[79.180229,27.019622],[79.180098,27.019525],[79.179973,27.019404],[79.179892,27.019438],[79.179679,27.019418],[79.179553,27.019416],[79.179466,27.019439],[79.179522,27.019655],[79.179468,27.019696],[79.179354,27.019742],[79.179337,27.019998],[79.179232,27.020284],[79.179068,27.020443],[79.178909,27.020404],[79.178912,27.020207],[79.178957,27.019898],[79.17898,27.019725],[79.178964,27.019468],[79.178883,27.019156],[79.178808,27.018797],[79.178784,27.018666],[79.178952,27.018566],[79.178929,27.01846]],[[79.178346,27.018105],[79.17822,27.016825],[79.17804,27.015211],[79.177984,27.014488],[79.178393,27.014264],[79.178491,27.014132],[79.178816,27.013869],[79.178894,27.014309],[79.178906,27.014863],[79.178593,27.015098],[79.178641,27.015442],[79.179385,27.014936],[79.17927,27.014763],[79.178994,27.014731],[79.179009,27.014425],[79.178923,27.013851],[79.179332,27.013617],[79.18135,27.01607],[79.181347,27.016076],[79.179783,27.016294],[79.17942,27.016299],[79.179046,27.016352],[79.178842,27.016454],[79.178765,27.016596],[79.178762,27.016797],[79.17884,27.017209],[79.178895,27.017773],[79.178907,27.01804],[79.178346,27.018105]],[[79.168316,27.013335],[79.168454,27.013741],[79.168285,27.013768],[79.168043,27.013904],[79.167903,27.013698],[79.167909,27.013566],[79.167878,27.01349],[79.168101,27.013296],[79.168039,27.013191],[79.168042,27.012747],[79.168092,27.012601],[79.168174,27.012498],[79.168282,27.012467],[79.168447,27.012419],[79.168475,27.012441],[79.168434,27.012509],[79.16838,27.01259],[79.168471,27.013143],[79.168311,27.013191],[79.168316,27.013335]],[[79.167967,27.012435],[79.167909,27.012538],[79.167842,27.012494],[79.167802,27.012497],[79.167591,27.012713],[79.167388,27.012603],[79.167431,27.012152],[79.167603,27.012193],[79.167726,27.012224],[79.167834,27.012279],[79.167928,27.012352],[79.167967,27.012435]],[[79.16831,27.012397],[79.168193,27.011995],[79.167905,27.011994],[79.167857,27.011983],[79.167812,27.011923],[79.167831,27.011847],[79.167908,27.011823],[79.168016,27.011788],[79.168128,27.011772],[79.168241,27.011744],[79.168281,27.01172],[79.168321,27.011706],[79.168405,27.011704],[79.168505,27.011712],[79.168589,27.011731],[79.168536,27.0123],[79.16831,27.012397]],[[79.168004,27.012963],[79.167896,27.013111],[79.167634,27.012982],[79.167665,27.01284],[79.167801,27.012779],[79.167956,27.012774],[79.167974,27.012802],[79.168004,27.012963]],[[79.168146,27.01647],[79.167819,27.016484],[79.167754,27.016394],[79.16758,27.016421],[79.167468,27.0163],[79.167316,27.016221],[79.167205,27.01613],[79.166996,27.015817],[79.166754,27.015414],[79.166911,27.015302],[79.167066,27.015232],[79.167193,27.015204],[79.167261,27.015122],[79.167433,27.015172],[79.167731,27.015307],[79.168022,27.015454],[79.168397,27.016145],[79.168435,27.016313],[79.168414,27.016349],[79.168146,27.01647]],[[79.170536,27.016633],[79.170758,27.016516],[79.170809,27.016666],[79.1709,27.016817],[79.170798,27.016905],[79.170522,27.017069],[79.17026,27.01722],[79.170111,27.017368],[79.169892,27.017598],[79.169842,27.017513],[79.169816,27.01743],[79.16986,27.017227],[79.169947,27.017174],[79.170062,27.01708],[79.170144,27.01695],[79.170347,27.016768],[79.170536,27.016633]],[[79.165169,27.021268],[79.164799,27.021398],[79.164771,27.021308],[79.165295,27.020943],[79.165551,27.020889],[79.165555,27.020979],[79.165344,27.021182],[79.165288,27.02121],[79.165169,27.021268]],[[79.168766,27.011615],[79.168687,27.011528],[79.168627,27.011589],[79.168542,27.011593],[79.168428,27.011386],[79.168327,27.011051],[79.168099,27.010981],[79.168102,27.010799],[79.168238,27.01061],[79.168381,27.010664],[79.168636,27.010391],[79.168385,27.010096],[79.168491,27.009989],[79.168762,27.010182],[79.16876,27.010335],[79.169338,27.010858],[79.169066,27.011184],[79.168801,27.011377],[79.168766,27.011615]],[[79.165986,27.01039],[79.165952,27.01049],[79.165868,27.010485],[79.165675,27.010808],[79.165512,27.010749],[79.165628,27.010482],[79.165735,27.010351],[79.165676,27.010275],[79.165564,27.010044],[79.165659,27.009845],[79.165733,27.009738],[79.165798,27.009671],[79.166128,27.009294],[79.16627,27.00939],[79.166192,27.0095],[79.166319,27.009567],[79.166536,27.009294],[79.166614,27.009373],[79.166451,27.009586],[79.166612,27.009742],[79.166398,27.009901],[79.166235,27.009834],[79.166121,27.00994],[79.166048,27.010029],[79.165886,27.010353],[79.165986,27.01039]],[[79.17342,27.007319],[79.173453,27.007317],[79.173588,27.007408],[79.173752,27.007571],[79.173728,27.007613],[79.173355,27.008002],[79.173291,27.008034],[79.17297,27.008352],[79.172809,27.008176],[79.172871,27.008073],[79.172898,27.008059],[79.17304,27.007893],[79.17316,27.007716],[79.173259,27.007556],[79.173311,27.007431],[79.17342,27.007319]],[[79.177688,27.006317],[79.177738,27.006312],[79.177787,27.006324],[79.177843,27.006373],[79.177962,27.00644],[79.178101,27.006508],[79.178207,27.006536],[79.178213,27.006593],[79.17826,27.006578],[79.178293,27.006594],[79.178305,27.006659],[79.178331,27.006699],[79.178361,27.006714],[79.178391,27.006699],[79.178441,27.006712],[79.178437,27.006745],[79.178406,27.006789],[79.178336,27.006812],[79.178256,27.006814],[79.178206,27.00681],[79.1782,27.006774],[79.178201,27.006733],[79.178124,27.006717],[79.178035,27.006704],[79.177947,27.006689],[79.177956,27.006622],[79.177937,27.006565],[79.177888,27.006511],[79.177819,27.006423],[79.17776,27.006375],[79.177688,27.006317]]]]}},{"type":"Feature","properties":{"name":"Keshopur-Miani Community Reserve","kind":"wetland","ramsarid":2414,"area_km2":3.4,"source":"Ramsar Sites Information Service"},"geometry":{"type":"MultiPolygon","coordinates":[[[[75.392401,32.079662],[75.392663,32.079755],[75.392632,32.079849],[75.392577,32.079926],[75.392484,32.079997],[75.392309,32.080094],[75.392408,32.080131],[75.39251,32.08018],[75.392661,32.080212],[75.392747,32.080281],[75.392821,32.080325],[75.39297,32.080441],[75.393101,32.080532],[75.393185,32.080611],[75.393334,32.080732],[75.393409,32.080732],[75.393512,32.080714],[75.393736,32.080775],[75.393899,32.080963],[75.393993,32.081129],[75.394067,32.081335],[75.394107,32.081302],[75.394159,32.081343],[75.394222,32.081375],[75.394273,32.081417],[75.394544,32.081596],[75.39471,32.081649],[75.394878,32.081886],[75.395147,32.081941],[75.395307,32.082029],[75.395462,32.082184],[75.395658,32.082341],[75.395922,32.082398],[75.396002,32.082524],[75.396059,32.082675],[75.396198,32.08284],[75.39645,32.083139],[75.396686,32.083298],[75.396849,32.083662],[75.396868,32.084061],[75.397126,32.084114],[75.397436,32.084142],[75.397599,32.084116],[75.397899,32.084463],[75.398258,32.084503],[75.398314,32.084999],[75.39904,32.08504],[75.399137,32.08558],[75.399487,32.085577],[75.399668,32.086261],[75.40021,32.086738],[75.400474,32.087058],[75.4007,32.087402],[75.40093,32.087752],[75.401409,32.08821],[75.40157,32.088351],[75.401699,32.088657],[75.401824,32.088883],[75.401764,32.088987],[75.401859,32.08907],[75.40193,32.089133],[75.402003,32.089217],[75.401771,32.089429],[75.401748,32.089429],[75.401633,32.089386],[75.401586,32.089344],[75.401494,32.089301],[75.401381,32.089301],[75.401293,32.089322],[75.40116,32.089343],[75.401254,32.089858],[75.401986,32.089948],[75.402688,32.089923],[75.403036,32.090252],[75.403212,32.090635],[75.403198,32.090978],[75.403039,32.091278],[75.402816,32.091417],[75.402709,32.091819],[75.402575,32.092229],[75.402524,32.092499],[75.402311,32.092896],[75.402107,32.093121],[75.402023,32.093712],[75.401974,32.093712],[75.401853,32.093763],[75.401535,32.093842],[75.401487,32.093868],[75.400995,32.093999],[75.400402,32.094183],[75.399775,32.094104],[75.399226,32.094078],[75.398752,32.094076],[75.398326,32.094155],[75.398026,32.094154],[75.397723,32.094258],[75.397395,32.094336],[75.397151,32.094766],[75.396976,32.095287],[75.39721,32.095877],[75.397257,32.095991],[75.39733,32.096135],[75.397489,32.096864],[75.397534,32.097305],[75.397135,32.097515],[75.396748,32.097645],[75.396103,32.097827],[75.395829,32.097961],[75.395751,32.097994],[75.395651,32.098011],[75.395552,32.098044],[75.395014,32.098077],[75.394715,32.098111],[75.394655,32.098095],[75.394575,32.098061],[75.394455,32.098061],[75.394375,32.098062],[75.394196,32.098062],[75.393207,32.098302],[75.39268,32.098371],[75.392037,32.098339],[75.391613,32.09834],[75.391149,32.098341],[75.390667,32.098339],[75.390102,32.098512],[75.389781,32.09865],[75.389779,32.098967],[75.389774,32.099307],[75.389726,32.099688],[75.389726,32.10002],[75.389674,32.100417],[75.389689,32.100803],[75.389901,32.100998],[75.390199,32.101215],[75.390457,32.101435],[75.390871,32.101659],[75.39114,32.101825],[75.391741,32.101998],[75.391955,32.102103],[75.39237,32.102206],[75.392653,32.102346],[75.392805,32.102448],[75.393245,32.102676],[75.393488,32.102787],[75.393594,32.103024],[75.393951,32.103306],[75.394197,32.103659],[75.394496,32.10366],[75.394215,32.103994],[75.394795,32.104041],[75.395469,32.104132],[75.395841,32.104155],[75.396107,32.104499],[75.396517,32.104802],[75.396541,32.104802],[75.396616,32.104896],[75.396691,32.104992],[75.396841,32.10516],[75.396891,32.105208],[75.397416,32.105622],[75.397854,32.106044],[75.398411,32.106322],[75.398808,32.106398],[75.399282,32.106733],[75.399773,32.106939],[75.400083,32.106898],[75.400301,32.107144],[75.400619,32.107541],[75.401006,32.107714],[75.401443,32.10785],[75.401817,32.108002],[75.402237,32.108198],[75.402637,32.108396],[75.402904,32.108595],[75.403357,32.108819],[75.40372,32.109113],[75.404045,32.109137],[75.404442,32.109047],[75.404767,32.109001],[75.404953,32.109],[75.404838,32.109344],[75.405049,32.109412],[75.4054,32.10941],[75.40545,32.109596],[75.405433,32.109996],[75.405575,32.109971],[75.406167,32.109967],[75.406404,32.109942],[75.406412,32.109543],[75.406976,32.109563],[75.407348,32.109491],[75.407469,32.10919],[75.407488,32.109122],[75.407483,32.109031],[75.407522,32.108917],[75.407559,32.108782],[75.40755,32.108294],[75.40771,32.107966],[75.407731,32.107826],[75.407333,32.107182],[75.407166,32.10691],[75.406557,32.106975],[75.405942,32.106892],[75.405452,32.106535],[75.405068,32.105926],[75.404743,32.105538],[75.404597,32.104849],[75.404549,32.104524],[75.404406,32.104228],[75.404888,32.104226],[75.405273,32.104221],[75.405708,32.104364],[75.405682,32.104266],[75.405632,32.104168],[75.40563,32.104047],[75.405627,32.103926],[75.4056,32.10378],[75.405472,32.10323],[75.40582,32.103043],[75.406079,32.103089],[75.406069,32.102768],[75.406365,32.102586],[75.406806,32.102628],[75.407234,32.102405],[75.407729,32.102226],[75.408126,32.102024],[75.408313,32.101803],[75.408704,32.101865],[75.409015,32.102258],[75.409499,32.102501],[75.409969,32.102386],[75.409998,32.102072],[75.410189,32.101785],[75.410348,32.101612],[75.410337,32.101264],[75.410486,32.101004],[75.41068,32.100492],[75.410804,32.099991],[75.410935,32.099597],[75.410909,32.099345],[75.411074,32.098995],[75.411113,32.098719],[75.411158,32.098514],[75.411196,32.098243],[75.41126,32.097907],[75.411228,32.097606],[75.41121,32.097141],[75.411174,32.096813],[75.411044,32.096491],[75.410985,32.096235],[75.410852,32.095859],[75.410664,32.09555],[75.410628,32.095183],[75.410385,32.094938],[75.410189,32.094514],[75.410108,32.094305],[75.40994,32.093806],[75.409848,32.093458],[75.409726,32.093114],[75.409474,32.092631],[75.409425,32.092407],[75.409323,32.091908],[75.409138,32.091446],[75.408992,32.091073],[75.408856,32.09042],[75.40874,32.09001],[75.408666,32.089782],[75.408563,32.08953],[75.408507,32.089156],[75.408404,32.088872],[75.408409,32.088698],[75.408361,32.088492],[75.408276,32.088251],[75.408227,32.088022],[75.40823,32.087829],[75.408087,32.087565],[75.407811,32.087415],[75.407649,32.087324],[75.40739,32.087172],[75.407201,32.086959],[75.407072,32.086747],[75.407008,32.086567],[75.406913,32.086375],[75.406869,32.086243],[75.406814,32.086142],[75.406719,32.086056],[75.406651,32.085957],[75.406551,32.085816],[75.406453,32.085677],[75.406347,32.085596],[75.406219,32.085431],[75.406133,32.085241],[75.405985,32.085135],[75.405845,32.084924],[75.405665,32.084717],[75.405552,32.084653],[75.405411,32.084565],[75.405337,32.084451],[75.405332,32.08435],[75.405265,32.084115],[75.405024,32.084068],[75.404911,32.084229],[75.404897,32.084321],[75.404789,32.084322],[75.404677,32.084304],[75.404537,32.084295],[75.404446,32.084286],[75.404376,32.084277],[75.4042,32.084231],[75.404167,32.084212],[75.404,32.084146],[75.403876,32.084109],[75.403726,32.084016],[75.403613,32.08398],[75.403477,32.083907],[75.403292,32.083816],[75.403194,32.083799],[75.403016,32.083755],[75.402831,32.083737],[75.402656,32.08371],[75.40253,32.083701],[75.402369,32.083642],[75.402203,32.083652],[75.402181,32.083662],[75.402026,32.083683],[75.401837,32.083683],[75.401703,32.083652],[75.401658,32.083642],[75.401647,32.083642],[75.401514,32.083652],[75.401359,32.083683],[75.401192,32.083642],[75.400992,32.083642],[75.400837,32.083642],[75.400637,32.083642],[75.40048,32.083694],[75.400277,32.083736],[75.400155,32.083735],[75.399965,32.083745],[75.399775,32.083745],[75.399586,32.083734],[75.399449,32.083776],[75.399304,32.083776],[75.399247,32.083662],[75.399273,32.083539],[75.399277,32.083421],[75.399265,32.083266],[75.399241,32.083143],[75.399261,32.083068],[75.399236,32.082938],[75.399241,32.082874],[75.399239,32.082738],[75.399265,32.082658],[75.399262,32.082641],[75.399239,32.082483],[75.399252,32.082346],[75.399235,32.082261],[75.399226,32.082177],[75.399206,32.082078],[75.399212,32.081988],[75.399215,32.081924],[75.399125,32.081875],[75.399042,32.081859],[75.399034,32.081858],[75.398937,32.08185],[75.398926,32.081795],[75.398915,32.081732],[75.398937,32.081685],[75.39892,32.081592],[75.398938,32.081524],[75.398952,32.08144],[75.398948,32.081305],[75.398839,32.081253],[75.398814,32.081245],[75.39874,32.081216],[75.398612,32.081135],[75.39844,32.080964],[75.398315,32.080922],[75.398232,32.080916],[75.398198,32.080833],[75.398194,32.080758],[75.39809,32.080744],[75.397991,32.080717],[75.397857,32.080697],[75.397798,32.080697],[75.397715,32.08067],[75.397611,32.080657],[75.397546,32.080657],[75.397499,32.08063],[75.397442,32.080557],[75.397472,32.080498],[75.397471,32.080407],[75.397488,32.080298],[75.397429,32.080266],[75.397302,32.080272],[75.397196,32.080272],[75.397181,32.080272],[75.397089,32.080272],[75.396997,32.080266],[75.396918,32.080253],[75.396856,32.080275],[75.396734,32.080267],[75.396613,32.080267],[75.396517,32.080268],[75.396391,32.080278],[75.396206,32.08028],[75.395998,32.080281],[75.395875,32.080266],[75.395739,32.080274],[75.395604,32.08029],[75.395497,32.080274],[75.39539,32.080249],[75.395363,32.080127],[75.395381,32.080063],[75.395364,32.07996],[75.395352,32.079828],[75.395323,32.079766],[75.39526,32.079759],[75.395151,32.079759],[75.395081,32.079759],[75.394979,32.07975],[75.394869,32.079727],[75.394767,32.079711],[75.394682,32.079718],[75.394543,32.079739],[75.39445,32.079739],[75.394349,32.079738],[75.394271,32.079738],[75.394139,32.079761],[75.394061,32.07973],[75.394007,32.079647],[75.393985,32.079513],[75.39397,32.079417],[75.393971,32.079316],[75.393904,32.079209],[75.393837,32.079174],[75.393637,32.079125],[75.393563,32.079132],[75.393345,32.079167],[75.393294,32.079153],[75.393118,32.079111],[75.392964,32.079083],[75.392898,32.079173],[75.392834,32.079215],[75.392804,32.079308],[75.392759,32.079381],[75.392712,32.079476],[75.392605,32.079476],[75.392539,32.079521],[75.392401,32.079662]]],[[[75.376771,32.093179],[75.377041,32.093267],[75.37741,32.093192],[75.377692,32.093095],[75.377743,32.093094],[75.378077,32.09294],[75.378094,32.092939],[75.378378,32.092566],[75.378685,32.092438],[75.378989,32.092261],[75.379106,32.091944],[75.379106,32.091892],[75.379269,32.091553],[75.379608,32.091288],[75.379656,32.091255],[75.379989,32.09106],[75.380037,32.091029],[75.380441,32.090732],[75.380503,32.0907],[75.380876,32.090326],[75.380891,32.090311],[75.381252,32.090127],[75.381909,32.089721],[75.382321,32.089341],[75.382801,32.0891],[75.382814,32.089086],[75.383227,32.088874],[75.383242,32.088874],[75.383413,32.088572],[75.383103,32.088373],[75.382606,32.088033],[75.382186,32.087663],[75.381838,32.087219],[75.381502,32.086919],[75.381087,32.086557],[75.380791,32.086218],[75.380735,32.086184],[75.380512,32.086029],[75.380278,32.085854],[75.380079,32.0858],[75.379977,32.085854],[75.379788,32.086085],[75.379754,32.086273],[75.379755,32.086307],[75.379749,32.086558],[75.379659,32.086731],[75.379636,32.086908],[75.379609,32.086956],[75.37961,32.086979],[75.379544,32.087111],[75.379421,32.087256],[75.379241,32.087441],[75.378918,32.087639],[75.378748,32.087651],[75.378734,32.087651],[75.37855,32.08765],[75.378507,32.08765],[75.378394,32.08765],[75.378366,32.08765],[75.378255,32.087588],[75.378137,32.087365],[75.378114,32.08723],[75.378129,32.087194],[75.378222,32.086942],[75.378283,32.086766],[75.378284,32.086719],[75.378316,32.08658],[75.378317,32.086534],[75.378319,32.086477],[75.378306,32.086454],[75.378287,32.08624],[75.378425,32.086063],[75.378535,32.085877],[75.37855,32.085823],[75.37855,32.085813],[75.3785,32.085742],[75.378464,32.085593],[75.378422,32.085593],[75.378311,32.085568],[75.378284,32.085556],[75.3782,32.085544],[75.378106,32.085482],[75.37791,32.085495],[75.37784,32.085495],[75.377784,32.085507],[75.377611,32.08558],[75.377568,32.085593],[75.377352,32.085667],[75.377322,32.085692],[75.377119,32.085754],[75.376989,32.08579],[75.376769,32.085878],[75.376752,32.085903],[75.376627,32.086005],[75.376609,32.08603],[75.376333,32.086303],[75.375989,32.086384],[75.375829,32.086385],[75.375773,32.086371],[75.37559,32.08606],[75.375367,32.085682],[75.374949,32.085744],[75.374718,32.085631],[75.374471,32.085679],[75.374749,32.086369],[75.374677,32.086498],[75.374655,32.08662],[75.374376,32.086812],[75.37425,32.086909],[75.374206,32.087092],[75.374204,32.08712],[75.374222,32.087277],[75.374348,32.087421],[75.374362,32.087436],[75.374555,32.08776],[75.374608,32.087895],[75.374643,32.088093],[75.374453,32.088126],[75.374246,32.088187],[75.373962,32.088416],[75.37376,32.088557],[75.373661,32.088779],[75.373773,32.088957],[75.373826,32.089088],[75.373854,32.089138],[75.373907,32.089271],[75.373902,32.089337],[75.373895,32.08983],[75.373955,32.090127],[75.37403,32.090466],[75.374098,32.090701],[75.374202,32.090941],[75.374242,32.09111],[75.374271,32.091205],[75.37434,32.091492],[75.3744,32.091667],[75.374399,32.091686],[75.374548,32.091861],[75.374811,32.091938],[75.375022,32.091997],[75.375234,32.092055],[75.375551,32.092272],[75.375623,32.092272],[75.375731,32.092311],[75.37582,32.092329],[75.375946,32.092349],[75.376018,32.09237],[75.376054,32.09237],[75.376089,32.092662],[75.376308,32.093066],[75.376328,32.093303],[75.376771,32.093179]]]]}},{"type":"Feature","properties":{"name":"Nandur Madhameshwar","kind":"wetland","ramsarid":2410,"area_km2":14.4,"source":"Ramsar Sites Information Service"},"geometry":{"type":"MultiPolygon","coordinates":[[[[74.07007,20.042642],[74.070571,20.042629],[74.071506,20.042659],[74.074356,20.042791],[74.075036,20.042765],[74.075571,20.042745],[74.076559,20.042678],[74.076575,20.042687],[74.076686,20.042675],[74.077794,20.042767],[74.078585,20.042678],[74.079288,20.042241],[74.080766,20.040989],[74.081908,20.039536],[74.08229,20.039044],[74.082592,20.038435],[74.08289,20.037841],[74.082938,20.037784],[74.083035,20.037733],[74.083545,20.037501],[74.083795,20.037387],[74.084365,20.037125],[74.084964,20.03685],[74.085102,20.036775],[74.085169,20.036738],[74.085304,20.037202],[74.08594,20.037208],[74.087296,20.037035],[74.088551,20.036688],[74.089764,20.036267],[74.090844,20.036301],[74.090895,20.036446],[74.09119,20.037254],[74.091502,20.037931],[74.091819,20.037835],[74.092311,20.037685],[74.092687,20.037571],[74.093013,20.036966],[74.094086,20.036851],[74.094267,20.036761],[74.094762,20.036514],[74.094646,20.035861],[74.096131,20.035449],[74.096448,20.036533],[74.097108,20.036543],[74.096936,20.035403],[74.097534,20.035221],[74.0977,20.036115],[74.098821,20.036016],[74.099266,20.035977],[74.099259,20.035838],[74.099239,20.035446],[74.099713,20.035309],[74.099717,20.035271],[74.099692,20.035073],[74.099613,20.034727],[74.099652,20.034499],[74.099762,20.034373],[74.099902,20.034278],[74.100056,20.034211],[74.100195,20.034143],[74.100348,20.034091],[74.100547,20.03404],[74.10072,20.033999],[74.100761,20.033989],[74.100914,20.033951],[74.100985,20.03392],[74.101623,20.033644],[74.102724,20.033584],[74.102846,20.034656],[74.102967,20.03466],[74.103105,20.034607],[74.10329,20.034097],[74.10349,20.033587],[74.103523,20.033502],[74.103919,20.033011],[74.103951,20.032971],[74.10379,20.032808],[74.103733,20.032706],[74.10381,20.032652],[74.103966,20.032527],[74.104045,20.032444],[74.1038,20.032092],[74.103662,20.031692],[74.103802,20.031591],[74.104004,20.031468],[74.104188,20.031402],[74.104388,20.031323],[74.104492,20.031309],[74.106213,20.03072],[74.106786,20.029565],[74.10707,20.02949],[74.107172,20.029438],[74.107631,20.029203],[74.107591,20.029014],[74.107527,20.028712],[74.107571,20.028675],[74.107569,20.028635],[74.10796,20.028305],[74.108646,20.027597],[74.108783,20.027476],[74.109734,20.026718],[74.110557,20.02617],[74.111097,20.0259],[74.111605,20.025687],[74.111924,20.025616],[74.112675,20.026322],[74.112452,20.02536],[74.112965,20.02462],[74.113045,20.024465],[74.113235,20.024202],[74.113365,20.024051],[74.113559,20.023827],[74.113657,20.023515],[74.113595,20.022969],[74.113765,20.022888],[74.114026,20.022796],[74.114346,20.022749],[74.1145,20.022696],[74.114593,20.022613],[74.114643,20.022486],[74.11471,20.022302],[74.114886,20.022049],[74.115165,20.021872],[74.115781,20.021604],[74.115608,20.020911],[74.116098,20.020339],[74.119233,20.020451],[74.119549,20.021428],[74.11979,20.022173],[74.119864,20.022401],[74.119917,20.022565],[74.121312,20.022284],[74.121347,20.021763],[74.121456,20.021728],[74.121906,20.021585],[74.122468,20.021387],[74.122587,20.021345],[74.12253,20.020926],[74.122463,20.020429],[74.122647,20.020288],[74.122702,20.020246],[74.122629,20.019568],[74.122773,20.019528],[74.122905,20.019491],[74.122963,20.020008],[74.123251,20.020017],[74.123259,20.019774],[74.123704,20.01963],[74.123772,20.018988],[74.125019,20.019299],[74.12518,20.01992],[74.125162,20.020435],[74.125053,20.020948],[74.124174,20.022239],[74.123688,20.022682],[74.122933,20.022888],[74.122749,20.022959],[74.122676,20.0233],[74.122745,20.023627],[74.122942,20.024359],[74.122224,20.024662],[74.122527,20.025818],[74.122918,20.027378],[74.123368,20.029551],[74.122449,20.029809],[74.122632,20.031496],[74.123486,20.03137],[74.123364,20.030812],[74.124388,20.030442],[74.124166,20.02927],[74.124317,20.029007],[74.12478,20.027321],[74.125176,20.025805],[74.125975,20.025524],[74.126752,20.025262],[74.127561,20.026395],[74.129456,20.028308],[74.130836,20.029306],[74.133265,20.030967],[74.135527,20.032777],[74.136752,20.034152],[74.137377,20.033637],[74.136816,20.032912],[74.135425,20.031627],[74.134777,20.031072],[74.133613,20.030252],[74.132012,20.029209],[74.131007,20.02847],[74.130063,20.027696],[74.129143,20.026827],[74.128154,20.025649],[74.12754,20.024694],[74.127197,20.024091],[74.12683,20.023009],[74.126582,20.021454],[74.12661,20.020652],[74.127013,20.019519],[74.127649,20.018659],[74.128701,20.017488],[74.129031,20.017209],[74.129362,20.016929],[74.129575,20.016771],[74.129631,20.0167],[74.129666,20.017019],[74.129845,20.018648],[74.131832,20.018209],[74.131943,20.01925],[74.132312,20.0192],[74.135681,20.019408],[74.136591,20.019651],[74.136826,20.019714],[74.136962,20.01975],[74.137647,20.020024],[74.137749,20.020064],[74.138077,20.020192],[74.138209,20.020243],[74.139509,20.019893],[74.14077,20.01928],[74.141066,20.019201],[74.141362,20.019123],[74.14186,20.018946],[74.14189,20.019545],[74.141834,20.019675],[74.141727,20.01992],[74.141723,20.01993],[74.141499,20.0202],[74.141415,20.0203],[74.141278,20.020418],[74.14123,20.020459],[74.141557,20.020621],[74.141905,20.020793],[74.141791,20.022659],[74.141481,20.022677],[74.141472,20.022756],[74.141439,20.023068],[74.14143,20.023152],[74.141077,20.023227],[74.140841,20.023277],[74.140705,20.02332],[74.140219,20.023782],[74.140308,20.023919],[74.140321,20.023932],[74.140512,20.023948],[74.140998,20.023934],[74.141435,20.023871],[74.141719,20.023851],[74.141911,20.023857],[74.142093,20.023844],[74.142298,20.023774],[74.142479,20.02378],[74.142613,20.023726],[74.14263,20.023776],[74.142646,20.023771],[74.142663,20.023844],[74.142787,20.024386],[74.14269,20.024842],[74.142597,20.025182],[74.142466,20.025484],[74.142424,20.025725],[74.142274,20.025918],[74.143123,20.026375],[74.143551,20.026088],[74.143972,20.025872],[74.145072,20.025826],[74.145685,20.0258],[74.14561,20.026649],[74.145467,20.027467],[74.145498,20.027755],[74.146525,20.028344],[74.146628,20.027949],[74.146915,20.026881],[74.147043,20.025212],[74.147081,20.024372],[74.147054,20.024323],[74.14659,20.023735],[74.146422,20.023548],[74.146106,20.023194],[74.145853,20.022861],[74.1456,20.022528],[74.145311,20.021706],[74.145548,20.020904],[74.145539,20.02082],[74.14562,20.020364],[74.145957,20.020201],[74.146067,20.02013],[74.146126,20.020042],[74.146182,20.019948],[74.146231,20.019694],[74.146267,20.019332],[74.146268,20.019315],[74.146295,20.019006],[74.146305,20.018883],[74.146391,20.018662],[74.146663,20.017961],[74.146769,20.017343],[74.146953,20.016706],[74.146931,20.016319],[74.146929,20.016268],[74.14443,20.016391],[74.144167,20.015528],[74.143904,20.014665],[74.14408,20.014602],[74.144196,20.014477],[74.144469,20.014184],[74.145009,20.0139],[74.14595,20.013428],[74.146569,20.013075],[74.147192,20.012607],[74.147556,20.012174],[74.147873,20.011782],[74.147217,20.011451],[74.146606,20.011155],[74.146571,20.011141],[74.145495,20.01069],[74.14515,20.010545],[74.144882,20.010433],[74.144726,20.010285],[74.144557,20.009907],[74.144453,20.009398],[74.144483,20.008844],[74.144524,20.008234],[74.143521,20.008595],[74.143337,20.008665],[74.14306,20.008781],[74.142896,20.008852],[74.142694,20.008846],[74.142562,20.008861],[74.14223,20.008813],[74.141782,20.008904],[74.141377,20.00892],[74.14104,20.009033],[74.140405,20.009272],[74.140142,20.009263],[74.139563,20.00936],[74.138642,20.009398],[74.138628,20.009207],[74.138404,20.006936],[74.137981,20.007171],[74.137167,20.007623],[74.136231,20.0081],[74.135261,20.00721],[74.134584,20.006626],[74.134144,20.006192],[74.133613,20.005478],[74.132977,20.004875],[74.132783,20.004859],[74.132915,20.005424],[74.132912,20.005878],[74.13288,20.006056],[74.132754,20.00641],[74.132561,20.006882],[74.132399,20.007546],[74.132307,20.008268],[74.130213,20.006104],[74.130143,20.006532],[74.130084,20.006881],[74.129938,20.007011],[74.12963,20.007135],[74.129368,20.007127],[74.129025,20.007116],[74.128836,20.007104],[74.128501,20.007081],[74.128426,20.006999],[74.128183,20.006546],[74.128098,20.006387],[74.127936,20.006382],[74.125998,20.006322],[74.124931,20.005601],[74.124828,20.005082],[74.124761,20.004697],[74.124562,20.004596],[74.124402,20.004553],[74.124326,20.004397],[74.123317,20.004366],[74.120697,20.004131],[74.120538,20.004069],[74.12046,20.00399],[74.120301,20.003909],[74.120122,20.003827],[74.119901,20.003782],[74.119782,20.003701],[74.119664,20.003621],[74.119545,20.00356],[74.119448,20.003443],[74.119391,20.003326],[74.119255,20.003188],[74.119087,20.003088],[74.118508,20.003076],[74.118415,20.003116],[74.11833,20.003153],[74.118216,20.003202],[74.117869,20.003352],[74.117613,20.003309],[74.117149,20.003275],[74.116507,20.003141],[74.1157,20.002948],[74.115585,20.002921],[74.115129,20.002658],[74.114673,20.002415],[74.114169,20.00238],[74.113516,20.002445],[74.113596,20.004076],[74.113523,20.004141],[74.113358,20.00417],[74.113073,20.004237],[74.113034,20.004269],[74.112532,20.004679],[74.112503,20.004926],[74.112271,20.005206],[74.110155,20.005598],[74.109949,20.005546],[74.109814,20.005511],[74.109617,20.005371],[74.109449,20.004965],[74.108275,20.005004],[74.108309,20.005409],[74.108318,20.005522],[74.108119,20.00542],[74.108035,20.005395],[74.107019,20.005099],[74.107198,20.005754],[74.104042,20.007566],[74.100934,20.009724],[74.101074,20.010913],[74.101081,20.011887],[74.101664,20.011963],[74.101891,20.01241],[74.102128,20.013162],[74.102335,20.014735],[74.102825,20.015754],[74.103315,20.016772],[74.103725,20.01755],[74.104135,20.018328],[74.104152,20.01839],[74.104333,20.018833],[74.104274,20.019366],[74.104215,20.01945],[74.104157,20.019534],[74.10404,20.019703],[74.103711,20.019864],[74.103385,20.01993],[74.103028,20.019986],[74.102899,20.019988],[74.102553,20.020054],[74.102469,20.020147],[74.10234,20.020372],[74.102273,20.020561],[74.102237,20.021019],[74.102225,20.021353],[74.102221,20.021477],[74.101496,20.021817],[74.099517,20.022758],[74.098335,20.023318],[74.097714,20.023649],[74.097614,20.023702],[74.097482,20.023865],[74.097476,20.024032],[74.097317,20.024242],[74.097294,20.02426],[74.096909,20.024348],[74.096505,20.024336],[74.095801,20.024242],[74.094951,20.023977],[74.094432,20.02365],[74.091655,20.027169],[74.090171,20.025547],[74.089411,20.025501],[74.08941,20.025492],[74.089389,20.025474],[74.088999,20.025486],[74.088605,20.025498],[74.08673,20.025654],[74.085313,20.025705],[74.083647,20.025652],[74.082289,20.025467],[74.081351,20.025234],[74.080514,20.024935],[74.08017,20.024727],[74.076279,20.022527],[74.075357,20.022163],[74.075207,20.020678],[74.071795,20.02069],[74.068903,20.020288],[74.068004,20.020714],[74.067437,20.021031],[74.06649,20.021359],[74.066641,20.022104],[74.065421,20.022305],[74.065177,20.021342],[74.064158,20.021572],[74.063603,20.021555],[74.063717,20.021893],[74.063916,20.021995],[74.0646,20.021944],[74.064671,20.022806],[74.065353,20.022804],[74.065336,20.023281],[74.063077,20.023568],[74.062765,20.023821],[74.062783,20.024013],[74.063647,20.023873],[74.064114,20.023553],[74.065695,20.023866],[74.066247,20.023979],[74.067145,20.023577],[74.067101,20.026991],[74.066938,20.028037],[74.065666,20.028976],[74.066148,20.028943],[74.066929,20.028275],[74.066681,20.030594],[74.066287,20.031441],[74.065714,20.03278],[74.065522,20.032774],[74.065331,20.032768],[74.065374,20.034393],[74.065224,20.035229],[74.06505,20.035568],[74.064713,20.035939],[74.064336,20.036329],[74.063735,20.036749],[74.062971,20.037184],[74.061342,20.038088],[74.060853,20.037041],[74.058716,20.038043],[74.059173,20.039395],[74.060051,20.041314],[74.060801,20.041109],[74.062714,20.04018],[74.063606,20.039406],[74.063657,20.039235],[74.063666,20.038978],[74.063705,20.03875],[74.063867,20.038454],[74.064022,20.038287],[74.064087,20.038217],[74.064429,20.037999],[74.065015,20.037716],[74.065575,20.037304],[74.066297,20.036624],[74.066594,20.036361],[74.068161,20.036224],[74.06842,20.037281],[74.068771,20.038708],[74.069123,20.038619],[74.069434,20.039689],[74.069571,20.040525],[74.069524,20.04101],[74.069404,20.041408],[74.069163,20.041773],[74.06891,20.042066],[74.069572,20.042792],[74.07007,20.042642]],[[74.068948,20.03543],[74.068129,20.032708],[74.067932,20.031402],[74.068565,20.030935],[74.069198,20.030468],[74.069645,20.029832],[74.069895,20.029056],[74.070065,20.028259],[74.070057,20.027609],[74.07005,20.02696],[74.070341,20.025574],[74.070547,20.024892],[74.070721,20.024554],[74.071138,20.024185],[74.071612,20.023932],[74.072038,20.023888],[74.072759,20.024064],[74.073521,20.024241],[74.074084,20.024335],[74.074211,20.02474],[74.074438,20.02576],[74.074572,20.025993],[74.074748,20.026152],[74.075647,20.026467],[74.076447,20.026702],[74.076689,20.026719],[74.078123,20.026755],[74.07845,20.026669],[74.078757,20.026545],[74.079064,20.026459],[74.07992,20.02683],[74.080536,20.027136],[74.081405,20.027569],[74.082274,20.028003],[74.082403,20.028093],[74.082395,20.028303],[74.082247,20.028508],[74.081954,20.028766],[74.081639,20.0291],[74.08124,20.029546],[74.080758,20.030009],[74.079766,20.030628],[74.079022,20.031082],[74.078283,20.031422],[74.07742,20.031815],[74.076475,20.032225],[74.075393,20.032535],[74.074862,20.032598],[74.07387,20.032716],[74.073465,20.032742],[74.073219,20.032849],[74.072817,20.033352],[74.07199,20.034434],[74.071758,20.034713],[74.071541,20.034859],[74.071323,20.035005],[74.070849,20.035277],[74.070458,20.035475],[74.06978,20.035778],[74.069126,20.035968],[74.068948,20.03543]]]]}},{"type":"Feature","properties":{"name":"Thol Lake Wildlife Sanctuary","kind":"wetland","ramsarid":2458,"area_km2":7.0,"source":"Ramsar Sites Information Service"},"geometry":{"type":"MultiPolygon","coordinates":[[[[72.393087,23.134008],[72.392481,23.139625],[72.392437,23.144643],[72.394301,23.147298],[72.396025,23.14744],[72.396281,23.147474],[72.39681,23.147808],[72.396989,23.147857],[72.397171,23.147931],[72.397621,23.148208],[72.397987,23.14837],[72.398395,23.14857],[72.398635,23.148636],[72.39911,23.148729],[72.399517,23.148804],[72.399861,23.148831],[72.400101,23.148897],[72.40033,23.148915],[72.40057,23.148981],[72.400894,23.149028],[72.401333,23.149237],[72.401646,23.149332],[72.402283,23.149569],[72.402772,23.149373],[72.403349,23.149187],[72.403506,23.149205],[72.404058,23.14927],[72.404068,23.149115],[72.404001,23.148499],[72.404419,23.14866],[72.404879,23.148802],[72.405066,23.14882],[72.4054,23.148819],[72.405566,23.148818],[72.405723,23.148817],[72.405952,23.148796],[72.406202,23.148795],[72.406441,23.148736],[72.406816,23.148589],[72.407179,23.148461],[72.407486,23.148354],[72.407611,23.148353],[72.408132,23.148292],[72.408663,23.148279],[72.409122,23.148277],[72.409227,23.148373],[72.409343,23.148622],[72.409427,23.148747],[72.409418,23.148863],[72.409398,23.149017],[72.409398,23.149104],[72.409451,23.149171],[72.409598,23.149286],[72.409661,23.149372],[72.409703,23.149526],[72.40983,23.149718],[72.409944,23.149689],[72.409923,23.149573],[72.409953,23.149486],[72.410183,23.149581],[72.410339,23.149445],[72.410338,23.14932],[72.410056,23.149264],[72.410096,23.149081],[72.41021,23.148916],[72.410375,23.148684],[72.410592,23.148394],[72.410902,23.147997],[72.411038,23.148054],[72.41143,23.148201],[72.411754,23.148334],[72.412119,23.148486],[72.412391,23.148561],[72.412579,23.14857],[72.412808,23.148626],[72.413174,23.148798],[72.413708,23.149103],[72.414272,23.149331],[72.414428,23.149282],[72.414522,23.149368],[72.414565,23.149464],[72.414556,23.14971],[72.41488,23.149814],[72.415381,23.149888],[72.415756,23.149992],[72.416174,23.150067],[72.416195,23.150182],[72.416346,23.150911],[72.416509,23.150953],[72.418126,23.151028],[72.418205,23.151834],[72.418208,23.152388],[72.41814,23.15301],[72.418108,23.153699],[72.418111,23.154136],[72.418206,23.154723],[72.418207,23.154807],[72.417663,23.155062],[72.417592,23.155231],[72.417613,23.155304],[72.417984,23.155236],[72.418238,23.155234],[72.418477,23.155207],[72.418661,23.155206],[72.418886,23.155152],[72.419013,23.155138],[72.419322,23.154954],[72.419434,23.154914],[72.419616,23.15477],[72.419728,23.154626],[72.419882,23.154481],[72.419882,23.154377],[72.419923,23.154259],[72.420163,23.154258],[72.420402,23.154152],[72.420866,23.153954],[72.42098,23.15411],[72.421289,23.153965],[72.421881,23.153922],[72.422882,23.153825],[72.423474,23.153848],[72.423461,23.154056],[72.423463,23.154343],[72.423549,23.154473],[72.4239,23.154341],[72.424711,23.154271],[72.424812,23.154674],[72.425278,23.154763],[72.425489,23.154605],[72.425854,23.154459],[72.425538,23.153627],[72.42627,23.153414],[72.426974,23.153305],[72.426843,23.152654],[72.427942,23.152478],[72.427798,23.152075],[72.428135,23.151832],[72.428541,23.151425],[72.429161,23.151369],[72.429001,23.150731],[72.428756,23.149937],[72.428503,23.149965],[72.427979,23.149629],[72.427593,23.148901],[72.427646,23.148854],[72.427861,23.148119],[72.428102,23.147412],[72.428595,23.147397],[72.428594,23.147238],[72.428417,23.146573],[72.428063,23.145356],[72.42775,23.144549],[72.428426,23.144408],[72.428425,23.144158],[72.428692,23.143621],[72.428356,23.143167],[72.427872,23.142567],[72.427276,23.141898],[72.426791,23.141263],[72.426455,23.140787],[72.426058,23.140333],[72.425611,23.139801],[72.425338,23.139461],[72.42471,23.138656],[72.424175,23.137878],[72.423642,23.137244],[72.423517,23.137051],[72.422822,23.136246],[72.422361,23.135531],[72.421603,23.134511],[72.421019,23.133762],[72.420124,23.132526],[72.41923,23.131415],[72.418335,23.130224],[72.417601,23.129238],[72.416569,23.12954],[72.415567,23.129794],[72.414723,23.130012],[72.413182,23.130431],[72.411511,23.130942],[72.411166,23.130913],[72.410674,23.131129],[72.409347,23.131455],[72.408854,23.131519],[72.40819,23.131629],[72.407517,23.131694],[72.406582,23.131805],[72.405302,23.131858],[72.404465,23.132],[72.403136,23.13219],[72.401561,23.132335],[72.400872,23.13243],[72.398011,23.133783],[72.397206,23.133974],[72.396432,23.134121],[72.393087,23.134008]]]]}},{"type":"Feature","properties":{"name":"Bhindawas Wildlife Sanctuary","kind":"wetland","ramsarid":2459,"area_km2":4.1,"source":"Ramsar Sites Information Service"},"geometry":{"type":"MultiPolygon","coordinates":[[[[76.554203,28.545293],[76.554196,28.541235],[76.554137,28.537089],[76.558247,28.537061],[76.56054,28.537092],[76.560543,28.537076],[76.560922,28.537078],[76.561025,28.535301],[76.561227,28.534286],[76.561177,28.534167],[76.561344,28.533645],[76.561613,28.533028],[76.562441,28.531762],[76.563169,28.531076],[76.56323,28.53066],[76.563204,28.530404],[76.563186,28.530437],[76.563054,28.530157],[76.563047,28.529682],[76.56311,28.529414],[76.563175,28.529205],[76.563406,28.528905],[76.563538,28.528785],[76.563839,28.528633],[76.564073,28.528511],[76.564308,28.528538],[76.564372,28.528571],[76.564362,28.528584],[76.564578,28.528595],[76.56505,28.528649],[76.565353,28.528675],[76.56592,28.528371],[76.56635,28.527832],[76.566312,28.527535],[76.566305,28.527536],[76.566331,28.527338],[76.56294,28.527361],[76.561296,28.52736],[76.561057,28.527249],[76.561062,28.524708],[76.560946,28.521035],[76.560534,28.520944],[76.557485,28.520998],[76.554406,28.523421],[76.553924,28.523536],[76.550964,28.523618],[76.550521,28.523826],[76.547369,28.526441],[76.546218,28.527422],[76.544914,28.52843],[76.544229,28.528935],[76.544226,28.528935],[76.543947,28.529151],[76.543798,28.529153],[76.543462,28.529148],[76.543466,28.529146],[76.542134,28.529182],[76.542183,28.529422],[76.542226,28.533318],[76.54226,28.535525],[76.542219,28.53767],[76.542131,28.537799],[76.541854,28.538014],[76.540896,28.538237],[76.539895,28.538178],[76.539369,28.53783],[76.539041,28.537854],[76.538867,28.537731],[76.538606,28.537658],[76.538413,28.537755],[76.537982,28.538058],[76.537851,28.538024],[76.536571,28.538074],[76.532929,28.538151],[76.532931,28.538281],[76.532822,28.538288],[76.532838,28.540188],[76.53288,28.541964],[76.532888,28.542477],[76.533281,28.542527],[76.534149,28.542728],[76.534762,28.543198],[76.536229,28.544443],[76.536909,28.545084],[76.536979,28.545048],[76.537157,28.545124],[76.537374,28.54516],[76.539212,28.54363],[76.54086,28.542389],[76.541122,28.542095],[76.543897,28.542121],[76.549067,28.542157],[76.549175,28.54535],[76.554203,28.545293]]]]}},{"type":"Feature","properties":{"name":"Wadhvana Wetland","kind":"wetland","ramsarid":2454,"area_km2":6.3,"source":"Ramsar Sites Information Service"},"geometry":{"type":"MultiPolygon","coordinates":[[[[73.509321,22.174353],[73.509559,22.17423],[73.507716,22.173021],[73.505925,22.171669],[73.503346,22.169713],[73.501949,22.168687],[73.500216,22.167347],[73.498419,22.16593],[73.496831,22.16477],[73.495545,22.164126],[73.493512,22.163255],[73.490805,22.16199],[73.487851,22.161688],[73.485678,22.161465],[73.483861,22.161359],[73.482057,22.161259],[73.479517,22.161158],[73.477227,22.160981],[73.475486,22.160983],[73.474987,22.162117],[73.473777,22.164526],[73.473262,22.165398],[73.472815,22.166497],[73.472585,22.167067],[73.471726,22.168961],[73.470518,22.171776],[73.47039,22.172299],[73.470432,22.172598],[73.470523,22.173052],[73.470985,22.173551],[73.473491,22.176198],[73.47494,22.177809],[73.476414,22.179379],[73.478388,22.18161],[73.479891,22.182327],[73.48259,22.183121],[73.483757,22.18355],[73.484778,22.183863],[73.487287,22.183964],[73.491324,22.184162],[73.495247,22.184318],[73.495701,22.18431],[73.495428,22.183521],[73.495335,22.182697],[73.495184,22.181789],[73.495087,22.180662],[73.49495,22.18035],[73.493633,22.179551],[73.493449,22.179371],[73.493709,22.179051],[73.49424,22.178448],[73.495432,22.177123],[73.49643,22.17662],[73.501422,22.176111],[73.502993,22.175893],[73.504696,22.174615],[73.506095,22.173674],[73.507102,22.172956],[73.508157,22.173687],[73.508863,22.174122],[73.509187,22.174286],[73.509321,22.174353]]]]}},{"type":"Feature","properties":{"name":"Ranganathittu Bird Sanctuary","kind":"wetland","ramsarid":2473,"area_km2":5.2,"source":"Ramsar Sites Information Service"},"geometry":{"type":"MultiPolygon","coordinates":[[[[76.787272,12.387847],[76.789509,12.389821],[76.790233,12.388878],[76.790413,12.388395],[76.790953,12.387982],[76.791497,12.387574],[76.792145,12.387363],[76.792666,12.387411],[76.793148,12.386948],[76.793753,12.386564],[76.794522,12.386227],[76.795,12.386065],[76.795968,12.385966],[76.796768,12.385752],[76.797539,12.385456],[76.797844,12.385197],[76.797983,12.384284],[76.798007,12.383446],[76.797875,12.382781],[76.797686,12.382523],[76.797503,12.381934],[76.797485,12.380952],[76.797678,12.380029],[76.798188,12.37925],[76.798683,12.378933],[76.799208,12.378343],[76.799623,12.377994],[76.79991,12.377612],[76.800372,12.377096],[76.800865,12.376461],[76.800876,12.375718],[76.800772,12.374791],[76.801046,12.374019],[76.801447,12.373222],[76.801718,12.372155],[76.801671,12.371369],[76.801918,12.370818],[76.802292,12.370073],[76.802661,12.369593],[76.802819,12.368949],[76.802844,12.368284],[76.803137,12.36746],[76.803481,12.36652],[76.803685,12.366176],[76.804239,12.365876],[76.804477,12.365042],[76.804547,12.364361],[76.804912,12.363487],[76.805248,12.362534],[76.805514,12.361909],[76.805972,12.361127],[76.806494,12.360575],[76.806873,12.359862],[76.807504,12.359202],[76.808255,12.358659],[76.808883,12.358188],[76.809376,12.357852],[76.808112,12.356081],[76.80704,12.356615],[76.806109,12.356648],[76.804725,12.356724],[76.804683,12.356734],[76.804105,12.356979],[76.80374,12.357952],[76.803459,12.359157],[76.803082,12.359695],[76.802058,12.36054],[76.801426,12.360941],[76.800945,12.361897],[76.800698,12.362662],[76.800338,12.363401],[76.799785,12.364006],[76.799131,12.364205],[76.798606,12.363964],[76.798117,12.364174],[76.797547,12.365088],[76.796747,12.366155],[76.796299,12.367356],[76.796032,12.368206],[76.795485,12.369213],[76.794825,12.369881],[76.794246,12.370935],[76.794,12.372174],[76.793906,12.373468],[76.793898,12.373518],[76.793749,12.374515],[76.793749,12.375409],[76.793283,12.376754],[76.792776,12.377973],[76.792442,12.378178],[76.792182,12.378613],[76.791646,12.379204],[76.790952,12.379637],[76.790583,12.380122],[76.79043,12.38041],[76.790289,12.380942],[76.789945,12.381377],[76.789465,12.381829],[76.789348,12.382478],[76.789196,12.382954],[76.789036,12.383342],[76.788846,12.383842],[76.788768,12.384521],[76.788669,12.385181],[76.788499,12.385943],[76.788258,12.386588],[76.788065,12.387197],[76.787503,12.387725],[76.787272,12.387847]]],[[[76.587149,12.420628],[76.58693,12.423995],[76.587205,12.424145],[76.587415,12.423968],[76.5877,12.424061],[76.587994,12.424084],[76.588436,12.424078],[76.589006,12.424226],[76.589324,12.424163],[76.589696,12.424091],[76.59008,12.42402],[76.590992,12.424136],[76.591878,12.424362],[76.592749,12.424503],[76.593272,12.424619],[76.594127,12.424673],[76.594998,12.424777],[76.595417,12.424664],[76.595387,12.42422],[76.594902,12.423185],[76.594152,12.421284],[76.59467,12.420366],[76.5947,12.419737],[76.594241,12.418782],[76.593819,12.418285],[76.593553,12.417371],[76.593407,12.4169],[76.593835,12.416152],[76.593951,12.415729],[76.593511,12.4154],[76.593381,12.415655],[76.593094,12.416225],[76.592359,12.416824],[76.591905,12.417197],[76.591095,12.417332],[76.590088,12.417364],[76.588893,12.418152],[76.588246,12.419455],[76.587293,12.420425],[76.587149,12.420628]]],[[[76.645949,12.424958],[76.643906,12.429821],[76.64517,12.429914],[76.645841,12.430187],[76.6467,12.430628],[76.647788,12.431057],[76.649029,12.43137],[76.649951,12.431806],[76.650512,12.431711],[76.651235,12.431279],[76.65276,12.43172],[76.653721,12.431853],[76.65472,12.432152],[76.655458,12.432406],[76.656431,12.432341],[76.65791,12.4324],[76.658805,12.432306],[76.659301,12.432458],[76.65892,12.432701],[76.658201,12.432797],[76.65827,12.433069],[76.659453,12.433318],[76.659636,12.433321],[76.660641,12.43354],[76.661561,12.433918],[76.663054,12.43403],[76.664697,12.433698],[76.666129,12.433169],[76.667217,12.432346],[76.667982,12.431359],[76.669241,12.430919],[76.67078,12.430807],[76.671861,12.429682],[76.669609,12.424914],[76.668219,12.425679],[76.666847,12.426519],[76.665204,12.427525],[76.663369,12.427915],[76.66178,12.428229],[76.659852,12.4282],[76.658395,12.427641],[76.657282,12.426442],[76.658224,12.425367],[76.656872,12.425013],[76.656926,12.423488],[76.655709,12.423185],[76.655108,12.422867],[76.654183,12.422713],[76.653152,12.422681],[76.651988,12.422981],[76.651587,12.423128],[76.650517,12.423543],[76.650934,12.424399],[76.650416,12.424926],[76.650366,12.425402],[76.649527,12.426014],[76.648754,12.425991],[76.647917,12.425875],[76.647181,12.425634],[76.646434,12.425241],[76.645949,12.424958]]]]}},{"type":"Feature","properties":{"name":"Samaspur Bird Sanctuary","kind":"wetland","ramsarid":2415,"area_km2":8.0,"source":"Ramsar Sites Information Service"},"geometry":{"type":"MultiPolygon","coordinates":[[[[81.384554,26.006874],[81.386081,26.006268],[81.387188,26.005606],[81.387814,26.00521],[81.387916,26.005174],[81.388199,26.005131],[81.388473,26.005231],[81.389533,26.004818],[81.390532,26.004747],[81.392031,26.004747],[81.393316,26.004854],[81.394173,26.004604],[81.394633,26.004429],[81.395196,26.003985],[81.395815,26.003057],[81.39602,26.002749],[81.396468,26.002974],[81.396707,26.003231],[81.397041,26.003459],[81.397454,26.003802],[81.397835,26.004059],[81.398153,26.004244],[81.398407,26.004415],[81.398677,26.004601],[81.398916,26.004729],[81.399248,26.004599],[81.399517,26.004341],[81.399643,26.004082],[81.399721,26.003724],[81.399783,26.00338],[81.399908,26.00295],[81.400065,26.002563],[81.400223,26.00229],[81.40038,26.001975],[81.40057,26.001688],[81.400712,26.001501],[81.400705,26.001472],[81.400842,26.001227],[81.40127,26.000527],[81.40157,26.000085],[81.401827,25.999885],[81.40202,25.999804],[81.401582,25.998588],[81.40082,25.996732],[81.400297,25.995447],[81.400066,25.994987],[81.400018,25.99484],[81.399673,25.993791],[81.399745,25.992863],[81.399995,25.992292],[81.400387,25.991864],[81.400708,25.990258],[81.40103,25.988937],[81.401065,25.988544],[81.400922,25.987938],[81.400601,25.987224],[81.400244,25.986867],[81.399495,25.986724],[81.398924,25.986617],[81.398909,25.986605],[81.398415,25.986769],[81.397773,25.986769],[81.397309,25.986627],[81.397059,25.986234],[81.396881,25.985734],[81.396845,25.984913],[81.397452,25.98295],[81.398808,25.980916],[81.400129,25.980059],[81.401128,25.979809],[81.402056,25.980131],[81.402841,25.98088],[81.403341,25.981558],[81.403448,25.982094],[81.403555,25.982237],[81.403698,25.982379],[81.403912,25.982736],[81.404055,25.9832],[81.404055,25.9837],[81.403662,25.984093],[81.403091,25.984556],[81.402734,25.984628],[81.402127,25.984271],[81.401699,25.983985],[81.401596,25.983916],[81.401201,25.983767],[81.400821,25.983564],[81.400589,25.983554],[81.400326,25.98364],[81.400278,25.983665],[81.400178,25.983719],[81.400142,25.983922],[81.400199,25.984165],[81.400219,25.984385],[81.400358,25.984633],[81.400416,25.984683],[81.400523,25.98479],[81.400761,25.984742],[81.401046,25.984766],[81.401138,25.984842],[81.401235,25.984842],[81.401592,25.985128],[81.401806,25.985484],[81.401735,25.98577],[81.401457,25.986125],[81.401422,25.986653],[81.401208,25.98701],[81.401351,25.988009],[81.401279,25.989116],[81.400994,25.989936],[81.400815,25.991079],[81.400566,25.992364],[81.40053,25.993042],[81.40053,25.993827],[81.40059,25.994269],[81.401163,25.995165],[81.402213,25.995459],[81.403196,25.995514],[81.404083,25.995425],[81.404526,25.995138],[81.404969,25.994821],[81.405444,25.994763],[81.406173,25.994875],[81.406491,25.99496],[81.40684,25.995102],[81.40738,25.995301],[81.407633,25.995358],[81.407919,25.995386],[81.408395,25.995499],[81.408424,25.995501],[81.40848,25.995402],[81.408674,25.995219],[81.408609,25.995103],[81.408419,25.994937],[81.408217,25.994818],[81.408086,25.994841],[81.407872,25.994829],[81.407919,25.994734],[81.407979,25.994627],[81.407955,25.994508],[81.407967,25.994449],[81.408086,25.994365],[81.408181,25.994187],[81.408145,25.993973],[81.408181,25.993806],[81.408252,25.993568],[81.408205,25.993366],[81.408217,25.993188],[81.4083,25.993033],[81.40849,25.992914],[81.408716,25.993057],[81.408954,25.993009],[81.40899,25.992831],[81.408823,25.992688],[81.408609,25.992593],[81.408431,25.992545],[81.408383,25.992402],[81.408514,25.992272],[81.4088,25.9922],[81.409014,25.992129],[81.409026,25.991974],[81.408883,25.991831],[81.4088,25.9917],[81.408669,25.99132],[81.408669,25.991129],[81.408693,25.990951],[81.408657,25.990642],[81.408752,25.990487],[81.408919,25.990427],[81.409168,25.990404],[81.409406,25.990356],[81.409466,25.990249],[81.409436,25.989999],[81.408965,25.98982],[81.408765,25.989634],[81.40868,25.989348],[81.408651,25.989191],[81.40848,25.989077],[81.408337,25.989077],[81.408251,25.98892],[81.40828,25.988663],[81.408337,25.988306],[81.408309,25.988064],[81.407966,25.987678],[81.407837,25.987478],[81.40788,25.987307],[81.407952,25.987136],[81.408066,25.986964],[81.408009,25.986664],[81.407894,25.986479],[81.407723,25.986365],[81.407666,25.986222],[81.407495,25.986193],[81.407195,25.986365],[81.406967,25.98635],[81.406924,25.986236],[81.406909,25.986079],[81.406824,25.985965],[81.406652,25.985836],[81.406567,25.985794],[81.406438,25.985708],[81.406395,25.985508],[81.406453,25.985351],[81.406424,25.985208],[81.40631,25.985051],[81.406138,25.984937],[81.406024,25.984866],[81.405896,25.984766],[81.405853,25.98458],[81.405896,25.984409],[81.406053,25.984337],[81.406324,25.984266],[81.406695,25.98418],[81.406825,25.984181],[81.406854,25.984024],[81.406697,25.983982],[81.406454,25.983982],[81.406126,25.983939],[81.405983,25.983896],[81.405926,25.983725],[81.405926,25.98351],[81.406012,25.983282],[81.406183,25.983082],[81.406411,25.982997],[81.406697,25.982911],[81.406982,25.982725],[81.407154,25.982383],[81.407225,25.981883],[81.407282,25.98134],[81.407225,25.98047],[81.407211,25.979627],[81.406911,25.979342],[81.40654,25.978828],[81.406126,25.978214],[81.405412,25.977357],[81.405369,25.977114],[81.405398,25.976715],[81.405555,25.976429],[81.405812,25.976301],[81.406211,25.976229],[81.406383,25.976101],[81.406982,25.975972],[81.407553,25.975844],[81.407882,25.975901],[81.408153,25.975958],[81.408624,25.976229],[81.409181,25.976615],[81.409823,25.977114],[81.410423,25.977828],[81.410677,25.978144],[81.410966,25.978274],[81.411537,25.978415],[81.412012,25.978385],[81.412254,25.97825],[81.412583,25.978355],[81.412963,25.978411],[81.413439,25.978439],[81.413661,25.978409],[81.413691,25.978094],[81.413881,25.977893],[81.414102,25.977635],[81.41391,25.977291],[81.413561,25.976977],[81.413243,25.976749],[81.41302,25.976549],[81.41302,25.976549],[81.412956,25.976435],[81.41267,25.976106],[81.412463,25.975705],[81.412113,25.975334],[81.411747,25.975034],[81.411365,25.97462],[81.410984,25.974363],[81.410603,25.974178],[81.410127,25.973893],[81.409571,25.973622],[81.409143,25.973509],[81.408905,25.973438],[81.408667,25.97341],[81.408318,25.973411],[81.407898,25.973423],[81.407801,25.973268],[81.407563,25.973125],[81.407503,25.973268],[81.407372,25.973398],[81.407253,25.973494],[81.406956,25.973494],[81.406159,25.973636],[81.405838,25.973684],[81.405849,25.97372],[81.405694,25.973636],[81.405484,25.973417],[81.404801,25.973765],[81.403693,25.974169],[81.402681,25.974601],[81.40151,25.975092],[81.400148,25.975582],[81.39923,25.975957],[81.398376,25.976246],[81.397647,25.976449],[81.396918,25.976479],[81.396284,25.976338],[81.396124,25.976023],[81.395973,25.97565],[81.395962,25.975659],[81.395744,25.975896],[81.39568,25.975804],[81.395607,25.975726],[81.395488,25.975599],[81.395172,25.975472],[81.395017,25.975211],[81.394909,25.974906],[81.394913,25.974835],[81.394983,25.974753],[81.39482,25.974652],[81.394374,25.973994],[81.394173,25.973535],[81.394103,25.973557],[81.393923,25.973537],[81.393796,25.973484],[81.393545,25.973229],[81.393033,25.972889],[81.39287,25.972866],[81.392662,25.972658],[81.3929,25.972301],[81.393197,25.971944],[81.393435,25.971557],[81.393703,25.971171],[81.394059,25.97095],[81.394216,25.970615],[81.394179,25.970427],[81.393882,25.970487],[81.393614,25.970665],[81.393138,25.970992],[81.392484,25.971795],[81.390964,25.973715],[81.390709,25.974291],[81.390699,25.974413],[81.390372,25.975573],[81.390074,25.976316],[81.389896,25.97703],[81.389688,25.977804],[81.389569,25.978398],[81.389564,25.978464],[81.389559,25.978542],[81.389868,25.978724],[81.390045,25.978726],[81.390353,25.978503],[81.390372,25.978458],[81.39055,25.977833],[81.390699,25.977119],[81.390788,25.976316],[81.390878,25.975662],[81.391056,25.974948],[81.391324,25.974175],[81.391681,25.97358],[81.391919,25.973193],[81.392216,25.973104],[81.3926,25.973214],[81.392661,25.97354],[81.39279,25.974227],[81.393237,25.975],[81.393524,25.975715],[81.39397,25.976373],[81.394481,25.97685],[81.394765,25.977116],[81.395179,25.977773],[81.395118,25.978433],[81.394835,25.979064],[81.39414,25.979839],[81.393667,25.980528],[81.393194,25.981274],[81.392935,25.981877],[81.392943,25.981876],[81.392754,25.982393],[81.392597,25.982851],[81.392378,25.983511],[81.392127,25.984486],[81.391845,25.985518],[81.391279,25.986694],[81.390838,25.98764],[81.390365,25.988415],[81.389733,25.989133],[81.389006,25.989594],[81.388626,25.989709],[81.387928,25.989682],[81.387505,25.989605],[81.387089,25.989792],[81.386613,25.990059],[81.386505,25.990267],[81.386539,25.99034],[81.386575,25.990531],[81.386658,25.990709],[81.386682,25.990876],[81.386658,25.991078],[81.386539,25.991137],[81.386492,25.991268],[81.386551,25.991351],[81.386658,25.991423],[81.386634,25.991542],[81.386563,25.991732],[81.386373,25.992018],[81.386123,25.992339],[81.385849,25.992565],[81.385516,25.99291],[81.385326,25.993005],[81.385171,25.9931],[81.384981,25.993124],[81.384755,25.993172],[81.384683,25.993445],[81.384707,25.993624],[81.384624,25.993767],[81.384445,25.993993],[81.384374,25.994243],[81.384148,25.994707],[81.384136,25.994873],[81.384112,25.99504],[81.384017,25.995159],[81.383886,25.995278],[81.383803,25.99573],[81.383782,25.996099],[81.383556,25.996777],[81.383425,25.997122],[81.383223,25.997383],[81.383177,25.997702],[81.383237,25.998445],[81.383296,25.998713],[81.383445,25.99907],[81.383534,25.999576],[81.383594,26.0002],[81.383713,26.000676],[81.383951,26.001093],[81.384099,26.001509],[81.38401,26.001985],[81.383772,26.002163],[81.383148,26.002015],[81.38282,26.001628],[81.382404,26.001093],[81.38169,26.000587],[81.381303,26.000319],[81.380887,26.00023],[81.380084,26.000141],[81.379549,26.000111],[81.378913,25.999939],[81.378716,26.000009],[81.378406,26.000033],[81.377978,26.000033],[81.377383,26.000033],[81.376931,26.000033],[81.376336,26.000033],[81.375432,25.999962],[81.374984,25.999832],[81.374865,25.99992],[81.374522,26.000025],[81.37437,25.999882],[81.374103,25.999691],[81.373951,25.999672],[81.373818,25.999739],[81.373789,25.999844],[81.373665,25.999958],[81.373475,25.999882],[81.373247,25.999663],[81.373094,25.999358],[81.373025,25.999247],[81.372653,25.999381],[81.372396,25.999467],[81.372025,25.999509],[81.371539,25.999509],[81.371369,25.999466],[81.371375,25.999489],[81.371461,25.999698],[81.37147,25.999879],[81.371347,26.000041],[81.371185,26.000183],[81.370995,26.000164],[81.370709,26.000136],[81.370423,26.000098],[81.3701,26.000088],[81.369881,26.000107],[81.36971,26.000145],[81.369529,26.000098],[81.369367,25.999926],[81.369186,25.999727],[81.368967,25.999641],[81.368586,25.999555],[81.368082,25.999584],[81.366616,25.99966],[81.366464,25.99986],[81.366178,26.000069],[81.366017,26.000063],[81.366128,26.001715],[81.365986,26.002072],[81.365272,26.002239],[81.364296,26.002548],[81.363678,26.00281],[81.363178,26.002953],[81.362393,26.003785],[81.361548,26.00457],[81.361263,26.005129],[81.361266,26.005137],[81.361101,26.005737],[81.360948,26.006291],[81.360709,26.006827],[81.36067,26.006906],[81.360311,26.007643],[81.360169,26.008157],[81.360111,26.008599],[81.360097,26.008971],[81.36004,26.00987],[81.359897,26.010455],[81.359854,26.011969],[81.359857,26.012806],[81.360134,26.013208],[81.360705,26.013979],[81.361177,26.014678],[81.361391,26.015078],[81.361591,26.015478],[81.361656,26.015609],[81.36181,26.01559],[81.362153,26.015609],[81.362439,26.015685],[81.362762,26.0158],[81.362991,26.015876],[81.363181,26.01599],[81.363352,26.016123],[81.363543,26.01618],[81.363828,26.016199],[81.364076,26.016199],[81.364323,26.016333],[81.364438,26.016497],[81.364742,26.016618],[81.36537,26.016789],[81.365808,26.016866],[81.366055,26.016885],[81.366379,26.016789],[81.366703,26.01658],[81.367139,26.016252],[81.367171,26.016],[81.367133,26.015696],[81.366942,26.01541],[81.36679,26.015239],[81.366638,26.01501],[81.366428,26.014782],[81.366086,26.014515],[81.365762,26.014173],[81.365419,26.013621],[81.36502,26.013107],[81.36462,26.012688],[81.364391,26.012345],[81.364371,26.011953],[81.364038,26.011631],[81.363885,26.011174],[81.364095,26.010336],[81.364723,26.009423],[81.366227,26.008509],[81.367521,26.00809],[81.36893,26.007805],[81.369977,26.007595],[81.370586,26.007576],[81.370786,26.007623],[81.370803,26.007579],[81.372531,26.007551],[81.373667,26.007933],[81.373816,26.008122],[81.374358,26.008464],[81.375258,26.008693],[81.376,26.008993],[81.376671,26.009121],[81.377128,26.009264],[81.377599,26.009592],[81.377618,26.009756],[81.378047,26.009786],[81.378904,26.010205],[81.379817,26.01089],[81.380202,26.011054],[81.380391,26.011476],[81.380519,26.011905],[81.380742,26.012363],[81.381123,26.012362],[81.381599,26.012447],[81.382107,26.012646],[81.382584,26.013074],[81.383029,26.013474],[81.383187,26.013273],[81.383122,26.012872],[81.38312,26.012299],[81.383118,26.011812],[81.383339,26.011439],[81.38356,26.010998],[81.383653,26.01092],[81.383795,26.010506],[81.383938,26.010163],[81.383967,26.009806],[81.383895,26.009364],[81.383739,26.009195],[81.383849,26.009136],[81.383629,26.009037],[81.383727,26.008853],[81.383726,26.008595],[81.383662,26.008337],[81.383645,26.008108],[81.383708,26.007821],[81.383897,26.007606],[81.384103,26.007333],[81.384102,26.007174],[81.384308,26.006996],[81.384554,26.006874]]]]}},{"type":"Feature","properties":{"name":"Parvati Arga Bird Sanctuary","kind":"wetland","ramsarid":2416,"area_km2":7.2,"source":"Ramsar Sites Information Service"},"geometry":{"type":"MultiPolygon","coordinates":[[[[82.145032,26.941115],[82.149634,26.93991],[82.150678,26.939636],[82.151204,26.939498],[82.157643,26.937811],[82.159018,26.936994],[82.161394,26.935583],[82.163255,26.934464],[82.165907,26.93287],[82.168061,26.928821],[82.169107,26.92692],[82.16927,26.925303],[82.169626,26.921777],[82.169813,26.918889],[82.168474,26.915155],[82.167793,26.913192],[82.165657,26.911581],[82.163556,26.909938],[82.163253,26.909701],[82.162407,26.909039],[82.161737,26.908668],[82.160021,26.907715],[82.15803,26.906572],[82.156853,26.906108],[82.151991,26.905105],[82.151642,26.905057],[82.149644,26.905073],[82.148646,26.905184],[82.140133,26.907476],[82.132753,26.910519],[82.131409,26.913297],[82.131409,26.913589],[82.131409,26.913868],[82.13141,26.915476],[82.132441,26.915597],[82.132879,26.915649],[82.133842,26.915762],[82.141869,26.912697],[82.14228,26.912597],[82.14315,26.912386],[82.144769,26.911992],[82.146504,26.91157],[82.149907,26.910778],[82.152786,26.910946],[82.155583,26.911458],[82.156722,26.911863],[82.157766,26.9123],[82.16164,26.913874],[82.162355,26.915033],[82.163485,26.916939],[82.163682,26.91727],[82.16407,26.917924],[82.16412,26.918008],[82.164316,26.918339],[82.164598,26.918815],[82.164648,26.918799],[82.164465,26.921169],[82.164324,26.924074],[82.163589,26.925131],[82.162288,26.92698],[82.162244,26.927042],[82.161137,26.928614],[82.160815,26.929072],[82.159236,26.93035],[82.157803,26.93151],[82.15722,26.931872],[82.153999,26.933828],[82.150578,26.934964],[82.146945,26.93616],[82.145687,26.936322],[82.141969,26.936803],[82.137682,26.937305],[82.131187,26.938064],[82.130572,26.938374],[82.130291,26.938448],[82.129296,26.93871],[82.127931,26.938663],[82.127164,26.938727],[82.126079,26.938926],[82.125846,26.939119],[82.125657,26.939331],[82.12538,26.939391],[82.124933,26.939432],[82.122514,26.939908],[82.121536,26.939921],[82.121019,26.939971],[82.117879,26.940203],[82.11525,26.940492],[82.112622,26.940841],[82.111625,26.941088],[82.108333,26.941711],[82.108571,26.942187],[82.109201,26.941883],[82.111063,26.941481],[82.113558,26.941162],[82.115457,26.941177],[82.11855,26.941175],[82.120813,26.94099],[82.12236,26.940937],[82.122519,26.940947],[82.122611,26.940952],[82.12302,26.940974],[82.123593,26.940957],[82.125496,26.941051],[82.12629,26.941081],[82.126925,26.941086],[82.130077,26.94129],[82.130467,26.94122],[82.138602,26.941845],[82.141418,26.942032],[82.144031,26.941317],[82.144315,26.94124],[82.144464,26.941199],[82.145032,26.941115]]],[[[82.179118,26.944343],[82.17929,26.945011],[82.179548,26.947699],[82.179543,26.948234],[82.17956,26.948788],[82.179518,26.948913],[82.179457,26.949105],[82.179415,26.949258],[82.179385,26.949449],[82.179345,26.949621],[82.179179,26.950072],[82.179002,26.950484],[82.178825,26.950906],[82.178744,26.951373],[82.178653,26.951803],[82.178496,26.952101],[82.178286,26.952456],[82.177949,26.952803],[82.177081,26.953688],[82.175695,26.9537],[82.174923,26.953478],[82.173608,26.952712],[82.172967,26.951605],[82.172412,26.950646],[82.172396,26.94931],[82.172227,26.947734],[82.172111,26.941079],[82.172049,26.940876],[82.171891,26.940314],[82.171601,26.939283],[82.170487,26.939452],[82.169731,26.93964],[82.16943,26.939715],[82.168773,26.940735],[82.168436,26.941259],[82.166524,26.947733],[82.165847,26.950027],[82.166007,26.95048],[82.166443,26.95124],[82.166598,26.951499],[82.167776,26.953478],[82.16922,26.955903],[82.170835,26.957594],[82.174835,26.958712],[82.177222,26.957481],[82.178138,26.956729],[82.179534,26.955584],[82.180836,26.953399],[82.181893,26.951626],[82.182207,26.950806],[82.18297,26.94677],[82.183339,26.944436],[82.181411,26.937849],[82.180772,26.937819],[82.178706,26.93772],[82.176436,26.937073],[82.176518,26.938465],[82.179002,26.943382],[82.179116,26.944342],[82.179118,26.944343]]]]}},{"type":"Feature","properties":{"name":"Sarsai Nawar Jheel","kind":"wetland","ramsarid":2411,"area_km2":1.6,"source":"Ramsar Sites Information Service"},"geometry":{"type":"MultiPolygon","coordinates":[[[[79.258252,26.968388],[79.258049,26.968601],[79.25816,26.968716],[79.257554,26.969174],[79.257336,26.969046],[79.256859,26.969321],[79.256985,26.969378],[79.256058,26.969844],[79.25599,26.969951],[79.255974,26.97013],[79.255383,26.970433],[79.254696,26.970018],[79.254434,26.969752],[79.254396,26.969597],[79.253348,26.968425],[79.252579,26.967341],[79.251876,26.966222],[79.251828,26.966139],[79.251597,26.965957],[79.251395,26.965625],[79.25127,26.964921],[79.251312,26.964248],[79.251556,26.963979],[79.252017,26.964128],[79.252164,26.964288],[79.252409,26.964556],[79.254292,26.966384],[79.255435,26.967459],[79.256704,26.968134],[79.256965,26.968266],[79.257502,26.968187],[79.257768,26.968082],[79.257917,26.967769],[79.257984,26.967519],[79.258108,26.967306],[79.257877,26.967194],[79.25773,26.96602],[79.256661,26.964466],[79.256247,26.963649],[79.255916,26.963466],[79.255564,26.963611],[79.255237,26.963201],[79.254257,26.962383],[79.254149,26.962442],[79.253879,26.962255],[79.25315,26.962285],[79.252593,26.962099],[79.252277,26.961868],[79.252005,26.961316],[79.251789,26.96068],[79.25162,26.960375],[79.250775,26.960165],[79.250073,26.96007],[79.249576,26.960114],[79.249986,26.960897],[79.24928,26.961037],[79.249696,26.961742],[79.250161,26.962672],[79.250413,26.963965],[79.250602,26.965185],[79.249716,26.965462],[79.24957,26.965507],[79.249315,26.965533],[79.249182,26.965579],[79.248713,26.965716],[79.248029,26.965956],[79.247908,26.965937],[79.247747,26.965964],[79.247181,26.965878],[79.247169,26.966107],[79.246483,26.966013],[79.246501,26.966393],[79.2457,26.966476],[79.245557,26.965901],[79.244813,26.966011],[79.24415,26.965974],[79.243613,26.966003],[79.242979,26.966188],[79.242657,26.965805],[79.242525,26.965873],[79.242391,26.965966],[79.242064,26.965403],[79.242107,26.965269],[79.242118,26.96501],[79.241421,26.964593],[79.240683,26.965207],[79.240177,26.965903],[79.240115,26.966826],[79.2404,26.967002],[79.240308,26.967372],[79.240708,26.968408],[79.240811,26.968481],[79.241286,26.968774],[79.241845,26.968279],[79.241932,26.968381],[79.242061,26.968289],[79.2422,26.968386],[79.242167,26.968412],[79.242237,26.968689],[79.242415,26.968779],[79.242451,26.968917],[79.242529,26.969071],[79.242374,26.969131],[79.242613,26.969468],[79.242648,26.969506],[79.242118,26.969801],[79.242285,26.969868],[79.241784,26.970191],[79.241016,26.97071],[79.240887,26.97077],[79.240835,26.970676],[79.240663,26.970306],[79.240462,26.970318],[79.240599,26.970728],[79.240589,26.97073],[79.240459,26.970777],[79.239632,26.971347],[79.23906,26.971581],[79.238998,26.971635],[79.238698,26.971761],[79.238616,26.971979],[79.23817,26.972434],[79.238298,26.972686],[79.238133,26.973012],[79.237924,26.973243],[79.237618,26.973579],[79.237755,26.97379],[79.238222,26.97348],[79.239733,26.972568],[79.239638,26.9724],[79.24033,26.972143],[79.241256,26.971761],[79.241465,26.971678],[79.241672,26.971751],[79.241769,26.971732],[79.241989,26.97146],[79.242122,26.971456],[79.242406,26.971668],[79.243026,26.972458],[79.243303,26.972689],[79.243694,26.972831],[79.244311,26.972982],[79.244868,26.97312],[79.245253,26.973125],[79.245424,26.973072],[79.245981,26.972704],[79.246146,26.972898],[79.24627,26.973027],[79.246497,26.972879],[79.246698,26.972789],[79.246915,26.972698],[79.2473,26.972631],[79.247502,26.972505],[79.247608,26.972385],[79.247738,26.972207],[79.247837,26.972058],[79.248094,26.971617],[79.248189,26.971501],[79.248251,26.971407],[79.248564,26.970792],[79.248868,26.970254],[79.248929,26.970176],[79.249097,26.969387],[79.249175,26.968997],[79.249205,26.968926],[79.249786,26.96869],[79.249885,26.968636],[79.250525,26.968395],[79.250886,26.969099],[79.251192,26.969963],[79.251273,26.970764],[79.251251,26.970896],[79.251096,26.971053],[79.250457,26.971469],[79.249078,26.972329],[79.248351,26.972698],[79.247904,26.97317],[79.247878,26.973188],[79.247984,26.973253],[79.247829,26.973353],[79.247454,26.973833],[79.247398,26.974035],[79.247208,26.974236],[79.246926,26.974364],[79.246751,26.974505],[79.246548,26.974626],[79.247679,26.976499],[79.247518,26.976604],[79.247782,26.976751],[79.247955,26.976777],[79.248724,26.976153],[79.248079,26.97562],[79.248662,26.97503],[79.248452,26.974801],[79.248283,26.974488],[79.248293,26.973843],[79.248299,26.973804],[79.249533,26.972937],[79.249506,26.972856],[79.249393,26.972626],[79.249822,26.972446],[79.250233,26.972153],[79.250508,26.971985],[79.250716,26.972368],[79.250994,26.972485],[79.25116,26.972504],[79.251375,26.972436],[79.251601,26.972336],[79.252644,26.973018],[79.253039,26.972793],[79.253255,26.972711],[79.25361,26.973062],[79.254092,26.972888],[79.254157,26.973009],[79.254063,26.973067],[79.254644,26.973771],[79.254807,26.974012],[79.255144,26.974271],[79.255446,26.974503],[79.255384,26.974618],[79.255302,26.97477],[79.25546,26.974868],[79.255453,26.974921],[79.255822,26.975153],[79.25639,26.975032],[79.257466,26.974463],[79.257524,26.974565],[79.258108,26.974268],[79.258077,26.97416],[79.258506,26.973962],[79.2586,26.974097],[79.258628,26.974136],[79.25865,26.974167],[79.25891,26.97454],[79.260171,26.973577],[79.261092,26.973051],[79.261456,26.972804],[79.261691,26.972658],[79.262274,26.972474],[79.2619,26.972081],[79.261126,26.971363],[79.260787,26.971091],[79.26047,26.970643],[79.26053,26.970614],[79.26029,26.970211],[79.260121,26.969904],[79.26,26.969527],[79.259805,26.969602],[79.259753,26.969623],[79.259635,26.969474],[79.259519,26.969515],[79.259454,26.969538],[79.259199,26.969242],[79.259318,26.969148],[79.259354,26.96912],[79.25875,26.968791],[79.258653,26.968616],[79.258728,26.968492],[79.258655,26.968461],[79.258521,26.968495],[79.258462,26.968423],[79.258353,26.968416],[79.258252,26.968388]]]]}},{"type":"Feature","properties":{"name":"Gulf of Mannar Marine Biosphere Reserve","kind":"wetland","ramsarid":2472,"area_km2":526.7,"source":"Ramsar Sites Information Service"},"geometry":{"type":"MultiPolygon","coordinates":[[[[78.995833,9.222222],[78.995833,9.166667],[78.875,9.166667],[78.858333,9.155556],[78.75,9.123056],[78.694444,9.125],[78.672222,9.154167],[78.858333,9.205556],[78.875,9.223611],[78.879167,9.222222],[78.995833,9.222222]]],[[[79.186111,9.166667],[79.034722,9.166667],[79.034722,9.218056],[79.085278,9.234722],[79.102778,9.234167],[79.140278,9.221667],[79.168056,9.218056],[79.186111,9.166667]]],[[[79.179167,9.194444],[79.168056,9.241667],[79.168056,9.243056],[79.179167,9.25],[79.193056,9.251944],[79.202778,9.252778],[79.219444,9.25],[79.223611,9.25],[79.236111,9.252778],[79.25,9.251389],[79.25,9.223611],[79.179167,9.194444]]],[[[78.241667,8.816667],[78.191667,8.816667],[78.233333,8.95],[78.2625,8.975],[78.308333,8.925],[78.241667,8.816667]]],[[[78.622222,9.104167],[78.475,9.041667],[78.455556,9.093056],[78.577778,9.120833],[78.622222,9.104167]]]]}},{"type":"Feature","properties":{"name":"Sakhya Sagar","kind":"wetland","ramsarid":2483,"area_km2":2.5,"source":"Ramsar Sites Information Service"},"geometry":{"type":"MultiPolygon","coordinates":[[[[77.705342,25.421524],[77.70173,25.420817],[77.701487,25.420664],[77.701005,25.420563],[77.700766,25.420506],[77.700377,25.420552],[77.693748,25.419254],[77.693625,25.419078],[77.693447,25.41878],[77.693248,25.41843],[77.692853,25.417784],[77.692715,25.417527],[77.692218,25.416899],[77.691941,25.417252],[77.692346,25.417611],[77.69274,25.418056],[77.692834,25.41818],[77.692896,25.41839],[77.693028,25.418801],[77.693133,25.419133],[77.693166,25.419236],[77.69333,25.419381],[77.69343,25.419557],[77.693574,25.419766],[77.693978,25.420062],[77.694152,25.420237],[77.694251,25.420361],[77.694401,25.420531],[77.694713,25.421005],[77.694577,25.421086],[77.694639,25.421654],[77.694909,25.421697],[77.695114,25.421801],[77.695379,25.421888],[77.695764,25.422037],[77.695898,25.422067],[77.696115,25.422081],[77.696396,25.422085],[77.696835,25.422272],[77.697022,25.422323],[77.697033,25.422471],[77.697112,25.422736],[77.697184,25.422907],[77.697291,25.423151],[77.697344,25.423317],[77.69743,25.423508],[77.697524,25.423534],[77.697598,25.423292],[77.697729,25.423186],[77.697937,25.423259],[77.698198,25.423359],[77.698486,25.423523],[77.698672,25.42361],[77.698798,25.423758],[77.699126,25.423904],[77.699373,25.424092],[77.699622,25.424288],[77.69988,25.424502],[77.70015,25.424965],[77.700193,25.425149],[77.700258,25.425326],[77.700436,25.425488],[77.700521,25.425619],[77.700631,25.425833],[77.700682,25.425933],[77.700811,25.425999],[77.700997,25.426312],[77.701124,25.426472],[77.701156,25.426673],[77.701265,25.426844],[77.70133,25.427017],[77.70149,25.427068],[77.70165,25.42718],[77.701754,25.427364],[77.701786,25.42754],[77.701902,25.427729],[77.702015,25.427893],[77.701991,25.428109],[77.701846,25.4282],[77.701632,25.428497],[77.701739,25.428653],[77.701897,25.428854],[77.702122,25.429248],[77.702778,25.42954],[77.703061,25.429748],[77.703208,25.430093],[77.703031,25.430427],[77.703032,25.430616],[77.70319,25.430674],[77.703776,25.430558],[77.704601,25.430565],[77.704894,25.430679],[77.705198,25.430942],[77.705229,25.431285],[77.704775,25.432066],[77.70432,25.432535],[77.704332,25.4327],[77.70454,25.43283],[77.704874,25.432615],[77.705505,25.432403],[77.706068,25.432344],[77.706952,25.432363],[77.708179,25.432734],[77.70856,25.432949],[77.708969,25.434281],[77.70897,25.434781],[77.708962,25.435202],[77.708699,25.435741],[77.708375,25.436091],[77.707668,25.436878],[77.707061,25.437282],[77.706639,25.437439],[77.705578,25.437604],[77.70515,25.437668],[77.704659,25.437859],[77.703636,25.437916],[77.702971,25.438138],[77.702188,25.438241],[77.701691,25.438424],[77.70162,25.438644],[77.701474,25.438785],[77.70088,25.43853],[77.700483,25.438578],[77.700094,25.439024],[77.700054,25.439304],[77.699968,25.43956],[77.699758,25.439813],[77.699424,25.440151],[77.699901,25.440273],[77.700323,25.440384],[77.700855,25.440219],[77.701018,25.440268],[77.701138,25.440387],[77.701334,25.440514],[77.701529,25.440585],[77.70183,25.440519],[77.701971,25.44075],[77.702775,25.441214],[77.703206,25.441177],[77.703396,25.441337],[77.703432,25.44167],[77.703142,25.442101],[77.702906,25.442786],[77.702318,25.443209],[77.702484,25.443519],[77.702698,25.444061],[77.702898,25.444259],[77.703253,25.444374],[77.704058,25.444672],[77.704057,25.444892],[77.70414,25.445126],[77.704319,25.445417],[77.704462,25.445591],[77.704455,25.445791],[77.704331,25.446466],[77.704905,25.446893],[77.705119,25.446802],[77.705332,25.446521],[77.705534,25.446394],[77.70588,25.446558],[77.706429,25.446506],[77.706716,25.446739],[77.7071,25.446938],[77.706723,25.44627],[77.706802,25.446163],[77.706986,25.446082],[77.707103,25.446076],[77.707323,25.446168],[77.707531,25.446242],[77.707845,25.446228],[77.708083,25.446177],[77.708292,25.445975],[77.708467,25.445845],[77.708662,25.445747],[77.708912,25.4457],[77.709076,25.445711],[77.709196,25.445802],[77.709456,25.446068],[77.709526,25.446067],[77.709598,25.445917],[77.709677,25.445565],[77.709771,25.445419],[77.710081,25.445298],[77.71017,25.445232],[77.710465,25.445022],[77.71064,25.445063],[77.710917,25.445105],[77.711101,25.445004],[77.711273,25.444789],[77.711422,25.444627],[77.711442,25.444273],[77.711386,25.443972],[77.711381,25.443741],[77.711324,25.44355],[77.711405,25.443417],[77.711427,25.443257],[77.711422,25.443098],[77.711538,25.442908],[77.711519,25.442795],[77.711528,25.442504],[77.711672,25.442366],[77.712116,25.442],[77.71241,25.441987],[77.712614,25.442025],[77.712664,25.442197],[77.712612,25.442659],[77.712557,25.442869],[77.712538,25.443017],[77.712721,25.443431],[77.712876,25.443518],[77.713452,25.443991],[77.713689,25.444055],[77.713878,25.444044],[77.714196,25.443978],[77.714346,25.443938],[77.714463,25.444042],[77.714595,25.444345],[77.714721,25.444317],[77.714969,25.444306],[77.7152,25.444188],[77.715318,25.444116],[77.715285,25.4439],[77.71519,25.44378],[77.715022,25.443562],[77.714639,25.443091],[77.714491,25.442522],[77.714687,25.441973],[77.7149,25.441733],[77.715095,25.44147],[77.715161,25.441245],[77.715245,25.44111],[77.715368,25.44094],[77.71541,25.440806],[77.715273,25.440641],[77.71542,25.440417],[77.715495,25.440377],[77.715611,25.440422],[77.715751,25.440416],[77.715892,25.440296],[77.715909,25.440202],[77.715906,25.440068],[77.716,25.439957],[77.716341,25.439879],[77.716473,25.439889],[77.716631,25.439924],[77.716749,25.439991],[77.717061,25.440001],[77.717082,25.439928],[77.716827,25.439827],[77.716649,25.439767],[77.716451,25.43956],[77.716273,25.439326],[77.716194,25.438891],[77.71621,25.438549],[77.716233,25.438386],[77.716441,25.437924],[77.716584,25.437492],[77.716571,25.43705],[77.716498,25.436668],[77.716472,25.435982],[77.716542,25.435854],[77.716686,25.435712],[77.716888,25.435452],[77.716751,25.435293],[77.716855,25.435149],[77.71696,25.435043],[77.71723,25.435109],[77.717501,25.435128],[77.717584,25.435089],[77.717813,25.435012],[77.717901,25.434918],[77.716368,25.434484],[77.714848,25.433838],[77.713133,25.432992],[77.711587,25.431968],[77.710234,25.430868],[77.708698,25.429248],[77.707376,25.427433],[77.706412,25.425618],[77.705774,25.423868],[77.705342,25.421524]]]]}},{"type":"Feature","properties":{"name":"Tso Kar Wetland Complex","kind":"wetland","ramsarid":2443,"area_km2":95.8,"source":"Ramsar Sites Information Service"},"geometry":{"type":"MultiPolygon","coordinates":[[[[78.003885,33.370723],[78.009626,33.371894],[78.009721,33.371329],[78.009966,33.370838],[78.010291,33.370229],[78.010552,33.369774],[78.01089,33.369378],[78.01138,33.368812],[78.011695,33.368358],[78.012005,33.367919],[78.01244,33.367575],[78.01277,33.36719],[78.013367,33.366688],[78.013813,33.366153],[78.014177,33.365773],[78.014788,33.365147],[78.01498,33.364927],[78.015348,33.364587],[78.015757,33.364204],[78.016018,33.363845],[78.016229,33.363565],[78.016701,33.36324],[78.017065,33.362929],[78.017537,33.362449],[78.017783,33.362117],[78.01818,33.361725],[78.018308,33.361438],[78.018501,33.361272],[78.018987,33.360808],[78.019604,33.360409],[78.020186,33.359911],[78.020571,33.359358],[78.020836,33.358909],[78.021118,33.358543],[78.021159,33.358265],[78.021169,33.357906],[78.021555,33.357383],[78.021836,33.35693],[78.022102,33.356282],[78.022788,33.355356],[78.023028,33.354656],[78.023544,33.354007],[78.024054,33.353389],[78.024298,33.352916],[78.024641,33.352344],[78.024841,33.351809],[78.02506,33.351386],[78.026215,33.350669],[78.027344,33.349005],[78.02837,33.347718],[78.028899,33.346195],[78.029461,33.344629],[78.030948,33.342711],[78.032233,33.341186],[78.033244,33.339691],[78.033566,33.339227],[78.033912,33.338808],[78.034264,33.338309],[78.034576,33.337937],[78.03485,33.337627],[78.03494,33.337422],[78.034995,33.337172],[78.034995,33.337164],[78.03502,33.336934],[78.035114,33.336665],[78.03518,33.336059],[78.035082,33.335842],[78.034964,33.335337],[78.034975,33.334797],[78.03499,33.334741],[78.03511,33.334296],[78.03509,33.334279],[78.035026,33.333906],[78.035037,33.333644],[78.035149,33.332956],[78.035272,33.33223],[78.035685,33.331412],[78.036014,33.330673],[78.03654,33.330053],[78.036933,33.329559],[78.037193,33.329112],[78.037431,33.328827],[78.037719,33.328488],[78.038098,33.328017],[78.038303,33.327666],[78.038509,33.32725],[78.038581,33.326743],[78.038614,33.326195],[78.038635,33.325807],[78.038662,33.325469],[78.038665,33.32516],[78.038666,33.325151],[78.038749,33.324867],[78.038895,33.324533],[78.039221,33.323386],[78.039547,33.322056],[78.039757,33.320752],[78.039635,33.31988],[78.039458,33.319085],[78.039224,33.318444],[78.038691,33.317939],[78.038657,33.317637],[78.038641,33.317158],[78.038457,33.316532],[78.038415,33.316014],[78.038326,33.315841],[78.038494,33.315398],[78.038308,33.314096],[78.038377,33.313091],[78.038211,33.312312],[78.038174,33.311463],[78.038096,33.311146],[78.03814,33.310449],[78.038579,33.309466],[78.038791,33.308468],[78.03914,33.307549],[78.039675,33.307038],[78.039852,33.306632],[78.039856,33.306594],[78.039862,33.306536],[78.039856,33.306489],[78.03985,33.306442],[78.039767,33.305761],[78.039764,33.305356],[78.04357,33.299929],[78.047838,33.295621],[78.049756,33.293743],[78.05115,33.28987],[78.05207,33.285034],[78.054328,33.278544],[78.055391,33.272749],[78.056713,33.267213],[78.059374,33.260819],[78.06142,33.256052],[78.06637,33.247849],[78.069262,33.240756],[78.072952,33.231893],[78.073364,33.227133],[78.074621,33.225114],[78.076737,33.222538],[78.077511,33.220478],[78.075236,33.220749],[78.071672,33.22116],[78.067707,33.221526],[78.063213,33.222182],[78.058374,33.221784],[78.055838,33.221899],[78.05464,33.222088],[78.053375,33.22247],[78.052117,33.221213],[78.051206,33.219821],[78.049351,33.218524],[78.048398,33.218375],[78.04609,33.218403],[78.041884,33.218987],[78.038723,33.218921],[78.035928,33.219716],[78.034222,33.219898],[78.027354,33.219216],[78.023686,33.2191],[78.022165,33.219695],[78.0207,33.221215],[78.019192,33.225303],[78.01847,33.227714],[78.017639,33.232148],[78.017477,33.233916],[78.016276,33.234572],[78.014443,33.23692],[78.013909,33.238535],[78.013902,33.238669],[78.013801,33.240037],[78.015149,33.241133],[78.01638,33.242691],[78.016559,33.243371],[78.016557,33.244667],[78.015222,33.24748],[78.01508,33.247655],[78.015037,33.247699],[78.013801,33.249701],[78.012958,33.251364],[78.012113,33.252884],[78.012231,33.254282],[78.015019,33.257625],[78.017782,33.25949],[78.017781,33.259571],[78.017733,33.259693],[78.01709,33.262034],[78.017032,33.263158],[78.015488,33.270761],[78.011554,33.275442],[78.006548,33.283081],[78.006134,33.283603],[77.998657,33.288502],[77.988922,33.29168],[77.97406,33.292622],[77.967038,33.292699],[77.957797,33.295565],[77.953094,33.297611],[77.951361,33.300333],[77.950075,33.300484],[77.949321,33.30104],[77.948991,33.301728],[77.948861,33.303021],[77.94857,33.304575],[77.948633,33.308901],[77.948397,33.311543],[77.948344,33.313115],[77.948419,33.317422],[77.948331,33.319468],[77.948684,33.322017],[77.949281,33.325263],[77.9502,33.327895],[77.951617,33.33031],[77.955064,33.342103],[77.96445,33.350598],[77.974164,33.357255],[77.985081,33.362582],[77.99401,33.367808],[77.999782,33.369885],[78.003885,33.370723]]]]}},{"type":"Feature","properties":{"name":"Vellode Bird Sanctuary","kind":"wetland","ramsarid":2475,"area_km2":0.8,"source":"Ramsar Sites Information Service"},"geometry":{"type":"MultiPolygon","coordinates":[[[[77.64463,11.24813],[77.64463,11.24834],[77.644649,11.248482],[77.644785,11.248439],[77.64567,11.24823],[77.64532,11.24923],[77.64544,11.24948],[77.64528,11.24967],[77.64686,11.24984],[77.64658,11.2509],[77.646671,11.250987],[77.646726,11.251073],[77.646786,11.251198],[77.646805,11.251283],[77.646795,11.251445],[77.646823,11.251656],[77.646676,11.251926],[77.646638,11.252018],[77.64684,11.25208],[77.64794,11.25282],[77.64849,11.25289],[77.64886,11.25456],[77.64907,11.255],[77.64899,11.2553],[77.64964,11.25577],[77.65008,11.25571],[77.65014,11.25522],[77.65019,11.25518],[77.65086,11.25515],[77.65144,11.25519],[77.65204,11.255259],[77.65237,11.25521],[77.65266,11.25516],[77.65276,11.25516],[77.65324,11.25525],[77.65359,11.25537],[77.65371,11.25563],[77.653817,11.255782],[77.653976,11.255788],[77.65431,11.255778],[77.65464,11.255681],[77.65498,11.255553],[77.656177,11.255248],[77.656241,11.25504],[77.656374,11.254737],[77.656469,11.25454],[77.6567,11.254433],[77.65688,11.254456],[77.657472,11.254579],[77.657592,11.254473],[77.65778,11.254409],[77.658277,11.254218],[77.658274,11.253888],[77.658521,11.253238],[77.65838,11.252984],[77.658193,11.25237],[77.658087,11.252066],[77.657945,11.251733],[77.657511,11.251318],[77.656848,11.250996],[77.656173,11.250643],[77.655418,11.250199],[77.65528,11.25026],[77.654918,11.250112],[77.654624,11.250082],[77.654378,11.250007],[77.65453,11.24965],[77.654265,11.249488],[77.654183,11.249438],[77.653949,11.249195],[77.65393,11.249154],[77.653653,11.249102],[77.65332,11.249069],[77.653159,11.249046],[77.652811,11.24902],[77.65259,11.24895],[77.65247,11.24883],[77.65143,11.24835],[77.651216,11.24822],[77.651165,11.24821],[77.651002,11.248169],[77.650798,11.248114],[77.650665,11.248071],[77.650488,11.247986],[77.650282,11.247975],[77.650028,11.248011],[77.64962,11.248065],[77.649291,11.248143],[77.64904,11.24817],[77.648806,11.248197],[77.648769,11.248306],[77.648782,11.248432],[77.648739,11.248509],[77.648567,11.248556],[77.648379,11.248577],[77.648132,11.248579],[77.647948,11.248579],[77.647829,11.248587],[77.647577,11.248563],[77.64731,11.248472],[77.647057,11.248388],[77.6468,11.24826],[77.646725,11.248103],[77.646698,11.247935],[77.64663,11.24765],[77.64463,11.24813]]]]}},{"type":"Feature","properties":{"name":"Vedanthangal Bird Sanctuary","kind":"wetland","ramsarid":2477,"area_km2":0.4,"source":"Ramsar Sites Information Service"},"geometry":{"type":"MultiPolygon","coordinates":[[[[79.85786,12.547665],[79.858958,12.547302],[79.858907,12.546932],[79.858727,12.546263],[79.858588,12.545786],[79.858462,12.545805],[79.858488,12.545423],[79.858453,12.54284],[79.858412,12.542534],[79.858372,12.542438],[79.858295,12.542439],[79.857886,12.54248],[79.857419,12.542635],[79.85668,12.542736],[79.855301,12.543452],[79.853867,12.544589],[79.853115,12.545761],[79.85285,12.546968],[79.852687,12.547378],[79.852956,12.547704],[79.852915,12.548096],[79.852898,12.548575],[79.852998,12.548861],[79.853232,12.548956],[79.853758,12.548952],[79.853972,12.548906],[79.85409,12.549199],[79.854696,12.549464],[79.855126,12.549417],[79.855321,12.549728],[79.855381,12.549938],[79.855615,12.550051],[79.855888,12.550069],[79.856317,12.550257],[79.856824,12.550254],[79.857466,12.550078],[79.857737,12.549847],[79.857872,12.549751],[79.857988,12.549463],[79.857981,12.549254],[79.85818,12.549098],[79.858187,12.548336],[79.857941,12.548277],[79.85786,12.547665]]]]}},{"type":"Feature","properties":{"name":"Sur Sarovar","kind":"wetland","ramsarid":2440,"area_km2":4.3,"source":"Ramsar Sites Information Service"},"geometry":{"type":"MultiPolygon","coordinates":[[[[77.827315,27.260849],[77.833882,27.265661],[77.834139,27.265628],[77.840827,27.263336],[77.840952,27.261926],[77.840987,27.260705],[77.840649,27.259055],[77.840417,27.257446],[77.840798,27.256208],[77.847428,27.255428],[77.849727,27.254538],[77.85016,27.254548],[77.850226,27.254662],[77.851493,27.253994],[77.851187,27.253462],[77.853846,27.251995],[77.853147,27.250237],[77.85524,27.248923],[77.853899,27.245361],[77.848393,27.240798],[77.844905,27.24114],[77.844655,27.241492],[77.839639,27.242095],[77.841334,27.244482],[77.838434,27.246192],[77.837963,27.244721],[77.838288,27.244542],[77.837907,27.243846],[77.837762,27.243886],[77.837596,27.243524],[77.836312,27.244182],[77.835837,27.243427],[77.836208,27.243321],[77.836188,27.242891],[77.835175,27.24304],[77.835138,27.242624],[77.836016,27.24226],[77.837065,27.241897],[77.837285,27.24072],[77.836197,27.2409],[77.835875,27.24095],[77.835644,27.240275],[77.834227,27.240578],[77.833478,27.240739],[77.832646,27.241264],[77.832073,27.241695],[77.832461,27.242133],[77.831889,27.242521],[77.832217,27.242829],[77.831059,27.243562],[77.832359,27.244594],[77.831823,27.245971],[77.831862,27.246315],[77.831874,27.247017],[77.831961,27.247334],[77.833374,27.24834],[77.833515,27.250037],[77.833577,27.250793],[77.832097,27.252134],[77.83133,27.252962],[77.828604,27.255409],[77.827374,27.259305],[77.827315,27.260849]]]]}},{"type":"Feature","properties":{"name":"Sultanpur National Park","kind":"wetland","ramsarid":2457,"area_km2":1.4,"source":"Ramsar Sites Information Service"},"geometry":{"type":"MultiPolygon","coordinates":[[[[76.894563,28.468715],[76.893432,28.468605],[76.894394,28.469137],[76.894563,28.468715]]],[[[76.898931,28.466725],[76.898462,28.466723],[76.897376,28.466834],[76.896849,28.466925],[76.89586,28.467078],[76.89584,28.466035],[76.895818,28.464208],[76.895573,28.464209],[76.895347,28.46421],[76.89513,28.464211],[76.895097,28.462039],[76.895429,28.462033],[76.895735,28.462027],[76.89569,28.459261],[76.895743,28.459258],[76.895711,28.457676],[76.894587,28.457689],[76.894055,28.457696],[76.893404,28.457704],[76.893336,28.457706],[76.892587,28.457716],[76.892422,28.457716],[76.891852,28.457724],[76.891611,28.457724],[76.891599,28.457185],[76.891254,28.457185],[76.891038,28.45719],[76.890921,28.457191],[76.890876,28.454469],[76.888141,28.454497],[76.888046,28.454589],[76.888117,28.454442],[76.888202,28.454264],[76.888376,28.454087],[76.888622,28.453808],[76.888831,28.453571],[76.889023,28.453454],[76.889317,28.45308],[76.889388,28.453004],[76.889798,28.452547],[76.889846,28.452506],[76.889938,28.452415],[76.889994,28.452356],[76.890291,28.452062],[76.889794,28.452022],[76.889506,28.452255],[76.889041,28.452638],[76.888941,28.452725],[76.888612,28.452983],[76.888286,28.453235],[76.887349,28.453962],[76.887345,28.454003],[76.887479,28.454015],[76.887422,28.454552],[76.88745,28.454915],[76.887375,28.455091],[76.88725,28.455302],[76.887162,28.455443],[76.887104,28.455536],[76.887058,28.455619],[76.886964,28.455758],[76.88689,28.455857],[76.886837,28.45596],[76.886681,28.456241],[76.886563,28.456439],[76.886495,28.456538],[76.886459,28.456592],[76.886427,28.456639],[76.886366,28.456747],[76.886215,28.456997],[76.886084,28.457208],[76.885684,28.457907],[76.885323,28.457918],[76.884968,28.457933],[76.884173,28.45796],[76.883342,28.457969],[76.883222,28.457977],[76.88292,28.457987],[76.882784,28.45799],[76.882623,28.457995],[76.882235,28.457999],[76.881746,28.458002],[76.881537,28.458011],[76.881617,28.458271],[76.881708,28.458552],[76.881877,28.459006],[76.881989,28.459311],[76.882036,28.459485],[76.882149,28.459856],[76.882313,28.460342],[76.882592,28.461121],[76.882713,28.461527],[76.882748,28.461647],[76.882789,28.461758],[76.882863,28.461941],[76.882995,28.462311],[76.883362,28.463391],[76.883538,28.463347],[76.884591,28.463083],[76.884992,28.464014],[76.885347,28.463911],[76.88573,28.463795],[76.886113,28.463682],[76.886516,28.46356],[76.886862,28.463461],[76.887147,28.463348],[76.887276,28.463786],[76.887691,28.463752],[76.888226,28.464527],[76.888325,28.465942],[76.888347,28.466189],[76.888517,28.467224],[76.888286,28.467234],[76.887998,28.467247],[76.887904,28.467248],[76.887767,28.46725],[76.887578,28.467252],[76.887415,28.467259],[76.887241,28.467265],[76.887323,28.467283],[76.887433,28.467306],[76.887528,28.467327],[76.887725,28.46737],[76.887774,28.46738],[76.887829,28.467391],[76.888122,28.467455],[76.888266,28.467485],[76.888479,28.467531],[76.888545,28.467545],[76.888633,28.467564],[76.88876,28.467591],[76.889047,28.46765],[76.889194,28.467678],[76.889341,28.467706],[76.889858,28.467803],[76.890119,28.467852],[76.890458,28.467916],[76.890577,28.467938],[76.891035,28.468023],[76.891257,28.468066],[76.891398,28.468091],[76.891472,28.468106],[76.891629,28.468135],[76.891787,28.468166],[76.891944,28.468193],[76.892029,28.46821],[76.892239,28.468249],[76.892365,28.468271],[76.892415,28.468282],[76.892581,28.468313],[76.892744,28.468344],[76.892991,28.468391],[76.892974,28.46834],[76.89309,28.468364],[76.893308,28.468406],[76.89365,28.468475],[76.89422,28.46853],[76.894404,28.468549],[76.894588,28.468566],[76.89502,28.468609],[76.895442,28.468654],[76.895712,28.46868],[76.896014,28.468711],[76.896443,28.468752],[76.896894,28.468794],[76.897184,28.468821],[76.897563,28.468857],[76.897691,28.46887],[76.897796,28.468878],[76.897851,28.468884],[76.898383,28.468933],[76.898434,28.468689],[76.89848,28.468509],[76.898516,28.468369],[76.898584,28.468096],[76.898592,28.468061],[76.898612,28.467985],[76.898707,28.467607],[76.898838,28.467087],[76.898931,28.466725]]]]}},{"type":"Feature","properties":{"name":"Karikili Bird Sanctuary","kind":"wetland","ramsarid":2480,"area_km2":0.6,"source":"Ramsar Sites Information Service"},"geometry":{"type":"MultiPolygon","coordinates":[[[[79.841702,12.596182],[79.841773,12.596233],[79.841851,12.596349],[79.842001,12.596573],[79.842225,12.596839],[79.84227,12.597046],[79.842278,12.597161],[79.842228,12.597262],[79.842017,12.597443],[79.841815,12.597867],[79.841603,12.598271],[79.841384,12.59939],[79.841388,12.599581],[79.841367,12.600143],[79.841321,12.60049],[79.841261,12.600658],[79.841127,12.600706],[79.840932,12.600695],[79.839989,12.600627],[79.839982,12.600633],[79.839118,12.600623],[79.838254,12.600687],[79.837827,12.600731],[79.83739,12.600776],[79.836697,12.600972],[79.836365,12.601158],[79.836188,12.601358],[79.835884,12.601503],[79.835836,12.601563],[79.835861,12.601754],[79.83596,12.601897],[79.836009,12.601945],[79.836203,12.601931],[79.836447,12.601906],[79.836642,12.601977],[79.836765,12.602203],[79.836839,12.602322],[79.837071,12.602429],[79.837742,12.602523],[79.838073,12.60257],[79.838084,12.602793],[79.838061,12.602949],[79.837952,12.603129],[79.837965,12.603308],[79.8381,12.603391],[79.838319,12.603414],[79.838575,12.603349],[79.838781,12.603339],[79.838817,12.603196],[79.838951,12.603135],[79.839133,12.60311],[79.839316,12.603157],[79.839426,12.603276],[79.839598,12.603478],[79.839683,12.603489],[79.840244,12.603522],[79.84045,12.603497],[79.840816,12.603483],[79.841302,12.603432],[79.841569,12.603275],[79.841701,12.602999],[79.841905,12.602495],[79.842075,12.602375],[79.842501,12.602325],[79.843024,12.602214],[79.844082,12.6021],[79.845433,12.602008],[79.845664,12.601935],[79.845749,12.601791],[79.845698,12.601456],[79.845623,12.601098],[79.845622,12.601004],[79.845609,12.600296],[79.846037,12.60016],[79.846174,12.600159],[79.846213,12.600159],[79.84627,12.600072],[79.846268,12.599661],[79.846434,12.599414],[79.846119,12.597664],[79.846058,12.59727],[79.845543,12.597247],[79.845298,12.597236],[79.845363,12.59617],[79.845133,12.595378],[79.844424,12.594431],[79.843812,12.59385],[79.843224,12.593279],[79.843162,12.593076],[79.843186,12.592957],[79.843246,12.592837],[79.843282,12.592693],[79.843305,12.592537],[79.843353,12.592405],[79.84323,12.592191],[79.843144,12.592108],[79.842986,12.592109],[79.842706,12.592158],[79.84256,12.592219],[79.842497,12.592409],[79.842204,12.592483],[79.842026,12.592497],[79.841804,12.592493],[79.841429,12.592627],[79.841285,12.593206],[79.841467,12.594784],[79.841529,12.595279],[79.841598,12.595895],[79.841621,12.596039],[79.841702,12.596182]]]]}},{"type":"Feature","properties":{"name":"Kanjirankulam Bird Sanctuary","kind":"wetland","ramsarid":2486,"area_km2":1.0,"source":"Ramsar Sites Information Service"},"geometry":{"type":"Polygon","coordinates":[[[78.474981,9.36349],[78.475398,9.363401],[78.475434,9.36318],[78.475867,9.362804],[78.476718,9.363351],[78.478949,9.36344],[78.482555,9.363159],[78.484271,9.362841],[78.484253,9.362158],[78.484684,9.361148],[78.485988,9.359975],[78.486126,9.359506],[78.484513,9.357177],[78.483126,9.356019],[78.481,9.356825],[78.480105,9.356173],[78.477824,9.35634],[78.476385,9.356788],[78.476234,9.356572],[78.475712,9.356479],[78.474379,9.356491],[78.473632,9.356736],[78.472826,9.357362],[78.472645,9.357703],[78.472763,9.359062],[78.472016,9.359518],[78.471918,9.359746],[78.472376,9.361191],[78.47345,9.360962],[78.473405,9.360506],[78.47388,9.360306],[78.474673,9.363431],[78.474981,9.36349]]]}},{"type":"Feature","properties":{"name":"Nangal Wildlife Sanctuary","kind":"wetland","ramsarid":2407,"area_km2":1.2,"source":"Ramsar Sites Information Service"},"geometry":{"type":"MultiPolygon","coordinates":[[[[76.367466,31.380288],[76.364377,31.380497],[76.364266,31.381686],[76.364295,31.382815],[76.364332,31.383603],[76.364472,31.384603],[76.364569,31.385134],[76.364534,31.385812],[76.364468,31.386495],[76.364617,31.388566],[76.364767,31.389568],[76.364824,31.390298],[76.364817,31.391106],[76.364783,31.392826],[76.365353,31.393553],[76.365367,31.394476],[76.36509,31.395282],[76.365058,31.395635],[76.364835,31.396112],[76.364819,31.396563],[76.364914,31.397166],[76.365072,31.397828],[76.365045,31.39856],[76.365284,31.399202],[76.365682,31.399701],[76.365967,31.400365],[76.36614,31.400924],[76.366208,31.401656],[76.366654,31.402156],[76.36737,31.402841],[76.367802,31.402985],[76.368552,31.40315],[76.369237,31.403366],[76.369761,31.403662],[76.370372,31.403603],[76.371037,31.40373],[76.371651,31.40373],[76.372327,31.403771],[76.372975,31.403832],[76.373592,31.40373],[76.374061,31.40371],[76.374563,31.40373],[76.375037,31.403812],[76.375386,31.403894],[76.376701,31.403751],[76.37794,31.403546],[76.378821,31.403311],[76.379825,31.403693],[76.380959,31.403835],[76.38185,31.404075],[76.382952,31.403965],[76.383353,31.404069],[76.383841,31.40401],[76.383819,31.40343],[76.383874,31.402409],[76.383924,31.401773],[76.383653,31.401191],[76.383453,31.401131],[76.38313,31.400966],[76.382842,31.40076],[76.382527,31.400531],[76.382292,31.400447],[76.382011,31.400266],[76.381848,31.400184],[76.381581,31.400036],[76.381237,31.399864],[76.380908,31.39976],[76.380543,31.399632],[76.380122,31.399542],[76.379647,31.399502],[76.37888,31.399432],[76.378197,31.399379],[76.377341,31.399409],[76.376668,31.3996],[76.375945,31.399751],[76.375166,31.399945],[76.374434,31.400097],[76.374059,31.400322],[76.373361,31.400351],[76.372701,31.400508],[76.372146,31.400661],[76.37141,31.400997],[76.370923,31.401101],[76.37023,31.401008],[76.369598,31.400907],[76.368918,31.400499],[76.368463,31.39999],[76.36769,31.399403],[76.367282,31.398443],[76.367054,31.397472],[76.366949,31.396276],[76.367264,31.395166],[76.36721,31.394325],[76.367209,31.393173],[76.367292,31.392246],[76.367416,31.391409],[76.367416,31.390192],[76.367437,31.388892],[76.367445,31.387788],[76.367149,31.386397],[76.367222,31.385563],[76.367241,31.383619],[76.367277,31.383081],[76.367248,31.382185],[76.367327,31.381559],[76.36737,31.381304],[76.367492,31.380943],[76.367523,31.380682],[76.367466,31.380288]]]]}},{"type":"Feature","properties":{"name":"Nawabganj Bird Sanctuary","kind":"wetland","ramsarid":2412,"area_km2":2.2,"source":"Ramsar Sites Information Service"},"geometry":{"type":"MultiPolygon","coordinates":[[[[80.662109,26.615255],[80.662172,26.615228],[80.66317,26.614801],[80.664293,26.614382],[80.66502,26.614319],[80.665819,26.614062],[80.666286,26.613729],[80.667004,26.613306],[80.668327,26.612792],[80.668346,26.612708],[80.668151,26.612326],[80.667986,26.611882],[80.667659,26.611],[80.667344,26.610607],[80.665478,26.611167],[80.665247,26.611236],[80.665182,26.611255],[80.665007,26.611255],[80.665007,26.611304],[80.664775,26.611362],[80.664347,26.61147],[80.663962,26.611469],[80.663621,26.611647],[80.663577,26.611663],[80.663007,26.611876],[80.662407,26.611975],[80.661991,26.611966],[80.661972,26.611968],[80.661957,26.611965],[80.661848,26.611941],[80.66168,26.611904],[80.661621,26.611892],[80.661371,26.611761],[80.661356,26.611743],[80.661274,26.611644],[80.660421,26.611306],[80.659363,26.612288],[80.658659,26.611983],[80.65765,26.611431],[80.657,26.610522],[80.656401,26.609566],[80.655237,26.60769],[80.654416,26.606525],[80.653745,26.605782],[80.653145,26.605056],[80.65243,26.60429],[80.651618,26.603425],[80.650973,26.602863],[80.650586,26.602417],[80.650436,26.602264],[80.650176,26.602],[80.650161,26.601996],[80.650049,26.602043],[80.649991,26.602172],[80.65,26.602243],[80.650686,26.603278],[80.650831,26.603414],[80.650978,26.603551],[80.65115,26.603741],[80.651126,26.603935],[80.651116,26.603958],[80.651062,26.604084],[80.650978,26.604147],[80.650938,26.604158],[80.650799,26.60411],[80.65071,26.60408],[80.650244,26.603921],[80.650157,26.603877],[80.650006,26.603842],[80.649877,26.603899],[80.64982,26.603999],[80.649829,26.60415],[80.649831,26.604186],[80.649817,26.604484],[80.649729,26.604611],[80.649674,26.604692],[80.649404,26.604964],[80.649392,26.60497],[80.648852,26.605207],[80.648807,26.605227],[80.648135,26.605846],[80.647999,26.606041],[80.647898,26.606184],[80.647593,26.606347],[80.647583,26.60637],[80.647552,26.606683],[80.647309,26.607117],[80.647267,26.608488],[80.647434,26.609392],[80.647541,26.609856],[80.647624,26.610046],[80.647589,26.610308],[80.647551,26.61046],[80.64756,26.6105],[80.647577,26.610709],[80.647517,26.610867],[80.647536,26.611837],[80.647492,26.612082],[80.647754,26.612368],[80.647777,26.61282],[80.647374,26.613259],[80.647635,26.6137],[80.6477,26.614183],[80.647817,26.614831],[80.648349,26.614914],[80.648503,26.61544],[80.648576,26.616602],[80.647674,26.61701],[80.647313,26.616849],[80.646485,26.616516],[80.645687,26.616504],[80.645084,26.616594],[80.645048,26.61722],[80.645364,26.618612],[80.646233,26.618865],[80.646666,26.618962],[80.647934,26.619388],[80.648947,26.61964],[80.650889,26.620032],[80.651096,26.620075],[80.652292,26.620338],[80.653396,26.620472],[80.655995,26.620795],[80.657898,26.620681],[80.660004,26.620083],[80.665734,26.618598],[80.662025,26.615362],[80.662109,26.615255]]]]}},{"type":"Feature","properties":{"name":"Lonar Lake","kind":"wetland","ramsarid":2441,"area_km2":4.3,"source":"Ramsar Sites Information Service"},"geometry":{"type":"MultiPolygon","coordinates":[[[[76.497033,19.984481],[76.497046,19.984479],[76.498345,19.984299],[76.502396,19.983736],[76.50248,19.983699],[76.502528,19.983678],[76.506141,19.985065],[76.509105,19.985025],[76.50928,19.985023],[76.514035,19.986274],[76.514373,19.986363],[76.516237,19.986127],[76.517027,19.98339],[76.516869,19.981163],[76.516832,19.980649],[76.518203,19.977945],[76.518363,19.977033],[76.518554,19.975839],[76.518555,19.975836],[76.518726,19.97557],[76.519106,19.974902],[76.519487,19.974235],[76.519576,19.974088],[76.519138,19.971517],[76.519109,19.971346],[76.519139,19.971353],[76.518963,19.970373],[76.518779,19.967832],[76.518749,19.967422],[76.516462,19.968083],[76.515928,19.968237],[76.516622,19.966035],[76.516909,19.964841],[76.514138,19.965721],[76.512988,19.96182],[76.51236,19.961998],[76.509527,19.962803],[76.50939,19.962822],[76.510857,19.968696],[76.510774,19.968774],[76.510756,19.968773],[76.508166,19.968708],[76.506905,19.968927],[76.506501,19.968974],[76.506326,19.969014],[76.504516,19.969622],[76.502987,19.970861],[76.501804,19.972137],[76.501727,19.972268],[76.501472,19.971975],[76.498642,19.968717],[76.498162,19.968078],[76.498028,19.968537],[76.497016,19.972007],[76.496998,19.972086],[76.49623,19.976873],[76.496244,19.976917],[76.496355,19.978046],[76.496405,19.978554],[76.496405,19.979183],[76.496352,19.980517],[76.49653,19.981597],[76.496909,19.983693],[76.496919,19.983757],[76.496944,19.983919],[76.497033,19.984481]]]]}},{"type":"Feature","properties":{"name":"Kabartal Wetland","kind":"wetland","ramsarid":2436,"area_km2":26.2,"source":"Ramsar Sites Information Service"},"geometry":{"type":"MultiPolygon","coordinates":[[[[86.122656,25.655484],[86.123503,25.654915],[86.124451,25.655112],[86.126137,25.655218],[86.125829,25.654069],[86.125099,25.653014],[86.125632,25.652252],[86.126384,25.65025],[86.126504,25.648244],[86.127764,25.649016],[86.127117,25.651019],[86.128055,25.652458],[86.129845,25.652755],[86.132906,25.652391],[86.134279,25.652017],[86.133232,25.651055],[86.132496,25.650669],[86.132292,25.649712],[86.133457,25.64905],[86.132933,25.648664],[86.131246,25.648654],[86.130085,25.648743],[86.129881,25.647786],[86.130843,25.645976],[86.132125,25.64369],[86.13424,25.642747],[86.136782,25.641233],[86.141124,25.638487],[86.143342,25.637927],[86.144934,25.636312],[86.144734,25.634782],[86.144644,25.632679],[86.146122,25.632401],[86.147698,25.633174],[86.149163,25.634616],[86.150211,25.635483],[86.154454,25.635856],[86.155325,25.637868],[86.158169,25.638286],[86.160395,25.636521],[86.160609,25.634742],[86.158841,25.634388],[86.158912,25.633242],[86.161887,25.632858],[86.16341,25.632236],[86.163164,25.631202],[86.164307,25.630578],[86.165329,25.62915],[86.164578,25.627942],[86.164073,25.627767],[86.163182,25.628565],[86.16261,25.62902],[86.161852,25.628786],[86.162049,25.627813],[86.160401,25.628319],[86.159444,25.6278],[86.157988,25.627907],[86.156062,25.628062],[86.155863,25.626341],[86.156196,25.623954],[86.158526,25.622438],[86.160743,25.621878],[86.162754,25.620647],[86.164438,25.621039],[86.165174,25.62133],[86.166445,25.620477],[86.166775,25.618472],[86.165836,25.617033],[86.164153,25.616641],[86.162894,25.615774],[86.162902,25.614627],[86.165115,25.61464],[86.166488,25.614265],[86.166606,25.61245],[86.168818,25.612654],[86.171141,25.612094],[86.171572,25.610663],[86.171685,25.609517],[86.172641,25.608471],[86.17212,25.607703],[86.170531,25.608746],[86.168641,25.607779],[86.166011,25.607095],[86.162537,25.606502],[86.161786,25.608409],[86.160832,25.609168],[86.160736,25.607734],[86.160747,25.606205],[86.162542,25.605738],[86.167081,25.604808],[86.169407,25.603674],[86.169711,25.605396],[86.175157,25.605293],[86.175163,25.604546],[86.175764,25.603415],[86.176169,25.601984],[86.174852,25.601916],[86.174185,25.603107],[86.174175,25.604541],[86.172455,25.604934],[86.171745,25.600916],[86.171547,25.599004],[86.170396,25.597755],[86.168081,25.597264],[86.167142,25.595921],[86.165564,25.595529],[86.1644,25.596287],[86.163455,25.595708],[86.159121,25.597595],[86.154585,25.598238],[86.153004,25.598229],[86.15399,25.592883],[86.15832,25.59157],[86.161067,25.59063],[86.163798,25.591792],[86.163582,25.592651],[86.164948,25.593137],[86.166105,25.593526],[86.16674,25.593051],[86.168525,25.594113],[86.169575,25.594692],[86.170207,25.594696],[86.170537,25.592691],[86.168016,25.591434],[86.165711,25.589605],[86.1673,25.589032],[86.168418,25.589337],[86.169215,25.588386],[86.168759,25.587667],[86.166404,25.585264],[86.165094,25.584241],[86.163454,25.583396],[86.161476,25.583623],[86.160941,25.584875],[86.162912,25.585543],[86.166137,25.58586],[86.167374,25.587898],[86.165402,25.588552],[86.160974,25.588814],[86.154115,25.590112],[86.151061,25.589903],[86.148576,25.590538],[86.145993,25.590666],[86.144307,25.590752],[86.142252,25.590692],[86.141361,25.58997],[86.144316,25.589414],[86.146269,25.588995],[86.147378,25.588572],[86.148794,25.588866],[86.150449,25.587741],[86.154209,25.586867],[86.154614,25.585435],[86.152779,25.584111],[86.149689,25.583376],[86.146135,25.583116],[86.141056,25.584162],[86.136439,25.58515],[86.132732,25.587637],[86.129027,25.590004],[86.126491,25.594647],[86.128935,25.593587],[86.131642,25.593898],[86.127835,25.595691],[86.128885,25.596176],[86.130252,25.596661],[86.131304,25.596859],[86.132877,25.597919],[86.134247,25.598023],[86.140051,25.596911],[86.140253,25.598059],[86.134338,25.599935],[86.131482,25.600854],[86.128156,25.60179],[86.124935,25.602678],[86.122539,25.603692],[86.121956,25.604118],[86.118943,25.605438],[86.116662,25.607479],[86.116492,25.609055],[86.119674,25.606398],[86.12359,25.604032],[86.129677,25.602707],[86.132486,25.601901],[86.131784,25.60336],[86.133781,25.604136],[86.139257,25.604742],[86.143466,25.605627],[86.142826,25.60677],[86.142391,25.608583],[86.143326,25.6105],[86.143316,25.611933],[86.142361,25.612788],[86.140464,25.612872],[86.139191,25.613466],[86.137553,25.614126],[86.135439,25.614925],[86.133806,25.614772],[86.133389,25.614197],[86.133867,25.613578],[86.136505,25.613164],[86.137934,25.612312],[86.139946,25.611627],[86.140705,25.608573],[86.141219,25.607482],[86.140904,25.607289],[86.137271,25.606933],[86.132843,25.607098],[86.13094,25.607851],[86.130935,25.608616],[86.125142,25.608103],[86.120441,25.609556],[86.117733,25.612264],[86.115117,25.61693],[86.113968,25.622609],[86.114583,25.624955],[86.118131,25.62273],[86.122215,25.619123],[86.124392,25.617813],[86.126305,25.617662],[86.128828,25.618633],[86.131882,25.619033],[86.134843,25.617713],[86.136114,25.61686],[86.140125,25.616024],[86.143487,25.617477],[86.144744,25.618631],[86.14326,25.619769],[86.142,25.619093],[86.140105,25.618795],[86.138207,25.61888],[86.1362,25.619537],[86.131973,25.620945],[86.129553,25.620357],[86.127341,25.620153],[86.127334,25.621109],[86.131125,25.621609],[86.133758,25.621911],[86.136932,25.620306],[86.140937,25.620329],[86.144303,25.6214],[86.139453,25.621467],[86.135549,25.622113],[86.133013,25.622863],[86.130168,25.62275],[86.127538,25.622065],[86.125432,25.621766],[86.122696,25.621081],[86.120468,25.623074],[86.11814,25.624303],[86.114756,25.625811],[86.111894,25.627896],[86.110409,25.629129],[86.110495,25.631806],[86.111437,25.632672],[86.112496,25.632105],[86.112828,25.629909],[86.113364,25.628765],[86.115903,25.627538],[86.115786,25.629067],[86.117256,25.62984],[86.119269,25.628514],[86.12201,25.628435],[86.120832,25.630913],[86.118828,25.631187],[86.117245,25.631369],[86.117027,25.632323],[86.117445,25.632899],[86.116279,25.633752],[86.115642,25.634322],[86.113961,25.633547],[86.112586,25.634208],[86.112261,25.635352],[86.112993,25.636121],[86.114576,25.63594],[86.114988,25.637185],[86.114976,25.638809],[86.114968,25.639956],[86.114019,25.63995],[86.112761,25.638987],[86.112029,25.638218],[86.110872,25.637829],[86.109819,25.637727],[86.107715,25.637045],[86.106034,25.63627],[86.104766,25.63674],[86.103382,25.638547],[86.102214,25.639591],[86.100946,25.639966],[86.099049,25.639954],[86.098099,25.640044],[86.09684,25.639272],[86.093682,25.638679],[86.092279,25.638386],[86.092217,25.637236],[86.090315,25.637798],[86.08904,25.639128],[86.085663,25.639584],[86.085438,25.641399],[86.084283,25.640818],[86.083122,25.641002],[86.084585,25.642636],[86.084886,25.644644],[86.087312,25.644468],[86.089217,25.64362],[86.088803,25.642566],[86.090178,25.641906],[86.092187,25.641154],[86.092299,25.639144],[86.093465,25.639442],[86.094938,25.639833],[86.096831,25.640418],[86.097454,25.64176],[86.098613,25.641863],[86.099146,25.641101],[86.10136,25.641115],[86.103046,25.641125],[86.104531,25.639988],[86.105178,25.637985],[86.107178,25.638379],[86.109495,25.638776],[86.111807,25.639746],[86.112642,25.640897],[86.114326,25.641194],[86.114956,25.64158],[86.113159,25.642238],[86.110932,25.643945],[86.110781,25.650156],[86.112577,25.649593],[86.112782,25.650455],[86.11151,25.651403],[86.11308,25.652941],[86.114974,25.65343],[86.115822,25.652862],[86.114995,25.650564],[86.114687,25.649511],[86.114907,25.648174],[86.117349,25.645895],[86.120103,25.644096],[86.123478,25.643925],[86.123705,25.641729],[86.121715,25.639901],[86.119525,25.636639],[86.120804,25.634831],[86.12102,25.634067],[86.120394,25.633204],[86.122189,25.632832],[86.123037,25.632168],[86.123872,25.63332],[86.126611,25.633623],[86.126711,25.634293],[86.123968,25.634659],[86.122281,25.634648],[86.122168,25.635699],[86.123626,25.638192],[86.125499,25.641548],[86.126649,25.642893],[86.125689,25.644416],[86.120933,25.645917],[86.117124,25.647805],[86.116475,25.649999],[86.117309,25.651342],[86.118034,25.653067],[86.117923,25.65383],[86.118871,25.653932],[86.118971,25.654697],[86.116862,25.65478],[86.114431,25.65553],[86.114423,25.656676],[86.118953,25.657181],[86.121483,25.657197],[86.122656,25.655484]]]]}},{"type":"Feature","properties":{"name":"Asan Conservation Reserve","kind":"wetland","ramsarid":2437,"area_km2":4.4,"source":"Ramsar Sites Information Service"},"geometry":{"type":"MultiPolygon","coordinates":[[[[77.676409,30.444075],[77.680168,30.444538],[77.681079,30.44327],[77.678718,30.442798],[77.677613,30.441251],[77.677819,30.44096],[77.677834,30.440941],[77.677871,30.440871],[77.678158,30.440609],[77.67818,30.440578],[77.678309,30.440244],[77.678316,30.440232],[77.678344,30.440178],[77.678554,30.439681],[77.678751,30.43934],[77.678938,30.439062],[77.678938,30.439034],[77.678938,30.439011],[77.678939,30.438993],[77.679123,30.438384],[77.679129,30.438362],[77.678996,30.43817],[77.678984,30.438159],[77.67864,30.438079],[77.678627,30.438073],[77.678049,30.437565],[77.678,30.437501],[77.678016,30.437433],[77.678295,30.437185],[77.678308,30.437163],[77.678595,30.436853],[77.678621,30.436836],[77.678646,30.436798],[77.678921,30.436618],[77.678946,30.436596],[77.678965,30.436574],[77.679301,30.436222],[77.67932,30.436195],[77.67932,30.436179],[77.679697,30.436062],[77.679797,30.43603],[77.680284,30.435859],[77.680309,30.435843],[77.680754,30.435723],[77.680742,30.435644],[77.68077,30.435498],[77.680764,30.435476],[77.680654,30.435178],[77.680641,30.435156],[77.680695,30.43506],[77.680823,30.435128],[77.681098,30.435302],[77.681345,30.435274],[77.681568,30.435188],[77.681812,30.434813],[77.681816,30.434718],[77.681722,30.43462],[77.681701,30.434621],[77.681655,30.43461],[77.681603,30.434593],[77.681577,30.434587],[77.681479,30.434559],[77.681473,30.434559],[77.681433,30.434547],[77.681355,30.434525],[77.681296,30.434513],[77.68112,30.434462],[77.681114,30.434456],[77.681095,30.434439],[77.681011,30.434248],[77.681018,30.434093],[77.681018,30.434087],[77.681013,30.434058],[77.681015,30.434029],[77.681055,30.433857],[77.681069,30.433834],[77.681077,30.433806],[77.681155,30.433624],[77.681155,30.433608],[77.681175,30.433574],[77.681268,30.433523],[77.681301,30.433517],[77.681333,30.433506],[77.681366,30.4335],[77.681549,30.433438],[77.681575,30.433427],[77.681601,30.433416],[77.681715,30.433404],[77.68203,30.433335],[77.682474,30.433277],[77.682726,30.433198],[77.682806,30.433187],[77.682831,30.433187],[77.682892,30.433182],[77.682947,30.433172],[77.682972,30.433166],[77.68307,30.433135],[77.683095,30.433124],[77.683198,30.433056],[77.683259,30.433014],[77.683461,30.432967],[77.683547,30.432951],[77.68359,30.432946],[77.683627,30.432941],[77.683927,30.432931],[77.68417,30.432905],[77.684692,30.432847],[77.684996,30.432737],[77.685212,30.432621],[77.685244,30.432593],[77.685797,30.432197],[77.686308,30.431627],[77.68641,30.431517],[77.686424,30.431505],[77.686437,30.431482],[77.686521,30.431338],[77.686528,30.431327],[77.686548,30.431304],[77.686562,30.431281],[77.686582,30.431253],[77.686609,30.431131],[77.68667,30.430924],[77.686764,30.430881],[77.686783,30.43087],[77.686827,30.430854],[77.686878,30.430838],[77.686884,30.430838],[77.686959,30.430838],[77.686997,30.430838],[77.687034,30.430838],[77.687078,30.430838],[77.687091,30.430838],[77.687122,30.430837],[77.687222,30.430843],[77.687241,30.430843],[77.687297,30.430848],[77.687347,30.430848],[77.68736,30.430854],[77.687454,30.43087],[77.687479,30.430875],[77.68751,30.430875],[77.687523,30.430875],[77.687548,30.430881],[77.687573,30.430886],[77.687598,30.430897],[77.68771,30.430897],[77.687748,30.430886],[77.687786,30.430881],[77.687836,30.430881],[77.687936,30.430848],[77.687967,30.430832],[77.688024,30.430794],[77.688167,30.43075],[77.688186,30.43075],[77.688242,30.430734],[77.688304,30.430718],[77.688348,30.430713],[77.688622,30.430637],[77.688653,30.430626],[77.688715,30.430599],[77.688852,30.43053],[77.688902,30.430514],[77.688988,30.430481],[77.689291,30.430364],[77.689563,30.430326],[77.689601,30.430326],[77.68965,30.430326],[77.689669,30.430326],[77.689694,30.430331],[77.689954,30.430337],[77.690022,30.430337],[77.690072,30.430337],[77.690437,30.430315],[77.690487,30.43031],[77.690524,30.430305],[77.690857,30.430257],[77.690888,30.430246],[77.690967,30.430214],[77.69101,30.430203],[77.691053,30.430182],[77.691179,30.430081],[77.691202,30.43006],[77.691213,30.430034],[77.691231,30.430013],[77.691259,30.429965],[77.691773,30.429823],[77.69205,30.429739],[77.69234,30.429655],[77.692435,30.429576],[77.692879,30.429428],[77.69291,30.429423],[77.692974,30.429417],[77.693032,30.429406],[77.693172,30.429357],[77.693242,30.429329],[77.693293,30.429307],[77.693478,30.429253],[77.693523,30.429247],[77.693555,30.429242],[77.693612,30.429236],[77.69365,30.429225],[77.69388,30.429252],[77.693931,30.429258],[77.694001,30.429263],[77.694301,30.429318],[77.69432,30.429318],[77.694634,30.429373],[77.694678,30.429373],[77.694742,30.429384],[77.695178,30.429489],[77.695217,30.429494],[77.695517,30.429704],[77.695704,30.430363],[77.695819,30.430716],[77.696315,30.431007],[77.696756,30.43118],[77.697084,30.431294],[77.697456,30.431434],[77.698018,30.43151],[77.698535,30.431537],[77.699262,30.431526],[77.699974,30.431369],[77.700303,30.431277],[77.700569,30.431077],[77.701146,30.430851],[77.70195,30.430626],[77.702025,30.430616],[77.702681,30.430541],[77.702731,30.430525],[77.703211,30.430493],[77.703255,30.430493],[77.70328,30.430493],[77.703548,30.43051],[77.704517,30.430851],[77.705181,30.431103],[77.7052,30.431103],[77.705244,30.431114],[77.7056,30.431189],[77.705619,30.431189],[77.706182,30.431194],[77.706658,30.431291],[77.70753,30.431382],[77.707972,30.431458],[77.708843,30.431549],[77.709577,30.431527],[77.709602,30.431522],[77.710047,30.431484],[77.71016,30.431489],[77.710341,30.431457],[77.710672,30.43136],[77.711551,30.431279],[77.712151,30.43122],[77.712734,30.43113],[77.713114,30.431161],[77.713448,30.43116],[77.713905,30.431127],[77.714293,30.431014],[77.714719,30.43089],[77.715306,30.430745],[77.7156,30.430756],[77.716125,30.430702],[77.716812,30.430627],[77.717515,30.430509],[77.718203,30.430362],[77.718948,30.43017],[77.719477,30.429963],[77.72023,30.429765],[77.720627,30.429604],[77.721113,30.429407],[77.721506,30.429175],[77.721876,30.429051],[77.7223,30.428851],[77.722426,30.428784],[77.722469,30.428749],[77.722482,30.42874],[77.722503,30.428733],[77.722063,30.426945],[77.721975,30.426973],[77.721824,30.426973],[77.721247,30.426971],[77.720037,30.427142],[77.71931,30.427332],[77.718888,30.427541],[77.718535,30.427655],[77.717465,30.427656],[77.715548,30.42761],[77.714328,30.427628],[77.713589,30.427581],[77.71332,30.427658],[77.712246,30.427878],[77.711402,30.428042],[77.710691,30.427898],[77.709858,30.427706],[77.709034,30.427437],[77.708843,30.427335],[77.708634,30.427211],[77.708612,30.427192],[77.708469,30.427021],[77.708436,30.426973],[77.708414,30.426925],[77.708293,30.426763],[77.708282,30.426754],[77.707674,30.426486],[77.706942,30.426105],[77.706113,30.425905],[77.706069,30.425905],[77.705439,30.425847],[77.705361,30.425847],[77.705317,30.425847],[77.704952,30.425856],[77.704918,30.425866],[77.704852,30.425885],[77.70483,30.425885],[77.704575,30.425981],[77.704531,30.425991],[77.704476,30.426019],[77.704442,30.426038],[77.704232,30.426153],[77.704199,30.426162],[77.704144,30.426191],[77.703823,30.426248],[77.703745,30.426248],[77.703668,30.426248],[77.703612,30.426248],[77.703468,30.426239],[77.703435,30.426229],[77.703369,30.42622],[77.703302,30.42622],[77.703258,30.42621],[77.703169,30.42621],[77.703081,30.42621],[77.702716,30.426172],[77.702605,30.426172],[77.702516,30.426172],[77.702162,30.426211],[77.702107,30.42622],[77.70172,30.426344],[77.701474,30.426582],[77.701276,30.426658],[77.701097,30.426754],[77.700807,30.426831],[77.700773,30.426831],[77.700493,30.426782],[77.700471,30.426772],[77.699833,30.426569],[77.699433,30.426482],[77.6994,30.426482],[77.699333,30.426472],[77.699277,30.426462],[77.69921,30.426453],[77.699143,30.426443],[77.698885,30.426328],[77.69884,30.426299],[77.698806,30.426261],[77.698454,30.425946],[77.698409,30.425918],[77.698364,30.425889],[77.698319,30.425871],[77.698083,30.425776],[77.698027,30.425776],[77.697982,30.425766],[77.697926,30.425766],[77.697904,30.425766],[77.697547,30.425767],[77.697491,30.425767],[77.697424,30.425777],[77.697079,30.425843],[77.697035,30.425862],[77.696991,30.425881],[77.696935,30.42591],[77.696769,30.425967],[77.696713,30.425976],[77.696669,30.425976],[77.696591,30.425976],[77.696357,30.425966],[77.696312,30.425957],[77.696279,30.425957],[77.696111,30.425918],[77.696067,30.425909],[77.696011,30.425899],[77.695977,30.425899],[77.695754,30.425841],[77.695687,30.425832],[77.695632,30.425822],[77.695587,30.425813],[77.69523,30.425803],[77.695174,30.425803],[77.694639,30.42586],[77.694572,30.425869],[77.694036,30.425964],[77.693232,30.426099],[77.692941,30.426234],[77.692158,30.426339],[77.692114,30.426339],[77.691599,30.42629],[77.691065,30.426291],[77.690359,30.426408],[77.689582,30.426724],[77.688948,30.426926],[77.688368,30.427137],[77.687533,30.427195],[77.687022,30.427234],[77.686699,30.427253],[77.686632,30.427445],[77.686353,30.427627],[77.685563,30.427704],[77.684848,30.4278],[77.684259,30.427915],[77.68361,30.428034],[77.683521,30.428025],[77.683408,30.428015],[77.682512,30.427928],[77.68135,30.427861],[77.680704,30.428078],[77.680682,30.428088],[77.680088,30.42831],[77.68001,30.428367],[77.679696,30.428751],[77.679673,30.428789],[77.679662,30.428818],[77.679695,30.429165],[77.67983,30.429493],[77.679796,30.429628],[77.679448,30.429628],[77.679425,30.429628],[77.678853,30.429562],[77.677424,30.429396],[77.677368,30.429387],[77.677334,30.429387],[77.676851,30.429406],[77.676323,30.429484],[77.675908,30.429609],[77.675728,30.42957],[77.675312,30.429454],[77.675245,30.429454],[77.674695,30.429338],[77.674616,30.429329],[77.6741,30.429243],[77.673627,30.429783],[77.673412,30.430111],[77.672839,30.430257],[77.672429,30.430366],[77.672263,30.430341],[77.671834,30.4302],[77.671815,30.430191],[77.671795,30.430173],[77.671323,30.430067],[77.671313,30.430063],[77.671299,30.430054],[77.670939,30.429968],[77.670768,30.429846],[77.670433,30.429869],[77.670413,30.429875],[77.670397,30.42988],[77.670132,30.43006],[77.670122,30.430066],[77.67011,30.430255],[77.670091,30.43027],[77.669842,30.430544],[77.669688,30.430653],[77.66953,30.430654],[77.669161,30.430888],[77.66915,30.430898],[77.668867,30.431025],[77.668434,30.431056],[77.668179,30.431012],[77.668172,30.431008],[77.668067,30.43086],[77.668101,30.43066],[77.667569,30.430714],[77.667135,30.430846],[77.66635,30.431418],[77.665565,30.43198],[77.66551,30.432344],[77.66545,30.432741],[77.665438,30.433115],[77.665309,30.433557],[77.665164,30.433856],[77.664749,30.433925],[77.664408,30.433871],[77.662623,30.434002],[77.661647,30.433902],[77.660272,30.433868],[77.659066,30.433702],[77.659002,30.433857],[77.659631,30.434345],[77.660551,30.43514],[77.660405,30.437481],[77.660218,30.439058],[77.660342,30.440669],[77.66105,30.441739],[77.663488,30.442574],[77.665716,30.443446],[77.667032,30.444004],[77.66768,30.444292],[77.668166,30.444365],[77.668661,30.444438],[77.670568,30.444278],[77.673248,30.444034],[77.674874,30.443887],[77.676409,30.444075]]]]}},{"type":"Feature","properties":{"name":"Satkosia Gorge","kind":"wetland","ramsarid":2470,"area_km2":982.0,"source":"Ramsar Sites Information Service"},"geometry":{"type":"Polygon","coordinates":[[[84.768578,20.719734],[84.769875,20.719446],[84.772369,20.720451],[84.773422,20.72117],[84.775574,20.720692],[84.777687,20.720451],[84.7808,20.721266],[84.782288,20.721409],[84.783005,20.721313],[84.783722,20.720787],[84.784302,20.719975],[84.784393,20.718586],[84.783913,20.716192],[84.783646,20.713726],[84.786766,20.711763],[84.783836,20.708319],[84.785851,20.705589],[84.788162,20.703363],[84.794632,20.70006],[84.79612,20.701353],[84.797791,20.708532],[84.797745,20.709154],[84.796928,20.710543],[84.795746,20.713978],[84.796082,20.718908],[84.797379,20.724651],[84.797806,20.724699],[84.801979,20.723839],[84.803657,20.723667],[84.80444,20.723185],[84.806931,20.722706],[84.808176,20.722802],[84.809374,20.723281],[84.810331,20.724287],[84.810667,20.725292],[84.810762,20.726586],[84.811385,20.727352],[84.812701,20.728016],[84.815453,20.727356],[84.817566,20.72707],[84.817993,20.727165],[84.824654,20.730659],[84.828636,20.732239],[84.829353,20.732861],[84.831543,20.737011],[84.834229,20.736868],[84.837395,20.736389],[84.837822,20.737011],[84.842133,20.740217],[84.842186,20.741032],[84.843666,20.741606],[84.845154,20.742468],[84.845871,20.743235],[84.846161,20.743904],[84.846306,20.74534],[84.845779,20.747015],[84.844292,20.749073],[84.843681,20.749596],[84.842377,20.750208],[84.839844,20.751989],[84.838783,20.753023],[84.838402,20.75366],[84.838013,20.755489],[84.842422,20.75561],[84.842842,20.754724],[84.843758,20.753426],[84.846069,20.751093],[84.847908,20.748095],[84.848137,20.747421],[84.848938,20.746813],[84.850601,20.746365],[84.851562,20.746269],[84.852074,20.746557],[84.851845,20.745823],[84.852371,20.745148],[84.852692,20.743235],[84.854347,20.740635],[84.856186,20.740202],[84.857086,20.739414],[84.857033,20.736021],[84.857224,20.734245],[84.857613,20.732277],[84.857956,20.7313],[84.858345,20.730776],[84.858765,20.7304],[84.859482,20.730085],[84.862762,20.728979],[84.864677,20.727798],[84.86705,20.726936],[84.86824,20.726706],[84.868958,20.726217],[84.869316,20.725712],[84.870155,20.723536],[84.870911,20.722448],[84.871025,20.721666],[84.870865,20.721054],[84.87159,20.720621],[84.873856,20.719671],[84.876266,20.719194],[84.878502,20.718952],[84.883614,20.714993],[84.885475,20.714081],[84.887184,20.712694],[84.888329,20.712299],[84.891884,20.71253],[84.895775,20.713442],[84.897163,20.713243],[84.899338,20.712648],[84.901321,20.711779],[84.903824,20.7115],[84.905365,20.711025],[84.906792,20.710035],[84.9104,20.709284],[84.912346,20.708651],[84.913361,20.708122],[84.915108,20.706303],[84.917603,20.705193],[84.919067,20.704044],[84.921608,20.703808],[84.929794,20.699862],[84.933525,20.698673],[84.936699,20.698992],[84.939117,20.698555],[84.94371,20.696575],[84.945061,20.696535],[84.946526,20.696814],[84.948586,20.697763],[84.948906,20.69628],[84.949684,20.694513],[84.95018,20.69416],[84.95163,20.693703],[84.953995,20.691797],[84.954208,20.691479],[84.954208,20.69095],[84.953537,20.691055],[84.953362,20.69095],[84.953362,20.690739],[84.954857,20.689419],[84.95623,20.686596],[84.957222,20.685747],[84.957787,20.684725],[84.958214,20.684338],[84.959518,20.684126],[84.959732,20.683949],[84.960052,20.681805],[84.960365,20.680746],[84.962349,20.67831],[84.962349,20.678028],[84.962067,20.677887],[84.960403,20.678205],[84.960121,20.677994],[84.960052,20.677464],[84.960861,20.676512],[84.96344,20.67457],[84.963722,20.674006],[84.963974,20.671934],[84.964607,20.671017],[84.96521,20.669498],[84.965355,20.668264],[84.965988,20.667418],[84.966446,20.66643],[84.965561,20.665476],[84.965385,20.664818],[84.965561,20.664183],[84.965317,20.662664],[84.965034,20.661888],[84.963829,20.659912],[84.963799,20.65917],[84.964958,20.656101],[84.968155,20.651772],[84.970032,20.650183],[84.973671,20.646584],[84.974998,20.645508],[84.975906,20.644981],[84.977951,20.643993],[84.979362,20.643957],[84.98085,20.644312],[84.981796,20.644049],[84.983818,20.643005],[84.985161,20.641947],[84.98848,20.64064],[84.990868,20.63854],[84.993904,20.638613],[84.995422,20.637941],[84.996483,20.637659],[84.999031,20.637484],[84.999916,20.63759],[85.003929,20.636782],[85.005135,20.636118],[85.005898,20.634867],[85.005875,20.634253],[85.004669,20.634228],[85.004494,20.633896],[85.004951,20.633232],[85.00592,20.632517],[85.006409,20.632389],[85.006943,20.632416],[85.007019,20.632542],[85.006744,20.633436],[85.006821,20.634253],[85.009117,20.636118],[85.010033,20.637087],[85.010574,20.637419],[85.01088,20.637342],[85.010498,20.636372],[85.01075,20.636192],[85.011009,20.636295],[85.012619,20.638414],[85.013153,20.638618],[85.014481,20.638414],[85.018402,20.636265],[85.019836,20.634989],[85.020905,20.634809],[85.021469,20.634478],[85.022316,20.63315],[85.02285,20.631542],[85.024429,20.629963],[85.025047,20.630318],[85.02597,20.63139],[85.028023,20.632948],[85.028557,20.633581],[85.029434,20.635481],[85.031479,20.639084],[85.033089,20.638159],[85.034309,20.63772],[85.036598,20.636356],[85.038208,20.635773],[85.041031,20.63582],[85.041809,20.635675],[85.04274,20.635139],[85.044586,20.633678],[85.046928,20.63139],[85.047951,20.630854],[85.050552,20.630289],[85.051575,20.629658],[85.054207,20.626736],[85.055138,20.626295],[85.056351,20.625031],[85.060249,20.623714],[85.062202,20.622253],[85.069832,20.62064],[85.071243,20.617718],[85.072945,20.615379],[85.074066,20.613529],[85.077385,20.613382],[85.079498,20.615297],[85.081688,20.61668],[85.084587,20.616915],[85.085976,20.616583],[85.088043,20.615316],[85.089714,20.615122],[85.09137,20.614513],[85.091637,20.614203],[85.093597,20.613089],[85.093956,20.612526],[85.094131,20.611813],[85.09404,20.611412],[85.092659,20.61021],[85.092484,20.609364],[85.092751,20.608385],[85.092751,20.607718],[85.089317,20.605045],[85.088654,20.604244],[85.088249,20.602375],[85.088295,20.600149],[85.088654,20.598412],[85.087982,20.596632],[85.088028,20.595608],[85.087631,20.594316],[85.087181,20.593782],[85.08297,20.591316],[85.082588,20.590742],[85.081535,20.587393],[85.080269,20.585836],[85.078712,20.584387],[85.077545,20.581444],[85.077133,20.58087],[85.076294,20.580461],[85.07589,20.580341],[85.07412,20.580702],[85.072731,20.581491],[85.071243,20.583454],[85.070717,20.58355],[85.069809,20.582878],[85.069374,20.581612],[85.067001,20.581276],[85.06691,20.580772],[85.067146,20.578045],[85.066864,20.577566],[85.065422,20.577421],[85.064468,20.577494],[85.060242,20.577072],[85.058098,20.577171],[85.05735,20.576921],[85.055,20.579864],[85.053307,20.581558],[85.049919,20.584051],[85.048447,20.584612],[85.047554,20.584761],[85.045006,20.584612],[85.042709,20.584761],[85.042015,20.585159],[85.040665,20.585558],[85.03907,20.585258],[85.03717,20.584412],[85.036125,20.584711],[85.035332,20.585508],[85.03418,20.587303],[85.033783,20.587454],[85.032135,20.587303],[85.031487,20.587402],[85.030891,20.588001],[85.029739,20.588551],[85.029289,20.588598],[85.024506,20.587503],[85.022957,20.587303],[85.018852,20.586252],[85.009819,20.584291],[85.000114,20.582308],[84.997284,20.58143],[84.991898,20.580221],[84.988922,20.57937],[84.988808,20.578165],[84.988968,20.576723],[84.988892,20.574463],[84.988068,20.572317],[84.983345,20.566196],[84.981979,20.564636],[84.980377,20.568535],[84.978661,20.570759],[84.977577,20.571817],[84.97699,20.572325],[84.976311,20.572308],[84.976845,20.57053],[84.976059,20.56921],[84.976372,20.568645],[84.97612,20.567671],[84.976189,20.566759],[84.975616,20.566099],[84.975082,20.565063],[84.973885,20.564182],[84.972946,20.563948],[84.972229,20.563213],[84.971954,20.562651],[84.971786,20.560877],[84.971588,20.560577],[84.969925,20.560358],[84.9692,20.558605],[84.968582,20.558229],[84.96666,20.558212],[84.966301,20.558016],[84.966019,20.557016],[84.966003,20.555759],[84.965736,20.55525],[84.965149,20.554693],[84.964935,20.553858],[84.964623,20.553333],[84.963692,20.552319],[84.962311,20.551401],[84.961525,20.54986],[84.960075,20.548914],[84.959648,20.54829],[84.959503,20.547733],[84.959534,20.546555],[84.959061,20.545555],[84.959007,20.54431],[84.95916,20.542852],[84.959435,20.541939],[84.959435,20.541121],[84.958275,20.539761],[84.958046,20.539186],[84.958176,20.537712],[84.956596,20.535063],[84.955414,20.533899],[84.954971,20.533817],[84.953773,20.534178],[84.953072,20.534081],[84.951645,20.533703],[84.949966,20.532982],[84.949806,20.532621],[84.949806,20.53244],[84.950989,20.531982],[84.951363,20.530737],[84.952217,20.530344],[84.9524,20.530083],[84.952286,20.529755],[84.951279,20.529295],[84.951035,20.528378],[84.951187,20.527708],[84.952316,20.526005],[84.953384,20.526005],[84.953903,20.525743],[84.953941,20.524727],[84.953369,20.523792],[84.952942,20.522482],[84.952942,20.522024],[84.953285,20.521025],[84.95488,20.519375],[84.954895,20.517899],[84.955551,20.516785],[84.955452,20.516556],[84.95462,20.516785],[84.954025,20.516703],[84.952057,20.515211],[84.951797,20.514835],[84.951767,20.513344],[84.951271,20.512054],[84.951172,20.508579],[84.951317,20.507483],[84.951485,20.506762],[84.95237,20.505379],[84.95237,20.504871],[84.951973,20.503675],[84.953003,20.502216],[84.95327,20.500174],[84.953087,20.4995],[84.952316,20.498978],[84.952133,20.498404],[84.952202,20.498158],[84.95256,20.4977],[84.953255,20.497501],[84.953888,20.497536],[84.954086,20.497993],[84.953873,20.499239],[84.954056,20.499599],[84.954681,20.499517],[84.955643,20.499075],[84.9562,20.498632],[84.956314,20.497633],[84.955482,20.495684],[84.959274,20.489559],[84.962601,20.484694],[84.964142,20.481855],[84.969093,20.474316],[84.970474,20.472855],[84.972099,20.470343],[84.974594,20.465363],[84.975098,20.464884],[84.971115,20.463741],[84.969734,20.462973],[84.968834,20.462231],[84.968224,20.460852],[84.968193,20.460455],[84.968407,20.459127],[84.969284,20.457432],[84.970108,20.455177],[84.970421,20.453638],[84.970291,20.452923],[84.96711,20.450802],[84.964623,20.449797],[84.964096,20.449106],[84.962791,20.445341],[84.962479,20.444813],[84.962051,20.444521],[84.961411,20.444468],[84.957146,20.444891],[84.954758,20.444361],[84.953827,20.443911],[84.952126,20.44208],[84.951569,20.44171],[84.950485,20.441284],[84.945641,20.440134],[84.94474,20.439684],[84.942963,20.438251],[84.942116,20.437164],[84.941872,20.436131],[84.941925,20.435228],[84.943283,20.431782],[84.943283,20.430569],[84.94278,20.428207],[84.942932,20.426882],[84.943336,20.426006],[84.94445,20.424841],[84.945114,20.424389],[84.94548,20.42399],[84.945564,20.423594],[84.945297,20.422161],[84.944557,20.421366],[84.944023,20.421261],[84.943413,20.421366],[84.937813,20.4237],[84.934235,20.424814],[84.929619,20.426945],[84.927681,20.427473],[84.925797,20.427446],[84.923912,20.428959],[84.922935,20.429436],[84.922058,20.429411],[84.921608,20.429117],[84.920441,20.426785],[84.91954,20.426123],[84.919113,20.426228],[84.914444,20.430231],[84.912643,20.432463],[84.90284,20.434469],[84.899704,20.435724],[84.898949,20.435724],[84.896683,20.43516],[84.895302,20.435286],[84.892349,20.438173],[84.889236,20.441662],[84.887665,20.442917],[84.88678,20.443418],[84.88414,20.444422],[84.879745,20.446871],[84.878616,20.448313],[84.878174,20.449129],[84.876038,20.450321],[84.87516,20.451012],[84.872643,20.451891],[84.870384,20.453648],[84.869568,20.453836],[84.868813,20.453836],[84.868057,20.453461],[84.865608,20.450447],[84.864792,20.449694],[84.863403,20.449003],[84.8619,20.449507],[84.860641,20.450258],[84.859634,20.450636],[84.858658,20.450628],[84.857399,20.450127],[84.85482,20.449497],[84.853065,20.448746],[84.847282,20.445732],[84.845146,20.444414],[84.842697,20.44385],[84.840057,20.44297],[84.838615,20.44297],[84.835159,20.443411],[84.83252,20.442783],[84.828514,20.44343],[84.826675,20.444202],[84.82431,20.445892],[84.821983,20.44652],[84.821114,20.447002],[84.820488,20.447824],[84.820198,20.448692],[84.819374,20.454199],[84.818787,20.45645],[84.817764,20.458767],[84.817909,20.459249],[84.819656,20.461472],[84.821106,20.464079],[84.822891,20.466852],[84.823669,20.468592],[84.824249,20.471924],[84.824783,20.473082],[84.826279,20.473614],[84.8302,20.473448],[84.830399,20.474606],[84.830345,20.475765],[84.82885,20.477215],[84.827156,20.478228],[84.826721,20.47871],[84.826286,20.480305],[84.826286,20.480885],[84.826767,20.481802],[84.828072,20.483105],[84.828941,20.485229],[84.831032,20.486467],[84.831078,20.48695],[84.82972,20.48724],[84.829094,20.48782],[84.828033,20.489557],[84.827835,20.490812],[84.826431,20.496077],[84.824783,20.499487],[84.824295,20.500015],[84.823914,20.500349],[84.817642,20.502359],[84.816254,20.502964],[84.813972,20.504419],[84.813232,20.505201],[84.812592,20.506195],[84.812019,20.506586],[84.809799,20.507273],[84.80941,20.507698],[84.809303,20.508089],[84.809586,20.508905],[84.809624,20.510115],[84.807739,20.51292],[84.80571,20.514874],[84.805359,20.515833],[84.805496,20.517572],[84.805145,20.518],[84.804291,20.518425],[84.802605,20.517515],[84.801582,20.517424],[84.800987,20.517548],[84.799332,20.518547],[84.798485,20.518517],[84.797585,20.518982],[84.795967,20.518112],[84.793915,20.518423],[84.792328,20.517958],[84.790871,20.517988],[84.790298,20.517834],[84.790916,20.514305],[84.795189,20.513239],[84.795753,20.511356],[84.79615,20.507889],[84.797005,20.503626],[84.799141,20.502312],[84.800987,20.501637],[84.801216,20.498558],[84.800751,20.496843],[84.799309,20.494156],[84.797127,20.488411],[84.796707,20.486015],[84.797035,20.482864],[84.797775,20.481846],[84.80014,20.479668],[84.800934,20.479389],[84.804268,20.480038],[84.804688,20.479992],[84.806496,20.478416],[84.808678,20.476192],[84.809052,20.475542],[84.808693,20.474123],[84.808556,20.472687],[84.807953,20.470509],[84.80619,20.468145],[84.806465,20.466894],[84.804192,20.463188],[84.803909,20.462326],[84.803078,20.461353],[84.803123,20.461121],[84.803864,20.460936],[84.805305,20.459869],[84.805717,20.45973],[84.80632,20.460148],[84.807343,20.460381],[84.808784,20.460287],[84.809433,20.45973],[84.810036,20.458202],[84.810547,20.4557],[84.810455,20.455118],[84.809669,20.453449],[84.809853,20.451225],[84.809669,20.450438],[84.809341,20.449837],[84.808411,20.449001],[84.807625,20.448723],[84.806328,20.448862],[84.804886,20.449465],[84.803078,20.449974],[84.80085,20.450298],[84.798256,20.449417],[84.792221,20.446917],[84.790596,20.446547],[84.790016,20.445784],[84.789551,20.445459],[84.788712,20.445272],[84.788155,20.444948],[84.78653,20.442633],[84.784073,20.440731],[84.783424,20.440361],[84.781334,20.439898],[84.778603,20.438231],[84.776649,20.436129],[84.776466,20.43585],[84.776695,20.435572],[84.778687,20.435341],[84.779526,20.435062],[84.781517,20.433905],[84.78537,20.432699],[84.785927,20.432327],[84.786804,20.429918],[84.788155,20.42839],[84.788574,20.427139],[84.787552,20.425623],[84.786438,20.425114],[84.784256,20.424187],[84.777992,20.422333],[84.777901,20.421869],[84.778046,20.419739],[84.77771,20.416948],[84.777199,20.415697],[84.776695,20.414909],[84.776039,20.414307],[84.774422,20.413752],[84.771637,20.41324],[84.769897,20.413502],[84.767067,20.413269],[84.765114,20.412851],[84.76326,20.412018],[84.762383,20.411833],[84.760803,20.411833],[84.758713,20.412527],[84.755005,20.412575],[84.753143,20.413038],[84.751938,20.41313],[84.751198,20.41276],[84.750038,20.411694],[84.749504,20.411469],[84.748795,20.410858],[84.748398,20.409355],[84.748093,20.408981],[84.744972,20.408535],[84.743256,20.408558],[84.742264,20.408417],[84.741402,20.408066],[84.740608,20.405729],[84.739082,20.402443],[84.738281,20.401573],[84.736572,20.401245],[84.733376,20.401175],[84.731468,20.402536],[84.729546,20.403028],[84.728584,20.403545],[84.727669,20.404203],[84.725204,20.406614],[84.723511,20.407532],[84.723206,20.408047],[84.723183,20.408657],[84.720085,20.409058],[84.718742,20.409456],[84.714493,20.411991],[84.713158,20.41218],[84.710854,20.411968],[84.710381,20.411615],[84.710312,20.411053],[84.710899,20.408644],[84.71125,20.407986],[84.715126,20.406109],[84.71595,20.405451],[84.716064,20.404745],[84.715881,20.403667],[84.715508,20.402679],[84.714821,20.401648],[84.714638,20.400543],[84.714119,20.400215],[84.712196,20.399691],[84.710342,20.398893],[84.704964,20.397413],[84.703552,20.397297],[84.702591,20.39732],[84.70179,20.398071],[84.69928,20.399408],[84.697845,20.401499],[84.694649,20.403259],[84.692421,20.403086],[84.683731,20.40177],[84.681076,20.40663],[84.688728,20.406563],[84.691566,20.405882],[84.692322,20.406422],[84.69455,20.407196],[84.697845,20.407524],[84.699677,20.40797],[84.700874,20.407902],[84.701157,20.409637],[84.698456,20.409287],[84.696083,20.410578],[84.694626,20.410694],[84.691483,20.410366],[84.687279,20.410273],[84.684906,20.409733],[84.684387,20.40992],[84.68338,20.411282],[84.680962,20.41147],[84.680443,20.4114],[84.680206,20.410789],[84.680161,20.410177],[84.680557,20.408018],[84.676987,20.408136],[84.676445,20.408535],[84.676376,20.410366],[84.676239,20.410555],[84.674568,20.410366],[84.673393,20.409943],[84.673019,20.410013],[84.671516,20.412104],[84.670906,20.412714],[84.670486,20.412855],[84.667969,20.411728],[84.666443,20.411282],[84.662704,20.409569],[84.659157,20.408253],[84.657143,20.407761],[84.654648,20.40682],[84.651833,20.405083],[84.648666,20.404732],[84.646057,20.406046],[84.643661,20.406162],[84.64286,20.406351],[84.641663,20.407713],[84.640297,20.40966],[84.638702,20.4114],[84.638161,20.411539],[84.637436,20.411493],[84.636261,20.410976],[84.634315,20.411001],[84.632034,20.411987],[84.630249,20.412222],[84.629166,20.411987],[84.627007,20.411072],[84.626305,20.411049],[84.625648,20.411118],[84.623299,20.411869],[84.622307,20.412668],[84.621582,20.412926],[84.620972,20.41288],[84.620125,20.412197],[84.616272,20.41227],[84.6138,20.412954],[84.612511,20.412907],[84.611023,20.413578],[84.609489,20.413816],[84.609245,20.413673],[84.608818,20.412954],[84.608383,20.412907],[84.608002,20.412476],[84.607239,20.410751],[84.606995,20.409794],[84.607094,20.408739],[84.610016,20.406918],[84.610451,20.406248],[84.610687,20.405434],[84.610451,20.403948],[84.609535,20.402798],[84.6092,20.402607],[84.608719,20.403517],[84.608002,20.404188],[84.606804,20.404284],[84.60556,20.403755],[84.605362,20.403517],[84.605461,20.402943],[84.607376,20.402464],[84.607956,20.402081],[84.608002,20.400883],[84.607811,20.400402],[84.607376,20.400021],[84.605507,20.399157],[84.603737,20.398054],[84.600906,20.397242],[84.599998,20.397144],[84.599136,20.397097],[84.597595,20.39748],[84.59568,20.399157],[84.592949,20.401217],[84.590218,20.40299],[84.592133,20.407015],[84.594063,20.410301],[84.594688,20.412025],[84.59478,20.414709],[84.59536,20.415714],[84.5979,20.418943],[84.599953,20.418938],[84.603188,20.419201],[84.605659,20.419163],[84.606041,20.419313],[84.606453,20.419689],[84.607315,20.421303],[84.60923,20.423517],[84.61068,20.425785],[84.611809,20.426498],[84.61496,20.426874],[84.615639,20.427061],[84.615974,20.427324],[84.617889,20.429651],[84.619316,20.431904],[84.620178,20.433592],[84.62101,20.432091],[84.621681,20.431229],[84.624313,20.430101],[84.625999,20.429613],[84.627846,20.429577],[84.630997,20.430628],[84.631371,20.430628],[84.633629,20.427851],[84.636871,20.424936],[84.637779,20.424824],[84.639694,20.425161],[84.640968,20.425049],[84.642059,20.424824],[84.6436,20.42411],[84.644836,20.423735],[84.647202,20.423622],[84.648026,20.422722],[84.648407,20.422607],[84.650993,20.423021],[84.652802,20.423134],[84.656418,20.422729],[84.65728,20.42288],[84.658821,20.424044],[84.660065,20.423704],[84.661224,20.423742],[84.663406,20.424118],[84.665283,20.423704],[84.667068,20.424726],[84.668678,20.425138],[84.669693,20.425701],[84.67157,20.427652],[84.672287,20.428179],[84.673378,20.428478],[84.673904,20.428928],[84.675491,20.432806],[84.676727,20.433105],[84.678009,20.433144],[84.679245,20.432732],[84.68026,20.432093],[84.682137,20.431906],[84.682739,20.432055],[84.683228,20.435772],[84.683456,20.436447],[84.684395,20.437122],[84.685669,20.437723],[84.686234,20.437948],[84.688072,20.438061],[84.689239,20.43881],[84.691353,20.439774],[84.69165,20.440487],[84.691803,20.441576],[84.691765,20.442476],[84.691498,20.443302],[84.690826,20.444015],[84.689735,20.444429],[84.688309,20.444391],[84.687859,20.447168],[84.69278,20.449045],[84.693192,20.449232],[84.693192,20.449457],[84.691429,20.452272],[84.691574,20.4534],[84.692139,20.454599],[84.691162,20.455502],[84.690865,20.456026],[84.690407,20.45801],[84.687172,20.458273],[84.686607,20.45846],[84.686157,20.458948],[84.685486,20.459248],[84.682556,20.459173],[84.683418,20.460186],[84.683495,20.4615],[84.683907,20.462025],[84.685143,20.462551],[84.686569,20.462252],[84.687096,20.462326],[84.688416,20.463039],[84.688675,20.464766],[84.688484,20.465816],[84.688904,20.466379],[84.689468,20.466642],[84.691978,20.467054],[84.693031,20.467468],[84.694199,20.468632],[84.694801,20.470621],[84.693855,20.472235],[84.693855,20.473061],[84.694946,20.475086],[84.694908,20.476881],[84.695061,20.477781],[84.696449,20.479959],[84.696602,20.481159],[84.697128,20.482924],[84.697243,20.484163],[84.697128,20.485025],[84.697464,20.487728],[84.696754,20.488592],[84.696335,20.490543],[84.697952,20.491331],[84.700058,20.494448],[84.700203,20.495049],[84.699539,20.4963],[84.698708,20.497087],[84.70153,20.497688],[84.703293,20.498964],[84.704079,20.499313],[84.705696,20.499678],[84.706367,20.500052],[84.708801,20.50215],[84.712463,20.504381],[84.713196,20.50556],[84.713242,20.506138],[84.712639,20.508144],[84.712517,20.509403],[84.714905,20.512789],[84.714256,20.515434],[84.713806,20.51878],[84.713478,20.519817],[84.713615,20.520243],[84.714455,20.521431],[84.714485,20.5224],[84.716743,20.521954],[84.717804,20.521317],[84.719666,20.521116],[84.72052,20.520149],[84.721504,20.519367],[84.723381,20.518364],[84.725372,20.518164],[84.726593,20.517363],[84.727364,20.517071],[84.729126,20.516567],[84.731949,20.516039],[84.735306,20.516075],[84.737602,20.516384],[84.743141,20.518501],[84.743614,20.518393],[84.744202,20.517992],[84.744888,20.517937],[84.745239,20.518412],[84.745293,20.519268],[84.745697,20.519688],[84.746391,20.51956],[84.747536,20.518156],[84.747955,20.517883],[84.749107,20.517845],[84.750198,20.518284],[84.751984,20.520041],[84.751938,20.520397],[84.751068,20.521151],[84.75087,20.521547],[84.753174,20.523453],[84.753647,20.524166],[84.754723,20.52611],[84.755989,20.529324],[84.75885,20.534006],[84.759209,20.534849],[84.75666,20.536434],[84.754547,20.536798],[84.746147,20.539454],[84.743019,20.540077],[84.741425,20.539906],[84.737137,20.537453],[84.736755,20.536655],[84.736511,20.535166],[84.734398,20.534679],[84.734222,20.534437],[84.734047,20.531977],[84.733772,20.53149],[84.732559,20.530727],[84.728882,20.52903],[84.728294,20.528612],[84.727455,20.529097],[84.721367,20.530233],[84.719322,20.530788],[84.71579,20.528517],[84.712906,20.526371],[84.710457,20.525942],[84.709503,20.5256],[84.709023,20.525246],[84.708061,20.523655],[84.707306,20.522999],[84.705917,20.522539],[84.704048,20.520357],[84.703224,20.52025],[84.701874,20.520905],[84.701042,20.521055],[84.700607,20.520878],[84.699928,20.519943],[84.699677,20.518581],[84.699829,20.51598],[84.70005,20.514845],[84.699242,20.513357],[84.699242,20.513081],[84.699692,20.512651],[84.701332,20.511843],[84.702293,20.511036],[84.702271,20.509975],[84.70192,20.507931],[84.701462,20.506668],[84.696053,20.504623],[84.689919,20.50326],[84.686073,20.505255],[84.676186,20.511948],[84.671967,20.515558],[84.668854,20.520208],[84.668312,20.520233],[84.665001,20.518394],[84.66436,20.518345],[84.659355,20.51906],[84.658417,20.520042],[84.657539,20.520369],[84.657318,20.520859],[84.657379,20.523161],[84.657272,20.523405],[84.656319,20.523813],[84.655807,20.525055],[84.655869,20.526134],[84.656075,20.526604],[84.655655,20.527815],[84.656281,20.528891],[84.656548,20.53207],[84.655876,20.532967],[84.656097,20.533815],[84.65432,20.536102],[84.654274,20.536383],[84.654366,20.538086],[84.654144,20.539595],[84.65419,20.540459],[84.655518,20.54265],[84.655464,20.5429],[84.654938,20.543427],[84.65477,20.544147],[84.654991,20.54512],[84.655663,20.545883],[84.656998,20.546967],[84.657082,20.548603],[84.657219,20.548908],[84.659996,20.550657],[84.660828,20.552296],[84.661583,20.552488],[84.664299,20.551907],[84.665054,20.551933],[84.666168,20.552395],[84.666557,20.553253],[84.666641,20.553921],[84.666618,20.556223],[84.66645,20.556807],[84.665146,20.557693],[84.665283,20.558638],[84.665642,20.558914],[84.666229,20.558943],[84.669777,20.557833],[84.67028,20.558027],[84.67025,20.558582],[84.668671,20.559416],[84.667923,20.560221],[84.667778,20.560802],[84.667999,20.561134],[84.668922,20.561607],[84.674995,20.561733],[84.675598,20.562014],[84.675995,20.562933],[84.676758,20.564093],[84.677521,20.564491],[84.678963,20.564932],[84.680237,20.565891],[84.681122,20.567211],[84.682075,20.569603],[84.682983,20.573387],[84.682808,20.573725],[84.682411,20.573956],[84.681473,20.574259],[84.681381,20.574667],[84.681725,20.575699],[84.681648,20.576231],[84.680496,20.577244],[84.679764,20.57818],[84.679741,20.578676],[84.680183,20.579742],[84.680008,20.58058],[84.679565,20.580915],[84.677948,20.581219],[84.677216,20.581644],[84.677055,20.58255],[84.677147,20.583565],[84.676758,20.584505],[84.676277,20.585163],[84.674126,20.586851],[84.673225,20.5877],[84.672066,20.589371],[84.670341,20.590757],[84.667748,20.59161],[84.666359,20.592426],[84.665947,20.593521],[84.666229,20.594643],[84.666252,20.595459],[84.66581,20.595833],[84.663757,20.596615],[84.663582,20.596882],[84.663673,20.597752],[84.664581,20.599422],[84.665558,20.600399],[84.666069,20.602371],[84.666847,20.604145],[84.666779,20.604715],[84.66658,20.604963],[84.666298,20.605017],[84.664307,20.604769],[84.66304,20.604876],[84.661942,20.605833],[84.660553,20.606277],[84.659348,20.607416],[84.657478,20.611094],[84.657173,20.612141],[84.657799,20.611729],[84.656639,20.612494],[84.656425,20.612621],[84.655365,20.612984],[84.654617,20.61344],[84.654884,20.619127],[84.656563,20.622919],[84.657036,20.623219],[84.657211,20.623516],[84.656097,20.623585],[84.656181,20.623949],[84.657402,20.625319],[84.657455,20.625589],[84.657387,20.626307],[84.656937,20.626455],[84.656761,20.62697],[84.656845,20.627106],[84.657478,20.627214],[84.658081,20.627766],[84.65818,20.629948],[84.658356,20.630718],[84.659035,20.631559],[84.659019,20.631748],[84.658554,20.631884],[84.658531,20.632088],[84.659721,20.633356],[84.659599,20.634426],[84.659058,20.634832],[84.658981,20.63566],[84.65876,20.635902],[84.659065,20.638886],[84.661491,20.638393],[84.663254,20.638287],[84.665192,20.638466],[84.66803,20.638357],[84.672157,20.63685],[84.677902,20.636206],[84.681625,20.63555],[84.686798,20.634903],[84.687912,20.634438],[84.688698,20.6339],[84.689995,20.633755],[84.695992,20.63179],[84.696411,20.633812],[84.697166,20.635031],[84.697823,20.635689],[84.699699,20.637003],[84.7005,20.638458],[84.701111,20.63921],[84.702148,20.6401],[84.703415,20.640945],[84.705261,20.641768],[84.70742,20.642284],[84.708832,20.642847],[84.70977,20.643599],[84.710426,20.644623],[84.711998,20.648273],[84.712891,20.649797],[84.716179,20.653172],[84.717163,20.655029],[84.717422,20.656296],[84.717445,20.658041],[84.718048,20.661188],[84.718269,20.661892],[84.718803,20.662483],[84.720665,20.663496],[84.72258,20.664959],[84.727058,20.667126],[84.729927,20.667322],[84.731026,20.667807],[84.731499,20.668097],[84.732429,20.669153],[84.733246,20.66955],[84.733299,20.670263],[84.732841,20.670732],[84.730385,20.670998],[84.728165,20.671577],[84.727875,20.671869],[84.727638,20.672688],[84.727402,20.675198],[84.727692,20.676069],[84.729301,20.676888],[84.731392,20.677496],[84.732132,20.677973],[84.732605,20.679239],[84.732552,20.679663],[84.731392,20.681494],[84.73024,20.683794],[84.727882,20.686661],[84.723282,20.688896],[84.720276,20.689762],[84.719162,20.690189],[84.71804,20.690901],[84.71727,20.691652],[84.717102,20.69281],[84.718819,20.698744],[84.719345,20.699455],[84.723763,20.702402],[84.724495,20.702667],[84.72657,20.702951],[84.727951,20.704048],[84.732559,20.706827],[84.732887,20.706968],[84.733719,20.706968],[84.733963,20.707132],[84.734413,20.707905],[84.734779,20.709875],[84.737442,20.712418],[84.737663,20.713392],[84.738014,20.713819],[84.739189,20.713922],[84.740768,20.713102],[84.743332,20.718201],[84.743942,20.720247],[84.744034,20.721205],[84.743919,20.721952],[84.743477,20.723072],[84.742401,20.725058],[84.741837,20.727978],[84.741486,20.73103],[84.74157,20.732975],[84.742317,20.733995],[84.743698,20.734858],[84.744415,20.735649],[84.744545,20.736816],[84.745049,20.738377],[84.746552,20.740147],[84.748192,20.743225],[84.748138,20.744282],[84.747826,20.745392],[84.746201,20.749842],[84.747269,20.751558],[84.749916,20.754087],[84.751419,20.754143],[84.753998,20.754517],[84.754539,20.755421],[84.75499,20.757706],[84.756233,20.759577],[84.756454,20.759707],[84.756973,20.758902],[84.759117,20.752928],[84.757896,20.75173],[84.7575,20.751099],[84.756493,20.748404],[84.755775,20.745531],[84.755341,20.742947],[84.755005,20.742039],[84.753181,20.741272],[84.7528,20.739981],[84.752609,20.736486],[84.752754,20.735624],[84.753235,20.734619],[84.756012,20.732225],[84.756592,20.73139],[84.756493,20.730099],[84.756111,20.728806],[84.756546,20.728422],[84.757072,20.728231],[84.757217,20.727753],[84.757263,20.725983],[84.758842,20.724499],[84.761581,20.722462],[84.768578,20.719734]],[[84.845085,20.706009],[84.844978,20.706065],[84.845135,20.705982],[84.845085,20.706009]]]}},{"type":"Feature","properties":{"name":"Pala Wetland","kind":"wetland","ramsarid":2484,"area_km2":18.5,"source":"Ramsar Sites Information Service"},"geometry":{"type":"MultiPolygon","coordinates":[[[[92.901388,22.212476],[92.901167,22.211587],[92.90171,22.211982],[92.902012,22.212377],[92.902308,22.212718],[92.902688,22.213018],[92.90319,22.212855],[92.90368,22.212856],[92.90396,22.213082],[92.904146,22.213284],[92.904395,22.213389],[92.904646,22.213341],[92.904853,22.213073],[92.905081,22.213052],[92.905423,22.213098],[92.905734,22.213249],[92.906166,22.213424],[92.906734,22.213331],[92.907348,22.213062],[92.90767,22.212639],[92.908286,22.212298],[92.909036,22.21198],[92.910162,22.211556],[92.911174,22.211852],[92.911945,22.212045],[92.913292,22.212162],[92.914506,22.211859],[92.915863,22.211467],[92.91735,22.210987],[92.919255,22.210097],[92.919339,22.208988],[92.919484,22.208077],[92.920327,22.206494],[92.921055,22.205729],[92.922332,22.204736],[92.92253,22.204422],[92.922274,22.204273],[92.921408,22.204633],[92.921017,22.204598],[92.920225,22.203835],[92.919768,22.203479],[92.919627,22.202833],[92.919979,22.202375],[92.920331,22.201992],[92.920812,22.201565],[92.921391,22.201101],[92.921388,22.200778],[92.921393,22.200424],[92.921407,22.200249],[92.921508,22.200074],[92.921566,22.199894],[92.921686,22.199687],[92.921741,22.199241],[92.921817,22.198834],[92.921899,22.19819],[92.921702,22.197575],[92.921421,22.197044],[92.921865,22.19646],[92.922918,22.195993],[92.923733,22.195406],[92.924281,22.194691],[92.924755,22.194199],[92.925393,22.193348],[92.925932,22.193071],[92.925464,22.19247],[92.925618,22.191882],[92.925243,22.191228],[92.925027,22.190421],[92.925068,22.189546],[92.924868,22.188491],[92.924723,22.187693],[92.924447,22.186963],[92.923997,22.185771],[92.923251,22.184794],[92.922817,22.184141],[92.922555,22.183494],[92.922265,22.182956],[92.921729,22.181958],[92.921437,22.181374],[92.920902,22.180842],[92.920421,22.180118],[92.919927,22.179489],[92.91942,22.178752],[92.918861,22.178112],[92.918388,22.177634],[92.917973,22.176687],[92.917704,22.176109],[92.917571,22.175178],[92.918012,22.174815],[92.918516,22.174332],[92.918972,22.173922],[92.919576,22.173405],[92.920388,22.172778],[92.920636,22.172365],[92.920974,22.171956],[92.921462,22.171548],[92.921594,22.17121],[92.921424,22.170899],[92.921426,22.17039],[92.92125,22.169857],[92.921308,22.169575],[92.921176,22.16916],[92.920832,22.168932],[92.920345,22.168796],[92.919851,22.168778],[92.919602,22.16882],[92.919291,22.168973],[92.918982,22.169345],[92.918816,22.169652],[92.918684,22.169964],[92.91864,22.170305],[92.91828,22.170594],[92.917901,22.170891],[92.917624,22.170972],[92.917286,22.17104],[92.916856,22.171029],[92.916437,22.17098],[92.915976,22.170815],[92.915742,22.170791],[92.91555,22.170726],[92.915454,22.17072],[92.915365,22.170732],[92.91526,22.170724],[92.915172,22.170704],[92.91509,22.170681],[92.915009,22.170671],[92.914969,22.170677],[92.914899,22.170737],[92.914776,22.170765],[92.914667,22.170783],[92.914623,22.170774],[92.914549,22.170778],[92.91445,22.170784],[92.914353,22.170855],[92.914302,22.170939],[92.914095,22.171031],[92.913687,22.17123],[92.91331,22.171372],[92.912646,22.171739],[92.912276,22.171819],[92.912033,22.171989],[92.911772,22.1722],[92.911401,22.172326],[92.911027,22.172413],[92.910752,22.172497],[92.910544,22.172569],[92.910359,22.172671],[92.910035,22.172783],[92.909852,22.172835],[92.90969,22.172917],[92.909439,22.17299],[92.909056,22.173042],[92.908839,22.173116],[92.908632,22.173209],[92.90839,22.173294],[92.907952,22.17328],[92.907346,22.173391],[92.906867,22.173422],[92.906149,22.173486],[92.904747,22.173779],[92.904446,22.174046],[92.903758,22.174927],[92.902931,22.175497],[92.901877,22.175798],[92.901288,22.175902],[92.900956,22.175926],[92.900446,22.17589],[92.899551,22.176018],[92.898332,22.176121],[92.896365,22.176088],[92.894151,22.176307],[92.892278,22.177309],[92.891565,22.178283],[92.890558,22.178992],[92.889792,22.179851],[92.8896,22.180981],[92.889844,22.182995],[92.88972,22.184058],[92.889467,22.184488],[92.889441,22.185908],[92.889721,22.187003],[92.889808,22.187941],[92.889941,22.188686],[92.88976,22.1891],[92.889348,22.189231],[92.888414,22.189329],[92.887815,22.189627],[92.88747,22.18993],[92.88733,22.190268],[92.886931,22.190475],[92.88664,22.190711],[92.886116,22.190899],[92.88579,22.191074],[92.885402,22.191323],[92.885008,22.191681],[92.884617,22.192131],[92.884278,22.192564],[92.883917,22.192934],[92.883546,22.193185],[92.883335,22.193541],[92.883152,22.193898],[92.882912,22.194442],[92.882666,22.195147],[92.882287,22.195556],[92.881996,22.195828],[92.881586,22.19605],[92.881381,22.196387],[92.881056,22.196919],[92.880677,22.197325],[92.880515,22.197501],[92.880387,22.197713],[92.880088,22.198075],[92.87978,22.198431],[92.879684,22.198956],[92.879628,22.199297],[92.879619,22.199824],[92.879616,22.200188],[92.879639,22.200589],[92.879763,22.201307],[92.879761,22.201728],[92.879737,22.202137],[92.879627,22.202338],[92.8795,22.202451],[92.879691,22.202734],[92.879885,22.203016],[92.879558,22.203182],[92.879198,22.203373],[92.879171,22.203748],[92.879148,22.204078],[92.879127,22.204374],[92.879118,22.204692],[92.879077,22.205089],[92.879074,22.205491],[92.879068,22.205995],[92.879136,22.206386],[92.879225,22.206719],[92.879301,22.207005],[92.879358,22.207222],[92.879077,22.207408],[92.878657,22.207638],[92.878595,22.208102],[92.878574,22.208421],[92.878537,22.208669],[92.878523,22.209166],[92.878528,22.209495],[92.878494,22.209773],[92.878576,22.21016],[92.8787,22.210545],[92.878672,22.210779],[92.878721,22.210982],[92.878898,22.211243],[92.879184,22.211445],[92.879346,22.211741],[92.879402,22.211922],[92.879472,22.212216],[92.879355,22.212614],[92.879251,22.212946],[92.879156,22.213197],[92.879119,22.213349],[92.879101,22.213584],[92.879159,22.21381],[92.879342,22.214061],[92.879567,22.21426],[92.879755,22.214477],[92.880112,22.21473],[92.880312,22.214961],[92.88063,22.215182],[92.880886,22.215407],[92.881247,22.215697],[92.881413,22.216073],[92.881707,22.216419],[92.881946,22.216652],[92.882319,22.216884],[92.882756,22.217184],[92.883105,22.217428],[92.883351,22.217594],[92.883458,22.217666],[92.883689,22.217758],[92.884057,22.217848],[92.884267,22.217949],[92.884535,22.218082],[92.884737,22.218294],[92.885113,22.21833],[92.885308,22.218297],[92.885539,22.218327],[92.885762,22.218297],[92.885981,22.21834],[92.886213,22.218391],[92.886495,22.218449],[92.886851,22.218387],[92.887361,22.218474],[92.887737,22.218625],[92.888002,22.218703],[92.888303,22.218579],[92.888487,22.218376],[92.888626,22.217931],[92.888726,22.217437],[92.888771,22.21686],[92.888863,22.216253],[92.888957,22.215705],[92.889414,22.216092],[92.889586,22.216489],[92.889661,22.217162],[92.889818,22.217456],[92.889821,22.217772],[92.889974,22.218166],[92.890204,22.218355],[92.890377,22.218534],[92.890525,22.218764],[92.890485,22.219049],[92.890512,22.219252],[92.890607,22.219342],[92.890616,22.219487],[92.890643,22.219653],[92.89074,22.219785],[92.89099,22.219953],[92.891254,22.220086],[92.891414,22.220436],[92.89157,22.220803],[92.891817,22.221253],[92.892136,22.221439],[92.892647,22.22151],[92.892927,22.221575],[92.893251,22.221649],[92.893785,22.221775],[92.894289,22.221888],[92.895143,22.222159],[92.896234,22.222201],[92.896798,22.222063],[92.897186,22.222119],[92.897661,22.222388],[92.898002,22.222429],[92.898279,22.222586],[92.898492,22.222637],[92.898742,22.222789],[92.899102,22.222857],[92.899505,22.222986],[92.899832,22.223051],[92.900148,22.223137],[92.900529,22.223256],[92.900726,22.223384],[92.901028,22.223497],[92.901582,22.223752],[92.902028,22.224006],[92.902312,22.224158],[92.902673,22.224295],[92.903091,22.224339],[92.90353,22.224371],[92.903968,22.224382],[92.904525,22.224292],[92.904645,22.224237],[92.90472,22.223977],[92.904639,22.223634],[92.904592,22.223058],[92.904767,22.222888],[92.905348,22.222681],[92.905747,22.22249],[92.906243,22.222357],[92.906638,22.222135],[92.906818,22.221686],[92.906474,22.220692],[92.906482,22.220257],[92.906243,22.220042],[92.905979,22.219759],[92.90603,22.219304],[92.905982,22.218911],[92.905167,22.217512],[92.903628,22.216107],[92.902886,22.215542],[92.902562,22.214732],[92.902338,22.214067],[92.901935,22.213476],[92.901631,22.212927],[92.901388,22.212476]]]]}},{"type":"Feature","properties":{"name":"Ansupa Lake","kind":"wetland","ramsarid":2487,"area_km2":2.3,"source":"Ramsar Sites Information Service"},"geometry":{"type":"MultiPolygon","coordinates":[[[[85.606284,20.468126],[85.606417,20.468019],[85.606527,20.467665],[85.606449,20.467277],[85.606372,20.46696],[85.606369,20.466607],[85.606253,20.466219],[85.606096,20.466008],[85.606119,20.465658],[85.605903,20.464527],[85.605899,20.464058],[85.605978,20.463471],[85.606017,20.463159],[85.605806,20.46273],[85.605602,20.462353],[85.605589,20.462172],[85.605567,20.461881],[85.605606,20.461706],[85.60573,20.461627],[85.605936,20.461625],[85.606183,20.461604],[85.606409,20.461525],[85.606532,20.461388],[85.606565,20.461343],[85.606789,20.4612],[85.607119,20.460963],[85.607241,20.460689],[85.606988,20.460222],[85.606695,20.459755],[85.606692,20.459404],[85.606868,20.459086],[85.606967,20.459013],[85.607193,20.458934],[85.608268,20.45916],[85.608413,20.459256],[85.608557,20.459255],[85.608658,20.459021],[85.608571,20.45838],[85.608257,20.457799],[85.60821,20.457479],[85.608039,20.456738],[85.607743,20.456037],[85.607449,20.455531],[85.606527,20.454326],[85.606277,20.454055],[85.605942,20.453666],[85.605914,20.453284],[85.605849,20.452378],[85.60601,20.451791],[85.60638,20.451436],[85.606874,20.450964],[85.607452,20.450648],[85.607732,20.450557],[85.60752,20.449067],[85.607633,20.446399],[85.607676,20.445372],[85.607558,20.444909],[85.606949,20.444442],[85.606215,20.444321],[85.605357,20.444314],[85.605109,20.444659],[85.604861,20.445003],[85.604363,20.445808],[85.603784,20.446982],[85.602022,20.447175],[85.601744,20.447303],[85.60153,20.447402],[85.601155,20.448208],[85.600925,20.44839],[85.600908,20.448414],[85.600903,20.449014],[85.600161,20.449701],[85.598692,20.449459],[85.598323,20.449687],[85.598317,20.450264],[85.598396,20.450679],[85.59867,20.451373],[85.599087,20.451722],[85.599423,20.452188],[85.599718,20.452928],[85.59989,20.453709],[85.600064,20.454645],[85.600151,20.455191],[85.600406,20.455971],[85.600743,20.456711],[85.600763,20.456737],[85.600783,20.45686],[85.60091,20.457248],[85.601078,20.457616],[85.601389,20.457789],[85.601741,20.458],[85.602012,20.458407],[85.602138,20.458678],[85.602283,20.458794],[85.602389,20.459084],[85.602369,20.45924],[85.60235,20.459396],[85.602475,20.459609],[85.602518,20.459744],[85.602503,20.459861],[85.602343,20.459825],[85.601969,20.459788],[85.601514,20.459909],[85.601142,20.460028],[85.600811,20.460109],[85.600357,20.460307],[85.599945,20.460662],[85.599493,20.461134],[85.599371,20.461486],[85.59954,20.461876],[85.599625,20.462148],[85.599586,20.462461],[85.599504,20.46254],[85.599256,20.462659],[85.599132,20.46266],[85.5988,20.462701],[85.59867,20.462702],[85.598552,20.462703],[85.598303,20.462744],[85.598097,20.462823],[85.598014,20.463026],[85.597974,20.463017],[85.597926,20.463108],[85.597818,20.463246],[85.597673,20.46335],[85.597455,20.463421],[85.597237,20.463594],[85.597238,20.463641],[85.596846,20.463883],[85.596718,20.46446],[85.59696,20.464808],[85.597566,20.465506],[85.598055,20.465625],[85.599035,20.465749],[85.599648,20.465754],[85.600012,20.466103],[85.600128,20.466913],[85.600124,20.467259],[85.599874,20.467835],[85.599867,20.468643],[85.600104,20.469454],[85.600222,20.470032],[85.60022,20.470263],[85.599607,20.470259],[85.599482,20.470489],[85.599478,20.470951],[85.599718,20.47153],[85.599836,20.471993],[85.599711,20.472339],[85.599217,20.472681],[85.598722,20.473255],[85.598717,20.473717],[85.598958,20.474181],[85.599569,20.474417],[85.600414,20.475925],[85.601261,20.477087],[85.601752,20.476976],[85.603234,20.475832],[85.604102,20.474684],[85.604724,20.47365],[85.604727,20.473303],[85.604609,20.47284],[85.604129,20.471681],[85.604624,20.471223],[85.604869,20.471225],[85.605236,20.471343],[85.605726,20.471347],[85.606218,20.47112],[85.606225,20.470312],[85.606236,20.469157],[85.606243,20.468348],[85.606284,20.468126]]]]}},{"type":"Feature","properties":{"name":"Hirakud Reservoir","kind":"wetland","ramsarid":2494,"area_km2":654.0,"source":"Ramsar Sites Information Service"},"geometry":{"type":"MultiPolygon","coordinates":[[[[83.547595,21.796744],[83.552916,21.789945],[83.555456,21.791773],[83.555365,21.787645],[83.561727,21.797347],[83.561019,21.78993],[83.557176,21.786623],[83.561632,21.785396],[83.553906,21.782957],[83.552383,21.775476],[83.547212,21.775641],[83.54785,21.7719],[83.551911,21.773455],[83.553953,21.765429],[83.54684,21.766857],[83.550999,21.763395],[83.549527,21.759701],[83.555113,21.760327],[83.560411,21.754025],[83.564288,21.753801],[83.563956,21.760377],[83.570317,21.757604],[83.576717,21.775234],[83.581577,21.765917],[83.5864,21.768494],[83.596493,21.767111],[83.602898,21.760444],[83.608897,21.761201],[83.607952,21.765777],[83.625201,21.767353],[83.624402,21.775258],[83.629185,21.770741],[83.627388,21.763324],[83.64171,21.762474],[83.638361,21.75533],[83.644245,21.753222],[83.654738,21.765526],[83.649426,21.775698],[83.659306,21.77101],[83.663225,21.77309],[83.651918,21.779399],[83.658116,21.777109],[83.660491,21.781421],[83.664753,21.781096],[83.667742,21.778594],[83.664921,21.769639],[83.669426,21.771361],[83.672985,21.768997],[83.66801,21.766485],[83.672656,21.760438],[83.66245,21.754355],[83.666141,21.752833],[83.665581,21.749193],[83.672433,21.747593],[83.681024,21.748913],[83.681168,21.751236],[83.689215,21.746631],[83.691575,21.752547],[83.692611,21.745617],[83.694838,21.746023],[83.693255,21.745105],[83.690805,21.746409],[83.692142,21.743883],[83.685646,21.738134],[83.686884,21.733598],[83.693391,21.735546],[83.700195,21.754315],[83.701292,21.744216],[83.70341,21.746312],[83.714122,21.744086],[83.710341,21.735988],[83.70607,21.73434],[83.711176,21.733223],[83.703625,21.725478],[83.707842,21.721008],[83.70815,21.724933],[83.71439,21.723765],[83.717857,21.727766],[83.725887,21.723544],[83.726235,21.72718],[83.727577,21.7184],[83.736106,21.718396],[83.740728,21.729631],[83.737914,21.733955],[83.741063,21.730939],[83.74597,21.732416],[83.74563,21.728653],[83.746046,21.730089],[83.748236,21.730867],[83.748125,21.726164],[83.752245,21.732106],[83.750733,21.72071],[83.754165,21.723725],[83.753621,21.719982],[83.75743,21.71992],[83.753368,21.714365],[83.761821,21.712412],[83.762671,21.717992],[83.771297,21.718946],[83.776055,21.717068],[83.775629,21.714468],[83.781773,21.719714],[83.781966,21.723552],[83.785545,21.72024],[83.785233,21.727191],[83.787467,21.728994],[83.788759,21.729184],[83.785571,21.724098],[83.788599,21.719576],[83.782644,21.719858],[83.778495,21.710523],[83.773421,21.711888],[83.779768,21.704695],[83.77203,21.708012],[83.775729,21.701993],[83.771425,21.704062],[83.771292,21.700722],[83.765857,21.699589],[83.76945,21.69503],[83.764288,21.692752],[83.766788,21.687743],[83.761265,21.688348],[83.763261,21.685332],[83.760154,21.685886],[83.763942,21.682251],[83.754575,21.684395],[83.757813,21.678169],[83.750663,21.676157],[83.755683,21.674698],[83.756559,21.667885],[83.762414,21.678628],[83.767212,21.678242],[83.764468,21.674424],[83.769587,21.668893],[83.769189,21.662341],[83.774179,21.661385],[83.773058,21.658045],[83.776021,21.656703],[83.770389,21.654095],[83.774743,21.651729],[83.77349,21.642049],[83.775811,21.638665],[83.778715,21.639474],[83.776983,21.646361],[83.780353,21.646508],[83.779916,21.651917],[83.797874,21.642719],[83.799455,21.652697],[83.795763,21.659405],[83.799447,21.66197],[83.798152,21.665874],[83.804183,21.659318],[83.808723,21.661145],[83.810774,21.654402],[83.81294,21.656616],[83.81444,21.65397],[83.81446,21.646771],[83.827945,21.63851],[83.82723,21.634595],[83.839335,21.618759],[83.843391,21.619725],[83.841681,21.627679],[83.844634,21.629972],[83.839481,21.630108],[83.832323,21.636744],[83.831412,21.638928],[83.836964,21.64191],[83.828586,21.646807],[83.828256,21.651938],[83.821848,21.652367],[83.822691,21.655214],[83.813316,21.661637],[83.814302,21.666045],[83.810509,21.668219],[83.814135,21.671144],[83.811552,21.674096],[83.808312,21.671972],[83.809211,21.675111],[83.800674,21.681138],[83.801494,21.685427],[83.801512,21.682072],[83.813317,21.678604],[83.81288,21.675723],[83.816095,21.679009],[83.822632,21.668436],[83.825051,21.669794],[83.822742,21.672106],[83.825124,21.673648],[83.823882,21.679818],[83.829074,21.679008],[83.831296,21.661747],[83.837867,21.658206],[83.834949,21.672439],[83.840437,21.664446],[83.841179,21.670629],[83.845935,21.663573],[83.849483,21.666236],[83.844743,21.668179],[83.846724,21.671154],[83.842848,21.671999],[83.841596,21.679664],[83.837892,21.680203],[83.840234,21.681678],[83.838449,21.685328],[83.842506,21.681671],[83.841218,21.687901],[83.846072,21.680592],[83.849012,21.68126],[83.844921,21.690343],[83.847548,21.698265],[83.849919,21.688019],[83.85483,21.69296],[83.85579,21.689813],[83.850919,21.681026],[83.850602,21.672266],[83.851774,21.681098],[83.857011,21.687703],[83.852333,21.681047],[83.851984,21.672358],[83.852566,21.680728],[83.858462,21.686489],[83.859195,21.679443],[83.855299,21.673947],[83.85898,21.671259],[83.862338,21.674469],[83.866881,21.670444],[83.865513,21.665476],[83.856352,21.662881],[83.859016,21.660966],[83.860429,21.66333],[83.866211,21.657551],[83.868839,21.661137],[83.867144,21.663784],[83.871958,21.666195],[83.867563,21.669817],[83.870838,21.672791],[83.866866,21.678977],[83.870144,21.67878],[83.872236,21.682811],[83.877171,21.672747],[83.882859,21.682575],[83.874609,21.686499],[83.886303,21.688337],[83.88355,21.692231],[83.886644,21.695184],[83.881156,21.70285],[83.88485,21.711886],[83.882975,21.714686],[83.887161,21.71375],[83.883893,21.705026],[83.893502,21.702572],[83.89265,21.692733],[83.898516,21.69714],[83.901959,21.695348],[83.899625,21.692225],[83.906141,21.690782],[83.902572,21.687263],[83.905974,21.688206],[83.910225,21.683928],[83.91638,21.686722],[83.919711,21.681718],[83.91292,21.681191],[83.913529,21.672674],[83.910412,21.677027],[83.913175,21.682823],[83.910814,21.678188],[83.905414,21.67983],[83.903934,21.673568],[83.900227,21.674133],[83.901171,21.668093],[83.906517,21.66739],[83.905934,21.66112],[83.912362,21.662493],[83.911739,21.660342],[83.91571,21.659662],[83.911999,21.658677],[83.913346,21.655918],[83.905541,21.655439],[83.912383,21.648672],[83.904064,21.648974],[83.901157,21.646222],[83.908416,21.645],[83.905587,21.640343],[83.914585,21.639878],[83.908881,21.634217],[83.914371,21.625113],[83.9024,21.632204],[83.895682,21.628554],[83.889619,21.635652],[83.887541,21.632409],[83.881921,21.634937],[83.882095,21.616862],[83.887219,21.6162],[83.886802,21.609521],[83.890613,21.607857],[83.890848,21.618504],[83.902371,21.619671],[83.901887,21.615835],[83.908325,21.611393],[83.898538,21.608206],[83.899285,21.603276],[83.906072,21.599788],[83.91005,21.602834],[83.908256,21.608455],[83.915235,21.608573],[83.915189,21.611246],[83.926589,21.605803],[83.919587,21.619204],[83.932817,21.613835],[83.932734,21.624883],[83.935982,21.621728],[83.938842,21.623569],[83.944332,21.613187],[83.940727,21.602842],[83.944028,21.602419],[83.947232,21.595252],[83.946892,21.600865],[83.951063,21.600585],[83.95229,21.60441],[83.954811,21.593657],[83.961077,21.595684],[83.961861,21.600315],[83.958375,21.600357],[83.955381,21.60559],[83.959212,21.611647],[83.94837,21.60956],[83.947127,21.620733],[83.951632,21.618744],[83.955642,21.620833],[83.944785,21.625121],[83.952533,21.62915],[83.942767,21.631271],[83.943924,21.636373],[83.938019,21.637835],[83.941671,21.640755],[83.935521,21.645029],[83.946701,21.638928],[83.950084,21.643635],[83.949057,21.636256],[83.955243,21.637079],[83.964349,21.624333],[83.962626,21.63414],[83.956863,21.639068],[83.96184,21.64585],[83.959455,21.648114],[83.955331,21.645929],[83.956048,21.65126],[83.950295,21.650337],[83.956204,21.654079],[83.953806,21.656849],[83.96033,21.660086],[83.96138,21.664225],[83.953362,21.659547],[83.953061,21.662953],[83.950309,21.661641],[83.946301,21.665864],[83.952066,21.671538],[83.960389,21.672126],[83.961,21.679929],[83.958987,21.682963],[83.951145,21.677391],[83.946715,21.679374],[83.95148,21.683253],[83.947829,21.686269],[83.944605,21.683639],[83.945161,21.690079],[83.939973,21.692525],[83.95643,21.702238],[83.95448,21.707781],[83.949608,21.710573],[83.943324,21.705109],[83.94396,21.711415],[83.938812,21.712258],[83.930145,21.707774],[83.933357,21.710719],[83.930438,21.71278],[83.935209,21.716528],[83.932198,21.721718],[83.930103,21.720258],[83.929042,21.720428],[83.929466,21.723416],[83.934131,21.722929],[83.932879,21.729546],[83.922583,21.728458],[83.919072,21.732262],[83.927612,21.732524],[83.926644,21.736713],[83.931814,21.736379],[83.921946,21.743848],[83.929944,21.743509],[83.927854,21.754359],[83.932141,21.749049],[83.935834,21.750483],[83.935852,21.754768],[83.928313,21.763652],[83.918436,21.766744],[83.915145,21.756502],[83.909164,21.758259],[83.907197,21.755678],[83.899417,21.754662],[83.912306,21.761716],[83.910281,21.763777],[83.90438,21.761905],[83.903462,21.764808],[83.902857,21.762597],[83.899066,21.764781],[83.900754,21.762157],[83.89736,21.761159],[83.895919,21.763983],[83.887024,21.763153],[83.889587,21.766239],[83.885046,21.765196],[83.883099,21.769414],[83.887767,21.771354],[83.89422,21.765392],[83.893402,21.768528],[83.896829,21.770083],[83.8936,21.770661],[83.894843,21.772758],[83.892328,21.772824],[83.890484,21.773908],[83.890503,21.774923],[83.899905,21.773682],[83.901529,21.769086],[83.902906,21.771749],[83.906956,21.770459],[83.906926,21.776678],[83.913657,21.768933],[83.910079,21.778883],[83.913706,21.77736],[83.919159,21.780696],[83.922709,21.788645],[83.919798,21.795248],[83.924431,21.789817],[83.921604,21.785242],[83.926031,21.788475],[83.925717,21.794789],[83.930436,21.803027],[83.932203,21.796476],[83.929473,21.793504],[83.93601,21.793096],[83.929599,21.790193],[83.936677,21.792074],[83.937753,21.787711],[83.924817,21.780019],[83.921518,21.771629],[83.923194,21.769193],[83.933611,21.764527],[83.922378,21.771891],[83.930698,21.782359],[83.928746,21.77137],[83.93602,21.767048],[83.939703,21.769774],[83.938803,21.766102],[83.943097,21.767017],[83.943921,21.76177],[83.951531,21.763578],[83.949836,21.758789],[83.956678,21.754753],[83.945528,21.756089],[83.943105,21.751538],[83.945865,21.751488],[83.943705,21.748715],[83.943581,21.74474],[83.944469,21.748193],[83.945814,21.746037],[83.951375,21.748286],[83.952387,21.745823],[83.944997,21.742739],[83.945599,21.737457],[83.948915,21.737432],[83.946375,21.734949],[83.946204,21.733393],[83.940795,21.726448],[83.943168,21.723439],[83.946716,21.720085],[83.953178,21.717075],[83.957663,21.714608],[83.96408,21.712363],[83.968353,21.70445],[83.96704,21.698182],[83.966148,21.690244],[83.966148,21.688714],[83.96891,21.680772],[83.969605,21.676923],[83.972809,21.665824],[83.973503,21.660992],[83.973206,21.650287],[83.974625,21.642024],[83.97525,21.639121],[83.976059,21.635909],[83.976441,21.633975],[83.9768,21.632675],[83.976662,21.629866],[83.975823,21.62597],[83.978433,21.594447],[83.976335,21.576649],[83.970735,21.572244],[83.962381,21.572983],[83.955003,21.577905],[83.94745,21.579612],[83.94156,21.57956],[83.937875,21.579251],[83.921693,21.579366],[83.918298,21.578923],[83.916558,21.578614],[83.905389,21.575435],[83.898027,21.574504],[83.895196,21.574501],[83.894258,21.574588],[83.89232,21.574498],[83.888925,21.574758],[83.886094,21.575064],[83.88321,21.575501],[83.881234,21.575762],[83.878587,21.576067],[83.873681,21.57646],[83.853784,21.584977],[83.851121,21.585567],[83.844926,21.58523],[83.843888,21.585757],[83.840012,21.588129],[83.835053,21.590586],[83.827355,21.592076],[83.816728,21.59563],[83.812531,21.595799],[83.809472,21.594301],[83.807412,21.5888],[83.807267,21.584681],[83.807168,21.583841],[83.806679,21.581918],[83.803124,21.57294],[83.798761,21.56364],[83.797318,21.564717],[83.792832,21.568604],[83.792321,21.569203],[83.790833,21.570544],[83.78901,21.571888],[83.776726,21.583057],[83.774842,21.5858],[83.771782,21.591712],[83.770356,21.593312],[83.765038,21.598453],[83.764069,21.599082],[83.758729,21.60111],[83.751328,21.605453],[83.749474,21.607023],[83.749016,21.60888],[83.748016,21.611252],[83.740677,21.619192],[83.738671,21.620447],[83.734871,21.622336],[83.73185,21.625162],[83.729904,21.626333],[83.720245,21.647928],[83.719391,21.649186],[83.715705,21.653212],[83.711654,21.661701],[83.711219,21.663068],[83.708419,21.669609],[83.707961,21.671238],[83.706939,21.673809],[83.705535,21.67805],[83.703193,21.685434],[83.701575,21.689646],[83.6939,21.70085],[83.677466,21.710348],[83.669867,21.710243],[83.668288,21.710401],[83.664946,21.710543],[83.664488,21.710743],[83.648764,21.72305],[83.606565,21.730174],[83.592245,21.737621],[83.590429,21.738143],[83.580129,21.738907],[83.577665,21.739348],[83.573706,21.740509],[83.572233,21.74117],[83.568174,21.743286],[83.566053,21.74402],[83.555708,21.742192],[83.547224,21.733538],[83.539541,21.719884],[83.53871,21.715942],[83.538427,21.710855],[83.538259,21.708942],[83.537542,21.706684],[83.537313,21.706057],[83.533316,21.688318],[83.529059,21.679919],[83.527342,21.677179],[83.525862,21.675149],[83.525175,21.674462],[83.522604,21.671322],[83.520514,21.668978],[83.519744,21.668094],[83.517828,21.666066],[83.516036,21.664323],[83.514403,21.662978],[83.513831,21.662637],[83.512747,21.661722],[83.509406,21.659208],[83.49546,21.647433],[83.482466,21.64499],[83.444516,21.659893],[83.447133,21.663194],[83.452326,21.660823],[83.449379,21.664402],[83.453358,21.660568],[83.457625,21.659965],[83.453543,21.667028],[83.459866,21.672035],[83.461661,21.669774],[83.457364,21.66624],[83.464049,21.666503],[83.459942,21.66597],[83.461164,21.662689],[83.458377,21.659995],[83.46191,21.660794],[83.464856,21.657372],[83.468252,21.662572],[83.467095,21.655508],[83.470947,21.654382],[83.471254,21.656089],[83.47385,21.65755],[83.477694,21.65117],[83.487472,21.648693],[83.49047,21.649138],[83.497636,21.653685],[83.48729,21.65013],[83.484827,21.651848],[83.490186,21.652299],[83.484476,21.657573],[83.495429,21.655348],[83.49672,21.660805],[83.499836,21.65954],[83.498261,21.662684],[83.503122,21.663105],[83.500141,21.665722],[83.504824,21.666219],[83.501358,21.668282],[83.501528,21.672094],[83.497906,21.672296],[83.503723,21.673796],[83.498114,21.678205],[83.50699,21.67473],[83.508431,21.66517],[83.513278,21.66906],[83.50983,21.667697],[83.513715,21.671802],[83.509742,21.676349],[83.511739,21.679781],[83.502877,21.68258],[83.50731,21.685143],[83.504039,21.686084],[83.506182,21.689534],[83.5,21.694873],[83.511634,21.689032],[83.514989,21.691625],[83.513061,21.699224],[83.51709,21.708825],[83.514619,21.712917],[83.51618,21.719472],[83.51916,21.719102],[83.519251,21.723585],[83.524049,21.725915],[83.522563,21.730286],[83.517399,21.731863],[83.520841,21.735653],[83.51778,21.737924],[83.524004,21.74037],[83.521437,21.742934],[83.52358,21.746882],[83.520627,21.748651],[83.517834,21.7432],[83.514239,21.743586],[83.515208,21.747797],[83.511289,21.744702],[83.507371,21.74819],[83.506547,21.744144],[83.501965,21.74495],[83.503261,21.75389],[83.497988,21.754655],[83.491684,21.74193],[83.486372,21.749811],[83.479726,21.751528],[83.484723,21.751267],[83.488379,21.748903],[83.48318,21.754549],[83.485519,21.755907],[83.490298,21.753214],[83.488821,21.748709],[83.491068,21.746612],[83.494048,21.756962],[83.490011,21.760833],[83.493829,21.760408],[83.493704,21.766466],[83.502489,21.756279],[83.502967,21.765984],[83.505444,21.764778],[83.50527,21.77016],[83.506634,21.767028],[83.510837,21.771465],[83.506232,21.764996],[83.50763,21.761871],[83.511327,21.762067],[83.508555,21.75825],[83.510796,21.754403],[83.513477,21.758323],[83.520564,21.756672],[83.525693,21.760622],[83.530758,21.759672],[83.530507,21.754715],[83.53371,21.752405],[83.5306,21.750918],[83.5381,21.748704],[83.534845,21.745729],[83.536396,21.742171],[83.54086,21.742386],[83.542206,21.74785],[83.549768,21.746515],[83.54173,21.74957],[83.542606,21.753734],[83.538114,21.752988],[83.542943,21.759257],[83.539967,21.761746],[83.543148,21.762289],[83.535113,21.769149],[83.537314,21.771446],[83.541593,21.769667],[83.541748,21.773447],[83.544655,21.772002],[83.544211,21.776299],[83.541229,21.776877],[83.541574,21.774617],[83.540488,21.776035],[83.541138,21.777698],[83.533616,21.781487],[83.541481,21.780004],[83.542657,21.784874],[83.54547,21.779413],[83.546735,21.784472],[83.549591,21.77974],[83.554547,21.785422],[83.547595,21.796744]],[[83.661599,21.77706],[83.662203,21.775627],[83.664346,21.776939],[83.663696,21.777463],[83.661599,21.77706]],[[83.936783,21.751495],[83.936922,21.748946],[83.936689,21.746788],[83.937394,21.748947],[83.936783,21.751495]],[[83.563913,21.749362],[83.563601,21.748925],[83.562011,21.749203],[83.563851,21.748218],[83.564872,21.748743],[83.563913,21.749362]],[[83.577103,21.748509],[83.574491,21.746641],[83.57094,21.747285],[83.575226,21.74427],[83.580997,21.747519],[83.577103,21.748509]],[[83.942043,21.74791],[83.940577,21.746514],[83.940949,21.744948],[83.941463,21.74505],[83.942043,21.74791]],[[83.741731,21.729411],[83.741164,21.728314],[83.74309,21.727178],[83.743505,21.727944],[83.741731,21.729411]],[[83.533987,21.72344],[83.533827,21.721847],[83.532477,21.722704],[83.531963,21.721192],[83.533829,21.721077],[83.533987,21.72344]],[[83.531607,21.716153],[83.529413,21.712767],[83.531955,21.709136],[83.53353,21.714673],[83.531607,21.716153]],[[83.962537,21.711567],[83.959832,21.706357],[83.96255,21.700241],[83.964354,21.702365],[83.962537,21.711567]],[[83.531039,21.708367],[83.527759,21.690702],[83.524415,21.688258],[83.524283,21.690838],[83.522398,21.691875],[83.523822,21.690515],[83.524736,21.685014],[83.519888,21.688906],[83.524308,21.684767],[83.517688,21.676843],[83.516287,21.676797],[83.514702,21.675988],[83.517622,21.676664],[83.514268,21.674517],[83.515625,21.67177],[83.52378,21.680789],[83.53025,21.69315],[83.529006,21.695065],[83.531039,21.708367]],[[83.531285,21.697497],[83.530368,21.697364],[83.530049,21.694012],[83.531892,21.696598],[83.531285,21.697497]],[[83.959566,21.690248],[83.958113,21.686373],[83.958671,21.684491],[83.961009,21.687483],[83.959566,21.690248]],[[83.519046,21.683818],[83.517176,21.68276],[83.517528,21.679304],[83.519149,21.684072],[83.517355,21.684418],[83.513391,21.68194],[83.5108,21.68297],[83.513189,21.681519],[83.519046,21.683818]],[[83.736979,21.681215],[83.741626,21.672769],[83.747743,21.671732],[83.749213,21.67608],[83.736979,21.681215]],[[83.516617,21.679012],[83.514857,21.677918],[83.514388,21.676405],[83.517101,21.678161],[83.516617,21.679012]],[[83.881108,21.67342],[83.881863,21.669476],[83.884352,21.669891],[83.884208,21.671016],[83.881108,21.67342]],[[83.519319,21.670452],[83.518612,21.668577],[83.518822,21.668268],[83.520604,21.669521],[83.519319,21.670452]],[[83.844282,21.661252],[83.844558,21.659463],[83.845393,21.659152],[83.845467,21.660317],[83.844282,21.661252]],[[83.866665,21.654228],[83.865362,21.653326],[83.865582,21.652128],[83.86749,21.652487],[83.866665,21.654228]],[[83.73277,21.652853],[83.738855,21.646123],[83.742496,21.644559],[83.738067,21.651288],[83.73277,21.652853]],[[83.866067,21.650576],[83.866373,21.648467],[83.868728,21.64786],[83.866493,21.650471],[83.866067,21.650576]],[[83.786342,21.645531],[83.786562,21.641675],[83.788088,21.639368],[83.789495,21.641224],[83.786342,21.645531]],[[83.863865,21.611854],[83.865964,21.598786],[83.872676,21.595145],[83.873791,21.603259],[83.863865,21.611854]],[[83.818308,21.603228],[83.818376,21.60188],[83.819472,21.600528],[83.819157,21.602735],[83.818308,21.603228]]],[[[83.488561,21.639307],[83.487205,21.639895],[83.487258,21.644161],[83.492988,21.645905],[83.49546,21.647433],[83.498229,21.649541],[83.516036,21.664323],[83.527342,21.677179],[83.533316,21.688318],[83.538259,21.708942],[83.53871,21.715942],[83.539281,21.718996],[83.539541,21.719884],[83.539884,21.720768],[83.547224,21.733538],[83.555708,21.742192],[83.566053,21.74402],[83.568174,21.743286],[83.573706,21.740509],[83.577665,21.739348],[83.590429,21.738143],[83.592245,21.737621],[83.606565,21.730174],[83.648764,21.72305],[83.664488,21.710743],[83.677466,21.710348],[83.689627,21.703821],[83.6939,21.70085],[83.697806,21.697095],[83.701575,21.689646],[83.70262,21.687064],[83.703193,21.685434],[83.704024,21.682949],[83.704734,21.680922],[83.706939,21.673809],[83.708419,21.669609],[83.711654,21.661701],[83.720245,21.647928],[83.729904,21.626333],[83.734871,21.622336],[83.740677,21.619192],[83.748016,21.611252],[83.751328,21.605453],[83.758729,21.60111],[83.765038,21.598453],[83.776726,21.583057],[83.798761,21.56364],[83.79963,21.562634],[83.800317,21.561377],[83.804345,21.555861],[83.815049,21.536372],[83.820604,21.533868],[83.82274,21.533468],[83.829004,21.531665],[83.835611,21.530372],[83.845628,21.5273],[83.846885,21.520332],[83.847776,21.518693],[83.847583,21.517465],[83.849767,21.51178],[83.854124,21.507873],[83.852443,21.500827],[83.849415,21.499836],[83.855317,21.498155],[83.851097,21.496097],[83.858756,21.479643],[83.84827,21.481312],[83.837921,21.476422],[83.822914,21.487143],[83.811301,21.484211],[83.802471,21.493635],[83.781731,21.504271],[83.773108,21.501695],[83.772434,21.515047],[83.776355,21.526923],[83.770304,21.532761],[83.767201,21.53064],[83.75824,21.534866],[83.755053,21.543988],[83.755779,21.554975],[83.748915,21.559027],[83.749185,21.566485],[83.745587,21.570282],[83.752397,21.581752],[83.748888,21.581619],[83.746539,21.586372],[83.741627,21.58617],[83.730695,21.604685],[83.722313,21.597367],[83.713686,21.604412],[83.713144,21.598109],[83.712026,21.608339],[83.70707,21.608744],[83.705896,21.611548],[83.704823,21.612265],[83.700104,21.599906],[83.690311,21.592444],[83.689945,21.589032],[83.685072,21.589191],[83.683751,21.584379],[83.680764,21.586773],[83.679147,21.579316],[83.679459,21.58457],[83.676313,21.584116],[83.676228,21.578902],[83.6704,21.571651],[83.668624,21.571345],[83.668136,21.569783],[83.662501,21.566334],[83.659993,21.567986],[83.667873,21.569897],[83.668347,21.571452],[83.670309,21.57225],[83.671647,21.576307],[83.675677,21.578928],[83.673857,21.583227],[83.684989,21.592707],[83.682828,21.59759],[83.686695,21.601569],[83.684719,21.605828],[83.688881,21.606997],[83.688082,21.612789],[83.693826,21.61733],[83.687209,21.622137],[83.686966,21.630436],[83.683211,21.629732],[83.680021,21.630039],[83.679106,21.631058],[83.688838,21.634599],[83.695066,21.626611],[83.696093,21.632072],[83.70151,21.628699],[83.704094,21.632006],[83.709277,21.62547],[83.708946,21.630539],[83.718001,21.628845],[83.717473,21.63282],[83.712747,21.631327],[83.707467,21.636441],[83.711157,21.637966],[83.709571,21.643548],[83.699797,21.650423],[83.704895,21.651802],[83.694048,21.659807],[83.692134,21.662381],[83.69432,21.664891],[83.688163,21.664982],[83.675984,21.676408],[83.67669,21.681161],[83.672621,21.687963],[83.669092,21.684898],[83.666049,21.687185],[83.665476,21.697629],[83.660234,21.690255],[83.658234,21.694513],[83.651398,21.693827],[83.621215,21.706223],[83.617929,21.704243],[83.620673,21.699982],[83.615675,21.703329],[83.612974,21.698828],[83.614701,21.696855],[83.612994,21.695183],[83.615983,21.694055],[83.615014,21.686575],[83.619101,21.683007],[83.616826,21.683055],[83.614566,21.686523],[83.614702,21.693442],[83.610609,21.695102],[83.613274,21.700593],[83.610518,21.70411],[83.61392,21.702702],[83.616763,21.706505],[83.611125,21.710358],[83.611387,21.715874],[83.608195,21.71359],[83.59828,21.727055],[83.598332,21.716694],[83.602091,21.713263],[83.598541,21.71292],[83.599302,21.709325],[83.59458,21.713672],[83.590574,21.711262],[83.591819,21.709108],[83.589463,21.712876],[83.588056,21.710834],[83.582952,21.712725],[83.582992,21.715252],[83.589945,21.715169],[83.590535,21.724233],[83.586061,21.72494],[83.587454,21.72067],[83.584719,21.72159],[83.583368,21.718664],[83.580592,21.727412],[83.57689,21.722144],[83.572004,21.727643],[83.567538,21.727929],[83.566087,21.719188],[83.554395,21.725415],[83.546398,21.723194],[83.543392,21.691209],[83.533814,21.669261],[83.546869,21.676652],[83.549188,21.672333],[83.545683,21.672012],[83.546024,21.669408],[83.543468,21.67081],[83.541141,21.666271],[83.547096,21.664487],[83.538699,21.662901],[83.538089,21.658888],[83.532444,21.66055],[83.529114,21.65567],[83.5333,21.668388],[83.530581,21.670261],[83.519219,21.656333],[83.506154,21.650937],[83.495883,21.637381],[83.503957,21.638101],[83.501829,21.630488],[83.496263,21.631583],[83.493481,21.626576],[83.492745,21.63345],[83.487875,21.618401],[83.49129,21.617455],[83.484617,21.614504],[83.485477,21.607339],[83.480892,21.61301],[83.482731,21.605644],[83.475728,21.608297],[83.476682,21.602187],[83.480568,21.600004],[83.483886,21.592581],[83.474295,21.604108],[83.46859,21.603164],[83.474109,21.605106],[83.472764,21.609785],[83.477139,21.609388],[83.478579,21.615893],[83.483556,21.617258],[83.481365,21.618312],[83.484267,21.623031],[83.475535,21.622755],[83.482508,21.630505],[83.489257,21.630539],[83.489532,21.63451],[83.492179,21.637797],[83.488561,21.639307]],[[83.488561,21.639307],[83.49257,21.63841],[83.491872,21.63499],[83.494881,21.640933],[83.488561,21.639307]],[[83.568621,21.7408],[83.560407,21.739487],[83.553373,21.733328],[83.560749,21.734969],[83.563565,21.738752],[83.559147,21.737779],[83.562819,21.739635],[83.571773,21.739082],[83.568621,21.7408]],[[83.587142,21.734345],[83.591664,21.728702],[83.595345,21.729794],[83.590714,21.734307],[83.587142,21.734345]],[[83.554458,21.733226],[83.551058,21.730963],[83.54834,21.727034],[83.556318,21.73244],[83.554458,21.733226]],[[83.614359,21.719201],[83.615157,21.717563],[83.618131,21.717541],[83.615379,21.718024],[83.614359,21.719201]],[[83.612116,21.697791],[83.61206,21.69586],[83.613944,21.696634],[83.613644,21.697746],[83.612116,21.697791]],[[83.674617,21.690324],[83.675061,21.68891],[83.67743,21.688531],[83.677114,21.690017],[83.674617,21.690324]],[[83.766307,21.556338],[83.765754,21.555005],[83.767519,21.555054],[83.76739,21.556108],[83.766307,21.556338]]],[[[83.979913,21.731869],[83.982064,21.72809],[83.989984,21.73393],[83.991203,21.729572],[83.984103,21.725196],[83.983239,21.719461],[83.987803,21.716855],[83.987399,21.71357],[83.996126,21.714551],[83.995694,21.711446],[83.998959,21.712223],[83.999075,21.709863],[84.00391,21.710794],[84.002472,21.715638],[84.008259,21.714043],[84.015089,21.717499],[84.017926,21.72447],[84.019309,21.717644],[84.012533,21.707918],[84.014905,21.704198],[84.0274,21.71508],[84.022907,21.715058],[84.023176,21.718346],[84.027825,21.719195],[84.029419,21.713958],[84.032133,21.715041],[84.031438,21.711077],[84.025539,21.710628],[84.025553,21.705202],[84.029396,21.703966],[84.021722,21.70123],[84.023161,21.697527],[84.027804,21.697489],[84.021866,21.693303],[84.029628,21.690058],[84.030991,21.686402],[84.03929,21.689783],[84.039497,21.687251],[84.045947,21.687098],[84.041885,21.68505],[84.044451,21.682334],[84.044755,21.680928],[84.044304,21.680458],[84.040816,21.680803],[84.040882,21.68479],[84.036134,21.683797],[84.035885,21.678501],[84.032502,21.683676],[84.032372,21.679355],[84.025497,21.683931],[84.023,21.681497],[84.019231,21.686867],[84.015508,21.684254],[84.016425,21.680001],[84.011689,21.685616],[84.014659,21.688106],[84.012638,21.690677],[84.000763,21.697324],[83.992675,21.696991],[83.97462,21.70665],[83.974451,21.700942],[83.970948,21.698086],[83.974177,21.679397],[83.987798,21.656805],[83.980815,21.654135],[83.986327,21.653591],[83.991034,21.644428],[83.987656,21.641232],[83.989426,21.635581],[83.994959,21.635139],[83.993924,21.631721],[83.999544,21.635583],[83.999427,21.630392],[84.008207,21.635165],[84.007827,21.62909],[84.011969,21.624235],[84.014048,21.62675],[84.023552,21.625408],[84.022512,21.628356],[84.032165,21.627743],[84.03147,21.619375],[84.038371,21.618812],[84.021038,21.608022],[84.032292,21.604322],[84.027751,21.603312],[84.027365,21.599616],[84.02327,21.600451],[84.022678,21.596938],[84.016427,21.59653],[84.01713,21.601097],[84.010639,21.599108],[84.007139,21.602296],[84.005071,21.595857],[83.998838,21.604209],[83.996299,21.595451],[84.004352,21.591927],[84.001457,21.590324],[84.004499,21.58682],[84.001199,21.585531],[84.002127,21.582486],[83.997567,21.580889],[83.993859,21.584025],[83.995107,21.574559],[83.989553,21.575936],[83.975296,21.560143],[83.968751,21.559896],[83.967864,21.557318],[83.954273,21.559862],[83.939314,21.554191],[83.934322,21.548798],[83.918677,21.548128],[83.9038,21.552287],[83.901946,21.55005],[83.893698,21.551358],[83.888686,21.546653],[83.884756,21.552899],[83.887609,21.5435],[83.85139,21.516533],[83.84695,21.521291],[83.84617,21.525926],[83.845941,21.526784],[83.845628,21.5273],[83.8453,21.527573],[83.815049,21.536372],[83.798761,21.56364],[83.807641,21.58977],[83.809472,21.594301],[83.811074,21.595492],[83.812531,21.595799],[83.815033,21.595935],[83.816728,21.59563],[83.835053,21.590586],[83.840012,21.588129],[83.844926,21.58523],[83.853784,21.584977],[83.873681,21.57646],[83.878587,21.576067],[83.886094,21.575064],[83.888925,21.574758],[83.898027,21.574504],[83.905389,21.575435],[83.921693,21.579366],[83.937875,21.579251],[83.94745,21.579612],[83.955003,21.577905],[83.959215,21.574389],[83.962381,21.572983],[83.964319,21.572544],[83.970735,21.572244],[83.97516,21.574712],[83.976335,21.576649],[83.977174,21.579245],[83.978334,21.586554],[83.978334,21.591686],[83.978433,21.594447],[83.978433,21.595612],[83.978333,21.599578],[83.978432,21.602885],[83.978189,21.608556],[83.9768,21.632675],[83.973206,21.650287],[83.973503,21.660992],[83.973251,21.663113],[83.972809,21.665824],[83.972267,21.668193],[83.96891,21.680772],[83.966148,21.688714],[83.968353,21.70445],[83.96408,21.712363],[83.946716,21.720085],[83.943168,21.723439],[83.940795,21.726448],[83.940795,21.727039],[83.946204,21.733393],[83.948872,21.733704],[83.950287,21.72505],[83.960789,21.722482],[83.961752,21.716667],[83.963501,21.719596],[83.965713,21.713599],[83.971734,21.710239],[83.971831,21.715139],[83.963605,21.721905],[83.96095,21.729183],[83.962921,21.731201],[83.96584,21.727822],[83.970664,21.730706],[83.969957,21.728088],[83.976805,21.723474],[83.976507,21.732528],[83.979274,21.735048],[83.979913,21.731869]],[[83.912952,21.573395],[83.911781,21.572334],[83.914332,21.572047],[83.914279,21.573071],[83.912952,21.573395]],[[83.944578,21.566854],[83.945061,21.564817],[83.948359,21.564811],[83.947244,21.566602],[83.944578,21.566854]],[[83.868119,21.562727],[83.871425,21.55783],[83.873732,21.551703],[83.87512,21.550931],[83.876738,21.551009],[83.877236,21.550219],[83.877993,21.550314],[83.878065,21.550741],[83.877737,21.551009],[83.876967,21.551318],[83.876509,21.552012],[83.876419,21.553242],[83.876043,21.554326],[83.877279,21.554979],[83.875949,21.556707],[83.87567,21.557448],[83.874739,21.557599],[83.874367,21.558224],[83.873427,21.559338],[83.872885,21.559878],[83.872343,21.560418],[83.871291,21.562229],[83.870726,21.562766],[83.868119,21.562727]],[[83.877966,21.558881],[83.879515,21.556416],[83.879577,21.556065],[83.87889,21.555915],[83.878737,21.555761],[83.878877,21.554677],[83.87936,21.554601],[83.879813,21.555412],[83.880507,21.554605],[83.881278,21.554143],[83.88259,21.553603],[83.88368,21.55275],[83.877966,21.558881]],[[83.914607,21.557654],[83.916562,21.555206],[83.920045,21.555586],[83.917592,21.555713],[83.914607,21.557654]]],[[[83.424763,21.687731],[83.425509,21.686428],[83.422897,21.686458],[83.43146,21.681896],[83.431469,21.68665],[83.434611,21.680043],[83.438214,21.68464],[83.435804,21.679888],[83.438128,21.67864],[83.435359,21.678943],[83.442323,21.671801],[83.44557,21.678277],[83.44798,21.677306],[83.443127,21.670284],[83.446916,21.662963],[83.444494,21.659909],[83.432966,21.672977],[83.419142,21.680567],[83.425844,21.693036],[83.424763,21.687731]]],[[[83.868119,21.562727],[83.870726,21.562766],[83.872343,21.560418],[83.874739,21.557599],[83.87567,21.557448],[83.877279,21.554979],[83.876509,21.552012],[83.876967,21.551318],[83.878065,21.550741],[83.877993,21.550314],[83.877236,21.550219],[83.876738,21.551009],[83.873732,21.551703],[83.868119,21.562727]]],[[[83.877966,21.558881],[83.879754,21.558272],[83.88368,21.55275],[83.878877,21.554677],[83.877966,21.558881]]]]}},{"type":"Feature","properties":{"name":"Tampara Lake","kind":"wetland","ramsarid":2489,"area_km2":3.0,"source":"Ramsar Sites Information Service"},"geometry":{"type":"MultiPolygon","coordinates":[[[[85.000665,19.355169],[85.000757,19.355248],[85.001637,19.355758],[85.002247,19.356461],[85.002791,19.357356],[85.00367,19.357609],[85.004415,19.358119],[85.005025,19.358502],[85.005567,19.358949],[85.006175,19.359075],[85.00685,19.359072],[85.007799,19.35971],[85.008341,19.360221],[85.008419,19.360319],[85.008479,19.360416],[85.008636,19.360711],[85.008792,19.360858],[85.00898,19.360976],[85.00926,19.361093],[85.009478,19.361151],[85.010164,19.361385],[85.010663,19.36159],[85.011442,19.361794],[85.01272,19.362262],[85.013687,19.362672],[85.014529,19.363142],[85.014872,19.363347],[85.015434,19.3637],[85.015901,19.363698],[85.01693,19.364226],[85.017368,19.364667],[85.018053,19.364783],[85.018178,19.364871],[85.01849,19.365136],[85.01874,19.365312],[85.018958,19.36543],[85.01927,19.365488],[85.019893,19.365751],[85.020674,19.366457],[85.021112,19.36684],[85.021673,19.367044],[85.022608,19.367307],[85.023262,19.367452],[85.023636,19.367539],[85.023917,19.367804],[85.024104,19.367685],[85.024103,19.367449],[85.024039,19.367183],[85.02382,19.366918],[85.023756,19.366475],[85.023381,19.366034],[85.022943,19.365563],[85.022631,19.365357],[85.022382,19.365328],[85.022226,19.36524],[85.021913,19.364798],[85.021632,19.364563],[85.021506,19.364327],[85.021193,19.363797],[85.021221,19.363147],[85.021314,19.36291],[85.021188,19.362733],[85.02069,19.362676],[85.020317,19.362677],[85.020005,19.362619],[85.01988,19.362413],[85.020096,19.362028],[85.020282,19.361939],[85.020281,19.361555],[85.020249,19.361319],[85.020062,19.36129],[85.01975,19.361114],[85.019625,19.361026],[85.019188,19.36082],[85.019156,19.360407],[85.01956,19.360258],[85.01984,19.360227],[85.020212,19.360019],[85.02018,19.359665],[85.01993,19.359488],[85.019306,19.359254],[85.019089,19.359344],[85.018934,19.359551],[85.018779,19.359581],[85.018653,19.359404],[85.018093,19.359318],[85.017845,19.359525],[85.017846,19.359909],[85.018003,19.360116],[85.018128,19.360381],[85.018129,19.360588],[85.01813,19.360913],[85.01838,19.360971],[85.018537,19.361295],[85.018446,19.362034],[85.018417,19.362537],[85.018169,19.362656],[85.017981,19.362509],[85.017792,19.361859],[85.017356,19.361772],[85.017106,19.361626],[85.016669,19.361214],[85.016232,19.36092],[85.015854,19.359902],[85.015665,19.359401],[85.015478,19.359224],[85.01501,19.358989],[85.015009,19.358783],[85.015101,19.358516],[85.01507,19.35831],[85.014664,19.358075],[85.014415,19.357987],[85.014258,19.357781],[85.014288,19.357485],[85.014317,19.357072],[85.014224,19.356954],[85.014067,19.356748],[85.013879,19.356364],[85.013534,19.355834],[85.013161,19.355776],[85.012911,19.355629],[85.012692,19.355423],[85.012442,19.355188],[85.012317,19.354922],[85.012005,19.354776],[85.011693,19.354718],[85.011538,19.354689],[85.011288,19.354513],[85.011225,19.354276],[85.011317,19.354099],[85.011441,19.353862],[85.011347,19.353685],[85.01116,19.353686],[85.011036,19.353775],[85.010975,19.3541],[85.010976,19.354336],[85.010853,19.354691],[85.010572,19.354604],[85.010416,19.354309],[85.010258,19.353925],[85.009852,19.353513],[85.009416,19.353485],[85.009293,19.353693],[85.009044,19.353782],[85.00895,19.353664],[85.008918,19.353428],[85.008854,19.352985],[85.008822,19.352808],[85.008542,19.352661],[85.008447,19.352425],[85.008259,19.352072],[85.008041,19.351984],[85.007823,19.352044],[85.007824,19.352132],[85.008042,19.352397],[85.008229,19.352456],[85.008293,19.352692],[85.008294,19.352928],[85.008232,19.353135],[85.007921,19.353136],[85.007827,19.3529],[85.007794,19.352487],[85.007419,19.352134],[85.007201,19.352105],[85.007077,19.352165],[85.006984,19.352253],[85.006922,19.352401],[85.006643,19.35258],[85.006424,19.352492],[85.006424,19.352344],[85.006423,19.352108],[85.006422,19.35196],[85.006048,19.351666],[85.00536,19.351019],[85.003916,19.349658],[85.003729,19.349388],[85.002884,19.348639],[85.001764,19.347631],[85.000994,19.347069],[85.000149,19.346602],[84.999911,19.34639],[84.999229,19.345782],[84.99894,19.345379],[84.998861,19.345316],[84.99833,19.344879],[84.997603,19.344757],[84.99661,19.344259],[84.995814,19.343196],[84.995018,19.342321],[84.994155,19.341258],[84.993162,19.340822],[84.992369,19.340574],[84.991244,19.340202],[84.99078,19.339828],[84.990185,19.339579],[84.989245,19.339761],[84.989097,19.339508],[84.98922,19.339099],[84.989224,19.338801],[84.989304,19.338652],[84.989386,19.338391],[84.989231,19.338202],[84.988802,19.337899],[84.988485,19.33812],[84.988754,19.338646],[84.988751,19.338906],[84.988554,19.338904],[84.988319,19.338791],[84.987967,19.338599],[84.987971,19.338337],[84.988093,19.337966],[84.988253,19.33778],[84.988294,19.337632],[84.988218,19.337407],[84.987745,19.337477],[84.987307,19.337919],[84.987121,19.338092],[84.986742,19.337522],[84.985883,19.337462],[84.985419,19.337088],[84.984029,19.336215],[84.983631,19.335903],[84.982573,19.335342],[84.981976,19.334843],[84.981049,19.334219],[84.980519,19.333719],[84.979855,19.332969],[84.978265,19.331721],[84.978197,19.331031],[84.977534,19.330594],[84.977006,19.330596],[84.976941,19.33091],[84.977075,19.331223],[84.977075,19.331411],[84.977076,19.331725],[84.976746,19.331726],[84.976218,19.331728],[84.975952,19.331227],[84.975619,19.330664],[84.975354,19.330351],[84.97489,19.330039],[84.974428,19.330104],[84.973832,19.329729],[84.973633,19.329291],[84.973235,19.328979],[84.972772,19.328855],[84.972474,19.328816],[84.972509,19.329107],[84.972511,19.329671],[84.97324,19.33017],[84.973702,19.330169],[84.974365,19.330793],[84.974829,19.331293],[84.97503,19.332045],[84.975429,19.332671],[84.975826,19.33292],[84.976421,19.332918],[84.976552,19.332667],[84.976816,19.332666],[84.977278,19.332664],[84.977478,19.33304],[84.977612,19.333604],[84.978075,19.33379],[84.978669,19.333537],[84.979131,19.333473],[84.979594,19.333848],[84.980855,19.33516],[84.981251,19.335284],[84.981585,19.336098],[84.981586,19.336537],[84.981654,19.33685],[84.981984,19.336974],[84.982513,19.337035],[84.982712,19.33716],[84.98324,19.337158],[84.983438,19.337032],[84.983436,19.336718],[84.983502,19.33653],[84.983833,19.336654],[84.9839,19.33703],[84.983903,19.33772],[84.983907,19.338723],[84.98391,19.339538],[84.983582,19.340104],[84.98365,19.34073],[84.984379,19.34123],[84.985107,19.341603],[84.985835,19.342102],[84.986536,19.342174],[84.987137,19.342862],[84.987561,19.343489],[84.987718,19.343694],[84.987798,19.343626],[84.988217,19.343961],[84.988838,19.344564],[84.989388,19.344683],[84.989899,19.344689],[84.990235,19.344878],[84.990368,19.344953],[84.990808,19.345371],[84.991594,19.346114],[84.991806,19.346315],[84.993014,19.347261],[84.994966,19.348477],[84.996051,19.349833],[84.996235,19.350065],[84.996214,19.350096],[84.996435,19.350199],[84.996495,19.35037],[84.996436,19.350656],[84.996317,19.350885],[84.996258,19.351114],[84.996379,19.351399],[84.996501,19.351684],[84.996682,19.351798],[84.997165,19.352139],[84.997406,19.352424],[84.997769,19.352708],[84.998312,19.353106],[84.999036,19.353503],[84.999151,19.35368],[84.999634,19.354225],[85.0,19.354504],[85.000157,19.354623],[85.000505,19.354951],[85.000665,19.355169]]]]}},{"type":"Feature","properties":{"name":"Pallikaranai Marsh Reserve Forest","kind":"wetland","ramsarid":2481,"area_km2":12.5,"source":"Ramsar Sites Information Service"},"geometry":{"type":"MultiPolygon","coordinates":[[[[80.208661,12.896],[80.208961,12.897306],[80.208644,12.897345],[80.208455,12.89739],[80.208368,12.897519],[80.208385,12.897849],[80.208615,12.899254],[80.208858,12.900342],[80.208861,12.900744],[80.208863,12.90106],[80.208998,12.90146],[80.209076,12.902077],[80.20899,12.90225],[80.208933,12.902523],[80.208774,12.902753],[80.208527,12.90297],[80.208323,12.903072],[80.208251,12.903216],[80.208419,12.904062],[80.20842,12.904263],[80.20854,12.904549],[80.208701,12.904633],[80.208935,12.904617],[80.20933,12.9046],[80.210316,12.904412],[80.210344,12.904686],[80.210614,12.90461],[80.212381,12.903845],[80.212406,12.904104],[80.212428,12.904332],[80.212791,12.90928],[80.21163,12.90937],[80.209818,12.909526],[80.208993,12.909594],[80.208702,12.909749],[80.208875,12.911986],[80.209225,12.914356],[80.209712,12.914276],[80.210739,12.914095],[80.211685,12.916671],[80.213352,12.923599],[80.213465,12.92405],[80.213535,12.924329],[80.215884,12.923574],[80.216675,12.925865],[80.216821,12.926387],[80.217901,12.926138],[80.218127,12.926974],[80.218301,12.927403],[80.218765,12.927399],[80.219032,12.927302],[80.219059,12.927588],[80.21933,12.927945],[80.219794,12.928109],[80.21816,12.928836],[80.218485,12.929649],[80.22012,12.929302],[80.2203,12.930473],[80.220722,12.931474],[80.220677,12.931904],[80.220217,12.932338],[80.220159,12.932388],[80.219859,12.932853],[80.219727,12.933271],[80.21975,12.933859],[80.219982,12.935659],[80.22007,12.936689],[80.219774,12.936773],[80.219597,12.936823],[80.219467,12.936938],[80.219469,12.937225],[80.219506,12.937354],[80.219624,12.937411],[80.220016,12.937457],[80.220223,12.937493],[80.220532,12.937426],[80.220596,12.937346],[80.221224,12.937255],[80.221517,12.937253],[80.221563,12.937482],[80.221275,12.938144],[80.221141,12.938447],[80.220887,12.938918],[80.220627,12.939114],[80.219617,12.939864],[80.219158,12.939921],[80.218891,12.939875],[80.218743,12.939933],[80.218587,12.939995],[80.21851,12.940242],[80.218591,12.940458],[80.218434,12.940739],[80.218601,12.941014],[80.218361,12.941455],[80.218394,12.941827],[80.218036,12.942051],[80.218161,12.942409],[80.218045,12.942456],[80.21737,12.942655],[80.217298,12.942763],[80.217226,12.942892],[80.217007,12.942987],[80.216905,12.943017],[80.216906,12.943103],[80.216959,12.943333],[80.216972,12.943494],[80.216936,12.94359],[80.216815,12.943669],[80.216718,12.943706],[80.216578,12.943755],[80.216523,12.943779],[80.216506,12.943869],[80.216538,12.944036],[80.216676,12.944573],[80.216671,12.944782],[80.216673,12.945021],[80.216732,12.945152],[80.216731,12.945209],[80.216932,12.94573],[80.216767,12.9458],[80.216647,12.945536],[80.216379,12.945645],[80.216487,12.945998],[80.216395,12.946034],[80.216296,12.946067],[80.216158,12.946113],[80.216115,12.946066],[80.21604,12.945893],[80.216003,12.945785],[80.215917,12.945792],[80.215796,12.945823],[80.21579,12.945889],[80.215884,12.946169],[80.216072,12.946834],[80.215839,12.946979],[80.215766,12.946945],[80.214248,12.942941],[80.208619,12.944029],[80.209554,12.946743],[80.210909,12.950155],[80.213106,12.955393],[80.21349,12.956432],[80.215901,12.956091],[80.217946,12.955801],[80.218097,12.956326],[80.217121,12.956433],[80.213608,12.956934],[80.21368,12.95711],[80.213936,12.957742],[80.21455,12.959007],[80.215479,12.961391],[80.216377,12.963943],[80.219854,12.962697],[80.219902,12.962601],[80.2198,12.9621],[80.219735,12.961827],[80.219572,12.960497],[80.218708,12.959669],[80.217825,12.958934],[80.217994,12.958718],[80.218589,12.958947],[80.220075,12.959826],[80.22089,12.961159],[80.221829,12.962802],[80.223032,12.963821],[80.223767,12.963981],[80.224569,12.963905],[80.225591,12.963658],[80.225715,12.963944],[80.224596,12.96424],[80.224014,12.964674],[80.22358,12.965228],[80.223375,12.966082],[80.223471,12.966855],[80.223645,12.967308],[80.223843,12.967737],[80.224382,12.968067],[80.226408,12.968315],[80.226528,12.968099],[80.226869,12.968048],[80.227016,12.968119],[80.227133,12.968111],[80.227388,12.968192],[80.227422,12.968196],[80.22751,12.968166],[80.227533,12.96809],[80.227696,12.967803],[80.227749,12.967682],[80.227697,12.967587],[80.227667,12.967501],[80.227695,12.967329],[80.227812,12.967256],[80.227881,12.967211],[80.228018,12.967066],[80.228125,12.967081],[80.228227,12.967023],[80.228366,12.966986],[80.228416,12.966893],[80.228495,12.966684],[80.228419,12.966383],[80.228396,12.966168],[80.228337,12.96609],[80.228249,12.966062],[80.228059,12.966057],[80.228058,12.966042],[80.228044,12.965873],[80.228276,12.965839],[80.228386,12.96581],[80.228415,12.965781],[80.228416,12.965673],[80.229037,12.965591],[80.229751,12.965516],[80.230554,12.96539],[80.230649,12.967127],[80.231373,12.967093],[80.231145,12.966054],[80.230994,12.96541],[80.231064,12.965065],[80.231172,12.964763],[80.231602,12.964688],[80.232458,12.964688],[80.232546,12.964659],[80.232545,12.964558],[80.232523,12.964516],[80.232489,12.963956],[80.232343,12.963929],[80.232094,12.963945],[80.232079,12.963916],[80.232064,12.963795],[80.232055,12.963644],[80.232077,12.963601],[80.232038,12.962468],[80.23187,12.962433],[80.231868,12.962203],[80.231832,12.96135],[80.231464,12.961235],[80.231034,12.961075],[80.230846,12.960771],[80.230853,12.960398],[80.23089,12.960196],[80.231123,12.960022],[80.231571,12.959971],[80.231934,12.960169],[80.232087,12.960243],[80.232453,12.960262],[80.232642,12.960203],[80.232669,12.959902],[80.232615,12.9595],[80.232507,12.959442],[80.232282,12.958849],[80.232073,12.958266],[80.231941,12.957783],[80.231861,12.957364],[80.231855,12.956575],[80.231904,12.956313],[80.231959,12.956019],[80.232072,12.956004],[80.232292,12.956038],[80.232387,12.956055],[80.232453,12.956091],[80.23249,12.956108],[80.232567,12.956151],[80.232648,12.956186],[80.232806,12.956266],[80.232953,12.95632],[80.233187,12.956343],[80.233293,12.956328],[80.233489,12.955992],[80.233531,12.955893],[80.233695,12.955748],[80.23429,12.95552],[80.234671,12.955363],[80.234957,12.955309],[80.234572,12.95497],[80.233948,12.954726],[80.231517,12.954099],[80.23132,12.953885],[80.23127,12.953647],[80.231256,12.953455],[80.231375,12.952541],[80.231468,12.952462],[80.231478,12.952059],[80.230882,12.947146],[80.230717,12.94533],[80.231081,12.945112],[80.231074,12.944251],[80.231548,12.944032],[80.230847,12.942319],[80.230104,12.941784],[80.229841,12.940996],[80.229839,12.940709],[80.22987,12.939992],[80.229603,12.938523],[80.228851,12.935982],[80.227692,12.929316],[80.227385,12.929163],[80.228252,12.929089],[80.227865,12.927475],[80.227629,12.926495],[80.227583,12.926153],[80.227314,12.925038],[80.22809,12.924817],[80.228983,12.924693],[80.230506,12.924446],[80.230993,12.924752],[80.231154,12.92478],[80.231388,12.924742],[80.231522,12.92464],[80.231781,12.924442],[80.232577,12.923641],[80.233162,12.922462],[80.23337,12.922195],[80.23351,12.921968],[80.233586,12.921845],[80.233803,12.921615],[80.234345,12.921042],[80.234777,12.920728],[80.234962,12.92069],[80.235239,12.920616],[80.23543,12.920622],[80.235818,12.920806],[80.236566,12.921134],[80.236847,12.921333],[80.237129,12.921965],[80.23727,12.922244],[80.237444,12.922325],[80.237507,12.922529],[80.237703,12.922554],[80.238048,12.923486],[80.238265,12.924073],[80.238281,12.924225],[80.238032,12.924419],[80.237984,12.924521],[80.237998,12.924682],[80.23809,12.924742],[80.238826,12.92467],[80.239477,12.924511],[80.23963,12.924574],[80.239902,12.924654],[80.240374,12.924852],[80.240713,12.924902],[80.241011,12.9249],[80.241467,12.924742],[80.241659,12.924633],[80.241982,12.924449],[80.242667,12.923762],[80.242927,12.923544],[80.24309,12.923408],[80.24243,12.923023],[80.242145,12.923405],[80.241164,12.924142],[80.240726,12.924229],[80.240482,12.924159],[80.240175,12.923946],[80.239904,12.923601],[80.239495,12.92272],[80.239356,12.92242],[80.238726,12.921016],[80.237939,12.920113],[80.237434,12.919865],[80.237062,12.919682],[80.235828,12.919603],[80.234515,12.919644],[80.233912,12.91984],[80.232852,12.920297],[80.232106,12.920844],[80.231938,12.921349],[80.231924,12.922327],[80.231418,12.922671],[80.230754,12.923034],[80.230381,12.923434],[80.23006,12.923504],[80.229541,12.923656],[80.228382,12.923789],[80.227296,12.924036],[80.22708,12.924072],[80.227414,12.923586],[80.227208,12.920599],[80.226353,12.920396],[80.224343,12.92147],[80.225313,12.923424],[80.226113,12.924792],[80.225096,12.927131],[80.224577,12.926985],[80.224422,12.925814],[80.221538,12.922595],[80.22148,12.922275],[80.221708,12.921307],[80.224696,12.919717],[80.225772,12.919255],[80.22539,12.916083],[80.226185,12.916023],[80.22622,12.915772],[80.225886,12.915471],[80.225739,12.913818],[80.223721,12.914213],[80.218758,12.915541],[80.215767,12.911833],[80.215873,12.911305],[80.216419,12.911039],[80.217247,12.910938],[80.217981,12.911219],[80.219007,12.91145],[80.219497,12.911877],[80.220082,12.911777],[80.219178,12.90805],[80.21566,12.908641],[80.215327,12.906998],[80.215202,12.90658],[80.214927,12.906522],[80.213868,12.906587],[80.213593,12.903513],[80.214079,12.90329],[80.215779,12.90251],[80.218061,12.901985],[80.221591,12.90145],[80.223569,12.901196],[80.222575,12.898693],[80.222572,12.898334],[80.222447,12.897947],[80.222049,12.897681],[80.221348,12.897626],[80.217539,12.897685],[80.21692,12.896434],[80.21302,12.896433],[80.212878,12.893894],[80.21292,12.891412],[80.215266,12.891335],[80.215454,12.892081],[80.217192,12.892187],[80.217834,12.892481],[80.218535,12.892506],[80.21726,12.889227],[80.216916,12.886636],[80.218761,12.886317],[80.218829,12.885287],[80.222835,12.885414],[80.222853,12.885703],[80.223184,12.885643],[80.223257,12.886254],[80.223501,12.886243],[80.223528,12.885927],[80.223576,12.885831],[80.223551,12.885219],[80.223941,12.885207],[80.223937,12.884709],[80.22424,12.884707],[80.224282,12.885185],[80.224345,12.885749],[80.224452,12.885719],[80.224451,12.885595],[80.224525,12.885049],[80.224547,12.884064],[80.224483,12.883442],[80.224377,12.882618],[80.224374,12.882224],[80.224357,12.881686],[80.224306,12.881397],[80.224528,12.881428],[80.224656,12.881787],[80.224718,12.882246],[80.224836,12.882475],[80.224977,12.883028],[80.224968,12.884348],[80.224976,12.885305],[80.225036,12.885553],[80.22529,12.885551],[80.225308,12.88536],[80.225423,12.885206],[80.225617,12.885032],[80.225615,12.884783],[80.225593,12.884477],[80.225591,12.88421],[80.225492,12.884077],[80.225394,12.883924],[80.225178,12.883811],[80.225177,12.88362],[80.225469,12.88356],[80.225625,12.88354],[80.225681,12.883214],[80.225472,12.881561],[80.22548,12.88137],[80.225577,12.881245],[80.225683,12.881148],[80.225721,12.881033],[80.225672,12.880947],[80.225739,12.880765],[80.225747,12.880574],[80.225745,12.880354],[80.225851,12.880133],[80.225986,12.87995],[80.226053,12.879854],[80.22616,12.879825],[80.226228,12.879719],[80.22611,12.879662],[80.226042,12.879634],[80.22595,12.879118],[80.225965,12.878563],[80.226148,12.878218],[80.226587,12.878214],[80.226654,12.876808],[80.226205,12.876835],[80.226204,12.876656],[80.224619,12.87684],[80.219988,12.877831],[80.217397,12.878425],[80.21738,12.880936],[80.214855,12.885295],[80.214272,12.885865],[80.212695,12.884952],[80.216155,12.878542],[80.2136,12.879135],[80.209891,12.879843],[80.211086,12.885],[80.210749,12.885856],[80.210299,12.88714],[80.209708,12.889536],[80.208459,12.889545],[80.208493,12.890083],[80.208568,12.891787],[80.208202,12.891759],[80.208271,12.892775],[80.208531,12.894925],[80.208661,12.896]]]]}},{"type":"Feature","properties":{"name":"Pichavaram Mangrove","kind":"wetland","ramsarid":2482,"area_km2":14.8,"source":"Ramsar Sites Information Service"},"geometry":{"type":"MultiPolygon","coordinates":[[[[79.796916,11.452549],[79.797034,11.452382],[79.797006,11.4524],[79.796922,11.452404],[79.794286,11.452546],[79.791299,11.451928],[79.790242,11.451753],[79.788863,11.451398],[79.787714,11.451087],[79.786565,11.450912],[79.785232,11.450603],[79.778992,11.449155],[79.778936,11.449142],[79.77871,11.449033],[79.77816,11.449918],[79.777595,11.450991],[79.776926,11.452187],[79.776352,11.453279],[79.775806,11.454221],[79.775295,11.45509],[79.775114,11.455408],[79.774469,11.456377],[79.773715,11.457497],[79.77375,11.457904],[79.773706,11.458703],[79.773715,11.459249],[79.773725,11.460445],[79.773803,11.462956],[79.773668,11.464117],[79.773763,11.465538],[79.773875,11.46648],[79.774648,11.465218],[79.775258,11.465184],[79.776361,11.465495],[79.777694,11.465759],[79.780221,11.466108],[79.781415,11.466238],[79.782701,11.466458],[79.783804,11.466678],[79.784723,11.466764],[79.785911,11.465671],[79.787737,11.463896],[79.790524,11.461438],[79.791483,11.460527],[79.792397,11.459798],[79.79523,11.457384],[79.795366,11.456976],[79.796916,11.452549]]],[[[79.784595,11.429724],[79.78461,11.429697],[79.784754,11.429339],[79.784532,11.428268],[79.784286,11.425546],[79.784166,11.425661],[79.784115,11.425654],[79.784085,11.425649],[79.783145,11.425729],[79.782477,11.425776],[79.782589,11.425043],[79.78259,11.42475],[79.782787,11.423799],[79.783202,11.422113],[79.783494,11.421906],[79.783851,11.421765],[79.78435,11.421435],[79.785301,11.421021],[79.785405,11.420795],[79.785537,11.420155],[79.785706,11.419806],[79.785932,11.419336],[79.786139,11.418987],[79.786384,11.418554],[79.786742,11.417895],[79.787613,11.417036],[79.787825,11.416652],[79.788355,11.415963],[79.788493,11.415745],[79.788484,11.415519],[79.788352,11.415409],[79.788165,11.415392],[79.787997,11.415504],[79.787849,11.415633],[79.787681,11.415782],[79.787477,11.416023],[79.787291,11.416226],[79.787049,11.416504],[79.786845,11.416782],[79.785866,11.417443],[79.785655,11.417537],[79.785452,11.41765],[79.784718,11.41797],[79.784605,11.418083],[79.783833,11.418498],[79.783354,11.41899],[79.782523,11.419511],[79.780897,11.42071],[79.779238,11.422574],[79.778818,11.423662],[79.778277,11.424373],[79.779031,11.424957],[79.778861,11.425616],[79.778221,11.426124],[79.777223,11.426576],[79.775887,11.426688],[79.774751,11.426729],[79.774362,11.427011],[79.773722,11.426909],[79.77308,11.426283],[79.772045,11.425342],[79.771083,11.424752],[79.769978,11.423882],[79.76905,11.422942],[79.768617,11.421789],[79.768043,11.420671],[79.767944,11.42045],[79.76783,11.420602],[79.76696,11.420757],[79.766699,11.421518],[79.767095,11.422637],[79.768058,11.423437],[79.768914,11.424133],[79.77018,11.424825],[79.77114,11.425616],[79.772364,11.426426],[79.773653,11.427225],[79.774699,11.427593],[79.775697,11.428102],[79.777034,11.428704],[79.778334,11.429194],[79.779746,11.429608],[79.782157,11.429834],[79.782138,11.428949],[79.78242,11.428855],[79.783061,11.429796],[79.784577,11.429754],[79.784595,11.429724]]],[[[79.797034,11.452382],[79.797099,11.452187],[79.797363,11.451857],[79.797791,11.451462],[79.798347,11.450897],[79.799665,11.449697],[79.800522,11.448835],[79.801468,11.447931],[79.802713,11.446855],[79.803375,11.446213],[79.804312,11.445332],[79.805432,11.444306],[79.805522,11.444038],[79.805555,11.443873],[79.805795,11.443341],[79.8062,11.442268],[79.806341,11.441947],[79.806435,11.441599],[79.806571,11.441251],[79.806807,11.440657],[79.807032,11.439846],[79.807475,11.438991],[79.807781,11.438153],[79.808252,11.436981],[79.808563,11.43619],[79.809005,11.435121],[79.809029,11.434603],[79.808963,11.434104],[79.808761,11.43368],[79.808751,11.433299],[79.808794,11.432549],[79.808761,11.432193],[79.808741,11.431703],[79.808761,11.430823],[79.808539,11.430357],[79.808191,11.429528],[79.808207,11.428824],[79.808275,11.428246],[79.808337,11.428069],[79.808458,11.427782],[79.808615,11.427348],[79.808657,11.427029],[79.808764,11.426565],[79.808831,11.426233],[79.808901,11.425814],[79.808901,11.425598],[79.808916,11.425123],[79.808921,11.424462],[79.808958,11.423992],[79.809029,11.423144],[79.8091,11.421934],[79.809118,11.42136],[79.809104,11.42111],[79.809099,11.420629],[79.809067,11.420254],[79.80902,11.419901],[79.808836,11.419604],[79.808619,11.41927],[79.808342,11.41894],[79.80821,11.418187],[79.808092,11.417605],[79.808054,11.417467],[79.808021,11.417283],[79.808007,11.417034],[79.807974,11.416699],[79.807941,11.416346],[79.80781,11.416106],[79.807268,11.414986],[79.807183,11.414755],[79.807,11.414477],[79.806835,11.413865],[79.806647,11.413361],[79.806337,11.412357],[79.806162,11.411488],[79.806101,11.411384],[79.806058,11.411219],[79.806049,11.410993],[79.805978,11.410701],[79.805955,11.410565],[79.805865,11.410292],[79.805758,11.410068],[79.805658,11.409666],[79.805628,11.409497],[79.80562,11.409393],[79.80559,11.40921],[79.805569,11.409105],[79.805536,11.408923],[79.805512,11.408767],[79.805422,11.408466],[79.80539,11.408131],[79.805269,11.407376],[79.805112,11.407246],[79.804754,11.40734],[79.804415,11.407528],[79.804081,11.40758],[79.803874,11.407646],[79.803723,11.407731],[79.803468,11.407818],[79.803394,11.407844],[79.8033,11.407896],[79.803074,11.407966],[79.802669,11.40806],[79.802254,11.408235],[79.80201,11.408338],[79.801788,11.408442],[79.801501,11.408559],[79.801237,11.408738],[79.801063,11.408809],[79.800781,11.408983],[79.800188,11.409364],[79.799538,11.409666],[79.799152,11.409901],[79.798573,11.410226],[79.796991,11.411657],[79.796431,11.412307],[79.796061,11.413167],[79.79507,11.414138],[79.794543,11.414491],[79.793955,11.41403],[79.793663,11.41403],[79.793363,11.414373],[79.792865,11.414899],[79.792858,11.414917],[79.792679,11.415023],[79.79249,11.415169],[79.792942,11.415612],[79.792341,11.41626],[79.792029,11.416445],[79.791619,11.416163],[79.791214,11.415955],[79.790843,11.416657],[79.790329,11.417405],[79.789708,11.418201],[79.789016,11.419176],[79.788385,11.420124],[79.787815,11.420894],[79.786977,11.422287],[79.786431,11.42313],[79.785843,11.424081],[79.785678,11.424397],[79.785212,11.424825],[79.784463,11.425413],[79.784286,11.425546],[79.784532,11.428268],[79.784754,11.429339],[79.78461,11.429697],[79.784595,11.429724],[79.7846,11.429862],[79.7846,11.43015],[79.784642,11.431228],[79.784661,11.432042],[79.784624,11.432508],[79.784798,11.433817],[79.784915,11.43441],[79.784998,11.434801],[79.784327,11.436124],[79.78367,11.43754],[79.783319,11.438304],[79.782869,11.43946],[79.782731,11.439782],[79.782552,11.440163],[79.782378,11.440592],[79.782227,11.440963],[79.782147,11.441185],[79.782025,11.441397],[79.781959,11.441651],[79.781789,11.441971],[79.781412,11.442892],[79.78087,11.443999],[79.780842,11.444065],[79.780825,11.444104],[79.780723,11.444468],[79.780636,11.444617],[79.78057,11.444805],[79.780471,11.445026],[79.780335,11.445229],[79.780208,11.445521],[79.780199,11.44554],[79.780194,11.445571],[79.780109,11.445798],[79.779859,11.446283],[79.779589,11.447025],[79.77931,11.447546],[79.778927,11.448585],[79.7788,11.448797],[79.778727,11.449002],[79.77871,11.449033],[79.778936,11.449142],[79.778992,11.449155],[79.785232,11.450603],[79.786565,11.450912],[79.787714,11.451087],[79.788863,11.451398],[79.790242,11.451753],[79.791299,11.451928],[79.794286,11.452546],[79.796922,11.452404],[79.797006,11.4524],[79.797034,11.452382]]]]}},{"type":"Feature","properties":{"name":"Koonthankulam Bird Sanctuary","kind":"wetland","ramsarid":2479,"area_km2":0.7,"source":"Ramsar Sites Information Service"},"geometry":{"type":"MultiPolygon","coordinates":[[[[77.748359,8.493148],[77.748483,8.493687],[77.749051,8.49366],[77.749462,8.493816],[77.75025,8.493849],[77.750735,8.494196],[77.751317,8.494306],[77.75177,8.494707],[77.751813,8.494822],[77.751859,8.494934],[77.752409,8.49678],[77.752394,8.497101],[77.752502,8.497383],[77.75289,8.49722],[77.75351,8.497908],[77.753713,8.498141],[77.754378,8.497996],[77.754713,8.49854],[77.754945,8.498894],[77.755158,8.499175],[77.755357,8.499567],[77.755524,8.499999],[77.755752,8.500245],[77.756241,8.500919],[77.757649,8.500856],[77.758053,8.502809],[77.759438,8.502631],[77.75949,8.502491],[77.759372,8.501771],[77.759323,8.500941],[77.759249,8.500513],[77.759495,8.500337],[77.759422,8.499996],[77.759155,8.499178],[77.758864,8.498451],[77.758654,8.497628],[77.758629,8.497239],[77.75856,8.496795],[77.758451,8.496272],[77.758242,8.495571],[77.758275,8.495146],[77.758231,8.494583],[77.757947,8.493783],[77.757842,8.493328],[77.757656,8.493057],[77.757202,8.492833],[77.756002,8.492597],[77.754981,8.492536],[77.754009,8.492801],[77.753449,8.493177],[77.752618,8.493205],[77.751685,8.493471],[77.750612,8.493299],[77.749343,8.493163],[77.749126,8.492264],[77.748778,8.491668],[77.747646,8.49029],[77.747103,8.490092],[77.746444,8.489937],[77.745124,8.490213],[77.744709,8.490449],[77.744865,8.491444],[77.745059,8.492301],[77.74528,8.492905],[77.745536,8.493124],[77.745988,8.493214],[77.747143,8.493326],[77.748013,8.4932],[77.748359,8.493148]]]]}},{"type":"Feature","properties":{"name":"Chitrangudi Bird Sanctuary","kind":"wetland","ramsarid":2491,"area_km2":2.6,"source":"Ramsar Sites Information Service"},"geometry":{"type":"MultiPolygon","coordinates":[[[[78.479264,9.343883],[78.478933,9.34394],[78.478827,9.343913],[78.478752,9.343781],[78.478783,9.343553],[78.478884,9.343236],[78.478901,9.342972],[78.478959,9.342685],[78.479094,9.342513],[78.479344,9.342417],[78.47973,9.342397],[78.479807,9.342397],[78.48,9.34234],[78.480077,9.342263],[78.480231,9.342071],[78.480308,9.341995],[78.48077,9.34188],[78.481329,9.341841],[78.481676,9.341898],[78.481985,9.342128],[78.48239,9.342932],[78.482328,9.343706],[78.482293,9.344107],[78.482145,9.34512],[78.482065,9.346167],[78.482065,9.346684],[78.482104,9.346952],[78.482142,9.347182],[78.482181,9.347328],[78.4828,9.347412],[78.483586,9.347571],[78.483936,9.347685],[78.484785,9.347873],[78.48545,9.347957],[78.486201,9.347994],[78.487091,9.34793],[78.487228,9.347811],[78.487309,9.34718],[78.487322,9.346793],[78.487477,9.346533],[78.487549,9.346198],[78.487597,9.345792],[78.487693,9.345145],[78.487751,9.344654],[78.487767,9.344199],[78.487789,9.343542],[78.487694,9.343328],[78.487462,9.343153],[78.487055,9.343139],[78.486592,9.343044],[78.48638,9.342776],[78.486303,9.342508],[78.486303,9.342221],[78.486302,9.341493],[78.486054,9.340131],[78.485832,9.339653],[78.485714,9.339446],[78.485684,9.339166],[78.485729,9.338753],[78.485286,9.337722],[78.485227,9.337412],[78.485109,9.337176],[78.484977,9.336941],[78.484844,9.336705],[78.484638,9.336336],[78.484476,9.336145],[78.484343,9.335879],[78.48424,9.335673],[78.484117,9.335438],[78.484078,9.335363],[78.484004,9.335113],[78.483901,9.334906],[78.483709,9.334759],[78.483591,9.334567],[78.483208,9.333595],[78.48312,9.333388],[78.483031,9.333138],[78.482383,9.331959],[78.482181,9.331743],[78.482104,9.33166],[78.480081,9.331781],[78.479455,9.331947],[78.478132,9.332189],[78.477291,9.332473],[78.476511,9.332928],[78.476545,9.333103],[78.476458,9.333276],[78.476415,9.333347],[78.476242,9.333419],[78.476025,9.333391],[78.475895,9.333391],[78.474622,9.333578],[78.474061,9.333774],[78.473969,9.333882],[78.473973,9.334971],[78.473872,9.335603],[78.473366,9.336192],[78.472716,9.336796],[78.472142,9.337082],[78.47208,9.337206],[78.471903,9.337501],[78.471814,9.337751],[78.471711,9.337972],[78.471652,9.338238],[78.471593,9.338459],[78.471574,9.338604],[78.471564,9.33868],[78.47136,9.339099],[78.471117,9.340512],[78.470817,9.34164],[78.470218,9.342211],[78.469704,9.342739],[78.469632,9.343225],[78.469632,9.344024],[78.469621,9.344718],[78.469524,9.345343],[78.469376,9.345602],[78.468718,9.346323],[78.468325,9.346721],[78.468333,9.346894],[78.468663,9.347148],[78.468704,9.347522],[78.468661,9.348935],[78.468561,9.349549],[78.46879,9.350734],[78.469018,9.35122],[78.47066,9.350249],[78.473273,9.348621],[78.473592,9.348536],[78.475153,9.348212],[78.477094,9.347908],[78.477462,9.347814],[78.477886,9.347523],[78.478236,9.347165],[78.478424,9.347093],[78.478531,9.347057],[78.478589,9.347036],[78.478581,9.346941],[78.478496,9.346899],[78.478402,9.346854],[78.478289,9.346864],[78.478146,9.346857],[78.478107,9.346828],[78.478096,9.346766],[78.478121,9.346564],[78.478146,9.346397],[78.478196,9.346068],[78.478196,9.345997],[78.478171,9.345947],[78.478146,9.345879],[78.478203,9.345861],[78.478307,9.345897],[78.478414,9.345918],[78.478574,9.345933],[78.478817,9.345933],[78.478882,9.345628],[78.479108,9.345586],[78.479007,9.345099],[78.479543,9.344956],[78.47942,9.344506],[78.479288,9.343987],[78.479264,9.343883]]]]}},{"type":"Feature","properties":{"name":"Vaduvur Bird Sanctuary","kind":"wetland","ramsarid":2493,"area_km2":1.1,"source":"Ramsar Sites Information Service"},"geometry":{"type":"MultiPolygon","coordinates":[[[[79.321731,10.703619],[79.321887,10.703577],[79.321977,10.703128],[79.321938,10.702817],[79.321917,10.702649],[79.322007,10.7022],[79.322097,10.701751],[79.322366,10.701391],[79.322546,10.700912],[79.322696,10.700463],[79.322905,10.700044],[79.322935,10.699594],[79.322932,10.699581],[79.322815,10.699145],[79.322755,10.698696],[79.322722,10.698617],[79.322641,10.698428],[79.322533,10.69842],[79.321878,10.69788],[79.321419,10.6977],[79.32119,10.697667],[79.319863,10.697487],[79.31924,10.697372],[79.317537,10.697143],[79.315931,10.696733],[79.315528,10.696651],[79.314786,10.698369],[79.314401,10.699086],[79.314419,10.69975],[79.31372,10.700886],[79.3133,10.701952],[79.312601,10.70307],[79.312601,10.703892],[79.312356,10.704503],[79.311168,10.7055],[79.310259,10.705884],[79.310084,10.706426],[79.309752,10.707003],[79.309614,10.707093],[79.309728,10.707321],[79.309788,10.7078],[79.309968,10.708219],[79.310323,10.709823],[79.312611,10.709327],[79.312723,10.709297],[79.313172,10.709237],[79.313621,10.709088],[79.314011,10.708848],[79.31443,10.708609],[79.314789,10.708339],[79.315239,10.708189],[79.315688,10.70798],[79.316137,10.70777],[79.316556,10.70759],[79.317006,10.70753],[79.317455,10.707411],[79.317549,10.707222],[79.317664,10.706991],[79.317904,10.706572],[79.318263,10.706273],[79.318473,10.705853],[79.318623,10.705404],[79.319042,10.705105],[79.319401,10.704775],[79.319641,10.704386],[79.32003,10.704027],[79.320479,10.703877],[79.320959,10.703727],[79.321438,10.703697],[79.321731,10.703619]]]]}},{"type":"Feature","properties":{"name":"Udhayamarthandapuram Bird Sanctuary","kind":"wetland","ramsarid":2476,"area_km2":0.4,"source":"Ramsar Sites Information Service"},"geometry":{"type":"MultiPolygon","coordinates":[[[[79.550909,10.447862],[79.550937,10.447914],[79.551003,10.447922],[79.55156,10.447732],[79.552049,10.447773],[79.552282,10.447953],[79.552632,10.448515],[79.552683,10.448713],[79.552626,10.449945],[79.552463,10.450309],[79.552416,10.450778],[79.552535,10.451457],[79.552627,10.452576],[79.552971,10.454165],[79.553094,10.454266],[79.554017,10.454341],[79.554365,10.45433],[79.554481,10.454425],[79.55455,10.454789],[79.554667,10.455037],[79.554684,10.455057],[79.554788,10.455065],[79.555706,10.454587],[79.556778,10.453888],[79.556998,10.453704],[79.557895,10.452947],[79.557962,10.452775],[79.557837,10.452268],[79.557572,10.451162],[79.557362,10.450491],[79.557108,10.449903],[79.55685,10.44931],[79.556432,10.448343],[79.55634,10.448152],[79.555971,10.44745],[79.55541,10.446796],[79.555131,10.44698],[79.554769,10.446844],[79.554722,10.446798],[79.554617,10.446697],[79.55456,10.446591],[79.55433,10.446111],[79.554062,10.446209],[79.553787,10.446289],[79.553737,10.446281],[79.553713,10.446277],[79.553162,10.446265],[79.552573,10.446374],[79.552374,10.446453],[79.551887,10.446691],[79.551432,10.447162],[79.55097,10.447657],[79.550902,10.447827],[79.550909,10.447862]]]]}},{"type":"Feature","properties":{"name":"Sirpur Wetland","kind":"wetland","ramsarid":2478,"area_km2":1.6,"source":"Ramsar Sites Information Service"},"geometry":{"type":"MultiPolygon","coordinates":[[[[75.802222,22.700552],[75.802394,22.700589],[75.803299,22.700875],[75.806332,22.701784],[75.806826,22.701944],[75.807269,22.70206],[75.807869,22.70219],[75.809169,22.702437],[75.810373,22.702683],[75.811409,22.702939],[75.812047,22.703163],[75.813408,22.703401],[75.814071,22.703559],[75.814465,22.703606],[75.814815,22.703669],[75.815411,22.703775],[75.816225,22.703921],[75.816863,22.704018],[75.817227,22.704076],[75.817565,22.704133],[75.817929,22.704146],[75.81808,22.703871],[75.818224,22.703837],[75.818871,22.704293],[75.81928,22.704672],[75.819645,22.704781],[75.81987,22.704859],[75.820377,22.704947],[75.820702,22.704992],[75.821006,22.70485],[75.821182,22.70466],[75.821361,22.704432],[75.821533,22.704267],[75.821678,22.704105],[75.821852,22.703864],[75.822254,22.703351],[75.822614,22.702905],[75.822757,22.702556],[75.822879,22.702336],[75.823003,22.702085],[75.82322,22.701788],[75.823287,22.701612],[75.823384,22.701321],[75.823438,22.701251],[75.823556,22.701006],[75.823666,22.700823],[75.823702,22.700718],[75.823759,22.700578],[75.823903,22.700314],[75.824047,22.700037],[75.824266,22.699563],[75.824513,22.699214],[75.824507,22.699172],[75.824429,22.699128],[75.824316,22.69912],[75.824173,22.699089],[75.823841,22.699062],[75.82349,22.699024],[75.823341,22.699022],[75.82316,22.69903],[75.822927,22.699006],[75.822786,22.698969],[75.822581,22.698977],[75.822443,22.698938],[75.822288,22.698887],[75.822118,22.698875],[75.821908,22.698843],[75.82182,22.699046],[75.821699,22.699038],[75.821491,22.698954],[75.821545,22.698398],[75.821399,22.698281],[75.821285,22.698278],[75.821148,22.698174],[75.821054,22.697999],[75.821127,22.697853],[75.821164,22.697766],[75.821038,22.697676],[75.820709,22.697577],[75.82036,22.697449],[75.820084,22.697363],[75.819888,22.69732],[75.819754,22.697257],[75.819582,22.697175],[75.819391,22.697078],[75.819098,22.697006],[75.818843,22.696917],[75.818452,22.696856],[75.818081,22.696776],[75.817673,22.696719],[75.817331,22.696712],[75.817064,22.696681],[75.816886,22.696671],[75.816662,22.69666],[75.81647,22.696635],[75.816063,22.696581],[75.815623,22.696552],[75.815135,22.696542],[75.814771,22.696487],[75.814282,22.696442],[75.814111,22.69643],[75.813877,22.696515],[75.813716,22.696558],[75.812565,22.696685],[75.810956,22.696822],[75.810206,22.696867],[75.809455,22.696597],[75.808685,22.696441],[75.808024,22.696272],[75.806977,22.696126],[75.80502,22.695822],[75.804797,22.69548],[75.804534,22.695398],[75.804368,22.695209],[75.803977,22.69463],[75.803867,22.693911],[75.804321,22.692918],[75.804592,22.692464],[75.805099,22.692028],[75.804973,22.691937],[75.804709,22.692033],[75.803944,22.692132],[75.803371,22.692288],[75.802892,22.692384],[75.802606,22.692527],[75.802361,22.692686],[75.802063,22.692915],[75.801816,22.693207],[75.801662,22.693503],[75.80159,22.693872],[75.801492,22.694324],[75.801454,22.694968],[75.80144,22.695661],[75.801473,22.695972],[75.801504,22.696402],[75.801546,22.696857],[75.801577,22.697288],[75.801573,22.698195],[75.801526,22.698643],[75.801556,22.699473],[75.801541,22.699921],[75.800943,22.699819],[75.800372,22.69971],[75.800256,22.699786],[75.800237,22.699863],[75.800492,22.700008],[75.801162,22.700217],[75.801239,22.700242],[75.80189,22.700432],[75.802222,22.700552]]]]}},{"type":"Feature","properties":{"name":"Yashwant Sagar","kind":"wetland","ramsarid":2495,"area_km2":8.2,"source":"Ramsar Sites Information Service"},"geometry":{"type":"Polygon","coordinates":[[[75.706737,22.816958],[75.707733,22.815702],[75.708689,22.815445],[75.710537,22.815257],[75.711814,22.814498],[75.71183,22.814357],[75.711184,22.814202],[75.709993,22.814381],[75.709455,22.813858],[75.708885,22.813966],[75.7084,22.81435],[75.708149,22.814373],[75.707068,22.814009],[75.705972,22.814787],[75.705975,22.814408],[75.705751,22.814191],[75.704934,22.814035],[75.702276,22.813986],[75.70223,22.813304],[75.701885,22.813143],[75.701699,22.812772],[75.701827,22.812238],[75.702495,22.812008],[75.702438,22.811143],[75.703263,22.811049],[75.703833,22.810373],[75.703961,22.809143],[75.704731,22.808886],[75.704692,22.807899],[75.704907,22.807776],[75.706037,22.807773],[75.706597,22.807075],[75.705601,22.806612],[75.705605,22.805891],[75.705812,22.805394],[75.706632,22.805155],[75.707022,22.80559],[75.707875,22.805565],[75.707811,22.805221],[75.707134,22.805063],[75.706833,22.804334],[75.706895,22.803315],[75.707969,22.803214],[75.708153,22.803017],[75.708202,22.802323],[75.707902,22.80204],[75.707731,22.800769],[75.707339,22.800748],[75.706504,22.801537],[75.706033,22.801569],[75.705473,22.801858],[75.705512,22.802359],[75.704079,22.802706],[75.703858,22.80453],[75.703587,22.805213],[75.703067,22.805832],[75.702249,22.806157],[75.701717,22.80609],[75.701348,22.805219],[75.701318,22.804478],[75.701913,22.803651],[75.701626,22.802135],[75.701064,22.801816],[75.700974,22.801304],[75.701583,22.800382],[75.702028,22.798549],[75.702373,22.79852],[75.703185,22.79802],[75.702675,22.797721],[75.703156,22.797542],[75.703347,22.797291],[75.703317,22.796967],[75.70285,22.796641],[75.702812,22.796387],[75.703241,22.796098],[75.704269,22.796212],[75.704369,22.795781],[75.704744,22.795248],[75.705336,22.794781],[75.705102,22.794502],[75.705128,22.794294],[75.706138,22.793437],[75.707259,22.793021],[75.707229,22.792152],[75.709086,22.791544],[75.709415,22.791658],[75.709892,22.792183],[75.710719,22.792495],[75.713065,22.791525],[75.713309,22.791584],[75.713725,22.792256],[75.714302,22.792322],[75.714651,22.791087],[75.715521,22.790067],[75.715597,22.789446],[75.71488,22.789068],[75.714366,22.789088],[75.713849,22.789319],[75.711134,22.788495],[75.710103,22.788884],[75.709018,22.78958],[75.708353,22.789581],[75.707988,22.790155],[75.707631,22.790044],[75.707668,22.789373],[75.706757,22.789087],[75.707098,22.788417],[75.706951,22.788017],[75.706694,22.787937],[75.706652,22.78851],[75.705946,22.788428],[75.706321,22.788722],[75.705956,22.789148],[75.706043,22.7895],[75.706442,22.789804],[75.706425,22.789959],[75.706194,22.790087],[75.705961,22.790567],[75.705945,22.791199],[75.704807,22.792001],[75.70498,22.793022],[75.704028,22.793255],[75.703754,22.793122],[75.703669,22.792275],[75.703359,22.792318],[75.70319,22.792578],[75.702426,22.792948],[75.702213,22.793467],[75.70164,22.793564],[75.701358,22.793977],[75.701239,22.794691],[75.701006,22.79494],[75.700777,22.794914],[75.700699,22.795218],[75.700456,22.795196],[75.70073,22.795756],[75.700298,22.79616],[75.700381,22.796483],[75.699744,22.796957],[75.699127,22.796849],[75.698844,22.796023],[75.699385,22.795425],[75.69949,22.794519],[75.699902,22.794096],[75.70026,22.793185],[75.700183,22.792009],[75.699256,22.791007],[75.699278,22.790732],[75.699982,22.789319],[75.701028,22.78833],[75.701038,22.787667],[75.70049,22.786568],[75.69953,22.785699],[75.699032,22.785817],[75.698313,22.784874],[75.69962,22.782908],[75.701147,22.78119],[75.700481,22.780683],[75.700858,22.780449],[75.700795,22.780095],[75.701049,22.78001],[75.700734,22.77977],[75.700771,22.779521],[75.702135,22.779233],[75.702637,22.779494],[75.702936,22.779252],[75.702995,22.778536],[75.702248,22.778404],[75.702362,22.777847],[75.702188,22.777742],[75.702488,22.777434],[75.702999,22.777304],[75.703797,22.776473],[75.704265,22.775798],[75.704309,22.775393],[75.704739,22.775323],[75.704772,22.775099],[75.704248,22.77454],[75.704188,22.774225],[75.704625,22.772782],[75.704565,22.77199],[75.704861,22.771524],[75.705881,22.770993],[75.705434,22.770716],[75.704063,22.771411],[75.703588,22.772699],[75.703754,22.773855],[75.703581,22.774678],[75.703301,22.775531],[75.702795,22.775788],[75.702943,22.776403],[75.70258,22.776413],[75.701802,22.777068],[75.701248,22.778462],[75.701072,22.778673],[75.700735,22.778705],[75.699554,22.778269],[75.698945,22.776512],[75.697851,22.775572],[75.697397,22.774885],[75.696908,22.77458],[75.695142,22.774371],[75.694287,22.773944],[75.694008,22.773066],[75.694491,22.772309],[75.69473,22.771578],[75.69448,22.771213],[75.694087,22.771254],[75.693443,22.772075],[75.692358,22.771847],[75.692074,22.773022],[75.692245,22.773595],[75.691997,22.773857],[75.691602,22.773869],[75.690949,22.773333],[75.690672,22.773294],[75.690449,22.773486],[75.689972,22.773216],[75.689659,22.772673],[75.68969,22.772064],[75.68931,22.771475],[75.688109,22.771635],[75.68765,22.770861],[75.687456,22.770871],[75.687128,22.771212],[75.687168,22.77161],[75.686844,22.771999],[75.68704,22.772499],[75.686455,22.772773],[75.686653,22.773258],[75.688284,22.773174],[75.688625,22.772853],[75.688873,22.772841],[75.688908,22.773176],[75.689362,22.773496],[75.689476,22.774188],[75.689964,22.774162],[75.690483,22.77437],[75.690748,22.774567],[75.690827,22.774968],[75.691239,22.775087],[75.692366,22.77506],[75.692606,22.774872],[75.692802,22.774252],[75.693381,22.774144],[75.695021,22.774982],[75.695954,22.776466],[75.696091,22.778718],[75.695884,22.78013],[75.695096,22.781154],[75.694434,22.781432],[75.694425,22.781949],[75.694063,22.782446],[75.692958,22.783182],[75.69202,22.783017],[75.69173,22.781656],[75.6913,22.781582],[75.691338,22.781271],[75.690746,22.78057],[75.689968,22.78038],[75.689131,22.780477],[75.688749,22.780069],[75.688239,22.77999],[75.688165,22.779511],[75.687526,22.77971],[75.687192,22.780263],[75.687687,22.781191],[75.688274,22.781337],[75.687969,22.781998],[75.688024,22.782303],[75.688676,22.782546],[75.689698,22.78258],[75.690084,22.782798],[75.690094,22.783466],[75.689783,22.784022],[75.689193,22.784055],[75.688633,22.783778],[75.688206,22.783933],[75.688412,22.784496],[75.688581,22.784754],[75.68895,22.78466],[75.689911,22.785062],[75.690277,22.785046],[75.691336,22.785872],[75.691678,22.786506],[75.691542,22.786971],[75.691635,22.787734],[75.692331,22.787922],[75.692348,22.788608],[75.691915,22.789014],[75.691148,22.789075],[75.691102,22.789306],[75.692537,22.789576],[75.693458,22.791182],[75.694434,22.791775],[75.694364,22.792835],[75.694138,22.793075],[75.694226,22.793407],[75.693974,22.79357],[75.694392,22.793884],[75.694418,22.794074],[75.694229,22.794554],[75.693796,22.794729],[75.694133,22.79502],[75.693617,22.795348],[75.693571,22.795726],[75.694248,22.795941],[75.694744,22.796773],[75.695133,22.796544],[75.69582,22.796775],[75.696001,22.797043],[75.695976,22.797713],[75.695762,22.798124],[75.695272,22.798446],[75.694349,22.79848],[75.694196,22.798609],[75.694038,22.799851],[75.693408,22.80036],[75.6933,22.800805],[75.692345,22.801192],[75.691927,22.801207],[75.691704,22.803126],[75.689886,22.803349],[75.689538,22.802709],[75.68987,22.801921],[75.689572,22.801644],[75.690026,22.801009],[75.689814,22.80067],[75.689866,22.800159],[75.689662,22.799972],[75.688892,22.799924],[75.688663,22.799443],[75.688233,22.799241],[75.688649,22.798946],[75.688418,22.797993],[75.687809,22.797314],[75.688203,22.79678],[75.687778,22.796645],[75.687292,22.795333],[75.68667,22.795254],[75.686898,22.79586],[75.687146,22.796049],[75.686989,22.796423],[75.687118,22.796565],[75.686858,22.797416],[75.686464,22.797527],[75.687206,22.797939],[75.687227,22.798114],[75.686922,22.798245],[75.6874,22.799277],[75.687298,22.7997],[75.687583,22.799872],[75.687681,22.800177],[75.688044,22.800352],[75.68806,22.800918],[75.68847,22.801099],[75.68827,22.80175],[75.687477,22.800919],[75.686903,22.801134],[75.686235,22.800442],[75.686127,22.800776],[75.686299,22.801188],[75.685984,22.801255],[75.685493,22.801049],[75.68461,22.800236],[75.684288,22.800294],[75.684654,22.800758],[75.68439,22.800992],[75.683477,22.800821],[75.682419,22.800967],[75.68181,22.800565],[75.681274,22.80084],[75.680779,22.800781],[75.680222,22.800977],[75.680018,22.800694],[75.679973,22.800035],[75.67938,22.799262],[75.679298,22.798697],[75.678973,22.79864],[75.678815,22.799454],[75.679208,22.799808],[75.679125,22.800192],[75.679367,22.800537],[75.679351,22.801211],[75.680523,22.801713],[75.680699,22.802075],[75.681158,22.801776],[75.681102,22.801469],[75.681226,22.801338],[75.681794,22.801174],[75.682838,22.801799],[75.683926,22.801807],[75.684388,22.802359],[75.684718,22.802449],[75.685025,22.802781],[75.685385,22.80264],[75.686127,22.802682],[75.686192,22.803035],[75.685856,22.803794],[75.685298,22.804133],[75.685423,22.80447],[75.685301,22.804992],[75.685976,22.805232],[75.686233,22.805936],[75.686814,22.805991],[75.686896,22.806333],[75.687872,22.806116],[75.688297,22.806458],[75.688922,22.806135],[75.68922,22.806221],[75.689253,22.80645],[75.680257,22.808021],[75.688007,22.824186],[75.688693,22.824794],[75.689939,22.825052],[75.692467,22.825214],[75.692938,22.824837],[75.693488,22.825088],[75.694162,22.825028],[75.695562,22.825391],[75.701332,22.823397],[75.702186,22.821908],[75.703937,22.819674],[75.70508,22.819068],[75.706819,22.818718],[75.707264,22.818862],[75.707155,22.818368],[75.706529,22.818146],[75.706737,22.816958]]]}},{"type":"Feature","properties":{"name":"Nanda Lake","kind":"wetland","ramsarid":2471,"area_km2":0.4,"source":"Ramsar Sites Information Service"},"geometry":{"type":"MultiPolygon","coordinates":[[[[74.104326,15.23979],[74.104313,15.240385],[74.104293,15.240683],[74.104292,15.240816],[74.104314,15.240888],[74.104366,15.240953],[74.104454,15.240989],[74.104642,15.241051],[74.104945,15.241091],[74.105411,15.241129],[74.105588,15.241108],[74.105659,15.241069],[74.105729,15.241023],[74.105792,15.240955],[74.105826,15.240901],[74.105867,15.240815],[74.105889,15.240751],[74.105911,15.24069],[74.10593,15.240636],[74.105949,15.240597],[74.105986,15.240557],[74.106115,15.240522],[74.106215,15.24049],[74.1064,15.240455],[74.106633,15.240398],[74.106807,15.240363],[74.107044,15.24031],[74.107247,15.240279],[74.107377,15.24024],[74.107451,15.240219],[74.107562,15.24019],[74.107639,15.240169],[74.107706,15.240123],[74.107725,15.240076],[74.107751,15.240012],[74.107774,15.239904],[74.107767,15.239649],[74.107835,15.239402],[74.107865,15.239338],[74.107894,15.239288],[74.107954,15.239252],[74.108083,15.239195],[74.108254,15.239138],[74.108453,15.2391],[74.108631,15.239064],[74.108871,15.239022],[74.109407,15.238935],[74.109788,15.238886],[74.109932,15.238851],[74.110032,15.238815],[74.110095,15.238772],[74.110147,15.238726],[74.110177,15.238665],[74.110196,15.238619],[74.110211,15.238558],[74.110211,15.238482],[74.110212,15.238371],[74.110212,15.238314],[74.110264,15.238256],[74.11032,15.23816],[74.110379,15.238042],[74.110413,15.237884],[74.110484,15.23769],[74.110533,15.237558],[74.110556,15.237418],[74.110575,15.237303],[74.110586,15.237092],[74.110547,15.236898],[74.110451,15.236758],[74.11044,15.236714],[74.11044,15.236661],[74.110452,15.236625],[74.110478,15.236593],[74.110507,15.236564],[74.110574,15.236539],[74.110766,15.236547],[74.110858,15.23658],[74.110954,15.236691],[74.111116,15.236904],[74.111219,15.236997],[74.111355,15.237084],[74.111536,15.237146],[74.11165,15.237189],[74.111717,15.237211],[74.111805,15.237219],[74.11202,15.237223],[74.112042,15.237219],[74.11206,15.237209],[74.112086,15.237184],[74.112094,15.237144],[74.112098,15.237073],[74.112065,15.237011],[74.112017,15.236961],[74.111969,15.236932],[74.111888,15.236914],[74.111825,15.236917],[74.111788,15.236939],[74.111581,15.236941],[74.1115,15.236941],[74.111452,15.236916],[74.111393,15.236869],[74.111312,15.23684],[74.111297,15.236815],[74.111276,15.23666],[74.111261,15.23656],[74.111225,15.236491],[74.111129,15.236405],[74.111055,15.236344],[74.110933,15.236343],[74.110819,15.236339],[74.110667,15.236313],[74.11052,15.236313],[74.110446,15.236295],[74.110424,15.236262],[74.11038,15.23619],[74.110343,15.236097],[74.11031,15.236047],[74.110211,15.235967],[74.110085,15.235909],[74.109934,15.235869],[74.109853,15.235837],[74.109794,15.235808],[74.109753,15.235782],[74.109735,15.235736],[74.109736,15.235581],[74.10978,15.235449],[74.109863,15.23523],[74.109959,15.235062],[74.110071,15.234926],[74.11026,15.234769],[74.110401,15.234637],[74.110542,15.23453],[74.110642,15.234466],[74.110771,15.23443],[74.110934,15.234391],[74.111093,15.234338],[74.111219,15.234299],[74.111252,15.234264],[74.111282,15.23421],[74.111279,15.234167],[74.111242,15.234134],[74.111165,15.23408],[74.111006,15.234011],[74.110928,15.233979],[74.110796,15.233835],[74.110623,15.233608],[74.110391,15.233424],[74.110266,15.233323],[74.110052,15.233222],[74.109846,15.233128],[74.109657,15.233059],[74.109444,15.232947],[74.109296,15.232864],[74.109164,15.232766],[74.109105,15.232712],[74.109035,15.232547],[74.108962,15.232357],[74.108841,15.232123],[74.108727,15.231904],[74.108684,15.231781],[74.108636,15.231663],[74.108574,15.231569],[74.108515,15.231519],[74.108445,15.231483],[74.108415,15.231472],[74.108363,15.231468],[74.108338,15.231479],[74.108323,15.231511],[74.108322,15.231583],[74.108337,15.231626],[74.108366,15.23168],[74.108414,15.231784],[74.108461,15.231899],[74.108501,15.232082],[74.108526,15.232366],[74.108507,15.232484],[74.108477,15.232559],[74.108462,15.232738],[74.108461,15.232846],[74.108494,15.232954],[74.108564,15.233076],[74.108559,15.23318],[74.108537,15.233338],[74.108522,15.233388],[74.108474,15.233406],[74.108418,15.233366],[74.108341,15.233308],[74.108234,15.233308],[74.108182,15.233272],[74.108149,15.233143],[74.108054,15.232891],[74.1079,15.232672],[74.107712,15.23257],[74.107528,15.232455],[74.107399,15.232411],[74.107218,15.232371],[74.106859,15.232341],[74.106612,15.232333],[74.106586,15.232344],[74.106589,15.232405],[74.106623,15.232437],[74.106748,15.232498],[74.10698,15.232589],[74.10705,15.232632],[74.107087,15.23269],[74.107091,15.232737],[74.107057,15.232776],[74.107005,15.232826],[74.106972,15.232851],[74.106813,15.232868],[74.106366,15.232895],[74.106144,15.232973],[74.106084,15.233059],[74.106036,15.233167],[74.106016,15.233371],[74.106031,15.233468],[74.106108,15.233565],[74.106255,15.233759],[74.106471,15.234094],[74.106611,15.234288],[74.10674,15.234429],[74.106773,15.23449],[74.106799,15.234511],[74.10688,15.234537],[74.106957,15.234559],[74.107024,15.234588],[74.107057,15.234652],[74.107071,15.234742],[74.107015,15.234846],[74.106989,15.234936],[74.106974,15.235036],[74.106969,15.23523],[74.107012,15.23565],[74.107077,15.235897],[74.107121,15.23603],[74.10715,15.23617],[74.107127,15.236303],[74.107019,15.236622],[74.106933,15.236848],[74.106873,15.237023],[74.106843,15.237113],[74.106765,15.23717],[74.106673,15.23723],[74.106355,15.237229],[74.106063,15.237206],[74.105956,15.237238],[74.105723,15.237237],[74.105667,15.237219],[74.105608,15.237198],[74.105446,15.237175],[74.10539,15.237182],[74.105331,15.237222],[74.105231,15.237426],[74.105123,15.237551],[74.10506,15.23759],[74.105012,15.237608],[74.104964,15.237608],[74.104894,15.237582],[74.104724,15.237416],[74.104665,15.237355],[74.104588,15.237305],[74.104444,15.237236],[74.104319,15.237225],[74.104241,15.237228],[74.104086,15.23727],[74.103845,15.237442],[74.1036,15.237656],[74.103463,15.23782],[74.103421,15.237964],[74.103382,15.238595],[74.103144,15.238867],[74.103129,15.238938],[74.103139,15.239147],[74.103183,15.239236],[74.103293,15.239413],[74.103363,15.23946],[74.10347,15.239489],[74.103548,15.239507],[74.103921,15.239519],[74.104176,15.239527],[74.104261,15.239603],[74.104312,15.239725],[74.104326,15.23979]]]]}},{"type":"Feature","properties":{"name":"Suchindram Theroor Wetland Complex","kind":"wetland","ramsarid":2492,"area_km2":0.9,"source":"Ramsar Sites Information Service"},"geometry":{"type":"MultiPolygon","coordinates":[[[[77.454519,8.141695],[77.454426,8.141541],[77.454281,8.141281],[77.454192,8.141075],[77.454058,8.140778],[77.454027,8.140622],[77.454011,8.14047],[77.453996,8.140371],[77.453993,8.140327],[77.453986,8.140215],[77.453982,8.140201],[77.453958,8.140156],[77.453937,8.140146],[77.453884,8.140136],[77.453853,8.140136],[77.453441,8.140104],[77.453394,8.140127],[77.45335,8.140183],[77.45334,8.140218],[77.453331,8.140314],[77.453332,8.140364],[77.453283,8.140643],[77.453172,8.141067],[77.453085,8.14133],[77.452945,8.141588],[77.452825,8.141708],[77.45281,8.141802],[77.452826,8.141927],[77.452888,8.142133],[77.452891,8.142347],[77.452781,8.142754],[77.452768,8.142998],[77.452713,8.143255],[77.452448,8.143745],[77.452328,8.14396],[77.452315,8.144116],[77.452393,8.144259],[77.452405,8.144397],[77.452332,8.144636],[77.451953,8.14509],[77.451821,8.145233],[77.451736,8.145514],[77.451772,8.145706],[77.451759,8.145975],[77.45153,8.146639],[77.45153,8.146782],[77.451619,8.146932],[77.451643,8.147088],[77.451625,8.147345],[77.451654,8.147459],[77.451702,8.147578],[77.45169,8.147758],[77.451546,8.147817],[77.451515,8.147919],[77.451503,8.14811],[77.45164,8.148518],[77.451555,8.148888],[77.451555,8.149158],[77.45159,8.149535],[77.451592,8.149725],[77.451779,8.150207],[77.45205,8.150672],[77.452164,8.150846],[77.452308,8.150948],[77.45241,8.150966],[77.452566,8.15093],[77.452668,8.150955],[77.45274,8.151182],[77.452776,8.151278],[77.45286,8.151717],[77.452874,8.152053],[77.452847,8.15248],[77.452829,8.152617],[77.452733,8.152659],[77.452613,8.152695],[77.452565,8.15279],[77.452554,8.152837],[77.452507,8.152922],[77.452558,8.152946],[77.452621,8.152968],[77.452674,8.152989],[77.452688,8.15302],[77.452676,8.153028],[77.452652,8.153028],[77.452601,8.153013],[77.452467,8.152957],[77.45239,8.152982],[77.452358,8.153051],[77.45236,8.153083],[77.45239,8.153179],[77.452462,8.153227],[77.452516,8.153239],[77.452558,8.153245],[77.452624,8.153209],[77.452724,8.15323],[77.452721,8.153238],[77.452786,8.153295],[77.452779,8.153353],[77.452656,8.15341],[77.452591,8.153546],[77.452576,8.153761],[77.452583,8.153934],[77.452648,8.154027],[77.452777,8.154106],[77.452827,8.154257],[77.452834,8.154487],[77.452862,8.154918],[77.452819,8.155033],[77.452722,8.155045],[77.45265,8.155107],[77.452635,8.155236],[77.452697,8.155409],[77.452726,8.155504],[77.452808,8.155514],[77.452932,8.155486],[77.453048,8.1555],[77.4531,8.155596],[77.453066,8.155811],[77.453046,8.156113],[77.452965,8.156247],[77.45295,8.156371],[77.453012,8.156429],[77.453031,8.156505],[77.452988,8.156563],[77.452834,8.156581],[77.452733,8.15662],[77.452575,8.156658],[77.452426,8.156753],[77.452308,8.156959],[77.452307,8.157231],[77.452163,8.157652],[77.452096,8.157818],[77.45214,8.157887],[77.45214,8.157973],[77.452023,8.158003],[77.451944,8.158153],[77.451904,8.158293],[77.451767,8.15839],[77.45163,8.158483],[77.451554,8.158547],[77.451431,8.158723],[77.451427,8.158813],[77.451413,8.158863],[77.451373,8.158848],[77.451337,8.158891],[77.451257,8.159135],[77.451087,8.159573],[77.451014,8.159849],[77.450906,8.160176],[77.45088,8.160491],[77.45084,8.16084],[77.450783,8.161076],[77.450537,8.1616],[77.450345,8.161923],[77.450287,8.162041],[77.4502,8.162217],[77.450002,8.162446],[77.449886,8.162597],[77.449843,8.162668],[77.449842,8.162694],[77.449886,8.162802],[77.44995,8.162869],[77.450018,8.162859],[77.450354,8.162702],[77.451346,8.162388],[77.452326,8.162088],[77.453307,8.161727],[77.453357,8.16167],[77.453374,8.161604],[77.453419,8.161426],[77.453456,8.160812],[77.453641,8.160246],[77.453852,8.159464],[77.454019,8.158857],[77.454149,8.158459],[77.454229,8.158133],[77.454197,8.158039],[77.454193,8.157921],[77.454197,8.157849],[77.454313,8.157652],[77.454421,8.157386],[77.454523,8.157153],[77.454552,8.156984],[77.454523,8.156841],[77.454545,8.15673],[77.454603,8.156539],[77.454647,8.156457],[77.454715,8.156407],[77.454802,8.156335],[77.454968,8.155984],[77.455167,8.155794],[77.455307,8.155676],[77.455372,8.155536],[77.455434,8.155428],[77.455438,8.155349],[77.455449,8.155303],[77.455492,8.155267],[77.455557,8.155235],[77.455571,8.155095],[77.455626,8.154941],[77.455803,8.154607],[77.455922,8.154284],[77.455977,8.154094],[77.456024,8.153893],[77.456078,8.153829],[77.456223,8.15371],[77.456378,8.153556],[77.456551,8.153309],[77.456667,8.153026],[77.456858,8.152584],[77.456975,8.151969],[77.457014,8.151758],[77.457073,8.151217],[77.457179,8.15094],[77.457252,8.150715],[77.4573,8.15038],[77.457345,8.149715],[77.45736,8.149318],[77.457318,8.148973],[77.45729,8.148246],[77.457287,8.147461],[77.457321,8.147116],[77.457283,8.146838],[77.457126,8.146202],[77.456762,8.145598],[77.456623,8.145368],[77.456437,8.144965],[77.456298,8.144755],[77.455968,8.144194],[77.455599,8.143504],[77.455379,8.14313],[77.455005,8.142555],[77.454741,8.142077],[77.454634,8.141884],[77.454519,8.141695]]]]}},{"type":"Feature","properties":{"name":"Hygam Wetland Conservation Reserve","kind":"wetland","ramsarid":2496,"area_km2":8.0,"source":"Ramsar Sites Information Service"},"geometry":{"type":"MultiPolygon","coordinates":[[[[74.520831,34.267609],[74.521042,34.267403],[74.52183,34.266633],[74.522354,34.265943],[74.522663,34.264682],[74.523079,34.263385],[74.522906,34.262141],[74.523006,34.261727],[74.523396,34.261199],[74.5239,34.260371],[74.5249,34.259343],[74.526118,34.258715],[74.52686,34.258162],[74.527193,34.256611],[74.527898,34.255764],[74.528183,34.254603],[74.528535,34.253404],[74.529754,34.25051],[74.530561,34.247903],[74.530629,34.247683],[74.531324,34.246427],[74.532247,34.24618],[74.533133,34.245999],[74.533447,34.245884],[74.533837,34.245532],[74.534225,34.245275],[74.534757,34.245269],[74.535258,34.245272],[74.535446,34.245283],[74.535518,34.245265],[74.536154,34.245217],[74.536762,34.245219],[74.536823,34.245177],[74.543101,34.241986],[74.547955,34.237375],[74.546742,34.237432],[74.546214,34.236932],[74.548498,34.233834],[74.547142,34.232507],[74.547085,34.232135],[74.54667,34.23175],[74.546142,34.230836],[74.543287,34.230251],[74.541774,34.229637],[74.540489,34.228792],[74.539104,34.227881],[74.53849,34.227253],[74.536795,34.227306],[74.536499,34.227247],[74.53353,34.227653],[74.532591,34.227547],[74.53046,34.226753],[74.526777,34.225297],[74.525649,34.224926],[74.524658,34.225132],[74.524279,34.225211],[74.522166,34.226039],[74.520681,34.228352],[74.518701,34.228734],[74.516541,34.228538],[74.514569,34.228452],[74.513131,34.228389],[74.511315,34.228752],[74.509688,34.229137],[74.509002,34.230294],[74.50886,34.232193],[74.508845,34.233449],[74.509317,34.234577],[74.509994,34.235316],[74.510416,34.235776],[74.510987,34.236433],[74.511144,34.236733],[74.511487,34.238132],[74.511972,34.239588],[74.512254,34.240623],[74.5129,34.241701],[74.513457,34.242201],[74.515584,34.243842],[74.516467,34.244717],[74.516835,34.245048],[74.516971,34.245171],[74.517283,34.245453],[74.518421,34.245495],[74.518739,34.247554],[74.519053,34.248225],[74.519053,34.248497],[74.519082,34.249667],[74.519043,34.249848],[74.518596,34.251909],[74.518382,34.252637],[74.517911,34.254107],[74.51754,34.254007],[74.516512,34.259047],[74.516316,34.26],[74.517609,34.260427],[74.518696,34.261785],[74.519213,34.266681],[74.519213,34.267847],[74.520831,34.267609]]]]}},{"type":"Feature","properties":{"name":"Shallbugh Wetland Conservation Reserve","kind":"wetland","ramsarid":2488,"area_km2":16.8,"source":"Ramsar Sites Information Service"},"geometry":{"type":"MultiPolygon","coordinates":[[[[74.692861,34.176515],[74.690189,34.176469],[74.689314,34.176725],[74.689619,34.179812],[74.689729,34.18411],[74.690544,34.187721],[74.692961,34.188782],[74.694147,34.188895],[74.701305,34.192466],[74.706607,34.191063],[74.710322,34.188525],[74.716325,34.182644],[74.72113,34.178087],[74.722155,34.176479],[74.722148,34.173872],[74.722486,34.170573],[74.723441,34.170589],[74.724096,34.170067],[74.725674,34.17045],[74.732944,34.168268],[74.733601,34.167395],[74.732662,34.166938],[74.732781,34.166411],[74.736482,34.166122],[74.737964,34.165883],[74.741168,34.163569],[74.743616,34.161515],[74.74697,34.161833],[74.75307,34.158205],[74.759319,34.1529],[74.762828,34.150067],[74.766072,34.144309],[74.769529,34.141864],[74.770224,34.140546],[74.769497,34.139871],[74.768981,34.139531],[74.768346,34.138034],[74.766594,34.136605],[74.765868,34.135525],[74.764133,34.135005],[74.761597,34.135946],[74.759059,34.137878],[74.755793,34.138318],[74.750781,34.139639],[74.748222,34.139761],[74.748644,34.138362],[74.747938,34.13736],[74.745889,34.138067],[74.743939,34.138778],[74.740157,34.138796],[74.736665,34.139481],[74.732743,34.140741],[74.729197,34.142679],[74.726647,34.145147],[74.724814,34.147388],[74.721993,34.150814],[74.720824,34.154039],[74.717928,34.155965],[74.714987,34.156345],[74.7131,34.156484],[74.712592,34.15829],[74.713227,34.160297],[74.708812,34.164327],[74.705973,34.166037],[74.704402,34.167599],[74.703002,34.175068],[74.69973,34.174472],[74.697178,34.174338],[74.69506,34.175651],[74.692861,34.176515]]]]}},{"type":"Feature","properties":{"name":"Thane Creek","kind":"wetland","ramsarid":2490,"area_km2":65.2,"source":"Ramsar Sites Information Service"},"geometry":{"type":"MultiPolygon","coordinates":[[[[72.927354,19.095571],[72.929135,19.09999],[72.930068,19.102375],[72.930697,19.102208],[72.93124,19.102071],[72.931641,19.102264],[72.932352,19.102194],[72.932905,19.102063],[72.933412,19.102128],[72.93366,19.102431],[72.933928,19.103551],[72.934183,19.10425],[72.933917,19.105041],[72.934153,19.106897],[72.934767,19.108138],[72.936748,19.107558],[72.938767,19.106905],[72.940889,19.111423],[72.941156,19.112688],[72.940995,19.113092],[72.940784,19.113369],[72.940773,19.113677],[72.940618,19.113723],[72.939822,19.113471],[72.939621,19.1135],[72.937962,19.113341],[72.937551,19.113398],[72.937552,19.1135],[72.937953,19.113578],[72.938538,19.113661],[72.938961,19.11373],[72.93957,19.113867],[72.939963,19.113912],[72.940497,19.11399],[72.940911,19.114282],[72.941536,19.114599],[72.941658,19.114924],[72.941496,19.115044],[72.941532,19.11533],[72.94166,19.115527],[72.941703,19.116061],[72.941899,19.116061],[72.941988,19.116378],[72.943017,19.116318],[72.943103,19.116724],[72.942906,19.116802],[72.942805,19.117134],[72.942843,19.117316],[72.942642,19.117622],[72.942368,19.118707],[72.942274,19.118755],[72.942248,19.118863],[72.942148,19.118917],[72.942086,19.11931],[72.94226,19.119434],[72.942126,19.120675],[72.941952,19.120746],[72.941975,19.121312],[72.942097,19.121463],[72.942081,19.122282],[72.94188,19.122485],[72.941649,19.123154],[72.940679,19.123513],[72.939002,19.122766],[72.938553,19.122503],[72.938387,19.122231],[72.938073,19.122122],[72.940447,19.127525],[72.940576,19.127534],[72.940784,19.12707],[72.941134,19.126496],[72.941853,19.125748],[72.942742,19.122484],[72.943423,19.120311],[72.943517,19.120251],[72.943872,19.12018],[72.951568,19.120514],[72.952037,19.120381],[72.955579,19.120453],[72.955689,19.121949],[72.955983,19.122485],[72.956361,19.123149],[72.957102,19.123613],[72.957269,19.124916],[72.95616,19.125729],[72.955828,19.126839],[72.953904,19.127012],[72.951543,19.127533],[72.949997,19.127809],[72.9444,19.128196],[72.943333,19.128073],[72.943225,19.129749],[72.943283,19.132432],[72.946605,19.137676],[72.948299,19.140458],[72.951872,19.146291],[72.955105,19.151428],[72.955695,19.151122],[72.957083,19.150821],[72.958944,19.150465],[72.961927,19.14875],[72.962109,19.14875],[72.962743,19.14847],[72.962705,19.146317],[72.961768,19.145353],[72.960504,19.145061],[72.960497,19.144231],[72.960534,19.143675],[72.958334,19.14283],[72.957128,19.142306],[72.957532,19.141339],[72.957964,19.140351],[72.958019,19.140217],[72.964201,19.142584],[72.963543,19.144469],[72.963437,19.144746],[72.963307,19.144858],[72.963075,19.144878],[72.96302,19.144905],[72.963075,19.144962],[72.963079,19.145148],[72.963351,19.145188],[72.964584,19.145391],[72.964409,19.14635],[72.962826,19.146103],[72.962866,19.147456],[72.962868,19.148566],[72.96271,19.148631],[72.962097,19.148882],[72.961877,19.148869],[72.960286,19.149849],[72.958882,19.150623],[72.957127,19.150878],[72.955876,19.151137],[72.955387,19.151539],[72.955275,19.151738],[72.955703,19.152388],[72.956665,19.153797],[72.957382,19.154901],[72.958187,19.156091],[72.959058,19.157379],[72.959878,19.158586],[72.961045,19.160307],[72.96205,19.161731],[72.962428,19.162262],[72.962709,19.16213],[72.962957,19.162531],[72.962795,19.162723],[72.963355,19.162869],[72.963863,19.163266],[72.964251,19.163462],[72.964554,19.164017],[72.964793,19.163894],[72.965168,19.163807],[72.965456,19.163836],[72.965451,19.163968],[72.967248,19.165313],[72.969089,19.166978],[72.969936,19.16782],[72.970651,19.167709],[72.97052,19.167346],[72.970586,19.167028],[72.970783,19.166988],[72.97101,19.167052],[72.971368,19.167492],[72.971565,19.167731],[72.972651,19.168139],[72.973069,19.168308],[72.973149,19.168426],[72.973152,19.168679],[72.972876,19.16881],[72.972199,19.169073],[72.971814,19.16954],[72.971328,19.170038],[72.970841,19.170105],[72.970256,19.170161],[72.969883,19.170295],[72.969528,19.17067],[72.969115,19.170866],[72.968893,19.170725],[72.968778,19.170442],[72.968728,19.170086],[72.968661,19.169952],[72.968565,19.169848],[72.968418,19.169732],[72.968251,19.169704],[72.968107,19.169698],[72.968014,19.16986],[72.967781,19.170136],[72.967961,19.170395],[72.968289,19.170148],[72.968475,19.170218],[72.968477,19.170547],[72.968706,19.171013],[72.968994,19.171277],[72.969761,19.170861],[72.970462,19.170448],[72.970853,19.170414],[72.971328,19.170346],[72.971388,19.170732],[72.971467,19.171007],[72.971706,19.170922],[72.971758,19.170716],[72.97178,19.170566],[72.971617,19.170399],[72.971692,19.170161],[72.971811,19.170082],[72.971949,19.169981],[72.972103,19.169788],[72.97226,19.169695],[72.97305,19.169209],[72.97315,19.169286],[72.973425,19.16918],[72.973721,19.168967],[72.973897,19.168772],[72.973998,19.168591],[72.974087,19.168397],[72.974429,19.168433],[72.974697,19.168675],[72.974909,19.168971],[72.974936,19.169165],[72.975073,19.16925],[72.97528,19.169383],[72.975453,19.169566],[72.97562,19.169952],[72.975886,19.170043],[72.976089,19.170112],[72.975837,19.170702],[72.97604,19.171048],[72.976157,19.171367],[72.976067,19.171695],[72.975795,19.172144],[72.975903,19.172638],[72.975407,19.173215],[72.976089,19.1736],[72.973878,19.176494],[72.97448,19.177702],[72.974932,19.178928],[72.975565,19.180224],[72.976541,19.181013],[72.979393,19.180433],[72.979241,19.179437],[72.980917,19.179158],[72.980975,19.179385],[72.98112,19.180032],[72.981024,19.180338],[72.981155,19.180834],[72.980362,19.181046],[72.980436,19.181289],[72.981225,19.181132],[72.981317,19.181553],[72.981579,19.181474],[72.981764,19.181411],[72.98184,19.1815],[72.982222,19.18135],[72.982385,19.181652],[72.982645,19.182025],[72.982739,19.182237],[72.982579,19.182637],[72.982514,19.182693],[72.981931,19.183228],[72.981524,19.183614],[72.981117,19.1841],[72.98124,19.184144],[72.981191,19.184284],[72.980969,19.184241],[72.980908,19.184634],[72.980997,19.184985],[72.981136,19.185047],[72.981066,19.185727],[72.98093,19.185963],[72.980964,19.186178],[72.980901,19.187074],[72.981025,19.187213],[72.981004,19.187473],[72.981236,19.18753],[72.984664,19.188464],[72.985998,19.188833],[72.986445,19.188104],[72.98682,19.186261],[72.987153,19.185564],[72.987212,19.185703],[72.987434,19.185751],[72.987406,19.185526],[72.987216,19.185399],[72.98726,19.185329],[72.987815,19.185289],[72.987656,19.184536],[72.98787,19.184499],[72.98796,19.184323],[72.988077,19.184354],[72.988186,19.184157],[72.988229,19.18405],[72.988237,19.184041],[72.988347,19.184018],[72.988389,19.183876],[72.988445,19.183736],[72.988375,19.183714],[72.988378,19.183533],[72.988416,19.183463],[72.988375,19.183425],[72.988357,19.183445],[72.988304,19.183387],[72.988377,19.183137],[72.988418,19.183118],[72.988519,19.183124],[72.988597,19.183079],[72.988574,19.18289],[72.988556,19.182813],[72.988494,19.182833],[72.988226,19.182751],[72.988078,19.182702],[72.988065,19.182653],[72.988064,19.182572],[72.988138,19.182558],[72.988115,19.182308],[72.988063,19.182219],[72.987962,19.182264],[72.987938,19.182181],[72.987811,19.181762],[72.987805,19.181756],[72.987776,19.181653],[72.987741,19.181639],[72.987641,19.181582],[72.98762,19.1815],[72.987698,19.181306],[72.987696,19.181187],[72.987678,19.181122],[72.987673,19.181117],[72.987485,19.181],[72.987277,19.180897],[72.987101,19.180459],[72.987101,19.179976],[72.987172,19.17934],[72.987404,19.179333],[72.987444,19.17924],[72.987355,19.179206],[72.987201,19.179127],[72.987336,19.179075],[72.987819,19.179307],[72.987838,19.179121],[72.987624,19.17901],[72.98724,19.178779],[72.987245,19.178529],[72.987066,19.177993],[72.986742,19.17751],[72.986607,19.177289],[72.986471,19.176982],[72.986198,19.176778],[72.986161,19.176696],[72.986091,19.176671],[72.985971,19.176706],[72.985854,19.176628],[72.985465,19.175788],[72.985435,19.175605],[72.985583,19.175422],[72.985538,19.175328],[72.985524,19.175196],[72.985468,19.175042],[72.985563,19.1749],[72.985456,19.174844],[72.985537,19.174677],[72.985575,19.17457],[72.985845,19.174632],[72.986091,19.174526],[72.986541,19.174507],[72.986502,19.174182],[72.986272,19.174125],[72.985625,19.174102],[72.985441,19.174096],[72.985376,19.173957],[72.985147,19.173582],[72.984795,19.173183],[72.984441,19.172045],[72.984529,19.17155],[72.984782,19.171128],[72.984894,19.170526],[72.985043,19.170308],[72.985119,19.170252],[72.985376,19.170192],[72.985918,19.170224],[72.986316,19.170233],[72.98653,19.170199],[72.9892,19.170738],[72.989702,19.170834],[72.99101,19.170889],[72.991045,19.169394],[72.991059,19.167992],[72.990784,19.167628],[72.990282,19.167217],[72.989218,19.16614],[72.989114,19.165838],[72.989006,19.163262],[72.988931,19.161407],[72.989209,19.160508],[72.989722,19.159855],[72.990572,19.15907],[72.992249,19.157778],[72.992211,19.157733],[72.991709,19.157242],[72.991674,19.15663],[72.991848,19.15654],[72.991907,19.156537],[72.99202,19.156519],[72.992194,19.156526],[72.99226,19.15658],[72.992477,19.15661],[72.992861,19.156657],[72.993094,19.15673],[72.993172,19.156402],[72.993096,19.155469],[72.990326,19.155683],[72.989719,19.15539],[72.989805,19.154266],[72.990851,19.153971],[72.99293,19.153843],[72.992826,19.15193],[72.992793,19.151584],[72.991853,19.151637],[72.991085,19.151668],[72.989575,19.151657],[72.989452,19.151724],[72.987317,19.155033],[72.985167,19.153811],[72.984924,19.153665],[72.985146,19.153168],[72.985258,19.15297],[72.985479,19.152571],[72.985713,19.152278],[72.986013,19.15181],[72.986636,19.150748],[72.986365,19.150644],[72.986177,19.150164],[72.984318,19.15048],[72.984299,19.150219],[72.984251,19.149971],[72.984263,19.149904],[72.985327,19.149695],[72.984971,19.147842],[72.985047,19.147733],[72.985198,19.147605],[72.985307,19.147682],[72.98549,19.147769],[72.985523,19.147914],[72.985918,19.148045],[72.986456,19.148136],[72.986681,19.148644],[72.986858,19.148978],[72.987021,19.14909],[72.986989,19.148616],[72.986992,19.148284],[72.987021,19.148054],[72.985592,19.145912],[72.984741,19.144677],[72.984648,19.144097],[72.984349,19.142287],[72.983654,19.140324],[72.983746,19.13974],[72.983839,19.139126],[72.983797,19.138083],[72.983768,19.13768],[72.983955,19.137219],[72.984235,19.137195],[72.984717,19.136302],[72.98511,19.136021],[72.98568,19.136075],[72.985967,19.136344],[72.986341,19.137099],[72.986569,19.137437],[72.986674,19.137828],[72.986727,19.138128],[72.98699,19.139334],[72.988069,19.142504],[72.988668,19.142745],[72.989087,19.142556],[72.989328,19.142404],[72.989727,19.142227],[72.99005,19.142073],[72.990748,19.141731],[72.992184,19.141451],[72.992667,19.141668],[72.995868,19.141925],[72.995953,19.13822],[72.995952,19.136997],[72.996065,19.136452],[72.996174,19.136058],[72.996302,19.135778],[72.996244,19.135544],[72.996242,19.135139],[72.995976,19.134451],[72.995607,19.134341],[72.99457,19.134571],[72.994201,19.134378],[72.993835,19.134348],[72.993729,19.133534],[72.993659,19.133184],[72.993284,19.133213],[72.993139,19.133164],[72.992713,19.133011],[72.992495,19.132549],[72.99238,19.132069],[72.992411,19.131858],[72.992715,19.131532],[72.993013,19.13129],[72.993183,19.130526],[72.993475,19.1305],[72.993484,19.130139],[72.993602,19.130057],[72.994087,19.128383],[72.994053,19.128244],[72.993493,19.127848],[72.992998,19.127887],[72.992636,19.127959],[72.992057,19.128354],[72.991648,19.128475],[72.990013,19.128029],[72.989276,19.12783],[72.988801,19.127588],[72.988689,19.12705],[72.988621,19.126973],[72.988609,19.126866],[72.988465,19.126605],[72.988264,19.126162],[72.988063,19.125547],[72.987746,19.124668],[72.987688,19.124449],[72.987611,19.12426],[72.987471,19.123923],[72.986986,19.122999],[72.986942,19.122792],[72.986896,19.122613],[72.986806,19.122263],[72.986779,19.122115],[72.986956,19.121461],[72.987114,19.120942],[72.98719,19.120626],[72.987238,19.120493],[72.986956,19.120011],[72.98667,19.11963],[72.986652,19.119414],[72.986714,19.119192],[72.98694,19.119064],[72.987297,19.119162],[72.987705,19.119372],[72.988248,19.119632],[72.988545,19.119326],[72.988706,19.119121],[72.988936,19.118769],[72.98901,19.117127],[72.988419,19.115599],[72.988435,19.1153],[72.988555,19.115021],[72.988771,19.11478],[72.989005,19.114701],[72.989328,19.114627],[72.98979,19.11452],[72.989976,19.114514],[72.990268,19.114559],[72.990605,19.114684],[72.990677,19.114735],[72.991176,19.11532],[72.991563,19.115974],[72.991633,19.11654],[72.992834,19.116852],[72.99407,19.115696],[72.99532,19.115061],[72.997739,19.113849],[72.998116,19.113648],[73.00075,19.112451],[73.001279,19.110529],[72.997903,19.109569],[72.997476,19.108132],[72.996995,19.106854],[72.996873,19.106601],[72.996805,19.104712],[72.99656,19.103753],[72.996546,19.103703],[72.995734,19.100406],[72.995418,19.099207],[72.995031,19.097904],[72.996214,19.097654],[72.996345,19.097636],[72.996355,19.097232],[72.996337,19.096868],[72.996265,19.096235],[72.995646,19.096389],[72.994073,19.097197],[72.993263,19.097178],[72.992766,19.096916],[72.992424,19.09645],[72.99231,19.095662],[72.992731,19.095214],[72.992748,19.09518],[72.993479,19.094644],[72.994252,19.094128],[72.99488,19.093769],[72.999549,19.093581],[73.000305,19.093525],[73.004578,19.096991],[73.005403,19.09734],[73.005637,19.095973],[73.005393,19.09236],[73.004336,19.092531],[73.004137,19.092483],[73.003385,19.091918],[73.00309,19.091522],[73.002884,19.091339],[73.001523,19.0901],[73.000701,19.089431],[73.000337,19.089123],[73.000169,19.088705],[72.999983,19.088385],[72.999207,19.087333],[72.999145,19.087246],[72.999018,19.087074],[72.998826,19.086821],[72.998579,19.086476],[72.998247,19.086011],[72.997846,19.085517],[72.997703,19.085447],[72.997567,19.08548],[72.997177,19.085764],[72.997051,19.085501],[72.996806,19.084862],[72.996727,19.084791],[72.995499,19.083504],[72.995333,19.083402],[72.989942,19.07716],[72.988946,19.076006],[72.987182,19.076219],[72.986374,19.076282],[72.985057,19.07587],[72.984644,19.075566],[72.984257,19.071814],[72.984133,19.071381],[72.984088,19.071173],[72.984159,19.071106],[72.984147,19.070817],[72.983907,19.070577],[72.983975,19.070279],[72.984158,19.07004],[72.984264,19.069749],[72.984126,19.069625],[72.98437,19.069275],[72.984675,19.069089],[72.984985,19.068931],[72.985088,19.068701],[72.985198,19.068592],[72.984911,19.068278],[72.984403,19.068428],[72.982973,19.067181],[72.983033,19.0671],[72.982162,19.066297],[72.982466,19.06595],[72.981818,19.065323],[72.980814,19.064842],[72.977983,19.063793],[72.978029,19.063481],[72.971315,19.061902],[72.962909,19.059907],[72.960286,19.059321],[72.958411,19.058893],[72.958037,19.058835],[72.957272,19.058738],[72.954936,19.057842],[72.946449,19.054825],[72.944263,19.054032],[72.943644,19.053796],[72.936892,19.051427],[72.936568,19.051841],[72.940748,19.053457],[72.94092,19.053523],[72.940842,19.053686],[72.940979,19.053964],[72.941159,19.054067],[72.941115,19.054423],[72.940895,19.054457],[72.940742,19.054657],[72.940509,19.054666],[72.940315,19.054698],[72.940109,19.054751],[72.940084,19.054828],[72.940359,19.055009],[72.940486,19.055292],[72.941078,19.05572],[72.941462,19.055709],[72.942195,19.056296],[72.941891,19.057481],[72.939831,19.058582],[72.939841,19.057461],[72.939585,19.057527],[72.939612,19.057933],[72.939341,19.058761],[72.938948,19.058951],[72.938671,19.05897],[72.937834,19.058768],[72.93779,19.058478],[72.937448,19.058179],[72.936333,19.057464],[72.936186,19.057494],[72.936278,19.057858],[72.935898,19.058119],[72.935772,19.058266],[72.935595,19.058437],[72.935542,19.05867],[72.934864,19.058691],[72.934196,19.058444],[72.933919,19.058172],[72.93356,19.057681],[72.933235,19.057322],[72.932851,19.056823],[72.932894,19.056454],[72.932916,19.055999],[72.93255,19.056278],[72.932502,19.056685],[72.932603,19.05706],[72.933059,19.057543],[72.933241,19.058265],[72.932858,19.058779],[72.932613,19.058641],[72.931923,19.058137],[72.930934,19.057327],[72.930228,19.056698],[72.929401,19.056836],[72.930077,19.057142],[72.929903,19.057465],[72.931167,19.058155],[72.930894,19.058579],[72.931368,19.058856],[72.931208,19.059165],[72.931192,19.059165],[72.931182,19.059384],[72.932795,19.060348],[72.933068,19.059887],[72.933721,19.059909],[72.933755,19.059887],[72.934316,19.059524],[72.934954,19.059363],[72.93571,19.05928],[72.937085,19.059281],[72.937201,19.059949],[72.937201,19.06055],[72.936956,19.0615],[72.936395,19.06261],[72.936089,19.063077],[72.935793,19.063323],[72.935716,19.063501],[72.935507,19.064905],[72.934834,19.066561],[72.9343,19.067271],[72.934096,19.068195],[72.934054,19.06864],[72.934077,19.069089],[72.933937,19.069564],[72.933726,19.069834],[72.932812,19.070469],[72.932238,19.070789],[72.93184,19.072077],[72.931769,19.072546],[72.93165,19.07282],[72.930768,19.073737],[72.929693,19.074587],[72.927824,19.075088],[72.926916,19.074994],[72.925789,19.074551],[72.924912,19.074036],[72.924197,19.073982],[72.923537,19.074302],[72.923033,19.074349],[72.922659,19.074047],[72.921849,19.073019],[72.920829,19.073628],[72.922061,19.074933],[72.921311,19.075175],[72.920856,19.075351],[72.920086,19.075833],[72.918958,19.076439],[72.918611,19.076764],[72.917994,19.077677],[72.917939,19.078053],[72.917787,19.078527],[72.917817,19.079029],[72.917505,19.079585],[72.918826,19.081192],[72.920728,19.08348],[72.921033,19.083543],[72.92134,19.082937],[72.922526,19.082011],[72.921716,19.081032],[72.92166,19.080742],[72.922182,19.080244],[72.922631,19.080021],[72.923113,19.080398],[72.923483,19.080093],[72.924097,19.080785],[72.926251,19.079125],[72.928023,19.078805],[72.928915,19.078781],[72.928945,19.077687],[72.928189,19.077068],[72.928948,19.076381],[72.929832,19.076048],[72.930931,19.075061],[72.936045,19.080208],[72.934023,19.081828],[72.931127,19.079038],[72.930147,19.079983],[72.928992,19.079023],[72.928508,19.078907],[72.926344,19.079276],[72.921468,19.083006],[72.921029,19.083848],[72.923958,19.087516],[72.924864,19.089864],[72.925964,19.092311],[72.927354,19.095571]]]]}},{"type":"Feature","properties":{"name":"Karaivetti Bird Sanctuary","kind":"wetland","ramsarid":2537,"area_km2":4.5,"source":"Ramsar Sites Information Service"},"geometry":{"type":"MultiPolygon","coordinates":[[[[79.050278,10.995],[79.050556,10.993611],[79.050833,10.991389],[79.050833,10.989722],[79.051389,10.989444],[79.052222,10.988889],[79.053056,10.988611],[79.053056,10.987778],[79.055278,10.9875],[79.058333,10.9875],[79.0575,10.986389],[79.058056,10.984722],[79.057222,10.983611],[79.057778,10.982778],[79.058611,10.9825],[79.0575,10.980556],[79.055556,10.9775],[79.054722,10.974722],[79.053056,10.974722],[79.051667,10.973333],[79.049167,10.971667],[79.046944,10.970278],[79.043333,10.968611],[79.041667,10.968333],[79.038333,10.969167],[79.035278,10.970833],[79.035,10.975833],[79.034167,10.976389],[79.035,10.977222],[79.035556,10.980278],[79.034722,10.981111],[79.033611,10.982222],[79.033333,10.985],[79.033611,10.986667],[79.035,10.987222],[79.036389,10.986667],[79.0375,10.985833],[79.037222,10.983889],[79.038056,10.982778],[79.040278,10.983056],[79.043889,10.984167],[79.044167,10.986667],[79.045833,10.986667],[79.047222,10.986667],[79.048333,10.986389],[79.049167,10.986667],[79.049167,10.987778],[79.048889,10.988889],[79.048056,10.988611],[79.0475,10.99],[79.046389,10.989167],[79.044444,10.989722],[79.043889,10.991667],[79.044167,10.995278],[79.046667,10.995],[79.050278,10.995]]]]}},{"type":"Feature","properties":{"name":"Longwood Shola Reserve Forest","kind":"wetland","ramsarid":2538,"area_km2":1.2,"source":"Ramsar Sites Information Service"},"geometry":{"type":"MultiPolygon","coordinates":[[[[76.87889,11.442333],[76.878766,11.442542],[76.878625,11.442746],[76.878444,11.443001],[76.878294,11.443297],[76.878125,11.44365],[76.877949,11.443926],[76.877848,11.44406],[76.877711,11.44431],[76.877671,11.444481],[76.877682,11.445142],[76.877765,11.445546],[76.877777,11.445815],[76.878493,11.445806],[76.878616,11.446376],[76.88004,11.446373],[76.881277,11.446337],[76.88235,11.446329],[76.883044,11.446325],[76.88351,11.446341],[76.884294,11.443183],[76.885255,11.439256],[76.884176,11.439891],[76.883284,11.440285],[76.882628,11.440634],[76.882908,11.44105],[76.883051,11.441226],[76.882861,11.441497],[76.882725,11.441516],[76.882442,11.441526],[76.882234,11.44144],[76.881976,11.441226],[76.881805,11.440975],[76.88164,11.440844],[76.881526,11.440725],[76.881419,11.440688],[76.881194,11.440625],[76.880866,11.440844],[76.880503,11.440688],[76.880203,11.440404],[76.880043,11.440175],[76.879929,11.43994],[76.879912,11.439669],[76.879964,11.439329],[76.879931,11.439063],[76.879633,11.438888],[76.879439,11.438837],[76.879298,11.438779],[76.879169,11.438703],[76.879101,11.438631],[76.87907,11.438516],[76.879045,11.438339],[76.879105,11.438144],[76.878919,11.437911],[76.878856,11.437519],[76.878796,11.437067],[76.879011,11.436697],[76.879013,11.436529],[76.878953,11.436312],[76.878791,11.436242],[76.87865,11.436208],[76.878611,11.436094],[76.878604,11.435982],[76.878474,11.435855],[76.8783,11.435877],[76.878146,11.435883],[76.878021,11.435919],[76.877851,11.436021],[76.877661,11.436118],[76.877501,11.436156],[76.877453,11.436069],[76.87761,11.435825],[76.877677,11.435621],[76.877726,11.435367],[76.877867,11.435146],[76.87797,11.434976],[76.878087,11.434834],[76.878102,11.434713],[76.877948,11.434606],[76.877867,11.434433],[76.877785,11.434305],[76.877671,11.434221],[76.877521,11.434131],[76.877466,11.433961],[76.877422,11.433909],[76.877187,11.434043],[76.876631,11.434234],[76.876225,11.434339],[76.875812,11.434401],[76.875438,11.434422],[76.875255,11.434405],[76.875068,11.434278],[76.874897,11.434209],[76.874752,11.434155],[76.874745,11.434065],[76.874815,11.433845],[76.874921,11.433672],[76.875047,11.43354],[76.875181,11.433415],[76.875348,11.433333],[76.875466,11.433219],[76.875553,11.433089],[76.875588,11.432983],[76.875568,11.432863],[76.875489,11.432778],[76.875378,11.43268],[76.875264,11.432587],[76.875069,11.432494],[76.874983,11.432465],[76.874937,11.432376],[76.874911,11.432288],[76.874874,11.432199],[76.874828,11.432115],[76.874811,11.432021],[76.874787,11.431959],[76.874823,11.431831],[76.874932,11.431708],[76.874983,11.431617],[76.87489,11.431529],[76.874757,11.431414],[76.874612,11.431254],[76.874534,11.431183],[76.874405,11.431129],[76.874356,11.431109],[76.874286,11.431115],[76.874261,11.431107],[76.874235,11.431097],[76.873613,11.431175],[76.873234,11.431146],[76.872933,11.431182],[76.872805,11.431275],[76.872827,11.431491],[76.872974,11.431586],[76.872959,11.431759],[76.872812,11.431948],[76.872789,11.432224],[76.872845,11.432442],[76.872902,11.432506],[76.872923,11.432538],[76.872938,11.432571],[76.872962,11.4326],[76.872947,11.432643],[76.872931,11.432762],[76.872758,11.433028],[76.872623,11.433279],[76.87239,11.433416],[76.872261,11.433505],[76.871949,11.433765],[76.871831,11.434062],[76.871814,11.434409],[76.871741,11.434559],[76.871559,11.434751],[76.871443,11.434836],[76.871289,11.43487],[76.871135,11.434921],[76.870964,11.43496],[76.870869,11.435061],[76.870859,11.43523],[76.870902,11.435386],[76.870825,11.435526],[76.87076,11.435633],[76.870722,11.435801],[76.870775,11.435941],[76.870817,11.436059],[76.870782,11.436266],[76.870759,11.436503],[76.870807,11.436693],[76.870899,11.436846],[76.871099,11.437056],[76.871185,11.4372],[76.871174,11.437519],[76.871111,11.437792],[76.8711,11.438104],[76.871123,11.438371],[76.871282,11.438652],[76.871459,11.439022],[76.87157,11.439348],[76.871646,11.439586],[76.871676,11.439803],[76.871831,11.439951],[76.872085,11.439999],[76.872217,11.439952],[76.872297,11.439709],[76.872504,11.439627],[76.872722,11.4398],[76.872881,11.439965],[76.873053,11.439993],[76.873164,11.440137],[76.873232,11.440326],[76.873193,11.440428],[76.873109,11.440531],[76.873125,11.44075],[76.873367,11.440912],[76.873472,11.441027],[76.873562,11.441085],[76.873251,11.441546],[76.873126,11.441728],[76.872965,11.441888],[76.872908,11.441994],[76.872867,11.442102],[76.872962,11.442153],[76.873278,11.442221],[76.873481,11.442281],[76.873586,11.442349],[76.873634,11.442472],[76.873716,11.442589],[76.873727,11.442629],[76.873767,11.442696],[76.8737,11.442825],[76.87365,11.442962],[76.873755,11.443054],[76.873935,11.443073],[76.873964,11.443081],[76.874,11.443101],[76.874099,11.443178],[76.874328,11.443349],[76.874511,11.443434],[76.874781,11.44332],[76.874847,11.443129],[76.874855,11.442997],[76.874775,11.442821],[76.874759,11.442612],[76.874869,11.442431],[76.874965,11.442289],[76.875065,11.44224],[76.875159,11.442212],[76.875233,11.442252],[76.875286,11.442297],[76.875385,11.442338],[76.875498,11.442344],[76.875693,11.442311],[76.875839,11.442228],[76.875902,11.442066],[76.87587,11.441896],[76.875801,11.441706],[76.87573,11.44139],[76.875637,11.441143],[76.875522,11.440891],[76.875564,11.440593],[76.875683,11.440355],[76.87579,11.440196],[76.875963,11.439942],[76.876156,11.439695],[76.876329,11.439456],[76.876483,11.439361],[76.876731,11.439661],[76.876832,11.439875],[76.876934,11.440003],[76.876918,11.440168],[76.876882,11.440379],[76.876921,11.440566],[76.876904,11.440774],[76.876892,11.441027],[76.877039,11.441316],[76.877297,11.441553],[76.878143,11.441906],[76.87889,11.442333]]]]}},{"type":"Feature","properties":{"name":"Ankasamudra Bird Conservation Reserve","kind":"wetland","ramsarid":2535,"area_km2":1.0,"source":"Ramsar Sites Information Service"},"geometry":{"type":"MultiPolygon","coordinates":[[[[76.226724,15.131087],[76.226583,15.131473],[76.228474,15.13164],[76.22864,15.131917],[76.230058,15.131946],[76.230445,15.132002],[76.230945,15.132139],[76.231417,15.132391],[76.23175,15.132583],[76.231917,15.132639],[76.232252,15.132779],[76.232584,15.132862],[76.233306,15.133389],[76.233669,15.133557],[76.234334,15.133833],[76.235722,15.134584],[76.23586,15.134557],[76.235751,15.134084],[76.235834,15.133222],[76.236584,15.13228],[76.236278,15.130669],[76.23642,15.130641],[76.236582,15.12903],[76.236582,15.128945],[76.236914,15.129027],[76.237751,15.127196],[76.237834,15.126973],[76.237333,15.12628],[76.237474,15.125805],[76.238028,15.125361],[76.23814,15.125361],[76.238696,15.124419],[76.238808,15.124445],[76.239362,15.123389],[76.239586,15.123394],[76.240111,15.122167],[76.237529,15.120832],[76.236943,15.12203],[76.236473,15.122669],[76.235751,15.123332],[76.235389,15.12339],[76.235,15.1235],[76.234056,15.123197],[76.233196,15.123112],[76.233083,15.12345],[76.233083,15.124113],[76.232389,15.124139],[76.232252,15.125086],[76.232498,15.125116],[76.232502,15.125448],[76.232447,15.125918],[76.231612,15.126918],[76.231139,15.127058],[76.230337,15.126748],[76.229808,15.126335],[76.2295,15.125724],[76.229501,15.125332],[76.228529,15.125278],[76.228417,15.125307],[76.228443,15.125723],[76.22825,15.12575],[76.228281,15.126666],[76.227944,15.128083],[76.228474,15.129835],[76.228391,15.130331],[76.228002,15.130532],[76.227779,15.13045],[76.227277,15.130838],[76.226724,15.131087]]]]}},{"type":"Feature","properties":{"name":"Nagi Bird Sanctuary","kind":"wetland","ramsarid":2545,"area_km2":2.1,"source":"Ramsar Sites Information Service"},"geometry":{"type":"MultiPolygon","coordinates":[[[[86.398348,24.809638],[86.398466,24.810492],[86.398723,24.812404],[86.398819,24.813096],[86.39898,24.814258],[86.399068,24.814983],[86.399147,24.815235],[86.399147,24.815534],[86.399179,24.81581],[86.399356,24.817024],[86.399554,24.818481],[86.399782,24.820158],[86.399974,24.821181],[86.40035,24.821509],[86.40066,24.82205],[86.401284,24.822151],[86.401897,24.822401],[86.402224,24.822645],[86.402414,24.822901],[86.40246,24.823253],[86.402295,24.823472],[86.402206,24.823692],[86.402295,24.823805],[86.402825,24.82383],[86.403051,24.823906],[86.40314,24.824126],[86.403592,24.82412],[86.404068,24.824043],[86.404621,24.824031],[86.404758,24.823918],[86.404764,24.823276],[86.404871,24.822574],[86.404937,24.822217],[86.405079,24.821943],[86.405401,24.821973],[86.405829,24.822086],[86.405793,24.821812],[86.40571,24.821378],[86.405787,24.820974],[86.406025,24.821009],[86.406227,24.821438],[86.406394,24.821622],[86.406436,24.821741],[86.406459,24.821914],[86.406691,24.822116],[86.4069,24.822235],[86.407274,24.822276],[86.407376,24.822217],[86.407477,24.822098],[86.407566,24.822009],[86.40778,24.822009],[86.407863,24.822085],[86.408327,24.822213],[86.408599,24.822278],[86.408941,24.822392],[86.409327,24.822527],[86.409548,24.822627],[86.409712,24.822756],[86.409926,24.822856],[86.409934,24.823041],[86.409829,24.823203],[86.409919,24.823377],[86.410333,24.823762],[86.410597,24.823805],[86.410476,24.823591],[86.410233,24.823455],[86.410226,24.823206],[86.410141,24.823006],[86.410196,24.822594],[86.410137,24.822481],[86.409923,24.822392],[86.409613,24.822225],[86.40934,24.822124],[86.409489,24.821946],[86.409738,24.821821],[86.410054,24.821737],[86.410387,24.821761],[86.41047,24.821678],[86.410524,24.821565],[86.410637,24.821458],[86.410583,24.821279],[86.410428,24.821178],[86.410107,24.82094],[86.409893,24.820625],[86.409834,24.820494],[86.409941,24.820417],[86.410173,24.820334],[86.410327,24.820447],[86.41053,24.8205],[86.41066,24.82047],[86.410654,24.820351],[86.410833,24.820149],[86.411339,24.820292],[86.411208,24.820417],[86.411124,24.82069],[86.41116,24.82078],[86.411416,24.820792],[86.411505,24.820899],[86.411674,24.821015],[86.411785,24.820869],[86.41191,24.820798],[86.411951,24.820649],[86.412035,24.820601],[86.412058,24.820732],[86.412076,24.820887],[86.412063,24.82103],[86.411975,24.82122],[86.411945,24.821422],[86.411963,24.82163],[86.412023,24.821726],[86.412177,24.821737],[86.412308,24.82169],[86.412427,24.821868],[86.412451,24.822035],[86.412534,24.822303],[86.412695,24.822433],[86.412891,24.822689],[86.413046,24.822707],[86.413028,24.82254],[86.41298,24.822374],[86.412897,24.82219],[86.412737,24.821993],[86.412689,24.821874],[86.412713,24.821648],[86.412731,24.821494],[86.412861,24.821351],[86.412905,24.821148],[86.413028,24.82103],[86.413135,24.820922],[86.413141,24.820768],[86.413105,24.82056],[86.413147,24.820476],[86.41323,24.820453],[86.413688,24.820453],[86.413783,24.820536],[86.413861,24.820548],[86.41401,24.820655],[86.414004,24.820738],[86.41395,24.820804],[86.413914,24.82097],[86.414021,24.821137],[86.414123,24.821137],[86.414027,24.821306],[86.413986,24.821517],[86.414051,24.821803],[86.414075,24.821654],[86.414236,24.821541],[86.414408,24.821636],[86.414509,24.821547],[86.414573,24.821393],[86.414598,24.821291],[86.414533,24.821137],[86.414527,24.82097],[86.414551,24.820869],[86.41489,24.820893],[86.414979,24.820958],[86.41517,24.821036],[86.415277,24.821119],[86.415211,24.82116],[86.415068,24.82125],[86.415003,24.821369],[86.415047,24.821524],[86.415245,24.821579],[86.415467,24.821547],[86.415509,24.821363],[86.415574,24.821464],[86.415705,24.821583],[86.415741,24.821482],[86.415812,24.82144],[86.41586,24.821392],[86.416002,24.821363],[86.416199,24.821458],[86.416341,24.821523],[86.416502,24.821654],[86.416597,24.821797],[86.416475,24.821858],[86.416246,24.82201],[86.415999,24.822238],[86.41558,24.822505],[86.415599,24.822847],[86.415846,24.823076],[86.416151,24.82279],[86.416437,24.822429],[86.416741,24.822353],[86.41676,24.822562],[86.416989,24.822714],[86.416817,24.823],[86.416722,24.823323],[86.416475,24.823628],[86.416551,24.82418],[86.416399,24.824351],[86.416456,24.824561],[86.416703,24.824351],[86.416893,24.824085],[86.416951,24.823856],[86.417217,24.823723],[86.417549,24.823498],[86.417902,24.823247],[86.418188,24.823419],[86.41815,24.823704],[86.418607,24.823856],[86.418607,24.824294],[86.418721,24.824465],[86.418892,24.824256],[86.419044,24.824732],[86.419311,24.825189],[86.419463,24.825646],[86.419787,24.825836],[86.420072,24.826007],[86.420149,24.826293],[86.420034,24.826617],[86.419768,24.826883],[86.419463,24.827245],[86.419349,24.827663],[86.419216,24.828158],[86.419273,24.828806],[86.419768,24.827911],[86.419996,24.827397],[86.420282,24.826997],[86.420643,24.826559],[86.421005,24.826559],[86.420929,24.826274],[86.420777,24.825893],[86.420453,24.825627],[86.420605,24.825436],[86.420948,24.825684],[86.421633,24.826426],[86.422319,24.827416],[86.422909,24.828082],[86.423232,24.828235],[86.424584,24.828273],[86.425669,24.827949],[86.426792,24.827868],[86.427563,24.827511],[86.427906,24.826997],[86.427649,24.826355],[86.427763,24.825684],[86.428334,24.825612],[86.429105,24.825798],[86.430133,24.825712],[86.431361,24.825455],[86.432317,24.824927],[86.432788,24.824841],[86.433331,24.824998],[86.433688,24.824998],[86.433959,24.824713],[86.434045,24.82427],[86.434145,24.823875],[86.43453,24.823642],[86.434402,24.823399],[86.434116,24.823314],[86.433745,24.823557],[86.433516,24.823811],[86.433802,24.824256],[86.433716,24.82457],[86.433416,24.824813],[86.432988,24.824756],[86.432617,24.824684],[86.432131,24.824684],[86.431361,24.825241],[86.430761,24.825341],[86.429362,24.825555],[86.428719,24.825484],[86.428048,24.825141],[86.427706,24.825227],[86.427187,24.825629],[86.427163,24.825884],[86.427377,24.826355],[86.427434,24.826769],[86.42732,24.827197],[86.427135,24.827411],[86.426721,24.827654],[86.425878,24.827754],[86.424322,24.828054],[86.423166,24.827954],[86.42298,24.827568],[86.422266,24.826626],[86.421966,24.825955],[86.421695,24.825498],[86.421438,24.825227],[86.421081,24.824856],[86.420524,24.824584],[86.420168,24.82437],[86.420039,24.823985],[86.420153,24.823942],[86.42051,24.824185],[86.42111,24.824642],[86.421353,24.824499],[86.421524,24.824085],[86.421781,24.823728],[86.422038,24.823585],[86.421809,24.823385],[86.421438,24.823371],[86.421096,24.822928],[86.420553,24.822571],[86.420196,24.823085],[86.419925,24.823214],[86.419554,24.822871],[86.419225,24.822557],[86.419011,24.822],[86.419182,24.821729],[86.419839,24.821658],[86.419925,24.822029],[86.420268,24.822015],[86.420796,24.822029],[86.421096,24.821829],[86.421281,24.821501],[86.421824,24.821515],[86.422281,24.821486],[86.422509,24.821258],[86.422637,24.820758],[86.422466,24.820758],[86.422309,24.821201],[86.422066,24.821358],[86.421824,24.821244],[86.421395,24.821158],[86.421067,24.821344],[86.420596,24.821386],[86.420325,24.821244],[86.419345,24.821219],[86.41914,24.821129],[86.419068,24.820987],[86.419025,24.820687],[86.419254,24.820516],[86.419625,24.820516],[86.420139,24.820359],[86.42031,24.820187],[86.420596,24.81983],[86.420467,24.819716],[86.419968,24.820087],[86.419354,24.82023],[86.41894,24.820287],[86.418611,24.820144],[86.418354,24.820244],[86.418312,24.820116],[86.418511,24.819659],[86.418797,24.819373],[86.418426,24.819431],[86.418097,24.819588],[86.418055,24.819873],[86.417671,24.819905],[86.417626,24.819659],[86.417896,24.819481],[86.417594,24.819105],[86.417141,24.819402],[86.416484,24.819516],[86.415999,24.819573],[86.41587,24.819174],[86.415557,24.818912],[86.415228,24.818588],[86.415228,24.818388],[86.415428,24.818331],[86.416213,24.818303],[86.416598,24.818131],[86.416884,24.817874],[86.416927,24.817418],[86.41687,24.817161],[86.416813,24.816904],[86.416684,24.816889],[86.416356,24.817089],[86.41627,24.817446],[86.416013,24.81746],[86.415827,24.817303],[86.415956,24.816961],[86.415785,24.816689],[86.415228,24.816532],[86.414914,24.816718],[86.414516,24.816879],[86.414357,24.817189],[86.414157,24.81776],[86.413762,24.817584],[86.413726,24.81737],[86.413822,24.81718],[86.413881,24.816918],[86.413893,24.816573],[86.41381,24.816549],[86.413572,24.816609],[86.413358,24.816513],[86.412989,24.816263],[86.412763,24.816585],[86.412525,24.816597],[86.41256,24.816763],[86.412406,24.81712],[86.411847,24.817168],[86.411597,24.817001],[86.411371,24.816882],[86.411168,24.817108],[86.410954,24.816954],[86.410633,24.817084],[86.410229,24.817049],[86.409967,24.816751],[86.409967,24.816026],[86.409776,24.815799],[86.409633,24.815638],[86.40963,24.815564],[86.409535,24.815558],[86.409546,24.815635],[86.40946,24.815728],[86.409451,24.815817],[86.40938,24.81582],[86.409374,24.815891],[86.409279,24.815903],[86.409282,24.815986],[86.409109,24.815989],[86.409106,24.816064],[86.40885,24.81607],[86.408764,24.816082],[86.40877,24.816162],[86.408681,24.816147],[86.40833,24.816147],[86.408321,24.816067],[86.408041,24.816064],[86.407908,24.816061],[86.407893,24.815989],[86.407638,24.815981],[86.407649,24.816071],[86.407457,24.816071],[86.407392,24.816079],[86.407385,24.816157],[86.407224,24.81615],[86.407219,24.81624],[86.407047,24.816248],[86.407052,24.816159],[86.406826,24.816162],[86.406698,24.816148],[86.406705,24.816076],[86.406614,24.816071],[86.406617,24.815983],[86.406529,24.815988],[86.406533,24.815905],[86.406441,24.815895],[86.406438,24.815812],[86.406353,24.815807],[86.406354,24.815207],[86.40644,24.81521],[86.40644,24.815119],[86.406442,24.814785],[86.406438,24.814604],[86.40644,24.814384],[86.406448,24.814354],[86.40647,24.814345],[86.406507,24.814323],[86.406537,24.814296],[86.406567,24.814037],[86.406733,24.813951],[86.406965,24.813975],[86.407162,24.814153],[86.407203,24.81407],[86.407108,24.813802],[86.407007,24.813618],[86.407168,24.813285],[86.407465,24.81291],[86.407536,24.812785],[86.40802,24.812744],[86.408179,24.812631],[86.408899,24.812625],[86.409059,24.81269],[86.409398,24.812773],[86.409714,24.812874],[86.410225,24.812952],[86.41038,24.812946],[86.410582,24.813065],[86.410844,24.813142],[86.41154,24.813142],[86.411611,24.813208],[86.411772,24.813243],[86.411992,24.813297],[86.412152,24.813451],[86.412218,24.813553],[86.412331,24.813558],[86.412456,24.813511],[86.412289,24.813362],[86.412158,24.813184],[86.412057,24.812922],[86.412051,24.812684],[86.411915,24.812506],[86.411754,24.812291],[86.411564,24.812107],[86.411308,24.812137],[86.411111,24.812232],[86.410766,24.81244],[86.410255,24.812446],[86.410142,24.812399],[86.410023,24.812256],[86.409803,24.812149],[86.409297,24.812178],[86.409137,24.812149],[86.408619,24.812113],[86.408625,24.812024],[86.408399,24.811899],[86.407982,24.811863],[86.407899,24.811899],[86.407637,24.812012],[86.40734,24.812155],[86.407233,24.812196],[86.407185,24.812274],[86.406995,24.812268],[86.406934,24.812369],[86.406529,24.812357],[86.406541,24.811952],[86.406481,24.811762],[86.406446,24.811631],[86.406386,24.811488],[86.406148,24.811227],[86.405756,24.811108],[86.405125,24.811001],[86.404852,24.810882],[86.404816,24.810691],[86.404673,24.810251],[86.404863,24.810215],[86.405232,24.810394],[86.405399,24.81056],[86.40572,24.810727],[86.405898,24.810572],[86.406243,24.81062],[86.406279,24.810798],[86.406529,24.810894],[86.406755,24.811179],[86.406957,24.810989],[86.40691,24.810739],[86.407053,24.810763],[86.407624,24.810953],[86.408088,24.810894],[86.408314,24.810798],[86.408575,24.810584],[86.408433,24.810441],[86.408076,24.81056],[86.407792,24.810485],[86.407751,24.810212],[86.407374,24.810192],[86.407279,24.810025],[86.407493,24.809704],[86.407386,24.809621],[86.407033,24.809551],[86.40666,24.809621],[86.406672,24.80943],[86.406791,24.809228],[86.407087,24.809262],[86.407334,24.809078],[86.407319,24.808744],[86.407307,24.808461],[86.406886,24.808407],[86.406577,24.808621],[86.406053,24.809049],[86.405756,24.809097],[86.405732,24.808966],[86.405791,24.80874],[86.405934,24.808538],[86.406077,24.808371],[86.406065,24.808121],[86.405857,24.807945],[86.405577,24.807776],[86.405649,24.807479],[86.406238,24.807427],[86.406411,24.807447],[86.406791,24.807491],[86.407302,24.807467],[86.408135,24.807479],[86.408207,24.80742],[86.407992,24.807324],[86.407564,24.807265],[86.407171,24.807229],[86.40683,24.80707],[86.407053,24.806956],[86.407314,24.806729],[86.407588,24.806503],[86.407754,24.806503],[86.407921,24.806718],[86.40804,24.806837],[86.408064,24.806503],[86.407945,24.806289],[86.407754,24.80617],[86.407207,24.806051],[86.406922,24.806051],[86.406707,24.806182],[86.406434,24.806396],[86.406339,24.806718],[86.405958,24.806587],[86.405637,24.806515],[86.405327,24.806408],[86.405054,24.806587],[86.404852,24.806709],[86.404768,24.806991],[86.404768,24.80742],[86.404483,24.807705],[86.404245,24.807646],[86.40428,24.80742],[86.404364,24.807289],[86.404376,24.806444],[86.404352,24.806123],[86.404138,24.805813],[86.403341,24.805647],[86.403043,24.80592],[86.402365,24.805932],[86.402353,24.806384],[86.402294,24.806801],[86.401663,24.806813],[86.401663,24.80717],[86.40202,24.807229],[86.402258,24.807372],[86.402377,24.807562],[86.402484,24.807788],[86.402413,24.808074],[86.402377,24.808431],[86.402579,24.808514],[86.402543,24.808657],[86.402103,24.808657],[86.401675,24.808455],[86.401853,24.808693],[86.402246,24.808954],[86.402317,24.809097],[86.402377,24.809335],[86.402198,24.809609],[86.402091,24.809882],[86.401853,24.810084],[86.401544,24.81018],[86.401342,24.81018],[86.401151,24.809977],[86.401009,24.810049],[86.400818,24.810013],[86.400652,24.809561],[86.400521,24.809716],[86.400485,24.810108],[86.400568,24.810441],[86.400497,24.810656],[86.400271,24.810751],[86.399974,24.810644],[86.399792,24.810685],[86.399316,24.809882],[86.398348,24.809638]]]]}},{"type":"Feature","properties":{"name":"Magadi Kere Conservation Reserve","kind":"wetland","ramsarid":2536,"area_km2":0.5,"source":"Ramsar Sites Information Service"},"geometry":{"type":"MultiPolygon","coordinates":[[[[75.513496,15.217771],[75.513303,15.217792],[75.513225,15.217833],[75.51316,15.21793],[75.51311,15.21817],[75.512996,15.218501],[75.512861,15.21892],[75.512918,15.219079],[75.513055,15.219564],[75.513253,15.220007],[75.513316,15.22028],[75.513482,15.220586],[75.51364,15.22117],[75.513798,15.222053],[75.513973,15.222693],[75.513998,15.222815],[75.513895,15.223159],[75.513833,15.2234],[75.513859,15.223613],[75.514002,15.224053],[75.514137,15.224335],[75.514216,15.224363],[75.514508,15.224342],[75.514836,15.224273],[75.514889,15.224544],[75.51495,15.224782],[75.515,15.225202],[75.515143,15.225635],[75.515392,15.226],[75.515483,15.226323],[75.515627,15.226427],[75.515767,15.226503],[75.515882,15.226579],[75.515976,15.226759],[75.516105,15.227245],[75.516204,15.227315],[75.516449,15.227187],[75.516728,15.227086],[75.516939,15.227569],[75.516975,15.227885],[75.517046,15.228057],[75.517389,15.22803],[75.517902,15.228043],[75.518102,15.22803],[75.518188,15.228005],[75.518207,15.227999],[75.518224,15.227996],[75.518243,15.227992],[75.518253,15.227991],[75.518275,15.227985],[75.518285,15.227984],[75.518315,15.227973],[75.518341,15.227968],[75.518361,15.227962],[75.518374,15.227957],[75.518393,15.227954],[75.5184,15.227952],[75.518413,15.227951],[75.518429,15.227945],[75.518452,15.227942],[75.518461,15.22794],[75.518477,15.22794],[75.518493,15.227936],[75.518515,15.227936],[75.518528,15.227935],[75.518553,15.227936],[75.51856,15.227934],[75.518585,15.227934],[75.518597,15.227936],[75.518609,15.227941],[75.518624,15.227946],[75.518632,15.22795],[75.518653,15.22796],[75.518661,15.227967],[75.518674,15.227981],[75.518683,15.227988],[75.518695,15.228008],[75.518738,15.228036],[75.518758,15.228051],[75.518771,15.228065],[75.518779,15.228072],[75.518789,15.228092],[75.518797,15.228102],[75.518801,15.228112],[75.518816,15.228135],[75.518828,15.228158],[75.518833,15.228171],[75.518844,15.228197],[75.518846,15.228206],[75.518858,15.228226],[75.518863,15.228236],[75.518867,15.228249],[75.518879,15.228272],[75.518891,15.228295],[75.518906,15.228321],[75.518916,15.228335],[75.518926,15.228354],[75.518936,15.228368],[75.518945,15.228387],[75.51895,15.228397],[75.518957,15.228413],[75.518974,15.228443],[75.518984,15.22846],[75.518988,15.228473],[75.518998,15.228489],[75.519007,15.228512],[75.519013,15.228516],[75.519019,15.228535],[75.519027,15.228545],[75.519031,15.228558],[75.519041,15.228574],[75.519048,15.22859],[75.519051,15.228594],[75.519063,15.228617],[75.519068,15.228624],[75.519078,15.228637],[75.519089,15.228648],[75.519106,15.228659],[75.519118,15.228661],[75.51913,15.228663],[75.519143,15.228665],[75.51917,15.228669],[75.519186,15.228671],[75.519256,15.228682],[75.519272,15.228681],[75.519291,15.228678],[75.519301,15.228676],[75.519329,15.228677],[75.519347,15.22868],[75.519369,15.228683],[75.51939,15.228687],[75.519402,15.228691],[75.519423,15.228698],[75.519435,15.228699],[75.519451,15.228702],[75.519468,15.22871],[75.519486,15.228716],[75.519489,15.228719],[75.519518,15.22873],[75.519521,15.22873],[75.519539,15.228736],[75.519545,15.228737],[75.519566,15.228743],[75.51959,15.22875],[75.5196,15.228751],[75.519627,15.228755],[75.519652,15.228759],[75.519667,15.228761],[75.51967,15.228761],[75.519699,15.22876],[75.51972,15.228763],[75.519733,15.228762],[75.519745,15.228761],[75.519767,15.228761],[75.519774,15.228762],[75.519802,15.228763],[75.519831,15.228758],[75.519834,15.228756],[75.519857,15.228753],[75.519876,15.22875],[75.519901,15.22875],[75.519929,15.228749],[75.519948,15.228751],[75.51996,15.22875],[75.519976,15.228749],[75.520001,15.22875],[75.520008,15.228748],[75.520046,15.228745],[75.520062,15.228741],[75.520088,15.228739],[75.520116,15.228737],[75.520136,15.228734],[75.520152,15.22873],[75.520165,15.228729],[75.520183,15.228729],[75.520199,15.228728],[75.520227,15.228729],[75.52024,15.228728],[75.520249,15.228729],[75.520278,15.228728],[75.520281,15.228725],[75.520307,15.228723],[75.520324,15.228716],[75.520345,15.228717],[75.520364,15.228716],[75.52039,15.228714],[75.520405,15.228716],[75.520408,15.228717],[75.520458,15.228718],[75.520489,15.22872],[75.520505,15.228719],[75.520527,15.228719],[75.520549,15.22872],[75.520565,15.228716],[75.520584,15.228716],[75.520606,15.228716],[75.520634,15.228717],[75.520659,15.228718],[75.52069,15.228719],[75.520728,15.228716],[75.52075,15.228719],[75.520766,15.228718],[75.520784,15.228721],[75.520803,15.228721],[75.520825,15.228721],[75.520841,15.228718],[75.520848,15.228715],[75.520863,15.228715],[75.520889,15.228713],[75.520902,15.228708],[75.520908,15.228709],[75.520931,15.228704],[75.52095,15.2287],[75.52097,15.228694],[75.52099,15.228691],[75.521005,15.22869],[75.521025,15.228687],[75.521041,15.228684],[75.521044,15.228684],[75.52107,15.228679],[75.521093,15.228673],[75.521106,15.228672],[75.521122,15.228668],[75.521142,15.228662],[75.521155,15.228658],[75.521165,15.228654],[75.521178,15.22865],[75.521205,15.228641],[75.521224,15.228635],[75.521254,15.228627],[75.521264,15.228626],[75.521357,15.228588],[75.521277,15.228355],[75.521151,15.227872],[75.521085,15.227598],[75.521767,15.227232],[75.521881,15.227128],[75.521909,15.22695],[75.521745,15.226798],[75.521339,15.226585],[75.520961,15.226516],[75.520711,15.226454],[75.520555,15.226262],[75.520177,15.226083],[75.51982,15.226021],[75.519271,15.225911],[75.518986,15.225801],[75.518815,15.225546],[75.518587,15.225044],[75.51835,15.224604],[75.518244,15.224404],[75.518273,15.224087],[75.518309,15.22375],[75.518337,15.223289],[75.518394,15.223],[75.518537,15.222629],[75.518637,15.222395],[75.518601,15.222182],[75.518715,15.221817],[75.518826,15.221513],[75.518986,15.22126],[75.519264,15.220922],[75.519528,15.220675],[75.519713,15.22053],[75.519656,15.220462],[75.519214,15.220028],[75.518779,15.219835],[75.518394,15.219739],[75.517981,15.219712],[75.517534,15.219686],[75.517168,15.219588],[75.516654,15.219429],[75.515977,15.219113],[75.515613,15.218968],[75.515114,15.218776],[75.51475,15.21859],[75.514308,15.218342],[75.513888,15.218005],[75.513496,15.217771]]]]}},{"type":"Feature","properties":{"name":"Kazhuveli Bird Sanctuary","kind":"wetland","ramsarid":2548,"area_km2":51.5,"source":"Ramsar Sites Information Service"},"geometry":{"type":"MultiPolygon","coordinates":[[[[79.908452,12.169993],[79.912379,12.166701],[79.912299,12.166431],[79.912128,12.166412],[79.912238,12.166154],[79.911912,12.166299],[79.911898,12.166192],[79.911794,12.166278],[79.911674,12.166296],[79.911784,12.165948],[79.911582,12.165826],[79.911681,12.165713],[79.911445,12.165497],[79.911304,12.165154],[79.911238,12.165025],[79.91125,12.165005],[79.911249,12.164969],[79.911132,12.164743],[79.910996,12.16461],[79.91104,12.164443],[79.911,12.164434],[79.910801,12.164137],[79.910633,12.163846],[79.910405,12.163458],[79.910633,12.163233],[79.909856,12.162273],[79.909099,12.160839],[79.909274,12.160701],[79.909424,12.160522],[79.909203,12.160285],[79.909032,12.160054],[79.908913,12.159907],[79.90881,12.159805],[79.908986,12.159666],[79.909168,12.159541],[79.909001,12.159337],[79.90885,12.159167],[79.90868,12.159048],[79.908445,12.158874],[79.908216,12.158738],[79.908007,12.15857],[79.907699,12.158327],[79.907345,12.15802],[79.906593,12.157337],[79.90646,12.157403],[79.90478,12.157443],[79.905759,12.156592],[79.904067,12.156738],[79.902313,12.156827],[79.90337,12.155835],[79.902859,12.155363],[79.901521,12.154722],[79.900169,12.156055],[79.901436,12.154608],[79.900648,12.154932],[79.900735,12.154282],[79.899159,12.155665],[79.900093,12.153412],[79.900154,12.153165],[79.899971,12.153253],[79.899631,12.152407],[79.897787,12.15336],[79.899599,12.152382],[79.899116,12.152608],[79.897535,12.153317],[79.899155,12.152512],[79.898946,12.152518],[79.898638,12.151524],[79.897329,12.152051],[79.898543,12.151465],[79.898289,12.150388],[79.89829,12.150228],[79.897934,12.149083],[79.897566,12.148805],[79.897459,12.148569],[79.897373,12.148284],[79.897257,12.147996],[79.897156,12.147768],[79.897068,12.147536],[79.896951,12.147149],[79.896922,12.147122],[79.896429,12.147313],[79.896348,12.147276],[79.895345,12.147632],[79.895102,12.147185],[79.895034,12.146746],[79.89496,12.146533],[79.89487,12.146345],[79.894691,12.145896],[79.894625,12.145679],[79.894523,12.145482],[79.894487,12.145299],[79.89392,12.14554],[79.894435,12.145138],[79.894334,12.144808],[79.894682,12.144672],[79.894256,12.144592],[79.894169,12.144371],[79.894463,12.144075],[79.894082,12.144059],[79.893765,12.144049],[79.893614,12.14399],[79.893358,12.143861],[79.893158,12.143767],[79.892913,12.14365],[79.892699,12.143653],[79.893159,12.143449],[79.892767,12.143387],[79.892667,12.143135],[79.892583,12.142914],[79.892484,12.142669],[79.892371,12.142426],[79.892521,12.142356],[79.892282,12.14217],[79.892191,12.141966],[79.892172,12.141903],[79.892061,12.141546],[79.89199,12.141318],[79.891945,12.140988],[79.891884,12.14072],[79.891851,12.140328],[79.891823,12.140277],[79.891556,12.139793],[79.891702,12.139519],[79.891342,12.139554],[79.891237,12.139255],[79.891455,12.138974],[79.89079,12.139055],[79.891131,12.138953],[79.891167,12.138511],[79.891011,12.138365],[79.890908,12.138118],[79.8907,12.137878],[79.891105,12.137789],[79.891118,12.137775],[79.89108,12.137482],[79.891071,12.137481],[79.890999,12.137192],[79.891341,12.137067],[79.890981,12.137145],[79.890952,12.136994],[79.891342,12.13687],[79.891429,12.136644],[79.89136,12.136643],[79.891147,12.136657],[79.89132,12.136506],[79.891389,12.136285],[79.891592,12.136253],[79.891571,12.136232],[79.891463,12.135849],[79.891569,12.135578],[79.891459,12.13549],[79.891466,12.135422],[79.891811,12.135362],[79.891822,12.135338],[79.891848,12.134971],[79.891758,12.134553],[79.891818,12.134238],[79.89184,12.133918],[79.891817,12.133456],[79.890652,12.133462],[79.892069,12.133411],[79.892073,12.133085],[79.892027,12.132771],[79.892217,12.132075],[79.891989,12.131473],[79.891599,12.131461],[79.892362,12.130952],[79.892001,12.130944],[79.89227,12.130501],[79.892151,12.130415],[79.892061,12.129924],[79.892043,12.129572],[79.891955,12.129228],[79.891971,12.129037],[79.891939,12.128579],[79.891982,12.127908],[79.892047,12.127576],[79.892015,12.127361],[79.892081,12.127203],[79.892288,12.127152],[79.892008,12.127115],[79.89211,12.126902],[79.892089,12.126482],[79.892099,12.126065],[79.891823,12.126016],[79.892045,12.125572],[79.892055,12.12541],[79.891651,12.125448],[79.89195,12.124993],[79.891895,12.124599],[79.891836,12.124107],[79.89184,12.123532],[79.891868,12.12344],[79.891773,12.122979],[79.891752,12.122684],[79.891739,12.122329],[79.891747,12.121976],[79.891735,12.12168],[79.891717,12.121234],[79.891697,12.120911],[79.891658,12.120504],[79.891649,12.120148],[79.89158,12.119738],[79.891529,12.119407],[79.891433,12.11908],[79.891379,12.118812],[79.891294,12.118521],[79.891175,12.118207],[79.891081,12.117881],[79.89099,12.117561],[79.890294,12.117499],[79.890921,12.117284],[79.890813,12.11696],[79.890717,12.116643],[79.8906,12.116248],[79.890589,12.115696],[79.890552,12.115115],[79.890538,12.114866],[79.890482,12.114434],[79.890522,12.113974],[79.890583,12.113427],[79.890538,12.113082],[79.890534,12.112815],[79.890385,12.11234],[79.89028,12.11207],[79.890297,12.111776],[79.890243,12.111421],[79.891491,12.111111],[79.890224,12.111107],[79.890199,12.11081],[79.890229,12.110476],[79.890374,12.110098],[79.890365,12.109713],[79.890421,12.109185],[79.890381,12.10876],[79.890392,12.108309],[79.89042,12.107888],[79.890444,12.107463],[79.890429,12.107032],[79.890532,12.106583],[79.890413,12.106171],[79.890322,12.105645],[79.890343,12.105613],[79.884308,12.106003],[79.883692,12.106193],[79.883561,12.105838],[79.884086,12.105563],[79.883492,12.104934],[79.88348,12.104902],[79.883359,12.104842],[79.883169,12.104722],[79.883178,12.104713],[79.883161,12.104289],[79.883067,12.104262],[79.883244,12.104068],[79.883051,12.103458],[79.88239,12.100564],[79.882205,12.099942],[79.882177,12.099382],[79.881601,12.099178],[79.88166,12.099147],[79.881449,12.098454],[79.882102,12.098287],[79.881739,12.097112],[79.883128,12.096112],[79.881945,12.096229],[79.883003,12.095287],[79.881717,12.0955],[79.882778,12.094534],[79.880601,12.094558],[79.881913,12.094163],[79.882527,12.093934],[79.881749,12.09375],[79.881123,12.093751],[79.881071,12.093362],[79.88102,12.093359],[79.881442,12.092753],[79.88134,12.092764],[79.880998,12.092824],[79.881454,12.092188],[79.881423,12.09211],[79.88127,12.091536],[79.88123,12.091542],[79.881053,12.090911],[79.880738,12.090824],[79.880741,12.090535],[79.880371,12.089163],[79.879143,12.088666],[79.880106,12.088361],[79.879849,12.087235],[79.879249,12.087375],[79.878759,12.087306],[79.879397,12.08605],[79.879365,12.085925],[79.879359,12.084627],[79.878666,12.082954],[79.878346,12.082078],[79.87857,12.081082],[79.878143,12.080788],[79.877966,12.080836],[79.877685,12.080927],[79.87724,12.079716],[79.877534,12.079608],[79.877241,12.079125],[79.877688,12.078925],[79.876507,12.076915],[79.878619,12.076125],[79.878113,12.07505],[79.87803,12.074625],[79.879044,12.074288],[79.878864,12.074005],[79.87862,12.073899],[79.878742,12.073247],[79.878546,12.073257],[79.878275,12.072827],[79.877604,12.073064],[79.877483,12.072503],[79.876962,12.071899],[79.87687,12.071916],[79.876416,12.071692],[79.876286,12.071241],[79.875849,12.070906],[79.875582,12.070167],[79.874802,12.070197],[79.874772,12.070041],[79.874263,12.070044],[79.873049,12.070101],[79.870953,12.070265],[79.87088,12.070674],[79.870655,12.070684],[79.869619,12.07064],[79.86787,12.070445],[79.867486,12.067754],[79.865853,12.06773],[79.864727,12.067666],[79.863745,12.067649],[79.862605,12.067524],[79.861435,12.06655],[79.861053,12.067164],[79.860612,12.067191],[79.859442,12.067254],[79.858375,12.067358],[79.857305,12.067456],[79.857008,12.067091],[79.855405,12.067334],[79.855297,12.067381],[79.855261,12.067354],[79.85342,12.067947],[79.852081,12.06893],[79.851999,12.068632],[79.849328,12.070152],[79.849137,12.069548],[79.848734,12.069476],[79.848399,12.069316],[79.847698,12.0693],[79.847561,12.069028],[79.847004,12.069084],[79.847065,12.069972],[79.847153,12.070414],[79.845913,12.07054],[79.845932,12.071125],[79.842515,12.07251],[79.836739,12.074219],[79.835509,12.07592],[79.835169,12.076065],[79.834324,12.0761],[79.831442,12.076083],[79.830492,12.075081],[79.829841,12.074421],[79.829613,12.073143],[79.829247,12.072303],[79.82623,12.072407],[79.82432,12.072722],[79.824601,12.073178],[79.824413,12.073251],[79.824765,12.073989],[79.823887,12.074215],[79.824076,12.074775],[79.82296,12.075026],[79.822977,12.075206],[79.821535,12.075471],[79.821469,12.07527],[79.820887,12.075394],[79.820822,12.075199],[79.8202,12.075477],[79.823326,12.088658],[79.823397,12.088923],[79.823389,12.089159],[79.823645,12.09015],[79.823698,12.090388],[79.823758,12.090638],[79.823811,12.090881],[79.823899,12.091147],[79.823994,12.091394],[79.825024,12.095329],[79.832836,12.096755],[79.832985,12.096778],[79.832848,12.097408],[79.832912,12.098693],[79.83295,12.099814],[79.832995,12.100635],[79.833008,12.101391],[79.833051,12.102289],[79.833081,12.103401],[79.833092,12.104404],[79.833088,12.104883],[79.8331,12.105204],[79.833203,12.107034],[79.833204,12.107831],[79.833264,12.108647],[79.833275,12.109371],[79.836749,12.110611],[79.833329,12.110325],[79.833282,12.110427],[79.833262,12.110448],[79.832911,12.11096],[79.832491,12.111541],[79.832093,12.112131],[79.831724,12.112603],[79.831178,12.113101],[79.830962,12.113613],[79.830925,12.113623],[79.831151,12.114436],[79.831363,12.115409],[79.832266,12.116891],[79.830226,12.117931],[79.833047,12.11717],[79.833779,12.117504],[79.834255,12.117902],[79.833706,12.120123],[79.834161,12.120502],[79.837284,12.120676],[79.837289,12.120726],[79.837697,12.121474],[79.837665,12.121491],[79.837958,12.121951],[79.837963,12.122267],[79.838224,12.122968],[79.83808,12.123576],[79.837983,12.124217],[79.837741,12.125282],[79.836402,12.125816],[79.836115,12.126546],[79.836089,12.128202],[79.836254,12.129165],[79.836597,12.129773],[79.836898,12.130177],[79.836946,12.130381],[79.83612,12.13047],[79.836735,12.131222],[79.836213,12.131518],[79.836284,12.132107],[79.835798,12.133071],[79.836366,12.133019],[79.835876,12.133666],[79.835415,12.134484],[79.835007,12.135058],[79.835079,12.135831],[79.835223,12.136335],[79.835279,12.136548],[79.834422,12.137566],[79.834763,12.138503],[79.834297,12.138623],[79.834627,12.13933],[79.834825,12.139943],[79.837269,12.140727],[79.835868,12.141109],[79.835235,12.141422],[79.837425,12.141305],[79.837549,12.141326],[79.838191,12.141824],[79.838676,12.142199],[79.838713,12.142225],[79.838891,12.142198],[79.839144,12.142117],[79.840455,12.141783],[79.841561,12.141421],[79.843148,12.141031],[79.843856,12.1408],[79.844226,12.140759],[79.844829,12.140719],[79.845281,12.140505],[79.845802,12.140418],[79.845861,12.140508],[79.846051,12.140828],[79.846162,12.141325],[79.847044,12.141522],[79.847396,12.141448],[79.847814,12.141805],[79.84874,12.141973],[79.849692,12.142188],[79.852195,12.142318],[79.852592,12.142329],[79.853122,12.14225],[79.853974,12.142027],[79.854459,12.142046],[79.855575,12.141717],[79.856297,12.141558],[79.85632,12.141602],[79.857537,12.141495],[79.858199,12.141371],[79.858143,12.141467],[79.858561,12.141437],[79.859365,12.141334],[79.860143,12.141213],[79.860102,12.14128],[79.861777,12.141042],[79.86255,12.140586],[79.863622,12.140293],[79.865635,12.139792],[79.869327,12.140906],[79.871263,12.14115],[79.872707,12.141842],[79.874286,12.143018],[79.874616,12.146711],[79.874962,12.14367],[79.875992,12.14459],[79.875154,12.147088],[79.876931,12.145223],[79.877107,12.145199],[79.875664,12.147351],[79.876024,12.147598],[79.876897,12.147544],[79.878516,12.146368],[79.87858,12.146557],[79.876707,12.147914],[79.876656,12.147974],[79.876689,12.148169],[79.876935,12.148142],[79.877303,12.148396],[79.877247,12.148432],[79.877624,12.148709],[79.879564,12.147663],[79.880117,12.147422],[79.878829,12.148319],[79.878898,12.148498],[79.877862,12.14932],[79.878386,12.149558],[79.881116,12.148329],[79.8811,12.148542],[79.878918,12.149846],[79.878793,12.14994],[79.879157,12.150056],[79.879489,12.150309],[79.879764,12.150356],[79.881693,12.148931],[79.879889,12.150512],[79.880234,12.150555],[79.881319,12.149805],[79.880157,12.150701],[79.882524,12.149138],[79.880523,12.150932],[79.883382,12.149106],[79.883061,12.149475],[79.880901,12.15121],[79.882415,12.150684],[79.881163,12.151443],[79.881245,12.151466],[79.881594,12.151738],[79.881623,12.15173],[79.881948,12.152017],[79.883282,12.151375],[79.883293,12.151363],[79.882262,12.152325],[79.882444,12.152344],[79.883925,12.151802],[79.882661,12.1526],[79.882973,12.152902],[79.883168,12.152883],[79.883648,12.152937],[79.884188,12.152865],[79.884825,12.152501],[79.884866,12.152482],[79.885768,12.152493],[79.885693,12.152584],[79.884933,12.152982],[79.884962,12.153233],[79.885084,12.153351],[79.885521,12.152896],[79.885625,12.154212],[79.886546,12.154899],[79.887455,12.155251],[79.888408,12.154762],[79.890361,12.156055],[79.891967,12.156056],[79.892403,12.156471],[79.892631,12.156737],[79.892937,12.157014],[79.8931,12.157133],[79.893296,12.157314],[79.893461,12.157507],[79.893645,12.157658],[79.893708,12.157781],[79.893943,12.15802],[79.894319,12.158218],[79.89432,12.158412],[79.894622,12.158531],[79.894761,12.158738],[79.894891,12.158941],[79.895096,12.159069],[79.895276,12.159293],[79.895292,12.159311],[79.895442,12.159483],[79.895594,12.159678],[79.89592,12.159877],[79.896305,12.160083],[79.896681,12.160374],[79.896686,12.160383],[79.897066,12.160689],[79.897486,12.160981],[79.897716,12.161166],[79.897717,12.161176],[79.897952,12.161387],[79.897962,12.161401],[79.898181,12.161601],[79.898358,12.161806],[79.898548,12.16207],[79.898826,12.162436],[79.902827,12.16436],[79.902065,12.165207],[79.904414,12.164582],[79.902437,12.16539],[79.902682,12.165541],[79.903517,12.165582],[79.902749,12.166162],[79.902579,12.166413],[79.9034,12.166641],[79.903697,12.166583],[79.903995,12.166517],[79.904281,12.166449],[79.904838,12.166503],[79.905242,12.166661],[79.905535,12.166738],[79.905767,12.166818],[79.905844,12.166918],[79.906107,12.167023],[79.90623,12.167704],[79.906221,12.167811],[79.906425,12.16793],[79.906502,12.168202],[79.906601,12.168475],[79.906638,12.168512],[79.907297,12.168196],[79.907509,12.168492],[79.908455,12.170002],[79.907631,12.168702],[79.907802,12.168981],[79.907929,12.169271],[79.908109,12.169521],[79.908271,12.169732],[79.908397,12.169814],[79.908452,12.169993]]]]}},{"type":"Feature","properties":{"name":"Udhwa Lake Bird Sanctuary","kind":"wetland","ramsarid":2559,"area_km2":9.4,"source":"Ramsar Sites Information Service"},"geometry":{"type":"MultiPolygon","coordinates":[[[[87.804046,25.013095],[87.803792,25.013094],[87.803672,25.013036],[87.803202,25.012656],[87.802689,25.012486],[87.80223,25.012487],[87.801565,25.012784],[87.801297,25.013106],[87.801257,25.013252],[87.801163,25.013779],[87.801254,25.014254],[87.801562,25.014735],[87.80162,25.014796],[87.801958,25.01537],[87.802013,25.015491],[87.802442,25.016136],[87.802888,25.016572],[87.803266,25.017194],[87.803329,25.01782],[87.803457,25.018421],[87.803486,25.018486],[87.80373,25.01871],[87.804309,25.018704],[87.80473,25.018579],[87.805324,25.018073],[87.805488,25.017945],[87.805777,25.017938],[87.806284,25.018004],[87.806718,25.01839],[87.807058,25.018842],[87.807141,25.019394],[87.806777,25.019782],[87.806712,25.01978],[87.806348,25.020103],[87.80628,25.020202],[87.806077,25.020466],[87.806067,25.020765],[87.806319,25.021063],[87.806343,25.021359],[87.806899,25.021415],[87.807588,25.02128],[87.807687,25.021215],[87.807752,25.021216],[87.808308,25.021117],[87.808503,25.021121],[87.808569,25.021122],[87.809056,25.021287],[87.809708,25.021549],[87.810133,25.021916],[87.810264,25.022389],[87.810429,25.023195],[87.810496,25.02385],[87.810763,25.024229],[87.811097,25.024365],[87.811564,25.024368],[87.812097,25.024272],[87.81259,25.02379],[87.812655,25.023721],[87.81311,25.02324],[87.813141,25.023137],[87.813325,25.022486],[87.813409,25.021787],[87.813504,25.02162],[87.813779,25.020942],[87.81381,25.020876],[87.813904,25.020745],[87.814159,25.020522],[87.814549,25.020551],[87.814883,25.020787],[87.81515,25.021016],[87.815731,25.02091],[87.816118,25.020784],[87.816133,25.02036],[87.816082,25.019906],[87.815645,25.01951],[87.815644,25.019478],[87.815466,25.019026],[87.815174,25.018876],[87.814819,25.018815],[87.814582,25.018429],[87.814186,25.018014],[87.813994,25.017982],[87.81368,25.018114],[87.813205,25.018332],[87.813077,25.018332],[87.81247,25.018333],[87.812375,25.018334],[87.811925,25.018144],[87.811538,25.017697],[87.811216,25.017158],[87.811216,25.017127],[87.811149,25.016507],[87.811333,25.015887],[87.811454,25.015309],[87.811945,25.014615],[87.812068,25.014584],[87.812313,25.014343],[87.812344,25.014313],[87.81246,25.013867],[87.812514,25.013336],[87.812506,25.012894],[87.812319,25.012686],[87.811981,25.012572],[87.811646,25.012722],[87.811187,25.012806],[87.811034,25.012803],[87.810452,25.012827],[87.81033,25.012885],[87.810238,25.012917],[87.809776,25.013224],[87.809192,25.013251],[87.808766,25.012866],[87.80877,25.012543],[87.808774,25.012251],[87.808838,25.011989],[87.808599,25.011703],[87.808331,25.011306],[87.808247,25.010879],[87.808192,25.010564],[87.808404,25.010452],[87.808915,25.010429],[87.809306,25.010569],[87.809727,25.010594],[87.809999,25.010452],[87.81033,25.010253],[87.810779,25.00995],[87.811138,25.00978],[87.811526,25.009694],[87.811767,25.009918],[87.811804,25.010455],[87.811752,25.011163],[87.811698,25.011851],[87.811729,25.011908],[87.811824,25.012225],[87.812254,25.012483],[87.812714,25.012569],[87.812949,25.012132],[87.813184,25.0117],[87.813568,25.011246],[87.814104,25.010961],[87.814638,25.010676],[87.815212,25.010706],[87.815496,25.011019],[87.815632,25.011414],[87.815803,25.011847],[87.81594,25.012221],[87.81659,25.012425],[87.817188,25.01272],[87.817717,25.012867],[87.818008,25.012604],[87.818155,25.012048],[87.818087,25.011416],[87.818119,25.010932],[87.818363,25.010506],[87.818542,25.010001],[87.818537,25.009945],[87.818515,25.009583],[87.818192,25.009143],[87.8181,25.009089],[87.817828,25.008538],[87.817794,25.008483],[87.817549,25.007907],[87.817514,25.007799],[87.817258,25.007397],[87.817259,25.006914],[87.817513,25.006729],[87.81802,25.006387],[87.818427,25.005939],[87.818604,25.005572],[87.818599,25.005494],[87.81863,25.005079],[87.818652,25.004588],[87.81877,25.00423],[87.819145,25.003874],[87.819174,25.003874],[87.819577,25.00352],[87.819603,25.003495],[87.820221,25.003092],[87.820584,25.002954],[87.82116,25.002422],[87.821251,25.002363],[87.821665,25.001743],[87.82217,25.001219],[87.822261,25.001219],[87.822383,25.001219],[87.822901,25.00119],[87.824049,25.000931],[87.824832,25.000758],[87.82492,25.0007],[87.825571,25.000384],[87.825715,25.000269],[87.825731,25.000013],[87.825773,24.9997],[87.8254,24.999503],[87.82534,24.999503],[87.824748,24.999136],[87.824459,24.998744],[87.824397,24.998716],[87.823929,24.998298],[87.823809,24.998271],[87.823381,24.998022],[87.823253,24.997801],[87.822852,24.997391],[87.822731,24.997309],[87.822159,24.99701],[87.821952,24.997009],[87.821063,24.996897],[87.821003,24.996897],[87.820469,24.996706],[87.82032,24.996598],[87.819934,24.996226],[87.819904,24.996173],[87.819868,24.995718],[87.819838,24.995691],[87.81986,24.995109],[87.820005,24.994899],[87.82,24.994558],[87.819963,24.994126],[87.820082,24.993634],[87.820043,24.993115],[87.820043,24.993085],[87.819914,24.992781],[87.820221,24.99251],[87.820435,24.992301],[87.820841,24.992422],[87.821311,24.992632],[87.821374,24.992662],[87.821687,24.992752],[87.821843,24.992752],[87.822399,24.992603],[87.822676,24.992516],[87.8232,24.992397],[87.823322,24.992337],[87.823797,24.991855],[87.823883,24.991706],[87.824067,24.991024],[87.82407,24.990383],[87.824065,24.990267],[87.823812,24.99009],[87.823159,24.989825],[87.823067,24.989797],[87.822393,24.989625],[87.822331,24.989596],[87.821901,24.989344],[87.821761,24.988767],[87.821683,24.988039],[87.821665,24.987396],[87.821709,24.986842],[87.821911,24.986367],[87.822307,24.985847],[87.822563,24.985579],[87.822822,24.985456],[87.823195,24.985169],[87.823367,24.984925],[87.823519,24.984684],[87.823592,24.984504],[87.823784,24.984341],[87.823997,24.984185],[87.824279,24.984247],[87.824618,24.984252],[87.824964,24.98405],[87.825364,24.983773],[87.82568,24.983442],[87.825698,24.983423],[87.826121,24.982978],[87.826157,24.982939],[87.826422,24.982605],[87.826844,24.982263],[87.827295,24.98211],[87.827334,24.982109],[87.827859,24.982128],[87.82849,24.982052],[87.828567,24.982051],[87.829084,24.981962],[87.829654,24.981852],[87.830013,24.981626],[87.830047,24.981589],[87.830328,24.981366],[87.830347,24.981366],[87.830712,24.981003],[87.830764,24.980966],[87.831215,24.980506],[87.831573,24.980122],[87.831911,24.979586],[87.832144,24.979021],[87.832355,24.978675],[87.832312,24.978398],[87.832044,24.978105],[87.831727,24.977952],[87.831407,24.97775],[87.831346,24.97743],[87.831302,24.976847],[87.831285,24.976208],[87.831269,24.975594],[87.83115,24.975213],[87.831025,24.974784],[87.830785,24.974314],[87.830635,24.973925],[87.830495,24.973578],[87.830318,24.973346],[87.830032,24.97315],[87.829681,24.97306],[87.829624,24.97306],[87.829226,24.973043],[87.829075,24.973043],[87.828546,24.973058],[87.828216,24.973164],[87.828198,24.973182],[87.828029,24.973397],[87.827739,24.973542],[87.827684,24.97356],[87.8273,24.973506],[87.826748,24.973454],[87.826689,24.973435],[87.826574,24.973417],[87.826535,24.973399],[87.826339,24.973326],[87.82629,24.973165],[87.826246,24.97281],[87.826213,24.972367],[87.82619,24.971988],[87.826207,24.97197],[87.826257,24.971624],[87.82634,24.971504],[87.82656,24.971229],[87.826575,24.971195],[87.826929,24.970787],[87.826998,24.970737],[87.827085,24.970686],[87.827597,24.970315],[87.827683,24.970249],[87.828161,24.969917],[87.828213,24.969901],[87.828364,24.969785],[87.828824,24.969538],[87.828926,24.969473],[87.829679,24.969116],[87.829743,24.969051],[87.830297,24.968823],[87.830399,24.968791],[87.830484,24.968759],[87.830926,24.968599],[87.83101,24.968551],[87.831121,24.968456],[87.831368,24.968233],[87.831434,24.968201],[87.831481,24.968154],[87.831687,24.968002],[87.831871,24.967771],[87.831919,24.967734],[87.832001,24.96768],[87.832178,24.967489],[87.832202,24.967403],[87.832219,24.967145],[87.832027,24.966941],[87.831931,24.966908],[87.831911,24.966891],[87.831655,24.966756],[87.831289,24.966637],[87.831252,24.966637],[87.830818,24.966504],[87.83076,24.966471],[87.830431,24.966273],[87.830373,24.966239],[87.830314,24.966206],[87.8299,24.965955],[87.829841,24.965922],[87.829623,24.965772],[87.82956,24.965705],[87.829462,24.965639],[87.829405,24.965623],[87.829172,24.965325],[87.829166,24.965276],[87.828934,24.964982],[87.828876,24.964656],[87.82883,24.964285],[87.828823,24.964221],[87.828766,24.964015],[87.828707,24.963952],[87.828541,24.96373],[87.828502,24.963699],[87.828233,24.96351],[87.828158,24.963463],[87.827904,24.963385],[87.827834,24.963385],[87.827533,24.963385],[87.827498,24.963385],[87.827178,24.963557],[87.826681,24.963936],[87.826632,24.963984],[87.826011,24.96451],[87.825978,24.964542],[87.825521,24.964915],[87.825434,24.964963],[87.824916,24.965339],[87.82442,24.965854],[87.824235,24.966203],[87.8242,24.966237],[87.824098,24.966795],[87.824065,24.966863],[87.82398,24.967366],[87.823809,24.967697],[87.823773,24.967715],[87.823518,24.967905],[87.823246,24.968133],[87.823135,24.968203],[87.822846,24.968525],[87.822829,24.968578],[87.822461,24.968954],[87.822369,24.969045],[87.821996,24.969385],[87.821472,24.969994],[87.821397,24.970069],[87.821017,24.9707],[87.820758,24.971154],[87.820505,24.971521],[87.820341,24.971873],[87.820304,24.971923],[87.82012,24.972279],[87.820064,24.972313],[87.819731,24.972551],[87.819583,24.972636],[87.819564,24.972654],[87.819209,24.972913],[87.818817,24.97305],[87.818311,24.97324],[87.817993,24.973276],[87.8176,24.973311],[87.817087,24.973556],[87.816645,24.973819],[87.816275,24.974152],[87.815899,24.974491],[87.815572,24.97489],[87.815159,24.975368],[87.814843,24.975499],[87.814488,24.975646],[87.814109,24.975639],[87.813687,24.975689],[87.813306,24.975687],[87.813075,24.975661],[87.81275,24.97544],[87.812726,24.975418],[87.812357,24.975269],[87.81231,24.97527],[87.812079,24.975272],[87.811963,24.975294],[87.811706,24.975575],[87.811635,24.975684],[87.811444,24.976103],[87.811157,24.976479],[87.811133,24.976502],[87.810752,24.976726],[87.810658,24.976748],[87.810516,24.976769],[87.810492,24.976791],[87.809973,24.976835],[87.809619,24.976837],[87.809218,24.97686],[87.808854,24.977064],[87.808628,24.97738],[87.808586,24.977767],[87.808763,24.978088],[87.809296,24.97855],[87.809908,24.978971],[87.810051,24.979018],[87.8101,24.979018],[87.810597,24.979448],[87.810766,24.979497],[87.811441,24.979882],[87.811853,24.980293],[87.812073,24.980513],[87.812343,24.980611],[87.812614,24.980685],[87.812959,24.980685],[87.813427,24.98059],[87.814166,24.980615],[87.81424,24.980662],[87.814665,24.980884],[87.815073,24.981375],[87.815283,24.981749],[87.815513,24.981925],[87.815711,24.981874],[87.816008,24.981798],[87.816423,24.981597],[87.816797,24.981098],[87.81711,24.980904],[87.817329,24.980894],[87.817759,24.981068],[87.818064,24.98115],[87.818395,24.980904],[87.818509,24.980412],[87.818505,24.980362],[87.818501,24.979949],[87.818422,24.979495],[87.818663,24.979137],[87.819179,24.978598],[87.819566,24.978299],[87.819685,24.978298],[87.820124,24.978091],[87.820405,24.978023],[87.820542,24.977954],[87.821049,24.97777],[87.821118,24.977747],[87.821423,24.977493],[87.821827,24.977287],[87.821917,24.977262],[87.822128,24.977219],[87.822199,24.97722],[87.822439,24.977243],[87.822819,24.977447],[87.82298,24.97779],[87.823076,24.978182],[87.823307,24.978486],[87.823613,24.978625],[87.82414,24.978623],[87.82474,24.978416],[87.825003,24.977929],[87.825277,24.977379],[87.825306,24.976949],[87.825176,24.976082],[87.825108,24.975358],[87.825265,24.974845],[87.825494,24.974379],[87.8257,24.973997],[87.826094,24.973932],[87.826483,24.973933],[87.826533,24.973954],[87.82682,24.973952],[87.827136,24.973881],[87.827257,24.973857],[87.827595,24.97386],[87.828005,24.973883],[87.828249,24.973671],[87.828322,24.973577],[87.828539,24.973366],[87.828756,24.973273],[87.829061,24.97323],[87.829336,24.973233],[87.829667,24.973246],[87.829888,24.973341],[87.830126,24.973529],[87.830299,24.973872],[87.830356,24.973914],[87.830538,24.974413],[87.830743,24.975093],[87.830965,24.975725],[87.831067,24.976147],[87.831156,24.976566],[87.831108,24.97686],[87.831104,24.977161],[87.831131,24.977496],[87.831281,24.977884],[87.831411,24.978095],[87.831647,24.978244],[87.831776,24.978381],[87.831757,24.978672],[87.831712,24.978847],[87.83159,24.979189],[87.831467,24.979567],[87.831356,24.97999],[87.831035,24.980291],[87.830695,24.980551],[87.83035,24.980871],[87.82999,24.981144],[87.829781,24.981382],[87.829477,24.981601],[87.829322,24.981602],[87.82903,24.9816],[87.828736,24.981614],[87.828371,24.981774],[87.828052,24.981891],[87.827784,24.981926],[87.827394,24.981958],[87.827222,24.98196],[87.827175,24.981961],[87.827004,24.981963],[87.826796,24.982027],[87.826579,24.982161],[87.826384,24.982322],[87.826074,24.982629],[87.825925,24.982732],[87.825697,24.982836],[87.825449,24.982879],[87.825236,24.982919],[87.825213,24.98293],[87.825003,24.983066],[87.82492,24.983281],[87.8248,24.983519],[87.824799,24.983531],[87.824671,24.983735],[87.82448,24.983852],[87.824456,24.983864],[87.824201,24.983897],[87.823982,24.983909],[87.823755,24.984005],[87.823563,24.984211],[87.823395,24.984373],[87.823212,24.984549],[87.823158,24.984724],[87.823125,24.984927],[87.822982,24.985145],[87.822757,24.985237],[87.82251,24.985315],[87.822237,24.985497],[87.821957,24.985748],[87.821634,24.986222],[87.821357,24.986706],[87.82113,24.987105],[87.820953,24.987609],[87.820722,24.987807],[87.820538,24.987903],[87.820273,24.988325],[87.819965,24.988699],[87.819734,24.989156],[87.819439,24.989462],[87.819286,24.989716],[87.819274,24.989988],[87.819212,24.990365],[87.819169,24.990512],[87.819039,24.990579],[87.818857,24.990589],[87.818499,24.990498],[87.818256,24.990421],[87.818199,24.99041],[87.818143,24.990409],[87.817954,24.990275],[87.817909,24.990263],[87.817678,24.990139],[87.817447,24.990002],[87.81728,24.990003],[87.817045,24.990005],[87.816956,24.990005],[87.816653,24.989949],[87.816441,24.989914],[87.816073,24.989858],[87.816029,24.989848],[87.815661,24.989894],[87.815628,24.989894],[87.815393,24.989961],[87.815209,24.990151],[87.815013,24.990321],[87.814836,24.990571],[87.814644,24.990823],[87.814448,24.991104],[87.814251,24.991354],[87.814044,24.991513],[87.81383,24.991572],[87.813662,24.991635],[87.813521,24.991637],[87.813383,24.991601],[87.813287,24.991479],[87.813238,24.991359],[87.813263,24.991202],[87.813335,24.991013],[87.813417,24.990838],[87.813424,24.990596],[87.813411,24.99047],[87.813314,24.990275],[87.81309,24.990025],[87.812814,24.989752],[87.812623,24.989449],[87.812555,24.989257],[87.81252,24.988974],[87.812584,24.988768],[87.812691,24.988445],[87.812848,24.988146],[87.813068,24.987939],[87.81328,24.98781],[87.81354,24.987721],[87.813787,24.987623],[87.814084,24.987528],[87.814147,24.987518],[87.814324,24.987499],[87.814366,24.987498],[87.814542,24.987489],[87.814584,24.987479],[87.814721,24.987413],[87.814789,24.987263],[87.814831,24.987225],[87.814838,24.987049],[87.814755,24.98684],[87.814735,24.986821],[87.814523,24.986596],[87.814494,24.986578],[87.814287,24.986507],[87.814268,24.986489],[87.81405,24.986445],[87.813971,24.986436],[87.813715,24.986391],[87.813461,24.986329],[87.813432,24.98632],[87.812987,24.986268],[87.812751,24.98625],[87.812514,24.986154],[87.812485,24.986145],[87.812231,24.985964],[87.812115,24.985868],[87.812056,24.985753],[87.812038,24.985545],[87.812054,24.985419],[87.812061,24.985216],[87.812028,24.985001],[87.81202,24.984985],[87.811979,24.984754],[87.8119,24.98465],[87.811703,24.984503],[87.811485,24.984417],[87.811283,24.984383],[87.811252,24.984383],[87.811087,24.984391],[87.810824,24.984451],[87.810638,24.984544],[87.810416,24.98466],[87.810225,24.984846],[87.810083,24.985074],[87.810008,24.985287],[87.80995,24.985474],[87.809885,24.98564],[87.809781,24.985829],[87.809614,24.985984],[87.809409,24.986149],[87.809357,24.986233],[87.809355,24.986451],[87.809409,24.986655],[87.809428,24.986788],[87.809381,24.986982],[87.809252,24.987108],[87.809116,24.9872],[87.809079,24.98721],[87.808845,24.987278],[87.808646,24.987289],[87.808509,24.987242],[87.808391,24.987203],[87.808314,24.987128],[87.80816,24.987106],[87.808107,24.987105],[87.807932,24.987156],[87.80776,24.987274],[87.807741,24.987284],[87.80758,24.987417],[87.807298,24.987625],[87.806978,24.98776],[87.806951,24.98776],[87.806629,24.987802],[87.80647,24.987781],[87.806314,24.987696],[87.806136,24.987527],[87.806024,24.98735],[87.805956,24.987163],[87.805916,24.986969],[87.805857,24.986715],[87.805827,24.986517],[87.805772,24.986356],[87.805616,24.986285],[87.805419,24.98624],[87.805162,24.986198],[87.80512,24.986198],[87.804797,24.986125],[87.804585,24.986095],[87.804255,24.986052],[87.803727,24.98607],[87.803608,24.986064],[87.803453,24.986075],[87.803345,24.986042],[87.803233,24.985977],[87.803137,24.985831],[87.803131,24.985815],[87.803058,24.98571],[87.803044,24.985534],[87.803063,24.985376],[87.80313,24.985156],[87.803264,24.984911],[87.803393,24.984594],[87.8035,24.984387],[87.803638,24.984163],[87.803709,24.984059],[87.803796,24.984038],[87.803937,24.984112],[87.804095,24.984181],[87.804222,24.984257],[87.804282,24.984292],[87.804517,24.984252],[87.804651,24.984176],[87.804917,24.984073],[87.805196,24.983997],[87.805308,24.983941],[87.805542,24.983891],[87.805682,24.983821],[87.805696,24.983814],[87.805769,24.983765],[87.805783,24.983745],[87.805823,24.983717],[87.805869,24.983696],[87.805924,24.983575],[87.805972,24.983386],[87.805972,24.983373],[87.805936,24.983265],[87.80593,24.983259],[87.805837,24.983197],[87.805799,24.983191],[87.805699,24.983149],[87.805674,24.983149],[87.805649,24.983143],[87.805568,24.983132],[87.805549,24.983132],[87.805423,24.983127],[87.805322,24.983128],[87.805276,24.983059],[87.805195,24.982885],[87.805187,24.98283],[87.805201,24.982715],[87.805128,24.982625],[87.80503,24.98248],[87.805014,24.982463],[87.804856,24.982276],[87.804846,24.982259],[87.804771,24.98212],[87.804767,24.982098],[87.804786,24.981962],[87.804848,24.981871],[87.805022,24.981665],[87.805101,24.98164],[87.805154,24.981558],[87.805193,24.981477],[87.80519,24.98136],[87.805151,24.981172],[87.805113,24.980987],[87.805098,24.980966],[87.804994,24.980915],[87.804867,24.980854],[87.804855,24.980844],[87.80467,24.980745],[87.804571,24.980597],[87.804554,24.980557],[87.804552,24.980548],[87.804512,24.980382],[87.804506,24.980352],[87.804443,24.980178],[87.804424,24.98013],[87.804298,24.979996],[87.804275,24.979977],[87.80405,24.979845],[87.804019,24.979836],[87.803804,24.979695],[87.803749,24.979658],[87.803728,24.979649],[87.803619,24.979585],[87.803598,24.979576],[87.803547,24.979567],[87.803321,24.979584],[87.80308,24.97963],[87.803035,24.979658],[87.802941,24.979696],[87.802786,24.979799],[87.802767,24.979808],[87.802729,24.979818],[87.802454,24.979959],[87.802417,24.979987],[87.802346,24.980176],[87.802362,24.980339],[87.802385,24.980368],[87.802534,24.980622],[87.802547,24.980651],[87.802682,24.980858],[87.802682,24.981032],[87.802528,24.981156],[87.802509,24.981177],[87.802328,24.981252],[87.802148,24.981241],[87.801976,24.981318],[87.801917,24.981479],[87.801902,24.981683],[87.801851,24.981856],[87.801706,24.981933],[87.801471,24.981979],[87.801233,24.981989],[87.801178,24.981989],[87.801135,24.981988],[87.800977,24.982108],[87.800779,24.982315],[87.800715,24.982349],[87.800639,24.982395],[87.800596,24.982417],[87.800348,24.982657],[87.800062,24.982919],[87.799895,24.983143],[87.799851,24.983399],[87.799851,24.983424],[87.799691,24.983665],[87.79961,24.983754],[87.799518,24.983691],[87.79938,24.983642],[87.799233,24.983505],[87.799199,24.983481],[87.799142,24.983469],[87.798996,24.983384],[87.798939,24.983373],[87.798804,24.983314],[87.798782,24.98329],[87.798628,24.983144],[87.798424,24.982907],[87.798284,24.982789],[87.798189,24.982706],[87.797925,24.982484],[87.797742,24.982259],[87.797701,24.982226],[87.797687,24.982114],[87.797666,24.98196],[87.79775,24.981706],[87.797778,24.981472],[87.797781,24.981429],[87.797855,24.981126],[87.797902,24.980767],[87.797916,24.980567],[87.797867,24.9804],[87.797757,24.979993],[87.797594,24.979651],[87.797417,24.979407],[87.797409,24.979389],[87.797269,24.979219],[87.797212,24.979201],[87.796866,24.979094],[87.796856,24.979094],[87.796713,24.979084],[87.796682,24.979101],[87.796414,24.979153],[87.796362,24.97918],[87.796352,24.979179],[87.796164,24.979285],[87.796132,24.979302],[87.79599,24.97948],[87.795986,24.979508],[87.795922,24.979737],[87.795919,24.979755],[87.795837,24.97997],[87.795817,24.980027],[87.795698,24.980311],[87.795513,24.98055],[87.795453,24.980601],[87.795429,24.980621],[87.795207,24.980763],[87.795105,24.980752],[87.794983,24.980742],[87.794859,24.980691],[87.794694,24.98064],[87.794684,24.98064],[87.794497,24.980649],[87.794466,24.980649],[87.794316,24.980679],[87.794173,24.980853],[87.794144,24.980893],[87.794112,24.981089],[87.794121,24.981141],[87.794175,24.98133],[87.794189,24.981362],[87.794247,24.981605],[87.794352,24.981832],[87.794522,24.982017],[87.794531,24.982028],[87.794786,24.982127],[87.794827,24.982138],[87.795155,24.982204],[87.795175,24.982215],[87.79551,24.982247],[87.795691,24.982281],[87.795945,24.982428],[87.79628,24.982668],[87.79631,24.982691],[87.796601,24.982964],[87.796786,24.983545],[87.796791,24.983607],[87.7968,24.983632],[87.796887,24.984181],[87.796911,24.984308],[87.797001,24.984857],[87.797006,24.984938],[87.796997,24.985456],[87.79699,24.985537],[87.796938,24.986168],[87.796833,24.986769],[87.796664,24.987194],[87.796407,24.987432],[87.796163,24.987639],[87.796108,24.98767],[87.795723,24.987917],[87.79527,24.988135],[87.795103,24.988249],[87.795018,24.988471],[87.794992,24.988882],[87.794989,24.988938],[87.795094,24.989331],[87.795128,24.989388],[87.795438,24.989738],[87.795795,24.989998],[87.796086,24.990154],[87.796251,24.990211],[87.796701,24.990069],[87.796851,24.989986],[87.797225,24.989689],[87.797391,24.989613],[87.79763,24.989519],[87.797739,24.98952],[87.798069,24.989516],[87.798142,24.989517],[87.79851,24.989594],[87.798584,24.989634],[87.799054,24.990086],[87.79913,24.990125],[87.799648,24.990569],[87.799726,24.990651],[87.800194,24.991019],[87.800329,24.991078],[87.800553,24.99135],[87.800729,24.991751],[87.800918,24.992006],[87.800678,24.992182],[87.80064,24.992204],[87.799976,24.992496],[87.799882,24.992581],[87.799843,24.992601],[87.799657,24.992862],[87.799337,24.99331],[87.799044,24.993451],[87.798706,24.993454],[87.798567,24.993455],[87.798031,24.993405],[87.797673,24.993485],[87.797298,24.99332],[87.797219,24.993297],[87.796929,24.992912],[87.796624,24.992551],[87.796415,24.992338],[87.795955,24.992174],[87.795549,24.992175],[87.79549,24.992197],[87.794936,24.992395],[87.794855,24.992439],[87.794251,24.992979],[87.793866,24.993415],[87.79378,24.993503],[87.793574,24.993592],[87.793435,24.993593],[87.793293,24.993374],[87.793069,24.992812],[87.792782,24.992386],[87.792339,24.991998],[87.791964,24.991728],[87.791461,24.991443],[87.790957,24.991346],[87.790596,24.991359],[87.790502,24.991357],[87.790196,24.991625],[87.790167,24.991688],[87.790094,24.992158],[87.790108,24.992685],[87.790117,24.992752],[87.79026,24.99336],[87.790309,24.993429],[87.790339,24.993497],[87.790592,24.993834],[87.790643,24.993901],[87.791137,24.994433],[87.79166,24.994809],[87.79227,24.995197],[87.79235,24.995221],[87.792823,24.995656],[87.793332,24.996022],[87.793913,24.996332],[87.793955,24.996332],[87.794537,24.996392],[87.79542,24.996384],[87.796323,24.996371],[87.797096,24.996564],[87.797918,24.996701],[87.79885,24.99685],[87.798998,24.996873],[87.799696,24.99686],[87.799781,24.99686],[87.801413,24.996888],[87.802279,24.996896],[87.803406,24.996725],[87.803799,24.996451],[87.804152,24.995876],[87.804202,24.995774],[87.804577,24.995121],[87.804629,24.995049],[87.804818,24.994809],[87.805143,24.994779],[87.805143,24.994846],[87.80518,24.995451],[87.805416,24.996184],[87.80562,24.996705],[87.805392,24.99716],[87.804523,24.99754],[87.803816,24.997821],[87.803681,24.997855],[87.803105,24.998103],[87.802732,24.998205],[87.802014,24.998493],[87.801946,24.998493],[87.801671,24.998601],[87.800881,24.998792],[87.800388,24.99915],[87.800076,24.999924],[87.7995,25.000369],[87.798822,25.001206],[87.797895,25.001912],[87.796875,25.00236],[87.796072,25.002575],[87.795534,25.002646],[87.794955,25.002763],[87.794757,25.003282],[87.794681,25.003976],[87.794543,25.00459],[87.794677,25.005381],[87.79503,25.005883],[87.795758,25.005963],[87.795979,25.005963],[87.796089,25.005964],[87.79712,25.005962],[87.79723,25.005962],[87.798022,25.006218],[87.798251,25.007215],[87.798629,25.008355],[87.798734,25.008488],[87.799317,25.008889],[87.799535,25.009072],[87.799682,25.009164],[87.800196,25.009578],[87.800307,25.00967],[87.801204,25.010268],[87.802123,25.010449],[87.802277,25.01045],[87.803046,25.010537],[87.803741,25.010535],[87.804203,25.010549],[87.80449,25.010584],[87.804627,25.010756],[87.804736,25.011226],[87.804993,25.011528],[87.80518,25.011857],[87.80532,25.012346],[87.805413,25.012796],[87.805434,25.013323],[87.805334,25.013534],[87.805063,25.013529],[87.804771,25.013366],[87.804335,25.013152],[87.804046,25.013095]]]]}},{"type":"Feature","properties":{"name":"Nanjarayan Bird Sanctuary","kind":"wetland","ramsarid":2549,"area_km2":1.3,"source":"Ramsar Sites Information Service"},"geometry":{"type":"MultiPolygon","coordinates":[[[[77.376684,11.136687],[77.376771,11.136763],[77.376923,11.136834],[77.377069,11.136866],[77.377167,11.136883],[77.377276,11.136866],[77.377325,11.136823],[77.37741,11.136761],[77.377516,11.136719],[77.3776,11.136699],[77.377741,11.136626],[77.377824,11.136606],[77.377908,11.136585],[77.378012,11.136586],[77.378134,11.136551],[77.378242,11.136541],[77.378324,11.136535],[77.378369,11.136476],[77.378432,11.136475],[77.378395,11.136178],[77.378648,11.136178],[77.379155,11.136156],[77.379865,11.136156],[77.380784,11.13612],[77.381018,11.136046],[77.381103,11.136046],[77.381074,11.136293],[77.381378,11.136402],[77.381964,11.136474],[77.382577,11.136148],[77.382661,11.136127],[77.382788,11.136086],[77.382893,11.136065],[77.383019,11.136024],[77.383124,11.136004],[77.38323,11.135983],[77.383314,11.135962],[77.38342,11.135941],[77.383547,11.135919],[77.383652,11.13592],[77.383757,11.13592],[77.383861,11.13592],[77.383966,11.135921],[77.384071,11.135901],[77.384176,11.135901],[77.384239,11.135901],[77.384387,11.135901],[77.384492,11.135901],[77.384534,11.135901],[77.384681,11.135901],[77.384808,11.135983],[77.38485,11.136045],[77.384934,11.136148],[77.384998,11.136189],[77.385061,11.13625],[77.385124,11.136333],[77.385187,11.136395],[77.38525,11.136478],[77.38525,11.13656],[77.385271,11.136623],[77.385292,11.136706],[77.385291,11.136831],[77.385291,11.136915],[77.38527,11.136977],[77.385206,11.137081],[77.385143,11.137144],[77.385059,11.137185],[77.384995,11.137227],[77.38489,11.137289],[77.384848,11.137372],[77.384784,11.137434],[77.384742,11.137538],[77.384721,11.137621],[77.3847,11.137704],[77.3847,11.137767],[77.384636,11.137891],[77.384615,11.137975],[77.384572,11.138058],[77.384551,11.138161],[77.384509,11.138202],[77.384467,11.138348],[77.384446,11.138431],[77.384403,11.138535],[77.38436,11.13864],[77.384339,11.138744],[77.384275,11.138849],[77.384254,11.138933],[77.384232,11.138996],[77.38421,11.139102],[77.38421,11.139208],[77.384166,11.139314],[77.384124,11.139398],[77.38406,11.139461],[77.383976,11.139543],[77.383912,11.139585],[77.383807,11.139709],[77.383743,11.139771],[77.38368,11.139833],[77.383617,11.139874],[77.383511,11.139916],[77.383426,11.139958],[77.383362,11.140021],[77.383256,11.140106],[77.383255,11.140189],[77.383255,11.140231],[77.383255,11.140378],[77.383318,11.14044],[77.383382,11.140482],[77.383466,11.140523],[77.383551,11.140544],[77.383656,11.140565],[77.383741,11.140607],[77.383825,11.140608],[77.38391,11.140629],[77.384015,11.14063],[77.3841,11.140651],[77.384184,11.140693],[77.384269,11.140735],[77.384374,11.140777],[77.384438,11.140799],[77.384543,11.14084],[77.384628,11.140882],[77.384734,11.140903],[77.384819,11.140944],[77.384903,11.140965],[77.385009,11.140965],[77.385115,11.140985],[77.385221,11.141005],[77.385327,11.141004],[77.385475,11.141003],[77.38556,11.141003],[77.385665,11.140984],[77.385708,11.140964],[77.385813,11.140944],[77.385898,11.140904],[77.386046,11.140863],[77.386131,11.140821],[77.386194,11.140779],[77.386321,11.140716],[77.38647,11.140673],[77.386597,11.140651],[77.38666,11.140629],[77.386745,11.140607],[77.386914,11.140606],[77.38702,11.140608],[77.387104,11.140608],[77.38721,11.140608],[77.387295,11.140608],[77.387379,11.140587],[77.387464,11.140566],[77.387527,11.140504],[77.387612,11.140462],[77.387675,11.140378],[77.387717,11.140294],[77.387781,11.140211],[77.387802,11.140148],[77.387844,11.140044],[77.387929,11.139961],[77.387992,11.139877],[77.388034,11.139793],[77.388076,11.13971],[77.388119,11.139606],[77.388118,11.139544],[77.38816,11.139417],[77.388202,11.139354],[77.388244,11.13925],[77.388286,11.139145],[77.388329,11.139083],[77.388392,11.138978],[77.388434,11.138916],[77.388497,11.138832],[77.388539,11.138749],[77.388581,11.138686],[77.388665,11.138623],[77.388665,11.138602],[77.388722,11.138488],[77.388756,11.138441],[77.388966,11.138263],[77.389,11.138205],[77.389022,11.138158],[77.389056,11.138112],[77.389079,11.138067],[77.389113,11.138009],[77.389147,11.137975],[77.389169,11.137928],[77.389192,11.137883],[77.389306,11.137944],[77.389386,11.137872],[77.389408,11.137826],[77.389431,11.137792],[77.389442,11.137757],[77.389589,11.137713],[77.389835,11.137669],[77.390038,11.137691],[77.390291,11.137655],[77.390487,11.137597],[77.390833,11.137476],[77.39145,11.136467],[77.391833,11.135946],[77.392442,11.135287],[77.392572,11.135048],[77.393079,11.133556],[77.393332,11.132789],[77.393318,11.132079],[77.39305,11.131978],[77.392898,11.131109],[77.392796,11.130762],[77.392528,11.130371],[77.391882,11.130038],[77.39188,11.129938],[77.391657,11.129888],[77.391635,11.129868],[77.391492,11.129856],[77.391449,11.129836],[77.391406,11.129826],[77.391364,11.129826],[77.39131,11.129826],[77.391209,11.129833],[77.391134,11.129833],[77.39106,11.129832],[77.391018,11.129832],[77.390986,11.129832],[77.390912,11.129819],[77.390859,11.129808],[77.390816,11.129798],[77.390784,11.129788],[77.390742,11.129787],[77.390687,11.129779],[77.390592,11.129768],[77.390485,11.129758],[77.3904,11.129737],[77.390293,11.129717],[77.390243,11.129705],[77.39019,11.129685],[77.390125,11.129654],[77.390061,11.129634],[77.39004,11.129634],[77.389997,11.129624],[77.389955,11.129614],[77.389891,11.129604],[77.389816,11.129594],[77.389752,11.129574],[77.389679,11.129572],[77.389647,11.129562],[77.389581,11.129543],[77.389539,11.129543],[77.389496,11.129523],[77.389454,11.129503],[77.3894,11.129483],[77.389352,11.129478],[77.389277,11.129459],[77.389245,11.129449],[77.38914,11.129428],[77.389044,11.129408],[77.388986,11.129399],[77.388901,11.129377],[77.388841,11.129359],[77.388762,11.129353],[77.388676,11.129344],[77.388579,11.129322],[77.388537,11.129312],[77.388484,11.129312],[77.388409,11.129312],[77.388378,11.129312],[77.388367,11.129303],[77.388337,11.129289],[77.388295,11.129299],[77.388252,11.129309],[77.388215,11.129283],[77.388161,11.129285],[77.38807,11.129268],[77.387987,11.129281],[77.387902,11.129297],[77.387835,11.12937],[77.387762,11.129428],[77.387742,11.129504],[77.387755,11.129603],[77.387773,11.129697],[77.387838,11.129838],[77.387816,11.129898],[77.387795,11.129938],[77.387826,11.129996],[77.387804,11.130052],[77.387791,11.130103],[77.387782,11.13015],[77.387728,11.130179],[77.387748,11.130204],[77.387717,11.130249],[77.387706,11.13033],[77.387695,11.130345],[77.387668,11.130365],[77.387621,11.130387],[77.38761,11.130434],[77.387558,11.130447],[77.387531,11.130456],[77.387507,11.130472],[77.38746,11.130505],[77.387427,11.130544],[77.387412,11.13059],[77.387369,11.130611],[77.387305,11.130612],[77.387252,11.130612],[77.387178,11.130613],[77.387109,11.130631],[77.387026,11.130664],[77.386983,11.130685],[77.386961,11.130685],[77.386886,11.130695],[77.386779,11.130716],[77.386747,11.130726],[77.386704,11.130736],[77.386618,11.130788],[77.386519,11.130794],[77.386432,11.130825],[77.386368,11.130835],[77.386346,11.130845],[77.386259,11.130876],[77.386173,11.130896],[77.386129,11.130896],[77.386082,11.130881],[77.386059,11.130902],[77.385961,11.130943],[77.385907,11.130943],[77.385854,11.130943],[77.385811,11.130943],[77.385726,11.130943],[77.385684,11.130923],[77.385674,11.130913],[77.385558,11.130917],[77.385516,11.130887],[77.385463,11.130866],[77.38541,11.130846],[77.385294,11.130826],[77.385252,11.130805],[77.385198,11.130795],[77.385166,11.130795],[77.385123,11.130795],[77.385059,11.130795],[77.384952,11.130784],[77.384909,11.130774],[77.384877,11.130751],[77.38483,11.130747],[77.384765,11.130749],[77.384721,11.130749],[77.384624,11.130748],[77.384581,11.130748],[77.384516,11.130748],[77.384441,11.130748],[77.384398,11.130748],[77.384356,11.130738],[77.384313,11.130727],[77.384282,11.130717],[77.384207,11.130707],[77.384165,11.130686],[77.384123,11.130676],[77.38407,11.130656],[77.383952,11.130602],[77.383843,11.130643],[77.38382,11.130684],[77.383776,11.130726],[77.383731,11.130767],[77.383709,11.130788],[77.383653,11.13086],[77.38363,11.13088],[77.383573,11.130901],[77.383517,11.130953],[77.383484,11.131005],[77.38345,11.131046],[77.383428,11.131088],[77.383405,11.131119],[77.383372,11.131161],[77.383339,11.131202],[77.383316,11.131223],[77.38327,11.131275],[77.383237,11.131296],[77.383156,11.131359],[77.383081,11.131395],[77.383005,11.131442],[77.38295,11.131453],[77.382873,11.131474],[77.38283,11.131473],[77.382754,11.131484],[77.382707,11.131524],[77.382653,11.131524],[77.382621,11.131524],[77.382524,11.131535],[77.382481,11.131535],[77.382395,11.131545],[77.382352,11.13154],[77.38223,11.131542],[77.382156,11.131521],[77.382114,11.131511],[77.382073,11.1315],[77.38201,11.13148],[77.381947,11.131469],[77.381916,11.131469],[77.381884,11.131469],[77.381842,11.131449],[77.381755,11.131438],[77.38169,11.131428],[77.381626,11.131407],[77.381541,11.131386],[77.381498,11.131375],[77.381456,11.131354],[77.381416,11.13137],[77.38141,11.131385],[77.381358,11.131354],[77.381316,11.131333],[77.381309,11.131291],[77.381264,11.131311],[77.381181,11.131187],[77.381061,11.131017],[77.38096,11.130865],[77.380866,11.130727],[77.380735,11.130608],[77.38046,11.130224],[77.380388,11.130014],[77.380192,11.129804],[77.379845,11.129895],[77.379552,11.13005],[77.379465,11.13009],[77.379421,11.130144],[77.379378,11.130278],[77.379331,11.130459],[77.379276,11.130658],[77.379157,11.130977],[77.379117,11.131212],[77.379074,11.131328],[77.379023,11.131437],[77.378998,11.131535],[77.378954,11.131658],[77.378943,11.131734],[77.378919,11.131777],[77.378907,11.131799],[77.37886,11.131886],[77.378901,11.131981],[77.378865,11.132046],[77.378875,11.132057],[77.378906,11.132101],[77.378936,11.132177],[77.378956,11.132232],[77.378987,11.132287],[77.379007,11.132331],[77.379048,11.132407],[77.379087,11.132495],[77.379118,11.13254],[77.37915,11.132573],[77.379191,11.132639],[77.379244,11.132683],[77.379286,11.132739],[77.379328,11.132794],[77.379349,11.132827],[77.37938,11.132882],[77.379401,11.132926],[77.37941,11.132971],[77.379451,11.133048],[77.379471,11.133115],[77.379481,11.133148],[77.379502,11.133182],[77.37951,11.13326],[77.379519,11.133304],[77.379517,11.13336],[77.379515,11.133405],[77.379524,11.133472],[77.379532,11.133539],[77.37953,11.133595],[77.379528,11.133651],[77.379527,11.133707],[77.379537,11.133751],[77.379536,11.133796],[77.379523,11.133873],[77.379498,11.133951],[77.379475,11.133985],[77.37944,11.13404],[77.379417,11.134085],[77.379382,11.13413],[77.379347,11.134175],[77.379324,11.134186],[77.379279,11.13423],[77.379234,11.134263],[77.379211,11.134286],[77.379142,11.134341],[77.379096,11.134375],[77.379073,11.134397],[77.379039,11.13442],[77.378982,11.134465],[77.378923,11.134532],[77.378876,11.134567],[77.378854,11.134567],[77.378762,11.134613],[77.378715,11.134647],[77.378669,11.134669],[77.378624,11.134714],[77.378578,11.134736],[77.378521,11.13477],[77.378498,11.134781],[77.37843,11.134815],[77.378407,11.134826],[77.378361,11.134859],[77.378328,11.13487],[77.378272,11.134903],[77.378216,11.134936],[77.378181,11.134958],[77.378112,11.134992],[77.378055,11.135015],[77.37801,11.135026],[77.377953,11.135049],[77.377861,11.135083],[77.377817,11.135083],[77.377747,11.135117],[77.377657,11.135139],[77.377576,11.135174],[77.377531,11.135185],[77.377485,11.135196],[77.377438,11.13522],[77.377427,11.13522],[77.377346,11.135243],[77.377289,11.135266],[77.377255,11.135277],[77.377197,11.1353],[77.377162,11.135323],[77.377115,11.135368],[77.377102,11.135391],[77.377031,11.135449],[77.376995,11.135484],[77.376947,11.13553],[77.376898,11.135588],[77.376884,11.135634],[77.37687,11.13568],[77.376846,11.135715],[77.376809,11.135772],[77.376784,11.135818],[77.376747,11.135876],[77.376723,11.135921],[77.376687,11.135967],[77.376674,11.136012],[77.376649,11.136058],[77.376625,11.136092],[77.376613,11.136115],[77.376577,11.136161],[77.376518,11.136229],[77.37647,11.136275],[77.376456,11.136333],[77.376401,11.136367],[77.376385,11.136454],[77.376499,11.136546],[77.376602,11.136638],[77.376684,11.136687]]]]}},{"type":"Feature","properties":{"name":"Patna Bird Sanctuary","kind":"wetland","ramsarid":2589,"area_km2":1.1,"source":"Ramsar Sites Information Service"},"geometry":{"type":"MultiPolygon","coordinates":[[[[78.31517,27.524499],[78.31515,27.52446],[78.315148,27.524456],[78.315051,27.524459],[78.315011,27.524461],[78.314945,27.524464],[78.31483,27.52447],[78.31477,27.524454],[78.31472,27.524423],[78.314642,27.524341],[78.314503,27.524212],[78.31433,27.524248],[78.314294,27.524218],[78.314138,27.524085],[78.313755,27.52431],[78.313664,27.524237],[78.313525,27.524316],[78.313318,27.524435],[78.313081,27.524099],[78.312828,27.523689],[78.312801,27.523646],[78.312752,27.523583],[78.31268,27.523489],[78.312641,27.523497],[78.312466,27.523529],[78.312375,27.523539],[78.312318,27.523544],[78.312275,27.52354],[78.312199,27.523491],[78.312152,27.523444],[78.312069,27.523363],[78.312037,27.523341],[78.311999,27.523314],[78.311963,27.523278],[78.31192,27.523183],[78.311849,27.523028],[78.311814,27.522877],[78.311813,27.522872],[78.311784,27.522665],[78.311762,27.522447],[78.31175,27.522319],[78.311738,27.522208],[78.311723,27.522152],[78.311699,27.522061],[78.31153,27.521562],[78.311423,27.52124],[78.311314,27.521209],[78.311221,27.521198],[78.311049,27.520676],[78.311048,27.520666],[78.311123,27.520642],[78.311488,27.520606],[78.311761,27.520582],[78.311972,27.52051],[78.312128,27.52048],[78.312173,27.520624],[78.312274,27.52063],[78.312307,27.520836],[78.313251,27.520769],[78.313387,27.520876],[78.313728,27.520754],[78.313942,27.520959],[78.314399,27.520896],[78.314776,27.520602],[78.314804,27.52055],[78.314816,27.520484],[78.314818,27.520422],[78.314776,27.520322],[78.31475,27.520264],[78.314745,27.520154],[78.314746,27.5201],[78.314545,27.52009],[78.314546,27.520072],[78.314544,27.519957],[78.314522,27.519871],[78.314504,27.519834],[78.314451,27.519793],[78.314362,27.519731],[78.314325,27.519683],[78.314313,27.51964],[78.314311,27.519529],[78.314289,27.519484],[78.314266,27.519453],[78.314203,27.519449],[78.314095,27.51948],[78.313983,27.519522],[78.313906,27.519557],[78.313868,27.519568],[78.313842,27.51957],[78.313835,27.519561],[78.313826,27.51954],[78.313804,27.51945],[78.313775,27.519387],[78.313703,27.519228],[78.313639,27.519088],[78.313631,27.519073],[78.313627,27.519068],[78.313558,27.518974],[78.313466,27.518925],[78.313294,27.51887],[78.313291,27.518688],[78.313309,27.518608],[78.313389,27.518517],[78.313427,27.518449],[78.313356,27.518341],[78.31334,27.518108],[78.313337,27.517931],[78.313336,27.517699],[78.313164,27.517691],[78.313152,27.51761],[78.313116,27.517461],[78.313048,27.517285],[78.312982,27.517143],[78.312955,27.517021],[78.312957,27.516988],[78.312643,27.516926],[78.312239,27.516842],[78.312237,27.516823],[78.312239,27.516418],[78.312259,27.516344],[78.31229,27.516294],[78.312335,27.516202],[78.312373,27.516079],[78.312381,27.516],[78.31239,27.515916],[78.312382,27.515875],[78.31236,27.515772],[78.312317,27.515634],[78.312226,27.515519],[78.312207,27.515497],[78.3121,27.515537],[78.312033,27.515562],[78.311865,27.515625],[78.311751,27.515659],[78.311718,27.51567],[78.311703,27.515725],[78.31163,27.515825],[78.311377,27.516058],[78.311192,27.516243],[78.31108,27.516338],[78.310795,27.516301],[78.310377,27.516278],[78.310365,27.516388],[78.310346,27.516453],[78.310305,27.516518],[78.310226,27.51657],[78.310132,27.51661],[78.310074,27.516635],[78.310046,27.51665],[78.310034,27.516656],[78.310021,27.516674],[78.310016,27.51668],[78.310015,27.516682],[78.309995,27.516712],[78.309968,27.516738],[78.309812,27.516804],[78.309589,27.516913],[78.309436,27.517012],[78.309316,27.517108],[78.309245,27.517172],[78.309178,27.517228],[78.309127,27.517173],[78.308921,27.517279],[78.308578,27.517487],[78.308302,27.517676],[78.308224,27.517711],[78.308183,27.51773],[78.308181,27.51773],[78.308157,27.517733],[78.308097,27.517711],[78.307992,27.517631],[78.307743,27.517793],[78.307709,27.517826],[78.30805,27.518113],[78.30822,27.518286],[78.308324,27.518402],[78.308182,27.518458],[78.308118,27.518505],[78.308021,27.518622],[78.307825,27.518833],[78.307795,27.518871],[78.307739,27.518951],[78.307705,27.518941],[78.307577,27.518981],[78.306952,27.519222],[78.30656,27.5194],[78.306492,27.519437],[78.306438,27.519466],[78.306413,27.519513],[78.30643,27.519627],[78.306468,27.519735],[78.306472,27.519821],[78.306435,27.51986],[78.306344,27.519925],[78.306189,27.520037],[78.306145,27.520072],[78.305906,27.520258],[78.30585,27.520321],[78.305779,27.520399],[78.305695,27.520544],[78.306141,27.5208],[78.306626,27.521063],[78.306801,27.52118],[78.306952,27.521296],[78.307184,27.52153],[78.307388,27.5218],[78.307485,27.521942],[78.307539,27.522026],[78.307266,27.52213],[78.307095,27.522196],[78.30707,27.522205],[78.307136,27.522392],[78.307179,27.522539],[78.307297,27.523221],[78.307397,27.523889],[78.307453,27.524081],[78.307503,27.524241],[78.307504,27.524246],[78.307504,27.524248],[78.307503,27.524251],[78.307496,27.524265],[78.307389,27.524302],[78.307349,27.524316],[78.307343,27.524317],[78.307382,27.524524],[78.307454,27.524722],[78.307543,27.524921],[78.307787,27.525194],[78.307979,27.525413],[78.308147,27.525697],[78.308276,27.526],[78.308392,27.5262],[78.308519,27.526366],[78.308867,27.526194],[78.309073,27.526086],[78.309126,27.52628],[78.309241,27.526646],[78.309325,27.526919],[78.309388,27.527093],[78.309397,27.527132],[78.309385,27.527198],[78.309377,27.527254],[78.309386,27.527454],[78.30938,27.527565],[78.309378,27.527645],[78.309353,27.527716],[78.309325,27.527763],[78.309283,27.527804],[78.309079,27.527935],[78.309022,27.527969],[78.308988,27.527993],[78.30898,27.528016],[78.308982,27.528067],[78.309046,27.528226],[78.309133,27.528473],[78.309364,27.529087],[78.309456,27.529359],[78.309499,27.529536],[78.309565,27.529711],[78.309716,27.529937],[78.309912,27.530231],[78.310018,27.530386],[78.310246,27.530701],[78.310365,27.530885],[78.310408,27.531081],[78.311194,27.531369],[78.311691,27.531589],[78.31169,27.531641],[78.311689,27.531661],[78.311676,27.531685],[78.311658,27.531716],[78.311635,27.531757],[78.311568,27.531842],[78.311506,27.531919],[78.311601,27.532062],[78.311725,27.532263],[78.311666,27.53236],[78.311375,27.53266],[78.311338,27.532708],[78.311424,27.5327],[78.311563,27.532708],[78.311723,27.532754],[78.311824,27.532761],[78.311899,27.532753],[78.311984,27.532792],[78.312077,27.532938],[78.312152,27.533144],[78.312172,27.53324],[78.312199,27.533349],[78.312201,27.533357],[78.312353,27.533312],[78.312601,27.533162],[78.31311,27.53287],[78.313405,27.532697],[78.313566,27.532545],[78.313971,27.532144],[78.314464,27.531828],[78.314813,27.531641],[78.315062,27.53147],[78.315376,27.531231],[78.315566,27.531125],[78.315822,27.531052],[78.31598,27.531004],[78.316082,27.530932],[78.316247,27.530768],[78.316347,27.530656],[78.316412,27.530574],[78.316558,27.530487],[78.316743,27.530333],[78.316788,27.530271],[78.316839,27.530221],[78.316897,27.530198],[78.316984,27.530209],[78.31704,27.530228],[78.31709,27.530238],[78.317164,27.530204],[78.317233,27.530157],[78.31725,27.53014],[78.317236,27.530121],[78.317224,27.530103],[78.317168,27.530054],[78.317157,27.530042],[78.317149,27.530033],[78.317213,27.529984],[78.317442,27.529791],[78.31758,27.529639],[78.317653,27.529521],[78.317671,27.529488],[78.317858,27.529468],[78.318093,27.529443],[78.318036,27.529301],[78.318007,27.529146],[78.318008,27.529095],[78.318049,27.529051],[78.318144,27.528993],[78.318209,27.528944],[78.318217,27.52892],[78.318164,27.528722],[78.317997,27.528319],[78.317936,27.528082],[78.31793,27.528043],[78.317927,27.528022],[78.317897,27.528019],[78.317889,27.52802],[78.317861,27.528024],[78.3179,27.527902],[78.317989,27.527674],[78.318042,27.527565],[78.318067,27.527479],[78.318082,27.527431],[78.31807,27.527386],[78.317978,27.527319],[78.317913,27.527283],[78.317737,27.527184],[78.317678,27.527157],[78.317249,27.526992],[78.316561,27.526708],[78.316491,27.526682],[78.316113,27.526544],[78.315858,27.526432],[78.315375,27.526251],[78.315063,27.526078],[78.314809,27.525963],[78.31473,27.525927],[78.31462,27.525871],[78.31459,27.525837],[78.314578,27.525807],[78.314556,27.525714],[78.314527,27.525544],[78.314536,27.525442],[78.314578,27.525381],[78.314647,27.525304],[78.314738,27.525246],[78.314827,27.525191],[78.314918,27.525163],[78.314965,27.525167],[78.315025,27.525177],[78.31514,27.525248],[78.315298,27.525374],[78.315517,27.525315],[78.315493,27.525204],[78.315373,27.524883],[78.31517,27.524499]]]]}},{"type":"Feature","properties":{"name":"Aghanashini Estuary","kind":"wetland","ramsarid":2534,"area_km2":48.0,"source":"Ramsar Sites Information Service"},"geometry":{"type":"MultiPolygon","coordinates":[[[[74.388923,14.550451],[74.388944,14.550477],[74.38893,14.550438],[74.388923,14.550451]]],[[[74.340076,14.551003],[74.340093,14.550966],[74.340073,14.551005],[74.340076,14.551003]]],[[[74.388923,14.550451],[74.388414,14.549916],[74.388482,14.549545],[74.388168,14.549127],[74.387863,14.547418],[74.387894,14.546901],[74.388368,14.545926],[74.388584,14.545773],[74.388516,14.545304],[74.387988,14.545133],[74.387702,14.544719],[74.386957,14.544645],[74.384219,14.543538],[74.383947,14.542685],[74.384162,14.541749],[74.383805,14.541193],[74.383719,14.540079],[74.383056,14.538363],[74.382942,14.536928],[74.383426,14.536163],[74.383486,14.535762],[74.38432,14.535279],[74.384521,14.5335],[74.385407,14.53289],[74.386056,14.532624],[74.386842,14.532549],[74.388995,14.532808],[74.389301,14.532578],[74.390627,14.532563],[74.393524,14.531128],[74.394856,14.53107],[74.395534,14.530689],[74.396617,14.53038],[74.39671,14.530057],[74.396589,14.529447],[74.396369,14.528968],[74.395964,14.528907],[74.396237,14.527758],[74.395624,14.527698],[74.395716,14.527016],[74.396146,14.526187],[74.396015,14.525471],[74.396134,14.524652],[74.396614,14.523379],[74.396331,14.52292],[74.397249,14.522166],[74.397677,14.522051],[74.397679,14.521333],[74.397292,14.521209],[74.397655,14.520152],[74.397504,14.519595],[74.396502,14.518493],[74.396419,14.518068],[74.395826,14.51753],[74.395762,14.51644],[74.395403,14.516079],[74.395272,14.515691],[74.395085,14.514946],[74.395168,14.514175],[74.394772,14.51323],[74.393241,14.511963],[74.392936,14.511448],[74.39261,14.50976],[74.392709,14.509301],[74.392541,14.507892],[74.392125,14.507433],[74.392224,14.506697],[74.392372,14.506459],[74.39354,14.505834],[74.394295,14.504095],[74.394578,14.503916],[74.395706,14.5038],[74.396308,14.503288],[74.396748,14.502031],[74.397372,14.500967],[74.398171,14.501503],[74.398979,14.501308],[74.399266,14.501072],[74.399518,14.5007],[74.399555,14.499679],[74.39872,14.499648],[74.398713,14.498691],[74.399283,14.498386],[74.399403,14.497545],[74.399619,14.497248],[74.40006,14.497429],[74.400821,14.497419],[74.401811,14.49715],[74.401812,14.49683],[74.402485,14.495128],[74.404141,14.492784],[74.404445,14.492617],[74.404555,14.492237],[74.404104,14.491953],[74.404937,14.490602],[74.404954,14.489937],[74.405456,14.489231],[74.407043,14.487853],[74.408352,14.487115],[74.409898,14.486651],[74.410315,14.486865],[74.41035,14.487187],[74.410886,14.487698],[74.412076,14.48796],[74.412428,14.487591],[74.412541,14.4867],[74.413721,14.484165],[74.415455,14.482985],[74.41607,14.482771],[74.416782,14.482785],[74.418449,14.48318],[74.418307,14.483913],[74.418592,14.484527],[74.418649,14.485412],[74.418113,14.487138],[74.418345,14.487617],[74.419449,14.488253],[74.42169,14.488325],[74.422234,14.487869],[74.422451,14.487266],[74.422433,14.486769],[74.421787,14.486002],[74.42139,14.485783],[74.421433,14.485384],[74.421076,14.485255],[74.419934,14.485869],[74.419691,14.485655],[74.419977,14.484627],[74.420803,14.483789],[74.420936,14.48319],[74.42076,14.482787],[74.422855,14.481797],[74.423799,14.481514],[74.424841,14.480788],[74.425635,14.48052],[74.427424,14.478928],[74.429804,14.478225],[74.431673,14.476319],[74.433778,14.47464],[74.435175,14.472627],[74.435122,14.472341],[74.435665,14.47123],[74.435905,14.471059],[74.436123,14.470352],[74.436124,14.469487],[74.436577,14.468642],[74.436659,14.467527],[74.436473,14.463404],[74.436741,14.461896],[74.43716,14.456413],[74.436675,14.45393],[74.436756,14.452973],[74.436154,14.450215],[74.434667,14.448362],[74.432797,14.44702],[74.432568,14.446506],[74.432554,14.44602],[74.432725,14.445649],[74.433208,14.445031],[74.433696,14.444698],[74.435624,14.444258],[74.43648,14.444222],[74.439657,14.444913],[74.440323,14.445472],[74.442774,14.446792],[74.44482,14.448137],[74.44721,14.450383],[74.448695,14.451373],[74.450103,14.451754],[74.450693,14.452153],[74.452331,14.45282],[74.453663,14.452515],[74.454272,14.452237],[74.454776,14.451779],[74.456461,14.449565],[74.457527,14.44728],[74.457727,14.44646],[74.457946,14.446214],[74.45827,14.446157],[74.460088,14.448014],[74.460582,14.450108],[74.461763,14.452488],[74.4626,14.45323],[74.463609,14.454734],[74.465608,14.456199],[74.467188,14.456713],[74.470591,14.45693],[74.470954,14.456344],[74.470808,14.456],[74.46616,14.454469],[74.46404,14.452999],[74.463376,14.452243],[74.462638,14.451117],[74.462106,14.449905],[74.461382,14.447462],[74.460537,14.446112],[74.46142,14.446015],[74.462347,14.446484],[74.462429,14.446206],[74.461763,14.445901],[74.459801,14.445546],[74.459136,14.444873],[74.458546,14.444645],[74.458105,14.444786],[74.457427,14.445136],[74.456071,14.447291],[74.454796,14.44809],[74.453977,14.44889],[74.452131,14.449994],[74.450435,14.450396],[74.44933,14.450192],[74.447648,14.44898],[74.446148,14.447439],[74.444425,14.444826],[74.443069,14.443444],[74.441356,14.442445],[74.43982,14.442085],[74.434813,14.441588],[74.433052,14.442183],[74.432171,14.442707],[74.431315,14.443754],[74.430458,14.445514],[74.430791,14.446966],[74.432861,14.448203],[74.43367,14.448965],[74.434051,14.450345],[74.43417,14.453985],[74.434622,14.456507],[74.434598,14.458316],[74.43417,14.462171],[74.43397,14.465854],[74.433589,14.467829],[74.432899,14.469399],[74.431353,14.471184],[74.430806,14.472326],[74.429973,14.473468],[74.427688,14.475181],[74.425832,14.477109],[74.423691,14.478608],[74.423282,14.479154],[74.421024,14.480445],[74.420415,14.480616],[74.41778,14.480222],[74.416256,14.479745],[74.415469,14.479313],[74.41541,14.47914],[74.415573,14.478961],[74.416442,14.47907],[74.416565,14.478843],[74.417548,14.478807],[74.417644,14.478514],[74.418622,14.478578],[74.418758,14.477798],[74.419004,14.477688],[74.419174,14.476525],[74.41875,14.475883],[74.418315,14.475886],[74.417641,14.475442],[74.417008,14.475584],[74.416708,14.475368],[74.41586,14.475587],[74.415099,14.475573],[74.414959,14.475334],[74.415023,14.474248],[74.41475,14.474164],[74.41272,14.474027],[74.411307,14.474103],[74.410408,14.47446],[74.408761,14.474434],[74.407891,14.474611],[74.40721,14.473239],[74.407093,14.472944],[74.407292,14.472787],[74.406918,14.47199],[74.407294,14.47179],[74.407268,14.471157],[74.406725,14.470221],[74.407438,14.469907],[74.407519,14.469731],[74.407283,14.469098],[74.40846,14.468502],[74.408544,14.467651],[74.408217,14.466191],[74.408779,14.465856],[74.408814,14.464401],[74.409612,14.463589],[74.410725,14.463167],[74.411325,14.463363],[74.411658,14.463184],[74.411837,14.462982],[74.411765,14.46266],[74.412217,14.461499],[74.413003,14.460698],[74.412774,14.459972],[74.412169,14.459606],[74.412122,14.45938],[74.411918,14.457265],[74.412175,14.456882],[74.412225,14.456462],[74.412112,14.454442],[74.41151,14.452749],[74.410726,14.452424],[74.410518,14.452137],[74.409321,14.45199],[74.408966,14.451804],[74.407768,14.451845],[74.407511,14.451713],[74.407046,14.451114],[74.406527,14.449899],[74.405769,14.44965],[74.405592,14.44943],[74.405318,14.447938],[74.404167,14.447651],[74.402948,14.447925],[74.402528,14.448603],[74.402118,14.449554],[74.402128,14.45083],[74.402412,14.451802],[74.402424,14.452492],[74.402233,14.453254],[74.401912,14.453718],[74.401127,14.453647],[74.400457,14.453308],[74.400032,14.45191],[74.399269,14.451611],[74.398553,14.452054],[74.397994,14.451967],[74.397257,14.45223],[74.396308,14.451791],[74.394733,14.452063],[74.393888,14.452635],[74.392585,14.452739],[74.392104,14.45344],[74.391698,14.453677],[74.391366,14.45369],[74.390705,14.45314],[74.390219,14.453169],[74.389757,14.452682],[74.388913,14.452737],[74.387948,14.453692],[74.387417,14.453901],[74.386966,14.453648],[74.385781,14.45352],[74.38424,14.454176],[74.384011,14.455161],[74.38404,14.457075],[74.383854,14.457574],[74.384825,14.457888],[74.384953,14.45806],[74.384768,14.458845],[74.38538,14.459956],[74.385952,14.460484],[74.386223,14.461013],[74.386623,14.462754],[74.385923,14.462997],[74.385709,14.46324],[74.385937,14.46354],[74.385252,14.463668],[74.384795,14.463954],[74.384238,14.463854],[74.384153,14.463554],[74.383667,14.463111],[74.383182,14.463283],[74.382911,14.463768],[74.382439,14.464082],[74.382211,14.464739],[74.38194,14.464982],[74.38134,14.465039],[74.381097,14.465296],[74.38124,14.465838],[74.38104,14.466766],[74.380469,14.46678],[74.380212,14.466966],[74.380028,14.467502],[74.379302,14.467585],[74.379361,14.468323],[74.379135,14.468549],[74.379231,14.470298],[74.379635,14.470821],[74.379825,14.471595],[74.380289,14.472035],[74.380444,14.472653],[74.381229,14.473296],[74.381907,14.473605],[74.382086,14.473867],[74.382578,14.476355],[74.382264,14.476707],[74.382464,14.47724],[74.382131,14.477478],[74.380332,14.477497],[74.380218,14.476279],[74.37879,14.475965],[74.378381,14.476402],[74.377715,14.478325],[74.37701,14.478801],[74.376516,14.480158],[74.376289,14.481514],[74.375671,14.482704],[74.37535,14.483739],[74.37535,14.484512],[74.375002,14.485666],[74.374476,14.485999],[74.374564,14.486428],[74.375617,14.486253],[74.376659,14.486615],[74.377039,14.486485],[74.377068,14.486161],[74.376707,14.48527],[74.377239,14.484857],[74.37751,14.484893],[74.378731,14.485799],[74.380001,14.485703],[74.380466,14.486123],[74.380308,14.48737],[74.380735,14.488034],[74.380646,14.488283],[74.380056,14.488539],[74.379694,14.489163],[74.378796,14.489966],[74.378734,14.490228],[74.378288,14.490205],[74.378095,14.490812],[74.378224,14.491205],[74.378509,14.491412],[74.378738,14.492104],[74.379066,14.492354],[74.378961,14.493014],[74.378652,14.493004],[74.378417,14.493472],[74.377985,14.493437],[74.376198,14.493839],[74.37471,14.493737],[74.374371,14.494101],[74.373294,14.493927],[74.372934,14.494385],[74.372683,14.494338],[74.372296,14.495114],[74.372534,14.495695],[74.372121,14.4964],[74.371568,14.496815],[74.371325,14.497443],[74.371152,14.498215],[74.371438,14.498484],[74.371022,14.499746],[74.37019,14.499481],[74.369943,14.499557],[74.36961,14.500014],[74.369286,14.500975],[74.368667,14.501518],[74.368337,14.502361],[74.368548,14.503051],[74.370162,14.503741],[74.370284,14.504076],[74.37107,14.504917],[74.372992,14.505566],[74.372952,14.506666],[74.374869,14.507146],[74.375774,14.507579],[74.377692,14.508034],[74.379006,14.508567],[74.379691,14.509166],[74.3809,14.510803],[74.381017,14.512038],[74.38056,14.513846],[74.379875,14.51556],[74.379056,14.515598],[74.378338,14.516069],[74.377476,14.516359],[74.377229,14.516949],[74.377693,14.517901],[74.376562,14.519481],[74.375665,14.520318],[74.375689,14.520521],[74.375314,14.520748],[74.375197,14.520556],[74.374909,14.520675],[74.375128,14.521279],[74.374556,14.521774],[74.374769,14.522307],[74.374523,14.522456],[74.374288,14.52297],[74.374937,14.523714],[74.373733,14.525687],[74.373542,14.526448],[74.372495,14.526829],[74.371527,14.526898],[74.371184,14.52673],[74.369428,14.526593],[74.369122,14.52621],[74.368688,14.525115],[74.368292,14.524665],[74.367755,14.522717],[74.365319,14.522374],[74.364805,14.521499],[74.363579,14.520956],[74.362417,14.520207],[74.362102,14.52009],[74.361588,14.520376],[74.361531,14.520185],[74.361835,14.519614],[74.361778,14.51931],[74.360482,14.518733],[74.358543,14.516065],[74.35891,14.515322],[74.358882,14.514719],[74.358734,14.514199],[74.358182,14.513916],[74.358124,14.5136],[74.358372,14.513324],[74.358754,14.512011],[74.358472,14.5098],[74.358251,14.50958],[74.357668,14.509676],[74.356784,14.509566],[74.355981,14.508924],[74.355044,14.508568],[74.355009,14.507862],[74.354709,14.50739],[74.354367,14.506197],[74.35441,14.50574],[74.355167,14.505354],[74.355024,14.505055],[74.353917,14.505177],[74.353032,14.505725],[74.352514,14.506273],[74.35131,14.50682],[74.343877,14.51266],[74.341772,14.514152],[74.341995,14.514439],[74.342067,14.515105],[74.343114,14.516842],[74.343161,14.51739],[74.343899,14.518579],[74.344161,14.520697],[74.344684,14.520911],[74.345898,14.52103],[74.347254,14.520792],[74.348158,14.520887],[74.34861,14.520626],[74.349015,14.52065],[74.349895,14.521078],[74.350771,14.521054],[74.350961,14.521758],[74.35178,14.521035],[74.352256,14.520978],[74.353817,14.521435],[74.35553,14.521644],[74.356025,14.521873],[74.356215,14.522463],[74.355682,14.523491],[74.355777,14.524005],[74.355397,14.525147],[74.354762,14.525708],[74.354711,14.526898],[74.353961,14.529303],[74.353152,14.53085],[74.351557,14.532373],[74.350771,14.534538],[74.350767,14.535864],[74.352557,14.538955],[74.351917,14.539468],[74.351389,14.539574],[74.350526,14.539248],[74.349724,14.53968],[74.349239,14.54158],[74.348601,14.542259],[74.348392,14.542898],[74.347269,14.543629],[74.346696,14.545074],[74.344775,14.546104],[74.34428,14.547075],[74.3435,14.548008],[74.343442,14.548331],[74.342301,14.54954],[74.341692,14.549806],[74.341199,14.549783],[74.340528,14.550126],[74.340668,14.550435],[74.340549,14.550722],[74.340076,14.551003],[74.339918,14.552157],[74.339426,14.552184],[74.33911,14.552939],[74.338854,14.553043],[74.338396,14.55286],[74.33839,14.553941],[74.338679,14.554556],[74.33883,14.556081],[74.338545,14.55709],[74.338012,14.558346],[74.336984,14.559545],[74.337061,14.559866],[74.335263,14.562083],[74.33502,14.563225],[74.33512,14.566009],[74.335748,14.56628],[74.335934,14.566537],[74.335877,14.566894],[74.335554,14.5672],[74.336529,14.568326],[74.338749,14.569133],[74.339612,14.56874],[74.340055,14.56879],[74.340656,14.568571],[74.341284,14.566496],[74.341589,14.566306],[74.342293,14.564193],[74.342636,14.563793],[74.343721,14.56307],[74.344292,14.562803],[74.345339,14.562841],[74.345899,14.562407],[74.346365,14.561154],[74.347261,14.560366],[74.347775,14.559243],[74.346353,14.558533],[74.345191,14.557389],[74.345039,14.557066],[74.345195,14.555982],[74.345096,14.555444],[74.345554,14.554089],[74.345806,14.553616],[74.346068,14.553454],[74.346525,14.551983],[74.347025,14.551712],[74.347567,14.550326],[74.348183,14.54961],[74.348517,14.548857],[74.348775,14.548559],[74.349239,14.548613],[74.349582,14.547913],[74.349566,14.547078],[74.349959,14.546995],[74.350415,14.546525],[74.351239,14.546662],[74.35189,14.54586],[74.35252,14.545536],[74.352999,14.545575],[74.354643,14.545044],[74.354836,14.546129],[74.356949,14.546743],[74.357634,14.546443],[74.358148,14.5464],[74.358476,14.5466],[74.359247,14.547499],[74.359761,14.548656],[74.358972,14.548724],[74.35881,14.548994],[74.358862,14.55044],[74.359105,14.55064],[74.35929,14.551811],[74.35959,14.552525],[74.359806,14.554154],[74.359183,14.555559],[74.358869,14.557108],[74.358012,14.557795],[74.356974,14.560016],[74.356694,14.560016],[74.356458,14.560259],[74.355908,14.561573],[74.355663,14.561746],[74.355644,14.563162],[74.356211,14.564236],[74.357487,14.56456],[74.357882,14.565581],[74.35846,14.565971],[74.359395,14.567469],[74.360474,14.567819],[74.361725,14.568483],[74.362992,14.568644],[74.363756,14.569407],[74.36508,14.570042],[74.365506,14.570415],[74.366125,14.570369],[74.366676,14.570553],[74.370127,14.573047],[74.370536,14.573521],[74.370917,14.573557],[74.371476,14.57439],[74.37194,14.574663],[74.372333,14.574735],[74.37288,14.574532],[74.373618,14.57477],[74.375418,14.573952],[74.375882,14.574083],[74.376393,14.573948],[74.378033,14.574421],[74.378367,14.574283],[74.378581,14.573418],[74.37893,14.573275],[74.380022,14.573181],[74.381053,14.573456],[74.381904,14.572348],[74.381962,14.571929],[74.382171,14.571729],[74.382632,14.571834],[74.382671,14.572015],[74.383156,14.572361],[74.38356,14.5722],[74.383627,14.570898],[74.383587,14.570029],[74.383199,14.569296],[74.383636,14.568235],[74.383548,14.568086],[74.382891,14.567729],[74.38259,14.567333],[74.382199,14.567476],[74.381977,14.567784],[74.380732,14.567133],[74.380718,14.56691],[74.381014,14.566588],[74.381124,14.565502],[74.381457,14.565216],[74.381552,14.564731],[74.381305,14.563549],[74.381679,14.562219],[74.381579,14.560668],[74.381431,14.560364],[74.381938,14.55981],[74.382082,14.559383],[74.382085,14.558521],[74.381687,14.557524],[74.381454,14.557404],[74.381257,14.557583],[74.381147,14.557308],[74.381247,14.556614],[74.381371,14.556339],[74.382427,14.556163],[74.383113,14.556906],[74.383556,14.556405],[74.383386,14.555938],[74.383756,14.555473],[74.384014,14.555402],[74.384201,14.554562],[74.38459,14.553875],[74.386216,14.552897],[74.387028,14.55294],[74.387376,14.552508],[74.388302,14.552564],[74.388512,14.551172],[74.388923,14.550451]]]]}},{"type":"Feature","properties":{"name":"Sakkarakottai Bird Sanctuary","kind":"wetland","ramsarid":2561,"area_km2":2.3,"source":"Ramsar Sites Information Service"},"geometry":{"type":"MultiPolygon","coordinates":[[[[78.840993,9.355437],[78.841982,9.355252],[78.84258,9.355897],[78.843526,9.354819],[78.843692,9.353253],[78.843556,9.351758],[78.843303,9.349891],[78.843143,9.348443],[78.842974,9.34666],[78.842542,9.344517],[78.842156,9.342566],[78.841755,9.341176],[78.841032,9.339462],[78.840477,9.337713],[78.83985,9.335855],[78.839036,9.335061],[78.837341,9.334692],[78.835538,9.334239],[78.833073,9.33371],[78.830714,9.3336],[78.82975,9.333749],[78.82899,9.334103],[78.827327,9.334213],[78.826387,9.334362],[78.825965,9.334623],[78.824386,9.3349],[78.823639,9.335027],[78.820909,9.334544],[78.817492,9.3342],[78.816782,9.33416],[78.813668,9.333507],[78.81296,9.333168],[78.809842,9.333077],[78.807614,9.333159],[78.805027,9.334901],[78.799258,9.335296],[78.795899,9.335311],[78.793189,9.335605],[78.789131,9.335747],[78.788146,9.335418],[78.785979,9.335428],[78.785898,9.334818],[78.785334,9.334539],[78.785314,9.335831],[78.784903,9.336008],[78.784263,9.336458],[78.783474,9.337398],[78.782479,9.338707],[78.782621,9.339007],[78.782141,9.340737],[78.78135,9.342095],[78.779716,9.343424],[78.780506,9.344183],[78.782139,9.342842],[78.782921,9.341089],[78.783743,9.338703],[78.785592,9.337495],[78.787052,9.337037],[78.78922,9.336871],[78.78993,9.336948],[78.793217,9.336848],[78.795132,9.336633],[78.79783,9.336471],[78.799045,9.336657],[78.802295,9.336642],[78.803789,9.336603],[78.805211,9.336337],[78.809299,9.335178],[78.812744,9.334901],[78.815003,9.335584],[78.818315,9.335437],[78.821724,9.336953],[78.823224,9.337811],[78.824853,9.337187],[78.829971,9.336931],[78.830511,9.339171],[78.834147,9.339217],[78.83505,9.339103],[78.835079,9.338433],[78.837344,9.338088],[78.837877,9.339526],[78.836489,9.340032],[78.837154,9.341555],[78.838686,9.341026],[78.83948,9.343171],[78.839142,9.343277],[78.841086,9.3502],[78.840459,9.350328],[78.841237,9.352987],[78.8398,9.353636],[78.840993,9.355437]]]]}},{"type":"Feature","properties":{"name":"Vembannur Wetland Complex","kind":"wetland","ramsarid":2474,"area_km2":0.2,"source":"Ramsar Sites Information Service"},"geometry":{"type":"MultiPolygon","coordinates":[[[[77.379034,8.180217],[77.379001,8.180217],[77.378762,8.18025],[77.3787,8.180264],[77.378631,8.180268],[77.37858,8.180265],[77.37852,8.180229],[77.378512,8.18016],[77.378527,8.180068],[77.378519,8.180026],[77.378504,8.180004],[77.378451,8.179998],[77.378413,8.180011],[77.378397,8.180024],[77.378348,8.180073],[77.378219,8.180202],[77.378065,8.180423],[77.377999,8.180456],[77.377909,8.180449],[77.377699,8.180425],[77.377329,8.180376],[77.376828,8.180336],[77.376534,8.180297],[77.376243,8.180299],[77.376012,8.180326],[77.375759,8.180376],[77.375561,8.180388],[77.375354,8.180327],[77.375114,8.180126],[77.374857,8.179961],[77.374524,8.179814],[77.374197,8.179637],[77.37378,8.179424],[77.373531,8.17936],[77.373255,8.179318],[77.373063,8.179335],[77.372959,8.179372],[77.372915,8.179459],[77.37293,8.179532],[77.372895,8.179708],[77.372865,8.179749],[77.372835,8.179789],[77.372793,8.179819],[77.372796,8.179863],[77.372841,8.179908],[77.372916,8.179944],[77.372955,8.179992],[77.372976,8.180031],[77.373078,8.180049],[77.373231,8.180053],[77.373408,8.180017],[77.373504,8.179988],[77.373609,8.179946],[77.373684,8.179933],[77.373817,8.17989],[77.373907,8.179994],[77.374044,8.180336],[77.374061,8.180626],[77.374004,8.180883],[77.373823,8.181251],[77.373732,8.181463],[77.373556,8.181702],[77.373522,8.181748],[77.373425,8.181877],[77.373414,8.182023],[77.37347,8.182114],[77.373758,8.182214],[77.373902,8.182229],[77.374127,8.18228],[77.374174,8.182305],[77.374442,8.182299],[77.374804,8.182346],[77.374863,8.182442],[77.374853,8.182624],[77.37486,8.182715],[77.374927,8.182746],[77.374992,8.182746],[77.375131,8.182737],[77.375175,8.182741],[77.37526,8.182762],[77.375401,8.182984],[77.375422,8.183041],[77.375414,8.183459],[77.37536,8.18361],[77.375298,8.183724],[77.375302,8.183843],[77.375413,8.183958],[77.375532,8.183994],[77.375809,8.18397],[77.37598,8.183914],[77.376159,8.183855],[77.376398,8.183888],[77.376642,8.183971],[77.3768,8.184132],[77.376835,8.18432],[77.376939,8.184518],[77.377055,8.184561],[77.377123,8.184567],[77.377378,8.184588],[77.377563,8.184594],[77.377678,8.184562],[77.377704,8.184451],[77.377714,8.184351],[77.377697,8.184225],[77.377751,8.184046],[77.37786,8.183823],[77.377947,8.18345],[77.377911,8.183271],[77.377897,8.183156],[77.377944,8.182958],[77.378046,8.182668],[77.378118,8.182427],[77.378549,8.181757],[77.378903,8.181162],[77.379052,8.180949],[77.379135,8.180707],[77.379142,8.180618],[77.379136,8.180549],[77.379124,8.180401],[77.379101,8.180263],[77.379084,8.180236],[77.379034,8.180217]]]]}},{"type":"Feature","properties":{"name":"Nakti Bird Sanctuary","kind":"wetland","ramsarid":2546,"area_km2":3.3,"source":"Ramsar Sites Information Service"},"geometry":{"type":"MultiPolygon","coordinates":[[[[86.434751,24.847167],[86.435325,24.847492],[86.435553,24.847675],[86.436086,24.847755],[86.436468,24.847757],[86.437029,24.847725],[86.437468,24.84773],[86.437685,24.847682],[86.437861,24.847819],[86.43854,24.848433],[86.441759,24.850785],[86.442777,24.851825],[86.443012,24.853881],[86.442624,24.855479],[86.443176,24.855611],[86.443845,24.855974],[86.444327,24.856552],[86.445052,24.857448],[86.445296,24.857797],[86.445751,24.85775],[86.446196,24.857496],[86.44693,24.857112],[86.447659,24.857556],[86.448477,24.857328],[86.448499,24.85655],[86.449631,24.856366],[86.450518,24.856048],[86.451533,24.855975],[86.452284,24.856126],[86.453059,24.855497],[86.453864,24.855586],[86.454803,24.855781],[86.455176,24.85535],[86.455463,24.855605],[86.456068,24.855969],[86.456689,24.857418],[86.45725,24.857765],[86.457164,24.856894],[86.457516,24.856458],[86.45682,24.855871],[86.456926,24.855412],[86.456835,24.855005],[86.456425,24.854983],[86.456197,24.855317],[86.455844,24.855096],[86.455891,24.854606],[86.455835,24.854109],[86.455594,24.853697],[86.455683,24.853593],[86.455987,24.853599],[86.456169,24.853773],[86.456585,24.853827],[86.456679,24.854198],[86.45683,24.854476],[86.457013,24.854495],[86.457058,24.854577],[86.457266,24.854573],[86.45737,24.854478],[86.457355,24.854311],[86.457195,24.854202],[86.457103,24.854086],[86.457083,24.853628],[86.456361,24.853354],[86.456114,24.853134],[86.455539,24.852888],[86.455319,24.85244],[86.455667,24.852394],[86.456169,24.852348],[86.456416,24.852568],[86.456745,24.852696],[86.457248,24.852741],[86.457714,24.852312],[86.457595,24.852029],[86.456591,24.851759],[86.455822,24.851928],[86.455297,24.85162],[86.455388,24.851009],[86.455471,24.850755],[86.455552,24.850288],[86.455668,24.850248],[86.455921,24.849774],[86.455852,24.849191],[86.456052,24.848282],[86.456114,24.847998],[86.456727,24.84758],[86.457164,24.847118],[86.457559,24.846448],[86.458408,24.846137],[86.459239,24.846001],[86.459763,24.845613],[86.46014,24.845517],[86.46025,24.845145],[86.459815,24.844685],[86.459225,24.843971],[86.459112,24.842782],[86.45901,24.841666],[86.460154,24.840973],[86.460128,24.840506],[86.459678,24.839822],[86.45927,24.839917],[86.458187,24.840171],[86.457124,24.839799],[86.456468,24.840258],[86.45597,24.840205],[86.455268,24.840367],[86.454385,24.84034],[86.453511,24.840491],[86.452804,24.840374],[86.452547,24.840796],[86.452196,24.840609],[86.451784,24.840864],[86.451727,24.84148],[86.451309,24.841644],[86.450644,24.841366],[86.449835,24.842264],[86.449042,24.842769],[86.447964,24.843104],[86.446717,24.843366],[86.44579,24.843502],[86.444108,24.843227],[86.442389,24.842893],[86.441966,24.841708],[86.441865,24.840227],[86.441314,24.839772],[86.440452,24.839891],[86.440319,24.838986],[86.442101,24.8386],[86.442266,24.837095],[86.440936,24.837593],[86.439983,24.837593],[86.439051,24.837268],[86.438831,24.837668],[86.438832,24.838284],[86.438833,24.838641],[86.438834,24.839028],[86.438835,24.839542],[86.43829,24.83976],[86.435654,24.84009],[86.434849,24.840235],[86.434016,24.842044],[86.4336,24.843274],[86.433442,24.844137],[86.433485,24.845101],[86.433443,24.845424],[86.433567,24.845873],[86.433753,24.846292],[86.434141,24.846199],[86.434389,24.846385],[86.434437,24.846523],[86.434751,24.847167]]]]}},{"type":"Feature","properties":{"name":"Khachoedpalri wetland","kind":"wetland","ramsarid":2560,"area_km2":1.7,"source":"Ramsar Sites Information Service"},"geometry":{"type":"MultiPolygon","coordinates":[[[[88.195714,27.347464],[88.196033,27.34743],[88.196397,27.347496],[88.195963,27.346851],[88.195822,27.346653],[88.195525,27.345881],[88.195402,27.345804],[88.195164,27.345826],[88.194726,27.345896],[88.194328,27.345895],[88.193929,27.345893],[88.193412,27.345856],[88.193054,27.345855],[88.192656,27.345818],[88.192218,27.345781],[88.19174,27.345814],[88.191382,27.345671],[88.191144,27.345421],[88.190866,27.345207],[88.190549,27.344992],[88.190112,27.344813],[88.189515,27.344669],[88.188998,27.344596],[88.188361,27.344558],[88.187853,27.344521],[88.187842,27.344521],[88.187404,27.344732],[88.186926,27.344837],[88.186488,27.344942],[88.186009,27.345083],[88.185172,27.345329],[88.184295,27.345503],[88.183824,27.345746],[88.183281,27.346188],[88.183088,27.346364],[88.182857,27.346478],[88.182298,27.346918],[88.181618,27.347591],[88.180658,27.348477],[88.179982,27.349213],[88.179951,27.349241],[88.179142,27.350396],[88.178712,27.350728],[88.178409,27.351039],[88.177745,27.35172],[88.177293,27.351941],[88.176972,27.352277],[88.176206,27.353079],[88.175963,27.353259],[88.175735,27.353513],[88.174993,27.354461],[88.174293,27.355519],[88.17426,27.356455],[88.174605,27.357689],[88.174817,27.358457],[88.175098,27.358655],[88.175454,27.358906],[88.176521,27.359192],[88.177463,27.35938],[88.178234,27.359583],[88.179035,27.359731],[88.179911,27.359794],[88.180812,27.359667],[88.181611,27.359332],[88.182757,27.3589],[88.182758,27.358809],[88.182759,27.358506],[88.182789,27.358203],[88.182676,27.358052],[88.182536,27.357774],[88.182367,27.357596],[88.182284,27.357344],[88.182171,27.357192],[88.182032,27.356863],[88.18192,27.356636],[88.182316,27.356562],[88.182542,27.356461],[88.182938,27.356337],[88.183108,27.356262],[88.183334,27.356237],[88.183646,27.356163],[88.183872,27.356088],[88.184184,27.355963],[88.184523,27.355838],[88.184778,27.355738],[88.185089,27.355638],[88.185372,27.355538],[88.185599,27.355438],[88.185826,27.355313],[88.186137,27.355162],[88.186477,27.355063],[88.18676,27.354963],[88.1871,27.354813],[88.187355,27.354687],[88.187468,27.354536],[88.187667,27.354285],[88.187866,27.354058],[88.188008,27.353882],[88.188319,27.353782],[88.188546,27.353682],[88.188885,27.353608],[88.189112,27.353482],[88.189339,27.353357],[88.189509,27.353156],[88.189652,27.352904],[88.189822,27.352652],[88.190078,27.352451],[88.190276,27.3522],[88.190363,27.351847],[88.19042,27.35162],[88.19045,27.351242],[88.190451,27.351015],[88.190453,27.350712],[88.19037,27.350358],[88.190371,27.350081],[88.190372,27.349828],[88.190345,27.3495],[88.190347,27.349096],[88.190405,27.348794],[88.190604,27.348568],[88.190858,27.348442],[88.191311,27.348292],[88.19165,27.348268],[88.192018,27.348194],[88.192367,27.348128],[88.192845,27.348023],[88.193283,27.347953],[88.193682,27.347883],[88.194001,27.347742],[88.194439,27.347637],[88.194917,27.347603],[88.195396,27.347534],[88.195714,27.347464]]]]}},{"type":"Feature","properties":{"name":"Tawa Reservoir","kind":"wetland","ramsarid":2547,"area_km2":200.5,"source":"Ramsar Sites Information Service"},"geometry":{"type":"MultiPolygon","coordinates":[[[[78.049299,22.606297],[78.050685,22.604672],[78.047798,22.606051],[78.042775,22.601688],[78.044962,22.599816],[78.040766,22.596228],[78.043498,22.594076],[78.036441,22.592685],[78.039504,22.588903],[78.035696,22.589385],[78.037181,22.587331],[78.034838,22.588682],[78.03062,22.583655],[78.059013,22.588036],[78.062758,22.587464],[78.061344,22.583774],[78.065444,22.583305],[78.063439,22.581114],[78.069921,22.582457],[78.071222,22.583919],[78.0708,22.584956],[78.072397,22.587408],[78.073028,22.586467],[78.06824,22.577176],[78.055778,22.576317],[78.059665,22.572094],[78.057511,22.569106],[78.04793,22.571121],[78.052866,22.567661],[78.053402,22.56336],[78.060122,22.565583],[78.063545,22.569981],[78.062463,22.574042],[78.0682,22.576688],[78.072703,22.572557],[78.073138,22.574459],[78.075683,22.576389],[78.074003,22.574212],[78.076474,22.572712],[78.081552,22.578455],[78.081513,22.574566],[78.085293,22.573429],[78.085932,22.578479],[78.088332,22.578107],[78.085918,22.580587],[78.090418,22.581903],[78.091666,22.578703],[78.104007,22.576634],[78.106001,22.579851],[78.111853,22.579541],[78.109732,22.581282],[78.114446,22.584143],[78.113597,22.587017],[78.119146,22.584227],[78.123267,22.58986],[78.121835,22.583588],[78.124347,22.585829],[78.123599,22.582677],[78.129152,22.584384],[78.127663,22.58212],[78.132314,22.581146],[78.126838,22.581196],[78.12394,22.57925],[78.134335,22.578578],[78.133903,22.581248],[78.137791,22.577913],[78.144534,22.583723],[78.140319,22.577674],[78.147102,22.576714],[78.148619,22.579632],[78.14625,22.580302],[78.149401,22.582575],[78.151116,22.57908],[78.156093,22.580843],[78.15717,22.588048],[78.159555,22.584617],[78.166056,22.588449],[78.159618,22.57954],[78.17257,22.578923],[78.170987,22.576065],[78.162063,22.576881],[78.164151,22.575258],[78.16173,22.573672],[78.168764,22.57353],[78.166188,22.57135],[78.169456,22.570075],[78.16386,22.570432],[78.165764,22.567236],[78.172437,22.568813],[78.17433,22.572426],[78.183197,22.56969],[78.185817,22.571723],[78.184044,22.568241],[78.186959,22.572224],[78.195094,22.570759],[78.185847,22.566533],[78.181265,22.567307],[78.182415,22.565532],[78.175657,22.568086],[78.174849,22.565772],[78.179926,22.565612],[78.179941,22.563093],[78.18543,22.564854],[78.181839,22.561854],[78.182788,22.561374],[78.186577,22.564571],[78.185472,22.561953],[78.192294,22.561444],[78.18503,22.560969],[78.18947,22.559119],[78.186289,22.55834],[78.179448,22.562154],[78.180322,22.557421],[78.178945,22.558848],[78.179107,22.556721],[78.177487,22.55713],[78.175293,22.55606],[78.17519,22.554776],[78.178161,22.556863],[78.177102,22.554943],[78.189149,22.554611],[78.208825,22.563105],[78.206093,22.560401],[78.247112,22.567273],[78.244405,22.565517],[78.253235,22.562153],[78.257276,22.569492],[78.25768,22.564472],[78.252982,22.56036],[78.241643,22.564134],[78.239011,22.563048],[78.243094,22.562026],[78.222605,22.559107],[78.225407,22.558558],[78.2237,22.556697],[78.221945,22.558822],[78.208169,22.557644],[78.207022,22.555129],[78.207406,22.557682],[78.202611,22.556907],[78.198682,22.555556],[78.205294,22.556275],[78.202817,22.553916],[78.182363,22.551341],[78.182783,22.547536],[78.181528,22.551424],[78.173191,22.553086],[78.174369,22.550772],[78.167823,22.544939],[78.176234,22.539533],[78.175353,22.533155],[78.181256,22.533389],[78.189474,22.529054],[78.189032,22.525798],[78.182686,22.531054],[78.17268,22.532423],[78.174893,22.538614],[78.165516,22.544339],[78.158994,22.541344],[78.165089,22.544875],[78.163954,22.546957],[78.168254,22.548698],[78.170423,22.554495],[78.163962,22.556594],[78.165778,22.558525],[78.162482,22.562079],[78.15913,22.563375],[78.162327,22.559036],[78.154404,22.563767],[78.159149,22.560141],[78.153204,22.562704],[78.150919,22.558433],[78.150142,22.561439],[78.145632,22.560391],[78.153369,22.563889],[78.147194,22.56445],[78.151276,22.567993],[78.14177,22.57177],[78.146817,22.564016],[78.142968,22.561818],[78.134976,22.566371],[78.136129,22.563848],[78.132595,22.561012],[78.131442,22.563599],[78.132844,22.5654],[78.132729,22.567288],[78.131864,22.567764],[78.130859,22.562955],[78.128537,22.565025],[78.13021,22.567563],[78.127519,22.567933],[78.129445,22.568712],[78.116544,22.569588],[78.116334,22.564495],[78.126856,22.563559],[78.12637,22.558545],[78.117836,22.561445],[78.131048,22.549108],[78.126669,22.549212],[78.1371,22.545969],[78.138636,22.542855],[78.138301,22.541156],[78.135516,22.545721],[78.127963,22.546161],[78.119684,22.552537],[78.123365,22.553742],[78.121281,22.556293],[78.110932,22.551674],[78.11813,22.558389],[78.115035,22.562727],[78.099831,22.562484],[78.097874,22.555686],[78.097017,22.557875],[78.093056,22.554346],[78.095491,22.561852],[78.090009,22.561886],[78.080372,22.553939],[78.082145,22.551612],[78.076987,22.549469],[78.080528,22.545727],[78.074127,22.543961],[78.073973,22.546427],[78.072061,22.543662],[78.074617,22.548224],[78.068944,22.551057],[78.066503,22.544863],[78.062964,22.548205],[78.056886,22.544536],[78.060885,22.539308],[78.057916,22.539963],[78.0591,22.538305],[78.059109,22.5368],[78.053459,22.541571],[78.054721,22.543564],[78.045279,22.542997],[78.0426,22.536369],[78.047516,22.533226],[78.050537,22.535069],[78.049843,22.53071],[78.05319,22.530249],[78.048517,22.527837],[78.048313,22.532671],[78.04338,22.528031],[78.045317,22.532109],[78.039722,22.533758],[78.038867,22.537819],[78.039159,22.535387],[78.033931,22.533596],[78.034411,22.539106],[78.030542,22.540333],[78.033046,22.542125],[78.03158,22.544742],[78.034761,22.543479],[78.038888,22.55002],[78.030971,22.548116],[78.028473,22.55044],[78.031666,22.552443],[78.02936,22.551885],[78.031621,22.553884],[78.029251,22.557664],[78.032387,22.557971],[78.032689,22.57432],[78.039386,22.578266],[78.029862,22.579617],[78.031711,22.576776],[78.030845,22.574405],[78.025412,22.580743],[78.025974,22.565444],[78.030087,22.560948],[78.019387,22.563888],[78.021035,22.561774],[78.020292,22.560557],[78.014912,22.564013],[78.015986,22.559712],[78.013183,22.563698],[78.007874,22.56162],[78.013079,22.559861],[78.008905,22.558896],[78.015639,22.557965],[78.012394,22.554973],[78.011666,22.556456],[78.007124,22.55667],[78.005913,22.552462],[78.015467,22.554521],[78.019269,22.552694],[78.014864,22.552031],[78.018216,22.549078],[78.015517,22.547394],[78.01416,22.550024],[78.008914,22.548325],[78.014095,22.545307],[78.007815,22.541963],[78.014212,22.542548],[78.01572,22.541738],[78.008047,22.536868],[78.015683,22.537491],[78.001481,22.530646],[78.010403,22.529643],[78.02331,22.536334],[78.021834,22.533574],[78.023947,22.535116],[78.026029,22.532432],[78.020742,22.531289],[78.022234,22.527561],[78.02,22.526186],[78.023043,22.523064],[78.025869,22.525304],[78.023737,22.522151],[78.027657,22.52198],[78.024312,22.521126],[78.018859,22.522456],[78.027147,22.517823],[78.024153,22.518249],[78.025727,22.515452],[78.019855,22.51675],[78.02235,22.515098],[78.018737,22.514132],[78.02073,22.511476],[78.010688,22.510318],[78.011993,22.507575],[78.008375,22.507387],[78.007941,22.500978],[78.011787,22.498389],[78.009709,22.496321],[78.006558,22.502026],[78.003184,22.501227],[78.004253,22.510849],[77.995011,22.514947],[77.985847,22.512349],[77.986185,22.507043],[77.991017,22.500501],[78.000118,22.499138],[77.997621,22.496984],[78.000147,22.495039],[77.984169,22.491899],[77.988146,22.496231],[77.986496,22.50107],[77.979681,22.500584],[77.97891,22.503774],[77.974599,22.496077],[77.97226,22.501051],[77.964947,22.499088],[77.966084,22.503014],[77.973828,22.503396],[77.972688,22.508098],[77.969078,22.50677],[77.967595,22.509122],[77.971985,22.51418],[77.976,22.513316],[77.979371,22.518658],[77.97702,22.5212],[77.98058,22.521055],[77.977837,22.524054],[77.967289,22.518347],[77.969578,22.516082],[77.966121,22.514463],[77.967716,22.513028],[77.96201,22.51213],[77.961211,22.515043],[77.956684,22.512346],[77.964008,22.508822],[77.962689,22.505173],[77.956953,22.504248],[77.962204,22.501919],[77.95834,22.498629],[77.961821,22.49704],[77.958423,22.495545],[77.964403,22.491693],[77.955349,22.490509],[77.945498,22.496199],[77.942981,22.488847],[77.947079,22.48014],[77.955899,22.477177],[77.969069,22.481278],[77.964145,22.472718],[77.968366,22.469397],[77.966095,22.465355],[77.971647,22.466403],[77.969452,22.47093],[77.983803,22.474564],[77.982242,22.467044],[77.986818,22.464532],[77.990161,22.468155],[77.991205,22.463358],[77.994499,22.462831],[77.981206,22.456379],[77.984309,22.45415],[77.988787,22.459344],[77.996128,22.458611],[77.995943,22.455108],[78.002263,22.457843],[78.000504,22.46125],[78.004895,22.461874],[78.002775,22.465836],[78.006214,22.465689],[78.007759,22.471437],[78.010943,22.460827],[78.022175,22.462298],[78.024054,22.475981],[78.028596,22.476481],[78.024479,22.470759],[78.029328,22.469955],[78.02707,22.463535],[78.032128,22.462732],[78.029075,22.45899],[78.044936,22.465752],[78.050805,22.464452],[78.052521,22.462628],[78.041697,22.462676],[78.035981,22.459128],[78.041997,22.458079],[78.040542,22.456543],[78.049022,22.458328],[78.047177,22.457039],[78.056935,22.446411],[78.054188,22.44584],[78.050198,22.452402],[78.046415,22.450351],[78.046924,22.454606],[78.044221,22.45641],[78.036678,22.45331],[78.04114,22.452224],[78.036691,22.451281],[78.038625,22.448402],[78.035523,22.451692],[78.030988,22.450178],[78.030993,22.453902],[78.026036,22.457373],[78.019901,22.449472],[78.026139,22.446773],[78.020163,22.446265],[78.018396,22.450978],[78.011726,22.4513],[78.011443,22.444824],[78.007173,22.448313],[78.003354,22.447178],[78.00318,22.442092],[77.998734,22.440911],[78.000273,22.438892],[77.996744,22.439121],[77.996773,22.443428],[77.989555,22.436812],[77.985285,22.444511],[77.973982,22.444885],[77.975294,22.441142],[77.972466,22.439471],[77.975292,22.437322],[77.979644,22.439071],[77.980752,22.434687],[77.994283,22.432047],[77.99227,22.429256],[77.998975,22.42799],[77.998522,22.424431],[78.002095,22.426399],[78.001222,22.422946],[78.005033,22.425138],[78.005176,22.421747],[77.997932,22.423204],[77.995868,22.41919],[77.998214,22.406411],[77.996877,22.403328],[77.99302,22.40775],[77.994011,22.41137],[77.989417,22.409952],[77.993345,22.412533],[77.991093,22.418187],[77.99327,22.422981],[77.979748,22.42451],[77.980975,22.428546],[77.975958,22.427794],[77.975642,22.430182],[77.970427,22.423813],[77.966419,22.424177],[77.966879,22.426736],[77.962747,22.4276],[77.968686,22.433029],[77.961744,22.433929],[77.958189,22.437742],[77.958399,22.44311],[77.947435,22.434006],[77.954144,22.423375],[77.946661,22.423354],[77.945032,22.426254],[77.936332,22.421244],[77.936591,22.424472],[77.92766,22.430469],[77.927331,22.425269],[77.930574,22.424275],[77.925867,22.413897],[77.932619,22.413057],[77.929625,22.408852],[77.935343,22.406037],[77.926347,22.397834],[77.929563,22.393469],[77.923086,22.393055],[77.921554,22.390074],[77.928247,22.383998],[77.93727,22.383917],[77.933137,22.374833],[77.927314,22.374887],[77.92737,22.369939],[77.918194,22.369875],[77.915186,22.359466],[77.92184,22.352781],[77.921247,22.34611],[77.929147,22.346851],[77.937411,22.341565],[77.922184,22.339919],[77.914781,22.346428],[77.912741,22.345498],[77.913437,22.343741],[77.911024,22.341961],[77.914065,22.350725],[77.909282,22.351682],[77.913602,22.351851],[77.912746,22.354772],[77.911286,22.35723],[77.909102,22.355382],[77.910897,22.358497],[77.904831,22.358597],[77.910059,22.359056],[77.907316,22.36073],[77.90918,22.364974],[77.905925,22.364177],[77.909702,22.366105],[77.910889,22.369463],[77.908007,22.369585],[77.911488,22.370524],[77.911068,22.375775],[77.91395,22.375795],[77.915353,22.380599],[77.908273,22.38429],[77.904312,22.376789],[77.897045,22.375118],[77.898009,22.377946],[77.895735,22.377789],[77.895696,22.373134],[77.892803,22.374367],[77.894551,22.376687],[77.892744,22.375742],[77.890781,22.376483],[77.900969,22.380193],[77.895953,22.38673],[77.899876,22.385602],[77.909411,22.393613],[77.902906,22.395168],[77.910606,22.399681],[77.90906,22.402068],[77.912595,22.401869],[77.912336,22.404443],[77.902156,22.405685],[77.900971,22.410783],[77.89438,22.404878],[77.890924,22.407163],[77.884256,22.398793],[77.878924,22.402931],[77.873829,22.401165],[77.878192,22.404968],[77.875268,22.407322],[77.872446,22.407188],[77.87156,22.402513],[77.867367,22.399962],[77.870747,22.403098],[77.869224,22.405932],[77.856901,22.402519],[77.84348,22.406368],[77.845491,22.40751],[77.841486,22.410165],[77.827929,22.408021],[77.842917,22.411678],[77.85162,22.406077],[77.860452,22.405871],[77.863067,22.410799],[77.870417,22.408327],[77.865816,22.413607],[77.870307,22.414873],[77.883161,22.409729],[77.88642,22.413615],[77.885009,22.416932],[77.893271,22.415941],[77.899561,22.423578],[77.904925,22.423989],[77.898162,22.432716],[77.911246,22.427706],[77.914043,22.431856],[77.911019,22.434708],[77.912607,22.438528],[77.906788,22.436987],[77.904424,22.444055],[77.918675,22.445115],[77.921249,22.440731],[77.922552,22.443959],[77.931196,22.446029],[77.915417,22.448393],[77.914576,22.45268],[77.911241,22.450995],[77.90868,22.453714],[77.902302,22.449702],[77.900716,22.453286],[77.89873,22.448818],[77.893589,22.449186],[77.89194,22.445956],[77.891914,22.449337],[77.888972,22.448995],[77.886925,22.445064],[77.888952,22.451463],[77.884682,22.451219],[77.892839,22.456452],[77.887578,22.457384],[77.891473,22.461327],[77.875774,22.467955],[77.884213,22.466939],[77.881939,22.469607],[77.887416,22.47077],[77.879432,22.48008],[77.870557,22.47782],[77.859509,22.482288],[77.865453,22.481226],[77.866521,22.483715],[77.87202,22.480612],[77.883591,22.485273],[77.881931,22.482473],[77.884992,22.474817],[77.887733,22.474253],[77.885141,22.476841],[77.889842,22.478711],[77.888306,22.476984],[77.893234,22.470813],[77.895314,22.474748],[77.89639,22.474942],[77.893802,22.469835],[77.900963,22.464827],[77.903034,22.469866],[77.909477,22.468178],[77.912245,22.472671],[77.915806,22.468374],[77.919101,22.472976],[77.924713,22.472217],[77.923008,22.475301],[77.92836,22.478262],[77.937493,22.478505],[77.941186,22.482926],[77.938325,22.486248],[77.939144,22.495768],[77.927226,22.497438],[77.932142,22.501529],[77.926358,22.503147],[77.927285,22.507182],[77.921488,22.501782],[77.922851,22.509022],[77.910744,22.513646],[77.911186,22.516316],[77.899726,22.513865],[77.903791,22.521338],[77.899326,22.522886],[77.895603,22.518173],[77.892724,22.519288],[77.894719,22.521507],[77.892482,22.524924],[77.904073,22.527591],[77.899075,22.529672],[77.906464,22.538317],[77.911219,22.529094],[77.913959,22.528897],[77.91447,22.535398],[77.918276,22.533737],[77.917287,22.53799],[77.92245,22.540153],[77.926269,22.532426],[77.929455,22.534193],[77.92598,22.540085],[77.934682,22.541076],[77.926002,22.545877],[77.928598,22.547272],[77.926245,22.548697],[77.932948,22.547974],[77.932613,22.553013],[77.928059,22.553168],[77.935588,22.561138],[77.939362,22.559354],[77.941465,22.564883],[77.95069,22.557787],[77.95847,22.55868],[77.962337,22.562396],[77.989891,22.564821],[77.986662,22.561703],[77.991576,22.556489],[77.986732,22.551831],[77.987478,22.549253],[77.993205,22.549844],[77.990037,22.550262],[77.991753,22.555616],[77.99714,22.555987],[77.992912,22.560947],[77.999475,22.558484],[78.004606,22.564911],[77.997183,22.568044],[77.997942,22.569619],[78.001822,22.571509],[78.003936,22.568939],[78.005442,22.573875],[78.007493,22.567968],[78.013442,22.567567],[78.011051,22.573074],[78.016433,22.568101],[78.01758,22.575438],[78.018301,22.570198],[78.021037,22.570453],[78.020742,22.58223],[78.017379,22.585904],[78.022744,22.583513],[78.02304,22.590309],[78.026253,22.583376],[78.028018,22.588054],[78.019116,22.594616],[78.030304,22.593079],[78.031134,22.58745],[78.03387,22.59463],[78.038375,22.595071],[78.033104,22.599226],[78.035105,22.601079],[78.04006,22.596536],[78.038373,22.604824],[78.045031,22.603883],[78.049603,22.608734],[78.049299,22.606297]],[[78.004783,22.558479],[78.005071,22.557049],[78.005021,22.556979],[78.004692,22.556977],[78.003861,22.556667],[78.003938,22.556433],[78.006613,22.556895],[78.006984,22.558023],[78.006428,22.558066],[78.006254,22.557643],[78.005826,22.557547],[78.005623,22.55764],[78.005086,22.558481],[78.004783,22.558479]],[[78.001698,22.551714],[78.001929,22.551199],[78.002359,22.551038],[78.002588,22.550805],[78.002564,22.550687],[78.002135,22.550521],[78.00191,22.550354],[78.00209,22.549862],[78.003414,22.55203],[78.001698,22.551714]],[[77.986933,22.549026],[77.985605,22.54912],[77.985471,22.549324],[77.985095,22.549261],[77.984971,22.548048],[77.985637,22.547764],[77.985638,22.5476],[77.984802,22.546916],[77.985535,22.546674],[77.986415,22.547172],[77.98699,22.547238],[77.98721,22.547425],[77.98752,22.547427],[77.98743,22.547631],[77.986146,22.547726],[77.987335,22.548535],[77.986933,22.549026]],[[78.005847,22.547698],[78.005141,22.54694],[78.004807,22.547621],[78.004579,22.547597],[78.004175,22.547358],[78.003742,22.547638],[78.002958,22.547451],[78.002985,22.547139],[78.003215,22.546904],[78.003622,22.546648],[78.003751,22.546413],[78.003677,22.545989],[78.0033,22.545634],[78.003453,22.545446],[78.00419,22.545261],[78.003991,22.544695],[78.004549,22.544628],[78.005379,22.545646],[78.006318,22.545628],[78.006523,22.545182],[78.00665,22.545135],[78.006801,22.545372],[78.005847,22.547698]],[[78.002996,22.545537],[78.002538,22.545675],[78.002333,22.546004],[78.001972,22.54594],[78.001929,22.545837],[78.00198,22.545672],[78.002186,22.545367],[78.002187,22.545179],[78.001634,22.544398],[78.00156,22.54421],[78.002996,22.545537]],[[77.986407,22.545241],[77.986142,22.545261],[77.986096,22.545425],[77.985763,22.545586],[77.985607,22.545812],[77.985518,22.545873],[77.984897,22.546116],[77.984036,22.545802],[77.984038,22.545576],[77.984945,22.54552],[77.985455,22.545297],[77.985545,22.545154],[77.985593,22.544579],[77.985859,22.544478],[77.986407,22.545241]],[[78.002471,22.540834],[78.00283,22.540295],[78.002831,22.540153],[78.0024,22.540057],[78.002174,22.539773],[78.00111,22.539649],[78.000433,22.538584],[78.000641,22.537761],[78.000521,22.536818],[78.00097,22.537952],[78.001603,22.538003],[78.001781,22.538051],[78.002258,22.538573],[78.002178,22.539137],[78.00233,22.539185],[78.002762,22.539211],[78.002862,22.539282],[78.003066,22.53926],[78.003524,22.538839],[78.003307,22.540911],[78.002471,22.540834]],[[77.963396,22.534699],[77.962404,22.534088],[77.961521,22.534366],[77.961138,22.534292],[77.960873,22.5339],[77.959221,22.534459],[77.958378,22.534418],[77.95842,22.533991],[77.95869,22.533672],[77.957509,22.53274],[77.957779,22.532491],[77.959538,22.533072],[77.960652,22.532617],[77.960692,22.532475],[77.959627,22.531364],[77.960862,22.530126],[77.963317,22.529785],[77.96481,22.53008],[77.964774,22.529795],[77.963174,22.528432],[77.967475,22.521838],[77.968356,22.521915],[77.96851,22.521845],[77.968781,22.521454],[77.969049,22.521492],[77.974771,22.525016],[77.974764,22.526012],[77.975105,22.526621],[77.975026,22.526869],[77.974642,22.526938],[77.974341,22.526189],[77.974037,22.525973],[77.973072,22.526821],[77.972572,22.527067],[77.971693,22.526848],[77.971002,22.527021],[77.972716,22.528349],[77.972288,22.529308],[77.972589,22.530057],[77.972587,22.530342],[77.971741,22.530799],[77.970248,22.53047],[77.968259,22.535263],[77.967452,22.535578],[77.966498,22.535039],[77.963396,22.534699]],[[77.989087,22.531542],[77.989921,22.531726],[77.988733,22.532413],[77.988825,22.531719],[77.989087,22.531542]],[[77.985923,22.530907],[77.98554,22.530611],[77.985507,22.530318],[77.985683,22.530205],[77.986034,22.530126],[77.986352,22.529867],[77.986849,22.529054],[77.987289,22.528879],[77.987378,22.528716],[77.987417,22.528113],[77.987629,22.527887],[77.988394,22.528868],[77.989357,22.529168],[77.988564,22.529701],[77.98818,22.529438],[77.987972,22.529013],[77.987797,22.528946],[77.987453,22.530526],[77.986606,22.531106],[77.985923,22.530907]],[[77.99567,22.529845],[77.995641,22.528732],[77.99635,22.528997],[77.996461,22.529119],[77.997039,22.529366],[77.997056,22.529644],[77.996812,22.529678],[77.996216,22.529414],[77.99567,22.529845]],[[77.9898,22.529137],[77.98956,22.528667],[77.99031,22.528478],[77.990292,22.528606],[77.989957,22.529091],[77.9898,22.529137]],[[77.93495,22.475696],[77.93143,22.47375],[77.930743,22.473265],[77.930379,22.472982],[77.930304,22.47146],[77.935353,22.470911],[77.935352,22.471011],[77.934832,22.471288],[77.934789,22.471368],[77.934873,22.471649],[77.935129,22.471991],[77.935557,22.472395],[77.935467,22.472855],[77.935575,22.473016],[77.935875,22.473218],[77.936043,22.4737],[77.935889,22.47418],[77.935152,22.474736],[77.935816,22.475261],[77.936161,22.475304],[77.937284,22.474971],[77.937542,22.475113],[77.93495,22.475696]],[[77.99436,22.453985],[77.993409,22.452759],[77.991997,22.452351],[77.990382,22.45206],[77.990687,22.451896],[77.990965,22.451875],[77.992556,22.451885],[77.992986,22.451817],[77.994252,22.451355],[77.99436,22.453985]],[[77.987239,22.514578],[77.989736,22.515448],[77.991091,22.516457],[77.991214,22.516987],[77.987239,22.514578]],[[78.181051,22.568059],[78.181696,22.567599],[78.182242,22.567692],[78.182127,22.568334],[78.181966,22.568242],[78.181693,22.568137],[78.18145,22.56842],[78.180904,22.568432],[78.181051,22.568059]],[[78.18928,22.569849],[78.188614,22.570067],[78.18835,22.569622],[78.18745,22.56895],[78.18928,22.569849]]],[[[78.188614,22.570067],[78.189226,22.569997],[78.18928,22.569849],[78.189229,22.569478],[78.189071,22.569131],[78.187611,22.56868],[78.18745,22.56895],[78.187476,22.569148],[78.188614,22.570067]]],[[[78.180904,22.568432],[78.181693,22.568137],[78.182127,22.568334],[78.182242,22.567692],[78.180904,22.568432]]],[[[78.004783,22.558479],[78.005086,22.558481],[78.005826,22.557547],[78.006428,22.558066],[78.006984,22.558023],[78.006613,22.556895],[78.003938,22.556433],[78.003861,22.556667],[78.005021,22.556979],[78.005071,22.557049],[78.004783,22.558479]]],[[[78.002683,22.552499],[78.003362,22.552194],[78.003414,22.55203],[78.00339,22.551795],[78.003215,22.551466],[78.003371,22.550926],[78.002618,22.550148],[78.00209,22.549862],[78.001836,22.549932],[78.00191,22.550354],[78.002564,22.550687],[78.002588,22.550805],[78.001929,22.551199],[78.001724,22.551527],[78.001671,22.551878],[78.001696,22.551996],[78.002683,22.552499]]],[[[77.985095,22.549261],[77.985605,22.54912],[77.986645,22.549127],[77.986933,22.549026],[77.987289,22.548781],[77.987335,22.548535],[77.986146,22.547726],[77.98752,22.547427],[77.985755,22.546717],[77.985535,22.546674],[77.985003,22.546753],[77.984802,22.546916],[77.984845,22.547225],[77.985638,22.5476],[77.984971,22.548048],[77.985095,22.549261]]],[[[78.002958,22.547451],[78.005141,22.54694],[78.005847,22.547698],[78.006607,22.547773],[78.006801,22.545372],[78.002958,22.547451]]],[[[77.984417,22.546098],[77.984808,22.546136],[77.984897,22.546116],[77.985119,22.546014],[77.985208,22.545892],[77.985518,22.545873],[77.985763,22.545586],[77.986096,22.545425],[77.986142,22.545261],[77.986407,22.545241],[77.986478,22.544605],[77.986037,22.544479],[77.985859,22.544478],[77.985593,22.544579],[77.984038,22.545576],[77.984036,22.545802],[77.984417,22.546098]]],[[[78.001972,22.54594],[78.002333,22.546004],[78.002996,22.545537],[78.003024,22.545113],[78.001738,22.544163],[78.00156,22.54421],[78.001634,22.544398],[78.002187,22.545179],[78.002186,22.545367],[78.001929,22.545837],[78.001972,22.54594]]],[[[78.002521,22.540953],[78.003307,22.540911],[78.003524,22.538839],[78.000521,22.536818],[78.000433,22.538584],[78.002831,22.540153],[78.002497,22.540693],[78.002471,22.540834],[78.002521,22.540953]]],[[[77.988404,22.517571],[77.990704,22.517426],[77.991214,22.516987],[77.991217,22.516634],[77.991091,22.516457],[77.989922,22.515948],[77.989736,22.515448],[77.987462,22.514433],[77.987239,22.514578],[77.987079,22.514754],[77.986918,22.515136],[77.987005,22.516255],[77.988404,22.517571]]],[[[77.986291,22.531073],[77.986606,22.531106],[77.987453,22.530526],[77.987797,22.528946],[77.98818,22.529438],[77.988564,22.529701],[77.989319,22.529608],[77.989357,22.529168],[77.988394,22.528868],[77.98812,22.527873],[77.987822,22.527855],[77.987629,22.527887],[77.987506,22.527967],[77.985507,22.530318],[77.98554,22.530611],[77.98596,22.530712],[77.985923,22.530907],[77.985975,22.531005],[77.986291,22.531073]]],[[[77.935784,22.476603],[77.937083,22.475951],[77.937151,22.47547],[77.937542,22.475113],[77.937542,22.475012],[77.935353,22.470911],[77.930304,22.47146],[77.930379,22.472982],[77.93463,22.475393],[77.93495,22.475696],[77.935399,22.47624],[77.935784,22.476603]]],[[[77.995933,22.529639],[77.996216,22.529414],[77.996812,22.529678],[77.997056,22.529644],[77.997075,22.529488],[77.997039,22.529366],[77.996909,22.529261],[77.996461,22.529119],[77.995641,22.528732],[77.995559,22.529722],[77.99567,22.529845],[77.995857,22.529828],[77.995933,22.529639]]],[[[77.989969,22.529073],[77.990292,22.528606],[77.99031,22.528478],[77.990188,22.528412],[77.98956,22.528667],[77.989969,22.529073]]],[[[77.994674,22.454281],[77.994252,22.451355],[77.992986,22.451817],[77.992556,22.451885],[77.990687,22.451896],[77.990382,22.45206],[77.994674,22.454281]]],[[[77.892773,22.374395],[77.892889,22.374077],[77.892307,22.373481],[77.891841,22.374525],[77.892773,22.374395]]],[[[77.967475,22.521838],[77.963174,22.528432],[77.96481,22.53008],[77.963317,22.529785],[77.960862,22.530126],[77.960169,22.530549],[77.959627,22.531364],[77.959626,22.531542],[77.960652,22.532617],[77.959538,22.533072],[77.957509,22.53274],[77.958378,22.534418],[77.960873,22.5339],[77.962404,22.534088],[77.963396,22.534699],[77.964008,22.534952],[77.966498,22.535039],[77.967184,22.535542],[77.967452,22.535578],[77.967913,22.535475],[77.968259,22.535263],[77.969223,22.534415],[77.970537,22.532893],[77.970248,22.53047],[77.971741,22.530799],[77.97247,22.530555],[77.972587,22.530342],[77.972589,22.530057],[77.972288,22.529308],[77.972716,22.528349],[77.971002,22.527021],[77.974771,22.525016],[77.967475,22.521838]]],[[[77.989063,22.532432],[77.989815,22.531903],[77.989921,22.531726],[77.98987,22.531596],[77.989366,22.531528],[77.989087,22.531542],[77.988913,22.53159],[77.988825,22.531719],[77.988736,22.531977],[77.988681,22.5323],[77.988733,22.532413],[77.989063,22.532432]]],[[[77.882141,22.285911],[77.879994,22.286946],[77.887019,22.290222],[77.888188,22.292409],[77.884848,22.289341],[77.895551,22.305557],[77.914796,22.316696],[77.921406,22.326207],[77.93748,22.332434],[77.939945,22.337124],[77.937411,22.341565],[77.942061,22.338916],[77.949643,22.344],[77.950314,22.341699],[77.947332,22.341892],[77.949262,22.340615],[77.94342,22.338713],[77.943534,22.333909],[77.946462,22.333636],[77.948159,22.33184],[77.943845,22.328137],[77.94476,22.333514],[77.936445,22.329398],[77.937125,22.327721],[77.9367,22.326768],[77.935782,22.328846],[77.925118,22.325853],[77.915966,22.315467],[77.895833,22.302853],[77.88816,22.289607],[77.882141,22.285911]]]]}},{"type":"Feature","properties":{"name":"Therthangal Bird Sanctuary","kind":"wetland","ramsarid":2562,"area_km2":0.3,"source":"Ramsar Sites Information Service"},"geometry":{"type":"MultiPolygon","coordinates":[[[[78.771055,9.465814],[78.771702,9.466362],[78.771837,9.465837],[78.771881,9.465586],[78.771883,9.465264],[78.771849,9.464976],[78.771838,9.464743],[78.77184,9.464564],[78.771871,9.464379],[78.771884,9.46417],[78.771772,9.463852],[78.771666,9.463469],[78.771578,9.463091],[78.77149,9.462774],[78.771455,9.462517],[78.771438,9.462409],[78.771427,9.462194],[78.77141,9.462026],[78.771478,9.461877],[78.771484,9.461746],[78.771492,9.461495],[78.771518,9.461208],[78.771567,9.461023],[78.771653,9.460778],[78.771727,9.460486],[78.771796,9.460187],[78.771827,9.460014],[78.771853,9.459751],[78.77189,9.459548],[78.771988,9.459232],[78.772111,9.45894],[78.772203,9.458671],[78.772347,9.458654],[78.772382,9.457979],[78.772402,9.457704],[78.772156,9.456543],[78.77193,9.456117],[78.771628,9.455338],[78.771306,9.454804],[78.770813,9.454818],[78.768666,9.455349],[78.768708,9.456276],[78.769143,9.456864],[78.769329,9.457989],[78.769386,9.458516],[78.768879,9.458692],[78.769159,9.460003],[78.769342,9.460614],[78.769543,9.461207],[78.769577,9.46153],[78.769633,9.46223],[78.769963,9.463356],[78.769715,9.463426],[78.769739,9.463504],[78.770968,9.463434],[78.771031,9.463937],[78.771177,9.46459],[78.771123,9.464655],[78.771266,9.465768],[78.77126,9.465762],[78.771055,9.465814]]]]}},{"type":"Feature","properties":{"name":"Gokul Jalashay","kind":"wetland","ramsarid":2576,"area_km2":4.5,"source":"Ramsar Sites Information Service"},"geometry":{"type":"MultiPolygon","coordinates":[[[[84.250625,25.657426],[84.250587,25.657107],[84.250247,25.656765],[84.249862,25.656383],[84.249655,25.65604],[84.248837,25.655213],[84.248082,25.654655],[84.247036,25.654442],[84.245703,25.654056],[84.243781,25.654323],[84.242975,25.654442],[84.242381,25.654551],[84.241419,25.654744],[84.240768,25.654904],[84.239757,25.655284],[84.239284,25.65559],[84.237922,25.656187],[84.237548,25.656482],[84.23711,25.656642],[84.23654,25.657],[84.236301,25.657402],[84.235505,25.659252],[84.230986,25.659624],[84.229502,25.659133],[84.22885,25.658378],[84.228527,25.657972],[84.228019,25.657357],[84.227696,25.656961],[84.227558,25.656534],[84.227488,25.656295],[84.227188,25.65519],[84.227073,25.654295],[84.227087,25.652996],[84.227289,25.652269],[84.227405,25.651717],[84.22744,25.650926],[84.227661,25.649707],[84.227651,25.649186],[84.227755,25.648899],[84.228103,25.647233],[84.228768,25.645397],[84.229034,25.64447],[84.229254,25.643658],[84.229823,25.642354],[84.230089,25.641459],[84.230227,25.641053],[84.230459,25.640616],[84.230698,25.640284],[84.230904,25.639731],[84.233401,25.637378],[84.235734,25.635569],[84.238789,25.634434],[84.239376,25.634397],[84.239528,25.634149],[84.239863,25.63418],[84.240152,25.634045],[84.240972,25.633732],[84.241504,25.633577],[84.242164,25.633195],[84.242489,25.633053],[84.242876,25.632598],[84.243326,25.632329],[84.244698,25.631798],[84.245898,25.631056],[84.246928,25.63063],[84.248325,25.63061],[84.250024,25.629963],[84.251063,25.629469],[84.252396,25.629079],[84.253642,25.628657],[84.254316,25.628243],[84.255971,25.627747],[84.259247,25.62646],[84.261673,25.625975],[84.261924,25.626264],[84.262368,25.626243],[84.26263,25.625975],[84.263168,25.625718],[84.264025,25.625347],[84.267216,25.624912],[84.269244,25.624466],[84.270153,25.624433],[84.271777,25.624357],[84.272409,25.624367],[84.273988,25.624564],[84.275137,25.624381],[84.276315,25.624309],[84.277428,25.624484],[84.278367,25.624707],[84.280126,25.624934],[84.28226,25.625381],[84.283451,25.625582],[84.284311,25.625886],[84.28471,25.626305],[84.285102,25.626148],[84.285549,25.626188],[84.286004,25.626118],[84.287956,25.626452],[84.288433,25.62664],[84.289232,25.626651],[84.289557,25.626795],[84.290521,25.626944],[84.290903,25.627149],[84.291403,25.62725],[84.29214,25.627208],[84.292991,25.627483],[84.293968,25.627746],[84.295451,25.628159],[84.296282,25.628516],[84.297047,25.628546],[84.298299,25.62911],[84.29944,25.630146],[84.30052,25.630672],[84.302717,25.631934],[84.306142,25.634198],[84.306544,25.634487],[84.30735,25.634842],[84.308142,25.635386],[84.310034,25.636751],[84.310745,25.637166],[84.31142,25.637731],[84.312322,25.638486],[84.313049,25.638969],[84.31351,25.639092],[84.315975,25.642143],[84.316201,25.642636],[84.316504,25.64304],[84.316858,25.64321],[84.317288,25.643746],[84.317775,25.644108],[84.31796,25.644552],[84.319279,25.64599],[84.322818,25.649616],[84.323945,25.650634],[84.324398,25.650882],[84.324988,25.651802],[84.325538,25.65223],[84.326248,25.652912],[84.326506,25.65354],[84.327266,25.654082],[84.327698,25.654608],[84.327964,25.654997],[84.328249,25.655429],[84.328498,25.655582],[84.328584,25.6559],[84.328772,25.656147],[84.329089,25.656284],[84.329149,25.65653],[84.32935,25.656744],[84.329691,25.657094],[84.329876,25.657546],[84.33033,25.658325],[84.330426,25.658544],[84.33073,25.658666],[84.331021,25.658924],[84.331136,25.659186],[84.331848,25.660774],[84.332513,25.661927],[84.332858,25.662458],[84.332971,25.663343],[84.333139,25.664025],[84.333231,25.664677],[84.333367,25.665174],[84.333462,25.665613],[84.333568,25.665951],[84.333622,25.666743],[84.334052,25.667394],[84.334365,25.668124],[84.334454,25.668528],[84.334591,25.669082],[84.334707,25.66954],[84.33493,25.669986],[84.335011,25.670893],[84.335117,25.67155],[84.335164,25.672134],[84.335135,25.672747],[84.335124,25.673153],[84.335179,25.673409],[84.335151,25.673874],[84.335205,25.674088],[84.334979,25.674104],[84.334983,25.674262],[84.335092,25.674387],[84.335004,25.674794],[84.334963,25.674847],[84.334942,25.674866],[84.334785,25.675006],[84.334751,25.675142],[84.334807,25.675586],[84.335045,25.675899],[84.335196,25.675968],[84.335288,25.67607],[84.3353,25.676407],[84.335201,25.677301],[84.335149,25.677537],[84.335002,25.678108],[84.334699,25.679023],[84.334363,25.679595],[84.334058,25.680218],[84.333738,25.68106],[84.333256,25.682922],[84.332986,25.683586],[84.333032,25.684419],[84.333388,25.68463],[84.333829,25.6846],[84.33434,25.684419],[84.335079,25.684471],[84.335351,25.684018],[84.33561,25.682003],[84.335715,25.681342],[84.335832,25.680963],[84.335837,25.680604],[84.335947,25.679944],[84.336621,25.678132],[84.337075,25.676953],[84.337074,25.676386],[84.337194,25.675324],[84.33726,25.674061],[84.337265,25.672983],[84.337076,25.672173],[84.336832,25.670758],[84.336741,25.670065],[84.336568,25.668721],[84.336435,25.667875],[84.336232,25.665904],[84.335651,25.663706],[84.33439,25.660532],[84.333344,25.657717],[84.332188,25.655834],[84.33044,25.653195],[84.329874,25.652467],[84.328535,25.650936],[84.326723,25.64851],[84.324733,25.64637],[84.323837,25.645585],[84.322606,25.644381],[84.321605,25.643683],[84.318838,25.641112],[84.31759,25.640445],[84.313783,25.636121],[84.31163,25.634395],[84.31016,25.633354],[84.309041,25.63265],[84.308014,25.631796],[84.306997,25.6316],[84.305824,25.630649],[84.301464,25.628351],[84.299236,25.627363],[84.2962,25.626352],[84.295636,25.625855],[84.294967,25.625422],[84.293482,25.624751],[84.293151,25.624559],[84.289595,25.62381],[84.288983,25.623618],[84.287842,25.623599],[84.287125,25.623402],[84.286391,25.623429],[84.285581,25.623168],[84.284966,25.623228],[84.275304,25.62259],[84.271284,25.621737],[84.26757,25.622027],[84.266566,25.622242],[84.26469,25.622714],[84.264222,25.622742],[84.263899,25.622933],[84.262767,25.623281],[84.262342,25.623467],[84.261368,25.623669],[84.260034,25.624159],[84.257498,25.624886],[84.257232,25.624868],[84.255768,25.624882],[84.255533,25.624736],[84.254654,25.62507],[84.254211,25.625614],[84.253871,25.625964],[84.253159,25.626376],[84.252181,25.626446],[84.251665,25.626491],[84.250326,25.626769],[84.249275,25.627098],[84.248486,25.627505],[84.244174,25.629671],[84.243103,25.630205],[84.242705,25.630283],[84.242334,25.630601],[84.240807,25.631649],[84.240269,25.631663],[84.240015,25.631768],[84.239968,25.632025],[84.23944,25.632572],[84.238159,25.633249],[84.236287,25.633992],[84.23598,25.634127],[84.234599,25.63479],[84.233722,25.635401],[84.233199,25.635862],[84.232732,25.636252],[84.232198,25.63684],[84.231685,25.637221],[84.231022,25.637701],[84.23019,25.638233],[84.230013,25.638526],[84.229636,25.638536],[84.229566,25.638613],[84.229729,25.638737],[84.229902,25.638874],[84.230084,25.639034],[84.230014,25.639364],[84.229535,25.64003],[84.228812,25.641571],[84.228282,25.642872],[84.227911,25.643509],[84.227642,25.643951],[84.227388,25.644523],[84.226946,25.645623],[84.226218,25.64887],[84.226167,25.649688],[84.225829,25.650222],[84.225683,25.650909],[84.225829,25.651253],[84.225835,25.651471],[84.225839,25.65232],[84.225896,25.653056],[84.22593,25.65366],[84.226011,25.654555],[84.22616,25.655294],[84.22616,25.655756],[84.226133,25.655994],[84.226107,25.656233],[84.226199,25.656638],[84.226383,25.656918],[84.226664,25.65738],[84.226957,25.657943],[84.227228,25.658319],[84.227425,25.658606],[84.227729,25.658995],[84.227719,25.659643],[84.22816,25.659776],[84.228343,25.659819],[84.22858,25.65989],[84.231607,25.65973],[84.233712,25.659518],[84.235434,25.659418],[84.236051,25.659273],[84.236584,25.659034],[84.237088,25.658654],[84.238056,25.657763],[84.238714,25.657105],[84.239225,25.656849],[84.239898,25.656363],[84.242174,25.655493],[84.24425,25.655141],[84.245045,25.655131],[84.246661,25.655531],[84.247957,25.656443],[84.248873,25.657585],[84.249544,25.65826],[84.250105,25.658249],[84.250543,25.658259],[84.250625,25.657426]]]]}},{"type":"Feature","properties":{"name":"Chhari Dhand","kind":"wetland","ramsarid":2588,"area_km2":227.0,"source":"Ramsar Sites Information Service"},"geometry":{"type":"MultiPolygon","coordinates":[[[[69.480393,23.606871],[69.487517,23.607053],[69.494343,23.60645],[69.501119,23.605862],[69.500646,23.610752],[69.50332,23.610856],[69.506333,23.610816],[69.509281,23.611241],[69.511861,23.61159],[69.515702,23.611682],[69.522427,23.612064],[69.526688,23.61254],[69.527186,23.614347],[69.530817,23.617696],[69.53615,23.620648],[69.541588,23.62382],[69.549941,23.625588],[69.554491,23.626446],[69.553033,23.570351],[69.548885,23.569886],[69.545625,23.569424],[69.541608,23.567386],[69.536877,23.564049],[69.532433,23.560472],[69.528672,23.557307],[69.526188,23.551257],[69.523901,23.552994],[69.521558,23.550926],[69.514988,23.544926],[69.510931,23.541932],[69.507441,23.539883],[69.503224,23.537693],[69.503091,23.530941],[69.502663,23.529706],[69.502184,23.51205],[69.497765,23.51556],[69.491097,23.518476],[69.477381,23.521854],[69.470768,23.528819],[69.469581,23.533901],[69.461852,23.537438],[69.462865,23.538469],[69.458895,23.541092],[69.457136,23.538956],[69.451673,23.539725],[69.450754,23.537576],[69.449075,23.538162],[69.447169,23.531924],[69.445836,23.525258],[69.44453,23.525447],[69.444294,23.526598],[69.443004,23.527371],[69.442866,23.52811],[69.44077,23.52938],[69.440476,23.530132],[69.440068,23.530888],[69.439415,23.532603],[69.437393,23.535212],[69.435371,23.537822],[69.431294,23.542664],[69.429004,23.545493],[69.428166,23.546528],[69.427103,23.54784],[69.424625,23.546565],[69.421706,23.547182],[69.420224,23.546599],[69.418721,23.547006],[69.41795,23.54589],[69.416873,23.545776],[69.414225,23.5472],[69.412462,23.546742],[69.41182,23.545338],[69.412187,23.544901],[69.410821,23.544352],[69.404147,23.544482],[69.401175,23.543984],[69.399319,23.5428],[69.397948,23.539176],[69.397309,23.53756],[69.396849,23.537715],[69.396987,23.536746],[69.395752,23.536592],[69.395497,23.534204],[69.393994,23.533778],[69.393951,23.532784],[69.387546,23.527867],[69.383933,23.527371],[69.382476,23.527844],[69.382593,23.528723],[69.379254,23.528656],[69.374982,23.528475],[69.371188,23.527815],[69.371347,23.529395],[69.368465,23.52984],[69.368421,23.529085],[69.367296,23.52948],[69.365399,23.531172],[69.363686,23.529288],[69.362543,23.528647],[69.361868,23.528156],[69.359267,23.527766],[69.357076,23.526432],[69.355913,23.525736],[69.353878,23.5247],[69.352095,23.523725],[69.350743,23.523736],[69.349424,23.523716],[69.348939,23.523709],[69.347794,23.523654],[69.345969,23.523696],[69.337368,23.527705],[69.335456,23.532004],[69.334333,23.53437],[69.333136,23.536665],[69.33164,23.538803],[69.330378,23.541192],[69.328552,23.544577],[69.326722,23.547602],[69.32423,23.551064],[69.322769,23.553479],[69.320218,23.556853],[69.318812,23.558613],[69.317446,23.560233],[69.314344,23.563884],[69.312501,23.565658],[69.307598,23.570173],[69.303833,23.573154],[69.300298,23.57596],[69.296658,23.578314],[69.292205,23.581614],[69.288875,23.583899],[69.287476,23.584967],[69.285977,23.586215],[69.284564,23.587405],[69.283169,23.588598],[69.281649,23.590091],[69.280224,23.59085],[69.278306,23.592212],[69.275404,23.593668],[69.273863,23.594704],[69.271958,23.595227],[69.269941,23.595839],[69.268038,23.596026],[69.266103,23.596394],[69.264298,23.59736],[69.262428,23.597716],[69.260547,23.598178],[69.254577,23.598833],[69.252619,23.599051],[69.248783,23.599322],[69.246783,23.599404],[69.244853,23.5995],[69.241636,23.599645],[69.239637,23.59972],[69.237569,23.599822],[69.233687,23.600002],[69.231758,23.600123],[69.230288,23.599487],[69.228557,23.598753],[69.226751,23.597957],[69.223035,23.596738],[69.219407,23.595579],[69.217643,23.594831],[69.215922,23.594115],[69.214382,23.593102],[69.214159,23.593371],[69.211191,23.59207],[69.210523,23.591778],[69.201557,23.608813],[69.189413,23.63382],[69.193594,23.633952],[69.196565,23.633415],[69.198757,23.632877],[69.20175,23.632297],[69.203086,23.63417],[69.205168,23.634718],[69.206188,23.631141],[69.198685,23.627791],[69.201409,23.626142],[69.208239,23.625789],[69.213943,23.628696],[69.220708,23.613771],[69.220351,23.610372],[69.215576,23.604718],[69.233726,23.60766],[69.240197,23.609295],[69.249303,23.613851],[69.255515,23.619166],[69.258243,23.621558],[69.261226,23.619799],[69.261728,23.619568],[69.267611,23.616863],[69.281451,23.615393],[69.285316,23.61161],[69.295469,23.61212],[69.304254,23.610836],[69.310941,23.614145],[69.313637,23.61583],[69.318945,23.616613],[69.324931,23.617406],[69.331181,23.618658],[69.33896,23.619842],[69.342225,23.622721],[69.345875,23.614867],[69.3518,23.608685],[69.356257,23.60468],[69.364026,23.605426],[69.369795,23.60742],[69.376601,23.610064],[69.383988,23.613687],[69.38983,23.616536],[69.396829,23.617126],[69.404418,23.612006],[69.412234,23.611883],[69.416839,23.606421],[69.420433,23.603096],[69.423656,23.604225],[69.431881,23.603925],[69.438821,23.599681],[69.4457,23.599265],[69.452635,23.600577],[69.459129,23.601818],[69.466196,23.602318],[69.472344,23.605396],[69.480393,23.606871]]]]}},{"type":"Feature","properties":{"name":"Kopra Jalashay","kind":"wetland","ramsarid":2583,"area_km2":2.1,"source":"Ramsar Sites Information Service"},"geometry":{"type":"MultiPolygon","coordinates":[[[[82.042172,22.071443],[82.042391,22.071693],[82.042427,22.071826],[82.042558,22.072035],[82.042962,22.071955],[82.043349,22.071826],[82.043632,22.071746],[82.044034,22.071612],[82.044371,22.071528],[82.044337,22.071395],[82.044714,22.071335],[82.044859,22.071691],[82.045145,22.071618],[82.045281,22.071918],[82.045831,22.071822],[82.046293,22.071411],[82.046597,22.071179],[82.04632,22.070562],[82.046788,22.070205],[82.047099,22.070006],[82.047704,22.070076],[82.047935,22.069794],[82.047935,22.069178],[82.048345,22.068938],[82.048547,22.068971],[82.048752,22.068958],[82.048833,22.06935],[82.049091,22.069691],[82.049553,22.069819],[82.050239,22.069922],[82.050522,22.070923],[82.050547,22.071514],[82.050298,22.072871],[82.050119,22.073782],[82.050314,22.074065],[82.050362,22.074376],[82.050764,22.075114],[82.051014,22.075486],[82.051294,22.076526],[82.051606,22.077161],[82.05205,22.078221],[82.05245,22.078509],[82.052521,22.077441],[82.052217,22.07664],[82.052591,22.076463],[82.05228,22.075855],[82.052363,22.075486],[82.052638,22.075303],[82.052478,22.074279],[82.052325,22.073826],[82.05268,22.073728],[82.052643,22.073579],[82.052621,22.073419],[82.052575,22.07331],[82.053011,22.073387],[82.05296,22.073208],[82.052652,22.072797],[82.052644,22.072487],[82.053313,22.072531],[82.053588,22.071625],[82.052847,22.071582],[82.052879,22.071235],[82.053223,22.071248],[82.054263,22.071248],[82.054814,22.071071],[82.054544,22.070429],[82.053888,22.069799],[82.053447,22.069713],[82.052935,22.068877],[82.053397,22.068836],[82.052755,22.067792],[82.052447,22.067381],[82.052447,22.066919],[82.053166,22.066482],[82.053389,22.066453],[82.053676,22.066146],[82.053882,22.065742],[82.054051,22.065393],[82.054374,22.065245],[82.054713,22.065443],[82.055097,22.065743],[82.055441,22.06654],[82.055479,22.066626],[82.055516,22.066697],[82.055463,22.066715],[82.05555,22.066858],[82.055749,22.066925],[82.05588,22.06689],[82.056088,22.066824],[82.056229,22.066766],[82.056547,22.06667],[82.056556,22.06662],[82.05637,22.066072],[82.056297,22.065815],[82.056092,22.065481],[82.055975,22.065203],[82.056239,22.065087],[82.056565,22.064961],[82.057352,22.065259],[82.058341,22.064856],[82.059261,22.066365],[82.059482,22.066607],[82.060032,22.066801],[82.060762,22.066389],[82.060318,22.065931],[82.05973,22.064239],[82.060224,22.06389],[82.060481,22.063248],[82.060764,22.062812],[82.061405,22.062273],[82.062432,22.061631],[82.063253,22.060964],[82.063638,22.060245],[82.064099,22.060106],[82.064477,22.059934],[82.064678,22.05981],[82.064799,22.059699],[82.06475,22.059591],[82.064809,22.05958],[82.06511,22.059452],[82.065377,22.05927],[82.065297,22.059144],[82.065366,22.059112],[82.065373,22.059087],[82.06585,22.058952],[82.065969,22.058569],[82.066227,22.058157],[82.066454,22.058098],[82.066809,22.058281],[82.067294,22.05875],[82.067732,22.058641],[82.067805,22.058299],[82.067693,22.058246],[82.067633,22.057985],[82.067842,22.057537],[82.067782,22.057024],[82.067703,22.056637],[82.068079,22.056258],[82.068103,22.055867],[82.06815,22.055591],[82.06857,22.055375],[82.069238,22.05542],[82.069209,22.054866],[82.068808,22.054888],[82.068266,22.054612],[82.068055,22.05455],[82.067069,22.054806],[82.066606,22.055112],[82.066278,22.055219],[82.066209,22.055251],[82.06607,22.055563],[82.066237,22.055768],[82.065598,22.056297],[82.065726,22.056501],[82.065208,22.056727],[82.064478,22.056775],[82.064608,22.056956],[82.06427,22.057032],[82.064007,22.057346],[82.063483,22.057433],[82.062035,22.057443],[82.061299,22.05779],[82.059552,22.058413],[82.059484,22.058849],[82.058939,22.05904],[82.059017,22.059782],[82.058858,22.060231],[82.058665,22.060476],[82.058075,22.060707],[82.057382,22.06081],[82.056766,22.060964],[82.05597,22.061015],[82.055636,22.060887],[82.054147,22.060681],[82.053891,22.060887],[82.053275,22.060989],[82.052426,22.060704],[82.051511,22.061047],[82.050791,22.061524],[82.050297,22.06158],[82.050002,22.061543],[82.049638,22.061444],[82.049266,22.061385],[82.048287,22.061185],[82.046962,22.060851],[82.046676,22.061209],[82.046521,22.061281],[82.046286,22.061287],[82.045905,22.061209],[82.045703,22.060744],[82.045371,22.060492],[82.044954,22.060446],[82.044642,22.06009],[82.044118,22.060801],[82.0435,22.061672],[82.043141,22.062132],[82.04302,22.062489],[82.042904,22.063479],[82.042741,22.064288],[82.042731,22.065195],[82.042648,22.066534],[82.042354,22.068365],[82.042237,22.069665],[82.04209,22.071072],[82.042172,22.071443]]]]}},{"type":"Feature","properties":{"name":"Menar Wetland Complex","kind":"wetland","ramsarid":2567,"area_km2":4.6,"source":"Ramsar Sites Information Service"},"geometry":{"type":"MultiPolygon","coordinates":[[[[74.102193,24.60025],[74.102353,24.600466],[74.103229,24.603084],[74.102434,24.604471],[74.10328,24.605376],[74.103176,24.607044],[74.103631,24.608134],[74.10421,24.608881],[74.104876,24.609219],[74.105287,24.610447],[74.106995,24.610093],[74.106673,24.609107],[74.1072,24.608679],[74.107486,24.608041],[74.107595,24.607322],[74.107815,24.606761],[74.108465,24.606768],[74.108597,24.605314],[74.108077,24.604099],[74.108281,24.603593],[74.110476,24.603523],[74.111333,24.60288],[74.110752,24.602487],[74.110214,24.602251],[74.110072,24.601599],[74.11002,24.601132],[74.109433,24.601128],[74.109134,24.600758],[74.108755,24.600067],[74.108458,24.599413],[74.107484,24.599348],[74.10575,24.600022],[74.103747,24.600179],[74.10243,24.600137],[74.102193,24.60025]]],[[[74.062999,24.588541],[74.062254,24.588454],[74.062217,24.5891],[74.062738,24.589884],[74.063161,24.59057],[74.062852,24.590803],[74.063195,24.592439],[74.064417,24.59232],[74.065123,24.592582],[74.065965,24.592479],[74.06661,24.595107],[74.066666,24.595228],[74.069921,24.594543],[74.070066,24.594817],[74.070952,24.594751],[74.071407,24.596131],[74.072185,24.595849],[74.072157,24.595318],[74.073147,24.59511],[74.074386,24.595767],[74.076338,24.595506],[74.076542,24.59645],[74.077681,24.596438],[74.078321,24.596399],[74.078173,24.595784],[74.078504,24.595575],[74.078408,24.595074],[74.079182,24.594939],[74.08181,24.59445],[74.082093,24.59567],[74.082728,24.595514],[74.083219,24.596353],[74.083908,24.599064],[74.084929,24.598791],[74.085018,24.599044],[74.085768,24.598886],[74.086833,24.598657],[74.087362,24.598628],[74.088353,24.598383],[74.088633,24.598009],[74.088949,24.597936],[74.089228,24.598747],[74.090378,24.598455],[74.090343,24.597651],[74.092844,24.597149],[74.093069,24.597674],[74.093867,24.597621],[74.094864,24.597376],[74.095951,24.597535],[74.096,24.596762],[74.096263,24.596686],[74.096253,24.596175],[74.097563,24.595959],[74.099189,24.595832],[74.099038,24.594881],[74.100656,24.594505],[74.101379,24.594449],[74.101219,24.594043],[74.102692,24.594374],[74.103818,24.59437],[74.103819,24.594667],[74.104117,24.594701],[74.104058,24.595085],[74.104526,24.595424],[74.105206,24.595984],[74.105455,24.596185],[74.10633,24.597137],[74.107406,24.596884],[74.107389,24.596354],[74.108247,24.595843],[74.109498,24.595524],[74.110667,24.595162],[74.111241,24.595172],[74.111336,24.595834],[74.111962,24.595737],[74.112755,24.595546],[74.113351,24.59543],[74.114166,24.595137],[74.114468,24.595074],[74.114294,24.594378],[74.114501,24.593474],[74.114442,24.592177],[74.114363,24.590734],[74.113533,24.587913],[74.11196,24.588233],[74.111796,24.587576],[74.111396,24.587787],[74.109885,24.586416],[74.109238,24.58586],[74.10815,24.586477],[74.107123,24.586829],[74.107474,24.587469],[74.105813,24.588156],[74.103216,24.589406],[74.101537,24.589102],[74.10091,24.589583],[74.100592,24.589861],[74.099815,24.590099],[74.098544,24.590301],[74.097831,24.589688],[74.096936,24.590021],[74.097071,24.590461],[74.096116,24.590505],[74.095802,24.590111],[74.095473,24.590193],[74.09565,24.590408],[74.094445,24.590721],[74.093832,24.590512],[74.092372,24.590626],[74.091379,24.59074],[74.089754,24.590328],[74.088515,24.589835],[74.087711,24.58904],[74.085842,24.589103],[74.082444,24.589157],[74.080646,24.589313],[74.077989,24.589198],[74.077325,24.589055],[74.075568,24.589197],[74.072723,24.589003],[74.072641,24.588463],[74.070681,24.588415],[74.06996,24.587551],[74.069834,24.58667],[74.067866,24.58788],[74.066027,24.588343],[74.065976,24.587733],[74.064679,24.587937],[74.064593,24.58841],[74.063524,24.588706],[74.062999,24.588541]]]]}},{"type":"Feature","properties":{"name":"Siliserh lake","kind":"wetland","ramsarid":2581,"area_km2":3.2,"source":"Ramsar Sites Information Service"},"geometry":{"type":"MultiPolygon","coordinates":[[[[76.532892,27.517516],[76.53281,27.517775],[76.532709,27.518034],[76.53245,27.518239],[76.532397,27.518326],[76.532334,27.518792],[76.532294,27.519136],[76.532168,27.519863],[76.532059,27.520546],[76.531955,27.521088],[76.531892,27.521496],[76.531635,27.52212],[76.531249,27.522556],[76.530877,27.522756],[76.530642,27.522689],[76.530489,27.522254],[76.530495,27.521813],[76.530361,27.521517],[76.529833,27.521361],[76.529201,27.521401],[76.528682,27.521487],[76.527717,27.521802],[76.527341,27.522],[76.527007,27.522118],[76.526719,27.521948],[76.526197,27.521918],[76.525853,27.521955],[76.52555,27.521981],[76.525356,27.522194],[76.524881,27.522438],[76.52444,27.52328],[76.52403,27.524006],[76.523955,27.524311],[76.523907,27.525001],[76.523913,27.525457],[76.523904,27.525944],[76.523749,27.526436],[76.523631,27.526806],[76.523554,27.527154],[76.523508,27.527435],[76.52347,27.527664],[76.524125,27.527733],[76.524301,27.527862],[76.524325,27.528217],[76.52449,27.528895],[76.52457,27.529105],[76.524778,27.529336],[76.524882,27.529587],[76.524902,27.530157],[76.524601,27.530648],[76.524458,27.531134],[76.524297,27.531522],[76.523898,27.532193],[76.523427,27.532894],[76.522915,27.53323],[76.522275,27.533329],[76.521517,27.534161],[76.520494,27.535149],[76.519691,27.535732],[76.518768,27.536707],[76.518175,27.537415],[76.517672,27.538041],[76.516054,27.538986],[76.515999,27.539573],[76.51449,27.540546],[76.513589,27.541012],[76.512604,27.541983],[76.511685,27.542873],[76.511682,27.543422],[76.512381,27.543453],[76.513954,27.541986],[76.515775,27.541889],[76.517025,27.541303],[76.519129,27.541139],[76.520713,27.541778],[76.522059,27.541822],[76.52287,27.541645],[76.523542,27.541268],[76.523591,27.540882],[76.523591,27.540439],[76.524488,27.539869],[76.525029,27.539476],[76.525507,27.539344],[76.525753,27.539156],[76.526155,27.539426],[76.526457,27.539894],[76.526812,27.539974],[76.527153,27.539976],[76.527391,27.539612],[76.527714,27.539336],[76.528455,27.539026],[76.528714,27.538772],[76.529107,27.538831],[76.529823,27.539018],[76.530402,27.539045],[76.530763,27.53873],[76.53099,27.538487],[76.531291,27.5377],[76.531444,27.537187],[76.531503,27.536815],[76.531444,27.536668],[76.531747,27.536006],[76.531869,27.535751],[76.531848,27.535409],[76.531884,27.535253],[76.532012,27.535156],[76.532274,27.5351],[76.532537,27.53501],[76.532629,27.534748],[76.532637,27.5344],[76.532587,27.533954],[76.532599,27.533567],[76.532903,27.532545],[76.533151,27.531543],[76.533156,27.530856],[76.533423,27.529516],[76.533267,27.528463],[76.533376,27.528125],[76.533825,27.527715],[76.534169,27.527182],[76.534923,27.527334],[76.536414,27.528836],[76.536466,27.529831],[76.536038,27.53076],[76.53625,27.531733],[76.536575,27.532578],[76.536647,27.534369],[76.536343,27.538185],[76.539699,27.537907],[76.540243,27.537685],[76.540339,27.536282],[76.540395,27.535137],[76.540343,27.533856],[76.540279,27.532333],[76.540373,27.530989],[76.540392,27.529456],[76.540213,27.528468],[76.539929,27.527881],[76.53935,27.527225],[76.539078,27.52682],[76.538863,27.525803],[76.538433,27.524775],[76.53794,27.523984],[76.537076,27.522619],[76.536237,27.520197],[76.535893,27.51864],[76.535839,27.517953],[76.535895,27.517661],[76.53584,27.517549],[76.535752,27.51754],[76.535279,27.517544],[76.534728,27.51755],[76.534153,27.517526],[76.533443,27.517525],[76.532905,27.517515],[76.532892,27.517516]]]]}},{"type":"Feature","properties":{"name":"Khichan wetland","kind":"wetland","ramsarid":2568,"area_km2":0.5,"source":"Ramsar Sites Information Service"},"geometry":{"type":"MultiPolygon","coordinates":[[[[72.415892,27.142368],[72.415928,27.142846],[72.416198,27.143442],[72.41638,27.144208],[72.416482,27.144648],[72.416625,27.145089],[72.416598,27.145529],[72.416635,27.145988],[72.416761,27.14618],[72.416953,27.146182],[72.417359,27.146167],[72.417786,27.146191],[72.418426,27.146255],[72.418811,27.14622],[72.41922,27.145957],[72.419694,27.145656],[72.419956,27.145219],[72.419917,27.144951],[72.41975,27.144606],[72.419755,27.144243],[72.419778,27.144223],[72.419928,27.144092],[72.420122,27.14396],[72.420467,27.143715],[72.42047,27.143712],[72.420511,27.143639],[72.420641,27.143449],[72.420644,27.143239],[72.420649,27.142857],[72.420738,27.142571],[72.420804,27.142467],[72.420833,27.141827],[72.420843,27.141005],[72.420784,27.140641],[72.420597,27.140563],[72.420534,27.140467],[72.420483,27.140224],[72.420517,27.140136],[72.420685,27.140048],[72.420837,27.139858],[72.420873,27.139757],[72.420771,27.139585],[72.420411,27.138922],[72.419913,27.137799],[72.419702,27.137492],[72.419382,27.137217],[72.419248,27.137162],[72.419055,27.137069],[72.418887,27.136997],[72.418512,27.136937],[72.418364,27.136951],[72.418238,27.136968],[72.417904,27.137057],[72.417539,27.137168],[72.417281,27.137318],[72.417044,27.137507],[72.416913,27.137678],[72.416887,27.137845],[72.416904,27.137956],[72.417186,27.138191],[72.417477,27.138696],[72.417515,27.139079],[72.417336,27.139708],[72.417051,27.14024],[72.41666,27.14079],[72.416378,27.141093],[72.416246,27.141397],[72.416172,27.141562],[72.416031,27.141879],[72.415892,27.142368]]],[[[72.413014,27.142929],[72.413139,27.143092],[72.4133,27.143251],[72.413646,27.143425],[72.414219,27.143717],[72.414728,27.144009],[72.415004,27.144127],[72.415059,27.14414],[72.415147,27.14413],[72.415192,27.144109],[72.41525,27.144082],[72.415402,27.143873],[72.415563,27.143474],[72.415677,27.143236],[72.415715,27.142787],[72.415736,27.142441],[72.415865,27.141957],[72.416135,27.141232],[72.416351,27.14083],[72.416662,27.140499],[72.416884,27.140159],[72.417086,27.139593],[72.417157,27.1395],[72.417323,27.139214],[72.417375,27.138963],[72.417311,27.138687],[72.417141,27.138411],[72.41687,27.138132],[72.416708,27.138016],[72.416539,27.137951],[72.416213,27.137912],[72.4158,27.137884],[72.415305,27.137926],[72.414755,27.138147],[72.414472,27.138319],[72.414362,27.138419],[72.414106,27.138774],[72.413955,27.139083],[72.413938,27.139405],[72.41393,27.139587],[72.413967,27.140007],[72.413855,27.140465],[72.413659,27.140955],[72.413634,27.141017],[72.413372,27.141454],[72.413138,27.141732],[72.413063,27.141912],[72.412976,27.142303],[72.412958,27.142642],[72.412974,27.142813],[72.413001,27.142908],[72.413014,27.142929]]]]}},{"type":"Feature","properties":{"name":"Gogabil Lake","kind":"wetland","ramsarid":2579,"area_km2":0.9,"source":"Ramsar Sites Information Service"},"geometry":{"type":"MultiPolygon","coordinates":[[[[87.697295,25.380164],[87.697247,25.380279],[87.697492,25.380184],[87.697814,25.379876],[87.697935,25.379637],[87.6976,25.379139],[87.697585,25.378619],[87.698043,25.378071],[87.698259,25.377589],[87.698698,25.377062],[87.699003,25.376383],[87.699241,25.375909],[87.699091,25.375527],[87.69895,25.375213],[87.698859,25.37501],[87.69866,25.374736],[87.698577,25.374621],[87.698691,25.374621],[87.698885,25.37474],[87.699091,25.374865],[87.699035,25.374649],[87.698939,25.37453],[87.698777,25.374435],[87.698541,25.374473],[87.69843,25.374426],[87.698351,25.374294],[87.698322,25.374154],[87.698261,25.373666],[87.698222,25.37327],[87.698255,25.372748],[87.698213,25.372319],[87.698208,25.372167],[87.698189,25.371946],[87.698115,25.371926],[87.698046,25.371925],[87.698056,25.372338],[87.698084,25.372771],[87.698041,25.373404],[87.698096,25.374111],[87.698132,25.374326],[87.698062,25.374391],[87.698002,25.374296],[87.697944,25.37423],[87.697866,25.374106],[87.697703,25.374015],[87.697525,25.37397],[87.697371,25.373945],[87.697317,25.373901],[87.697399,25.373649],[87.697072,25.373096],[87.697007,25.372929],[87.696992,25.37278],[87.697002,25.372642],[87.696943,25.372491],[87.696914,25.3724],[87.696787,25.372082],[87.696768,25.372375],[87.696835,25.372659],[87.696883,25.372862],[87.696874,25.373062],[87.696695,25.373058],[87.696435,25.372982],[87.696001,25.372959],[87.695308,25.372624],[87.69503,25.372762],[87.694605,25.372877],[87.694321,25.372975],[87.694168,25.372945],[87.694159,25.372708],[87.694315,25.372251],[87.694463,25.372175],[87.694601,25.37207],[87.694703,25.372149],[87.695001,25.372255],[87.694687,25.371831],[87.694527,25.371895],[87.694181,25.372043],[87.693903,25.372122],[87.693721,25.371998],[87.693625,25.371837],[87.693265,25.371346],[87.693182,25.371048],[87.692856,25.370791],[87.692317,25.370477],[87.692083,25.370138],[87.691953,25.369874],[87.691737,25.369677],[87.691404,25.369405],[87.691205,25.369158],[87.6909,25.368817],[87.690635,25.368498],[87.690254,25.368253],[87.689849,25.367951],[87.689601,25.367774],[87.689518,25.367746],[87.689406,25.36769],[87.689323,25.367638],[87.689225,25.367615],[87.688985,25.367508],[87.688829,25.367382],[87.688686,25.367303],[87.688552,25.367206],[87.688392,25.367098],[87.688208,25.366937],[87.68807,25.367132],[87.688297,25.367302],[87.688522,25.367484],[87.68872,25.367667],[87.68864,25.367861],[87.688499,25.368125],[87.688396,25.368368],[87.6883,25.368757],[87.688307,25.369217],[87.688536,25.369656],[87.688539,25.370247],[87.688511,25.370823],[87.688466,25.3714],[87.688343,25.372034],[87.688282,25.372481],[87.688224,25.372897],[87.688495,25.373619],[87.688545,25.374051],[87.688518,25.374298],[87.688645,25.3748],[87.688776,25.3753],[87.689145,25.37585],[87.689567,25.376365],[87.689843,25.376736],[87.690485,25.37749],[87.691531,25.378428],[87.69285,25.379318],[87.694108,25.379804],[87.69574,25.379987],[87.696787,25.379718],[87.697044,25.379984],[87.697295,25.380164]]]]}},{"type":"Feature","properties":{"name":"Udaipur Jheel","kind":"wetland","ramsarid":2577,"area_km2":3.2,"source":"Ramsar Sites Information Service"},"geometry":{"type":"MultiPolygon","coordinates":[[[[84.449704,26.786071],[84.449882,26.78478],[84.4499,26.784577],[84.447902,26.785347],[84.447436,26.785043],[84.447243,26.78342],[84.448008,26.782424],[84.447315,26.780473],[84.445141,26.780242],[84.444841,26.785532],[84.444474,26.787673],[84.444947,26.78934],[84.445297,26.791035],[84.445463,26.79321],[84.445616,26.793962],[84.445656,26.794903],[84.445819,26.795301],[84.445734,26.796309],[84.445801,26.797062],[84.44579,26.798743],[84.445979,26.799239],[84.445976,26.799682],[84.446213,26.800137],[84.445976,26.800376],[84.445785,26.800473],[84.445351,26.802149],[84.445254,26.802342],[84.445205,26.802536],[84.445204,26.802731],[84.445155,26.802926],[84.445106,26.803121],[84.445105,26.803269],[84.444561,26.804647],[84.444315,26.804847],[84.444068,26.805097],[84.443968,26.805198],[84.442734,26.805499],[84.44206,26.80624],[84.441191,26.807567],[84.440419,26.808104],[84.440164,26.808593],[84.439669,26.808645],[84.439307,26.808685],[84.438719,26.808917],[84.437266,26.809619],[84.435656,26.810089],[84.434779,26.810986],[84.432541,26.81174],[84.432175,26.811268],[84.431792,26.811186],[84.431506,26.810859],[84.429762,26.810002],[84.429082,26.809564],[84.428373,26.808913],[84.427825,26.808211],[84.427702,26.80778],[84.426739,26.807004],[84.426473,26.806009],[84.42633,26.804398],[84.425847,26.803041],[84.425939,26.802707],[84.426992,26.800206],[84.432442,26.795438],[84.432636,26.795308],[84.437257,26.791917],[84.440376,26.788702],[84.44285,26.785414],[84.444056,26.782469],[84.44233,26.780146],[84.440006,26.781855],[84.437094,26.783689],[84.435059,26.786738],[84.433712,26.789575],[84.433385,26.791297],[84.429675,26.793551],[84.428477,26.794477],[84.427828,26.794102],[84.427539,26.793909],[84.42709,26.793838],[84.426928,26.793909],[84.426647,26.793542],[84.426488,26.793489],[84.42633,26.793427],[84.426262,26.793616],[84.426132,26.793701],[84.426125,26.793889],[84.426108,26.794244],[84.425944,26.794816],[84.425985,26.795295],[84.425964,26.795591],[84.425453,26.796154],[84.425072,26.796821],[84.424439,26.797401],[84.423488,26.799024],[84.423256,26.801301],[84.423067,26.801891],[84.423004,26.802403],[84.423174,26.804017],[84.423386,26.80759],[84.425865,26.811099],[84.42838,26.813367],[84.43274,26.813762],[84.437776,26.812727],[84.44229,26.810774],[84.445383,26.807781],[84.447517,26.80482],[84.447841,26.804008],[84.448475,26.801861],[84.449013,26.79715],[84.448921,26.796036],[84.448522,26.794408],[84.448538,26.792125],[84.449163,26.789124],[84.449503,26.787291],[84.449704,26.786071]]]]}},{"type":"Feature","properties":{"name":"Glaw Lake","kind":"wetland","ramsarid":2597,"area_km2":1.3,"source":"Ramsar Sites Information Service"},"geometry":{"type":"MultiPolygon","coordinates":[[[[96.449366,27.693398],[96.44939,27.693385],[96.4494,27.693379],[96.449366,27.693398]]],[[[96.449366,27.693398],[96.449125,27.693307],[96.449223,27.693203],[96.448789,27.693086],[96.448873,27.692881],[96.448671,27.692836],[96.44891,27.692723],[96.448661,27.692716],[96.448969,27.692584],[96.448559,27.692282],[96.448563,27.69326],[96.447879,27.692891],[96.447102,27.693013],[96.447125,27.693217],[96.446965,27.6933],[96.446292,27.693188],[96.44595,27.692927],[96.445952,27.69352],[96.445595,27.694959],[96.445814,27.695691],[96.445354,27.6961],[96.445371,27.696718],[96.445575,27.697286],[96.446332,27.697535],[96.446385,27.697737],[96.445946,27.698915],[96.446103,27.699144],[96.445924,27.700302],[96.446035,27.700344],[96.445783,27.700654],[96.445715,27.701358],[96.445384,27.701774],[96.445714,27.702177],[96.446429,27.701921],[96.446553,27.701675],[96.44684,27.701568],[96.446867,27.701274],[96.447655,27.701215],[96.448124,27.70151],[96.448507,27.701361],[96.448545,27.700974],[96.449046,27.700606],[96.449068,27.700222],[96.449733,27.699779],[96.450213,27.699798],[96.450658,27.700072],[96.451302,27.699969],[96.451484,27.699409],[96.451461,27.698803],[96.451689,27.698589],[96.451771,27.698108],[96.452081,27.698175],[96.452309,27.698715],[96.452262,27.700371],[96.452629,27.701392],[96.452973,27.701582],[96.454101,27.701168],[96.455267,27.701061],[96.455601,27.701251],[96.456385,27.701006],[96.45679,27.701106],[96.457685,27.700987],[96.457981,27.700688],[96.458676,27.700568],[96.459205,27.70015],[96.459366,27.699524],[96.460035,27.699221],[96.460047,27.698627],[96.460514,27.698459],[96.460755,27.69784],[96.460457,27.695965],[96.460793,27.695455],[96.460478,27.694728],[96.460006,27.694483],[96.460156,27.694029],[96.460023,27.693469],[96.459453,27.692745],[96.459711,27.691844],[96.459282,27.691376],[96.459018,27.691287],[96.458919,27.69155],[96.45887,27.691364],[96.458099,27.691296],[96.457971,27.691518],[96.457658,27.691574],[96.456643,27.691245],[96.456091,27.69172],[96.456028,27.691502],[96.455555,27.69139],[96.455979,27.692307],[96.455427,27.692456],[96.455456,27.692673],[96.455661,27.69278],[96.455585,27.692937],[96.45467,27.691984],[96.453482,27.692108],[96.45322,27.692571],[96.453387,27.692647],[96.453386,27.692984],[96.452907,27.693126],[96.452933,27.693344],[96.452313,27.693393],[96.452194,27.693824],[96.451997,27.693637],[96.450773,27.693402],[96.449366,27.693398]]]]}},{"type":"Feature","properties":{"name":"Jai Prakash Narayan Bird Sanctuary","kind":"wetland","ramsarid":2595,"area_km2":34.3,"source":"Ramsar Sites Information Service"},"geometry":{"type":"MultiPolygon","coordinates":[[[[84.14847,25.859797],[84.149372,25.860541],[84.150186,25.861237],[84.150699,25.861646],[84.150998,25.86185],[84.151721,25.8622],[84.153913,25.863287],[84.15488,25.863973],[84.155166,25.864236],[84.157337,25.865204],[84.15739,25.86532],[84.157447,25.865381],[84.157535,25.865429],[84.158543,25.865626],[84.158511,25.865739],[84.158991,25.865852],[84.160123,25.865984],[84.160115,25.866262],[84.160094,25.867],[84.161712,25.867049],[84.16226,25.867065],[84.162243,25.867311],[84.162193,25.868065],[84.16411,25.86823],[84.165175,25.868039],[84.16577,25.868038],[84.166363,25.868162],[84.166985,25.868258],[84.168802,25.868499],[84.169352,25.86852],[84.169417,25.868528],[84.170304,25.868572],[84.173443,25.867968],[84.173504,25.86857],[84.173917,25.868505],[84.173906,25.868337],[84.174216,25.868302],[84.174298,25.868608],[84.174871,25.868478],[84.174881,25.868377],[84.175299,25.868239],[84.175321,25.867907],[84.175663,25.867806],[84.175852,25.8683],[84.17648,25.868123],[84.177022,25.867988],[84.178192,25.867693],[84.178261,25.867966],[84.179203,25.867716],[84.179176,25.867556],[84.179303,25.867495],[84.180096,25.867231],[84.180448,25.867136],[84.180594,25.867096],[84.180739,25.867033],[84.181195,25.866836],[84.181558,25.866797],[84.181652,25.866787],[84.181745,25.866766],[84.182102,25.866687],[84.182324,25.866621],[84.182809,25.866457],[84.182944,25.866411],[84.183171,25.866327],[84.183332,25.866324],[84.183449,25.866345],[84.18347,25.866349],[84.183492,25.866361],[84.183577,25.866408],[84.183733,25.866461],[84.18382,25.866476],[84.184446,25.866473],[84.184643,25.866435],[84.184705,25.866423],[84.185013,25.866343],[84.185602,25.866117],[84.185842,25.866005],[84.186245,25.865817],[84.186899,25.865471],[84.186978,25.865436],[84.186991,25.86543],[84.187083,25.865389],[84.18725,25.865368],[84.187535,25.865373],[84.187757,25.865318],[84.188268,25.865141],[84.188605,25.865024],[84.189042,25.864925],[84.189116,25.8649],[84.189257,25.864853],[84.189381,25.86485],[84.189561,25.864858],[84.189697,25.864832],[84.189764,25.864791],[84.189757,25.864693],[84.189127,25.862085],[84.189337,25.862047],[84.189571,25.862002],[84.189712,25.861926],[84.190317,25.861616],[84.190451,25.861517],[84.190675,25.861316],[84.190875,25.861143],[84.19091,25.861131],[84.191121,25.861059],[84.19124,25.861113],[84.191337,25.861273],[84.191527,25.861154],[84.191612,25.861268],[84.191629,25.861295],[84.191632,25.861294],[84.193045,25.860744],[84.193065,25.860736],[84.192609,25.859172],[84.192704,25.859067],[84.192757,25.85903],[84.192874,25.858951],[84.193058,25.858857],[84.193366,25.858794],[84.193989,25.858659],[84.193777,25.857957],[84.194526,25.857257],[84.194752,25.858179],[84.195558,25.857823],[84.195782,25.858376],[84.196416,25.858183],[84.195949,25.857595],[84.195467,25.856364],[84.195988,25.855922],[84.196454,25.857125],[84.197675,25.856639],[84.197193,25.854941],[84.197497,25.854687],[84.198417,25.853958],[84.199029,25.856611],[84.199185,25.856636],[84.199243,25.85673],[84.199789,25.856543],[84.199666,25.856077],[84.200069,25.855898],[84.200016,25.85556],[84.200212,25.855486],[84.200143,25.854969],[84.202412,25.854513],[84.202703,25.854454],[84.202583,25.854132],[84.20225,25.853522],[84.200985,25.851554],[84.200989,25.851553],[84.201293,25.851339],[84.201523,25.851137],[84.20175,25.850829],[84.201888,25.850647],[84.202068,25.850452],[84.202237,25.85028],[84.202362,25.850064],[84.20248,25.849843],[84.202709,25.849591],[84.202995,25.849422],[84.203372,25.849133],[84.203602,25.848932],[84.2038,25.848681],[84.203986,25.848452],[84.204098,25.848237],[84.204228,25.847993],[84.20442,25.847764],[84.204587,25.84753],[84.204786,25.847318],[84.204881,25.84717],[84.204821,25.847131],[84.204349,25.846503],[84.204839,25.846147],[84.205258,25.846417],[84.205517,25.845999],[84.205483,25.845912],[84.205456,25.845766],[84.205378,25.845612],[84.205333,25.845495],[84.205229,25.845274],[84.20508,25.845261],[84.204975,25.845183],[84.204895,25.84497],[84.204755,25.844759],[84.204672,25.844605],[84.204532,25.844423],[84.204412,25.844278],[84.20424,25.844131],[84.204001,25.844035],[84.203864,25.842824],[84.203848,25.842683],[84.203836,25.842579],[84.203966,25.842559],[84.204174,25.842542],[84.204342,25.842555],[84.204571,25.842588],[84.204724,25.842597],[84.20487,25.842649],[84.205065,25.842632],[84.20519,25.842633],[84.205377,25.842654],[84.205535,25.842668],[84.205642,25.842657],[84.205734,25.842634],[84.205846,25.842631],[84.205916,25.842655],[84.206064,25.842622],[84.20618,25.842611],[84.206309,25.842558],[84.206368,25.842531],[84.20648,25.842529],[84.206583,25.842548],[84.206703,25.842545],[84.206758,25.842502],[84.206751,25.842426],[84.20675,25.842359],[84.206756,25.842262],[84.206828,25.842151],[84.206886,25.84207],[84.206917,25.842002],[84.206919,25.841926],[84.206907,25.841834],[84.206893,25.841662],[84.206844,25.841381],[84.206864,25.84125],[84.206874,25.841102],[84.206876,25.84101],[84.206892,25.840925],[84.206961,25.840866],[84.207186,25.840788],[84.206484,25.839795],[84.206273,25.839496],[84.206333,25.839459],[84.207595,25.838853],[84.2084,25.838734],[84.208462,25.839151],[84.208473,25.839224],[84.2106,25.838601],[84.21058,25.838387],[84.210522,25.838402],[84.210017,25.838542],[84.209996,25.838507],[84.209882,25.837898],[84.209987,25.837885],[84.211913,25.837653],[84.212038,25.837644],[84.211584,25.835778],[84.211381,25.834847],[84.211097,25.832513],[84.2112,25.831731],[84.211197,25.831642],[84.211144,25.831564],[84.211072,25.831489],[84.210977,25.831399],[84.210326,25.831485],[84.210301,25.831323],[84.210301,25.831321],[84.207927,25.831546],[84.207927,25.831546],[84.207821,25.831557],[84.207598,25.829827],[84.207431,25.827848],[84.207354,25.827781],[84.207198,25.827672],[84.207005,25.827457],[84.20682,25.827142],[84.206753,25.826961],[84.206606,25.826568],[84.2064,25.825865],[84.206096,25.825223],[84.205846,25.824847],[84.205724,25.824665],[84.205637,25.824535],[84.205204,25.823986],[84.205083,25.823867],[84.20506,25.823844],[84.204898,25.823684],[84.204663,25.823552],[84.204316,25.823358],[84.203707,25.823222],[84.203527,25.823249],[84.202938,25.823338],[84.202681,25.823435],[84.201064,25.820438],[84.197754,25.821621],[84.197273,25.820089],[84.197708,25.819894],[84.19761,25.81958],[84.195834,25.814644],[84.189775,25.816067],[84.18895,25.816261],[84.189133,25.817283],[84.186732,25.817857],[84.18424,25.81822],[84.184097,25.817705],[84.183863,25.816863],[84.183526,25.817127],[84.183109,25.817287],[84.182896,25.817454],[84.182427,25.81775],[84.182458,25.817969],[84.182417,25.818001],[84.180772,25.818296],[84.180654,25.818429],[84.177452,25.818987],[84.177387,25.817598],[84.177375,25.817354],[84.176479,25.817524],[84.174343,25.818143],[84.174369,25.818294],[84.174382,25.818373],[84.172161,25.819023],[84.171658,25.816926],[84.168915,25.817256],[84.168797,25.816972],[84.167546,25.817258],[84.165772,25.817663],[84.165702,25.817374],[84.165426,25.816331],[84.165418,25.816285],[84.165061,25.816388],[84.163038,25.816968],[84.162964,25.816714],[84.162927,25.816586],[84.162019,25.81685],[84.161197,25.817075],[84.160646,25.816036],[84.159976,25.814716],[84.15964,25.814844],[84.159562,25.814873],[84.159281,25.814285],[84.159102,25.814337],[84.158429,25.813137],[84.157973,25.812403],[84.15771,25.811818],[84.157246,25.810683],[84.157185,25.810533],[84.155471,25.811183],[84.155428,25.811195],[84.154807,25.81143],[84.152671,25.812007],[84.151054,25.812541],[84.151047,25.812543],[84.15105,25.812591],[84.151064,25.812792],[84.151053,25.812916],[84.151027,25.812989],[84.150925,25.813086],[84.149054,25.81364],[84.149003,25.813655],[84.147774,25.814019],[84.147731,25.813721],[84.145748,25.813734],[84.144089,25.813815],[84.140191,25.813899],[84.140196,25.814352],[84.140166,25.817284],[84.140008,25.820362],[84.139854,25.823827],[84.139679,25.824918],[84.139587,25.825225],[84.138728,25.827505],[84.137902,25.829487],[84.137367,25.830619],[84.136919,25.831596],[84.136713,25.832159],[84.136594,25.83263],[84.13661,25.832849],[84.136715,25.833057],[84.136944,25.833371],[84.137094,25.833637],[84.13718,25.833984],[84.137255,25.834311],[84.137395,25.835026],[84.13731,25.835567],[84.137235,25.836057],[84.137167,25.836398],[84.137414,25.837818],[84.137545,25.838204],[84.137609,25.838542],[84.137501,25.839053],[84.137477,25.839383],[84.137882,25.841085],[84.138361,25.84301],[84.138917,25.845105],[84.138796,25.845171],[84.139403,25.846785],[84.140573,25.849315],[84.140619,25.849423],[84.141251,25.850894],[84.141329,25.851079],[84.141431,25.85129],[84.14149,25.851412],[84.141732,25.851321],[84.142957,25.850859],[84.143226,25.851476],[84.144022,25.852661],[84.144919,25.854221],[84.145732,25.855679],[84.146873,25.857556],[84.146983,25.857928],[84.146984,25.858134],[84.146952,25.858316],[84.146924,25.858489],[84.146927,25.858611],[84.146944,25.858741],[84.146964,25.858795],[84.146995,25.858887],[84.147169,25.85898],[84.147221,25.858987],[84.147331,25.858959],[84.147437,25.858898],[84.147861,25.859301],[84.14847,25.859797]]]]}},{"type":"Feature","properties":{"name":"Sheikha Jheel Bird Sanctuary","kind":"wetland","ramsarid":2594,"area_km2":0.4,"source":"Ramsar Sites Information Service"},"geometry":{"type":"MultiPolygon","coordinates":[[[[78.218687,27.861406],[78.219691,27.859743],[78.220688,27.857771],[78.221724,27.855733],[78.222125,27.854874],[78.221834,27.854741],[78.22133,27.854668],[78.220925,27.854754],[78.22032,27.854887],[78.219217,27.854888],[78.217941,27.85487],[78.21596,27.854811],[78.215644,27.854977],[78.215089,27.855259],[78.214718,27.85548],[78.214732,27.856478],[78.214188,27.856341],[78.213594,27.857346],[78.214126,27.857941],[78.214321,27.858074],[78.213191,27.858707],[78.215475,27.859984],[78.217996,27.861264],[78.218163,27.861133],[78.218687,27.861406]]]]}}]}
