{"type":"FeatureCollection","features":[{"type":"Feature","properties":{"name":"Abor Range","kind":"mountain range","wikidata":"Q3291847","area_km2":3377,"source":"GMBA Mountain Inventory v2.0 (CC BY 4.0)"},"geometry":{"type":"Polygon","coordinates":[[[94.9561,28.3124],[94.9535,28.2822],[94.9647,28.2794],[94.9765,28.2883],[94.9864,28.2752],[94.9904,28.2436],[95.0072,28.2291],[95.0051,28.199],[95.0196,28.1947],[95.0551,28.1592],[95.1254,28.1363],[95.1916,28.1661],[95.2,28.1617],[95.2092,28.1781],[95.2241,28.1655],[95.2361,28.1717],[95.2841,28.1469],[95.2955,28.1327],[95.2907,28.1126],[95.3032,28.0715],[95.2923,28.0406],[95.2615,28.012],[95.167,27.9714],[95.17,27.9512],[95.1603,27.9353],[95.1377,27.9324],[95.1151,27.9425],[95.0806,27.9093],[95.0272,27.8794],[95.0278,27.8694],[95.0143,27.8627],[94.9888,27.8717],[94.9753,27.8607],[94.9448,27.8706],[94.9178,27.8925],[94.9051,27.8817],[94.9073,27.8629],[94.925,27.8636],[94.928,27.857],[94.8838,27.828],[94.8666,27.8427],[94.8544,27.8423],[94.8505,27.8262],[94.8367,27.8235],[94.8207,27.8328],[94.7901,27.8342],[94.7739,27.8217],[94.7424,27.8155],[94.716,27.7891],[94.6776,27.8134],[94.6599,27.8095],[94.6406,27.7933],[94.6461,27.774],[94.626,27.7467],[94.6111,27.7529],[94.5925,27.7301],[94.603,27.7184],[94.5871,27.7204],[94.563,27.7072],[94.5438,27.7115],[94.5123,27.7411],[94.4877,27.7404],[94.4843,27.7306],[94.4968,27.7113],[94.4703,27.702],[94.4534,27.6787],[94.3901,27.68],[94.3343,27.6613],[94.3084,27.6662],[94.2697,27.6571],[94.2624,27.6624],[94.2801,27.6727],[94.2692,27.6813],[94.278,27.7218],[94.2886,27.7215],[94.2497,27.7495],[94.253,27.7742],[94.1436,27.7749],[94.1385,27.7942],[94.1551,27.8322],[94.1755,27.8197],[94.1863,27.8282],[94.1476,27.8873],[94.13,27.8956],[94.1283,27.9264],[94.1405,27.9364],[94.2092,27.9715],[94.2291,27.9915],[94.2468,27.9906],[94.2718,27.9674],[94.2786,27.9753],[94.303,27.9531],[94.3071,27.9606],[94.2987,27.978],[94.302,28.0044],[94.3085,28.008],[94.3233,27.9953],[94.3601,27.9876],[94.3744,27.9681],[94.3963,27.9611],[94.3993,27.9512],[94.45,27.9395],[94.499,27.9741],[94.5919,27.9743],[94.6061,27.9669],[94.6469,28.0047],[94.6626,27.9865],[94.6941,27.9887],[94.6939,28.0073],[94.7202,28.0529],[94.7414,28.0551],[94.7613,28.0781],[94.7964,28.0886],[94.8076,28.1071],[94.8052,28.1281],[94.7892,28.1426],[94.7946,28.1697],[94.8427,28.228],[94.8348,28.2472],[94.8651,28.2838],[94.8651,28.2964],[94.8846,28.3092],[94.9196,28.3052],[94.9459,28.3205],[94.9561,28.3124]]]}},{"type":"Feature","properties":{"name":"Ajanta Range","kind":"mountain range","wikidata":"Q26791776","area_km2":305,"source":"GMBA Mountain Inventory v2.0 (CC BY 4.0)"},"geometry":{"type":"MultiPolygon","coordinates":[[[[75.5915,20.5503],[75.5954,20.5382],[75.6108,20.5385],[75.6066,20.5264],[75.5676,20.4988],[75.5387,20.505],[75.5109,20.4824],[75.4963,20.4801],[75.4748,20.4946],[75.4507,20.4697],[75.4409,20.4747],[75.4149,20.4695],[75.3873,20.4509],[75.3757,20.4588],[75.3572,20.4425],[75.3187,20.4315],[75.309,20.4176],[75.2859,20.4293],[75.2633,20.4171],[75.2634,20.4008],[75.2533,20.3959],[75.2293,20.4009],[75.2195,20.3841],[75.2079,20.3844],[75.2044,20.3735],[75.1904,20.369],[75.1907,20.352],[75.1776,20.3456],[75.1696,20.3237],[75.1462,20.3142],[75.1339,20.3184],[75.1237,20.3113],[75.1067,20.324],[75.0502,20.3218],[75.0461,20.3344],[75.0306,20.3341],[75.0141,20.3176],[75.0104,20.3401],[75.0441,20.3727],[75.0626,20.3533],[75.0834,20.3509],[75.1283,20.3718],[75.1458,20.3613],[75.1716,20.4061],[75.1857,20.4095],[75.1979,20.429],[75.2101,20.4249],[75.2199,20.4323],[75.2304,20.4535],[75.2438,20.4571],[75.2554,20.4493],[75.2614,20.4614],[75.3341,20.4549],[75.3471,20.4744],[75.372,20.4907],[75.3969,20.4801],[75.4028,20.4923],[75.4422,20.5054],[75.4595,20.5239],[75.5053,20.5121],[75.5552,20.5426],[75.5613,20.5572],[75.5915,20.5503]]],[[[74.9716,20.2865],[74.9553,20.2892],[74.9577,20.2973],[74.982,20.2965],[74.9716,20.2865]]],[[[74.9073,20.282],[74.8719,20.2779],[74.8766,20.312],[74.8902,20.32],[74.9273,20.3185],[74.9335,20.308],[74.9292,20.293],[74.9106,20.2898],[74.9073,20.282]]]]}},{"type":"Feature","properties":{"name":"Ajodhya Hills","kind":"mountain range","wikidata":"Q4699927","area_km2":62,"source":"GMBA Mountain Inventory v2.0 (CC BY 4.0)"},"geometry":{"type":"MultiPolygon","coordinates":[[[[86.161,23.1607],[86.1738,23.1526],[86.1711,23.1385],[86.1473,23.1424],[86.1355,23.1198],[86.1157,23.1167],[86.1041,23.1061],[86.07,23.1172],[86.0647,23.127],[86.0683,23.1388],[86.0791,23.1382],[86.0959,23.1589],[86.161,23.1607]]],[[[86.0133,23.2364],[86.0041,23.2363],[85.989,23.2551],[85.9732,23.2574],[85.9754,23.2841],[86.0207,23.2775],[86.0292,23.2597],[86.0245,23.2432],[86.0133,23.2364]]]]}},{"type":"Feature","properties":{"name":"Amarkantak Range","kind":"mountain range","wikidata":null,"area_km2":682,"source":"GMBA Mountain Inventory v2.0 (CC BY 4.0)"},"geometry":{"type":"MultiPolygon","coordinates":[[[[82.5134,22.5468],[82.4776,22.5594],[82.4241,22.5979],[82.4216,22.6221],[82.4031,22.6339],[82.4292,22.6695],[82.4754,22.6617],[82.4992,22.6306],[82.528,22.6196],[82.5401,22.6022],[82.5401,22.5724],[82.5134,22.5468]]],[[[82.3186,22.7019],[82.3549,22.7073],[82.3727,22.6932],[82.3816,22.6627],[82.366,22.6135],[82.3905,22.6137],[82.3925,22.5759],[82.4049,22.5821],[82.4212,22.5669],[82.4301,22.541],[82.401,22.5387],[82.4039,22.5262],[82.4176,22.5228],[82.4155,22.5008],[82.3932,22.4819],[82.3739,22.4488],[82.3409,22.4281],[82.3161,22.4279],[82.2885,22.4604],[82.2809,22.4565],[82.2572,22.4696],[82.2641,22.4833],[82.25,22.5091],[82.1994,22.5258],[82.1949,22.5441],[82.1821,22.5473],[82.1823,22.5612],[82.1534,22.555],[82.118,22.5772],[82.0851,22.5766],[82.0318,22.5431],[82.0168,22.5617],[81.9926,22.5653],[81.995,22.5861],[82.0146,22.5885],[82.0195,22.5987],[82.0575,22.593],[82.0653,22.6091],[82.0962,22.6216],[82.1554,22.6059],[82.2058,22.6095],[82.2185,22.6009],[82.2512,22.6167],[82.2989,22.5926],[82.3032,22.5456],[82.2964,22.5253],[82.3098,22.4686],[82.3572,22.4757],[82.3428,22.5037],[82.3424,22.5237],[82.3567,22.5285],[82.3719,22.5799],[82.3419,22.5888],[82.3339,22.6247],[82.3213,22.6288],[82.3115,22.6489],[82.3018,22.6439],[82.288,22.655],[82.2758,22.6487],[82.2708,22.6281],[82.2449,22.6276],[82.2468,22.6423],[82.2207,22.654],[82.2587,22.6712],[82.2622,22.6834],[82.2552,22.6945],[82.2786,22.6975],[82.2983,22.6823],[82.3186,22.7019]]],[[[82.3186,22.7019],[82.3043,22.7005],[82.2989,22.7017],[82.3195,22.7145],[82.3259,22.7118],[82.3186,22.7019]]],[[[82.1373,22.4562],[82.0823,22.4861],[82.076,22.5077],[82.1234,22.5404],[82.1361,22.5201],[82.1478,22.4699],[82.1373,22.4562]]],[[[82.0843,22.4346],[82.0932,22.4271],[82.1277,22.4301],[82.132,22.42],[82.1103,22.3999],[82.0897,22.4046],[82.0843,22.4346]]],[[[82.1182,22.4483],[82.0949,22.4452],[82.0945,22.4508],[82.1064,22.455],[82.1182,22.4483]]],[[[81.987,22.4385],[82.0132,22.4396],[82.0103,22.4049],[81.9669,22.3985],[81.9561,22.3874],[81.9394,22.3891],[81.9333,22.398],[81.9364,22.4203],[81.9647,22.4696],[81.9924,22.454],[81.987,22.4385]]]]}},{"type":"Feature","properties":{"name":"Ambapani Hills","kind":"mountain range","wikidata":null,"area_km2":346,"source":"GMBA Mountain Inventory v2.0 (CC BY 4.0)"},"geometry":{"type":"MultiPolygon","coordinates":[[[[82.828,19.3697],[82.8094,19.3678],[82.8055,19.3604],[82.8259,19.3223],[82.8194,19.3068],[82.7743,19.278],[82.7489,19.2804],[82.7565,19.3118],[82.7451,19.3172],[82.7416,19.3545],[82.7558,19.3698],[82.7793,19.3774],[82.784,19.3923],[82.8186,19.4207],[82.8478,19.3874],[82.828,19.3697]]],[[[82.6801,19.5074],[82.6827,19.4865],[82.707,19.5009],[82.7114,19.497],[82.711,19.4783],[82.7322,19.4482],[82.7155,19.4354],[82.7319,19.4345],[82.7431,19.4182],[82.7343,19.4011],[82.7381,19.3968],[82.7436,19.4071],[82.7467,19.4015],[82.7332,19.3686],[82.7052,19.4071],[82.6877,19.4071],[82.6327,19.4976],[82.6573,19.5081],[82.6568,19.5338],[82.6652,19.5425],[82.6801,19.5074]]],[[[82.5896,19.7087],[82.6049,19.7052],[82.6155,19.6846],[82.6059,19.6572],[82.5866,19.6675],[82.5745,19.6449],[82.5967,19.6475],[82.5925,19.6134],[82.6051,19.6013],[82.6089,19.5648],[82.5885,19.5552],[82.5895,19.5394],[82.5638,19.5538],[82.555,19.592],[82.5377,19.5976],[82.528,19.6154],[82.5341,19.6528],[82.5492,19.6604],[82.5764,19.7134],[82.5896,19.7087]]],[[[82.5468,19.7989],[82.5625,19.792],[82.5704,19.7963],[82.5875,19.7698],[82.5602,19.7749],[82.5738,19.7351],[82.568,19.7278],[82.552,19.723],[82.5439,19.7286],[82.5041,19.7103],[82.4615,19.7226],[82.4839,19.7544],[82.5183,19.7573],[82.517,19.7792],[82.5304,19.7894],[82.5298,19.7986],[82.5468,19.7989]]]]}},{"type":"Feature","properties":{"name":"Anaimalai Hills","kind":"mountain range","wikidata":"Q3519511","area_km2":3220,"source":"GMBA Mountain Inventory v2.0 (CC BY 4.0)"},"geometry":{"type":"MultiPolygon","coordinates":[[[[76.6466,10.582],[76.6655,10.5747],[76.7566,10.5869],[76.798,10.5678],[76.8378,10.5614],[76.8494,10.5695],[76.8622,10.5606],[76.8696,10.5076],[76.8593,10.4932],[76.8689,10.4796],[76.8963,10.4936],[76.9289,10.4925],[76.9383,10.482],[76.9832,10.4698],[76.9898,10.5029],[77.001,10.5129],[77.0434,10.5244],[77.0701,10.5173],[77.0735,10.4871],[77.0815,10.4843],[77.1041,10.5071],[77.1208,10.5026],[77.1297,10.4927],[77.1286,10.4739],[77.1426,10.4815],[77.1573,10.4694],[77.1701,10.4891],[77.1827,10.4883],[77.1953,10.4676],[77.2054,10.4731],[77.2471,10.4593],[77.2535,10.4764],[77.2693,10.4755],[77.2796,10.4835],[77.2988,10.4663],[77.29,10.4406],[77.2597,10.4326],[77.2424,10.4094],[77.2586,10.3864],[77.2685,10.3933],[77.2735,10.4151],[77.3032,10.4234],[77.3228,10.4127],[77.3547,10.4363],[77.3709,10.425],[77.3669,10.4063],[77.3833,10.3958],[77.4104,10.4076],[77.4185,10.4047],[77.4178,10.3827],[77.4394,10.3883],[77.4541,10.379],[77.4207,10.3649],[77.401,10.3657],[77.3964,10.356],[77.3572,10.3447],[77.3551,10.3384],[77.1907,10.2869],[77.182,10.2611],[77.1685,10.2544],[77.1484,10.2759],[77.1259,10.2645],[77.1214,10.2502],[77.0285,10.2106],[77.0005,10.2078],[76.9843,10.2239],[76.9548,10.2363],[76.9572,10.2133],[76.8944,10.2039],[76.8948,10.1928],[76.8547,10.1822],[76.8149,10.1908],[76.7818,10.2134],[76.7226,10.196],[76.7,10.2342],[76.6677,10.202],[76.6343,10.2197],[76.577,10.2061],[76.5641,10.2592],[76.5386,10.2466],[76.5275,10.2675],[76.4928,10.2747],[76.4808,10.2904],[76.4663,10.2822],[76.446,10.2932],[76.4364,10.3188],[76.4523,10.3225],[76.4571,10.3351],[76.4465,10.3384],[76.4469,10.346],[76.4614,10.3657],[76.4705,10.3552],[76.4967,10.3473],[76.4858,10.3713],[76.4563,10.3809],[76.4382,10.4194],[76.416,10.4229],[76.4039,10.4352],[76.356,10.455],[76.3471,10.4982],[76.3513,10.5099],[76.3775,10.5204],[76.4376,10.5189],[76.4719,10.533],[76.5145,10.5237],[76.5411,10.4926],[76.5543,10.508],[76.5988,10.5265],[76.5908,10.5433],[76.6009,10.5524],[76.6321,10.5435],[76.6219,10.5847],[76.6377,10.592],[76.6466,10.582]]],[[[76.3465,10.6587],[76.3544,10.6466],[76.3666,10.6469],[76.3984,10.6057],[76.37,10.568],[76.3584,10.5759],[76.3228,10.5582],[76.2893,10.5618],[76.285,10.5989],[76.3068,10.6056],[76.3176,10.6289],[76.3114,10.6423],[76.3295,10.6674],[76.3465,10.6587]]]]}},{"type":"Feature","properties":{"name":"Andaman Islands","kind":"mountain range","wikidata":"Q186233","area_km2":304,"source":"GMBA Mountain Inventory v2.0 (CC BY 4.0)"},"geometry":{"type":"MultiPolygon","coordinates":[[[[93.0051,13.0884],[92.9556,13.1089],[92.9566,13.1472],[92.9489,13.1663],[92.9515,13.1839],[92.9736,13.2059],[92.9893,13.2377],[93.0052,13.2409],[93.0212,13.237],[93.0399,13.2108],[93.0357,13.1819],[93.0425,13.141],[93.034,13.1297],[93.0346,13.099],[93.0051,13.0884]]],[[[92.9481,12.6665],[92.9226,12.659],[92.8906,12.6722],[92.8836,12.7002],[92.8866,12.7161],[92.9087,12.7304],[92.9011,12.742],[92.9381,12.7422],[92.9551,12.7286],[92.9469,12.7052],[92.9571,12.6819],[92.9481,12.6665]]],[[[92.7467,11.776],[92.7149,11.7872],[92.7088,11.8019],[92.7376,11.8815],[92.7587,11.8946],[92.7905,11.8752],[92.7696,11.8012],[92.7467,11.776]]],[[[92.65,11.4975],[92.6645,11.4928],[92.678,11.4744],[92.6755,11.445],[92.652,11.4228],[92.6333,11.4239],[92.618,11.4494],[92.6165,11.4746],[92.6363,11.4967],[92.65,11.4975]]]]}},{"type":"Feature","properties":{"name":"Andaman and Nicobar Islands","kind":"mountain range","wikidata":"Q40888","area_km2":304,"source":"GMBA Mountain Inventory v2.0 (CC BY 4.0)"},"geometry":{"type":"MultiPolygon","coordinates":[[[[93.0051,13.0884],[92.9556,13.1089],[92.9566,13.1472],[92.9489,13.1663],[92.9515,13.1839],[92.9736,13.2059],[92.9893,13.2377],[93.0052,13.2409],[93.0212,13.237],[93.0399,13.2108],[93.0357,13.1819],[93.0425,13.141],[93.034,13.1297],[93.0346,13.099],[93.0051,13.0884]]],[[[92.9481,12.6665],[92.9226,12.659],[92.8906,12.6722],[92.8836,12.7002],[92.8866,12.7161],[92.9087,12.7304],[92.9011,12.742],[92.9381,12.7422],[92.9551,12.7286],[92.9469,12.7052],[92.9571,12.6819],[92.9481,12.6665]]],[[[92.7467,11.776],[92.7149,11.7872],[92.7088,11.8019],[92.7376,11.8815],[92.7587,11.8946],[92.7905,11.8752],[92.7696,11.8012],[92.7467,11.776]]],[[[92.65,11.4975],[92.6645,11.4928],[92.678,11.4744],[92.6755,11.445],[92.652,11.4228],[92.6333,11.4239],[92.618,11.4494],[92.6165,11.4746],[92.6363,11.4967],[92.65,11.4975]]]]}},{"type":"Feature","properties":{"name":"Aravalli Range","kind":"mountain range","wikidata":"Q626690","area_km2":5050,"source":"GMBA Mountain Inventory v2.0 (CC BY 4.0)"},"geometry":{"type":"MultiPolygon","coordinates":[[[[75.9467,27.8239],[75.9222,27.8258],[75.9073,27.8364],[75.9063,27.8459],[75.9193,27.8561],[75.9569,27.8484],[75.9591,27.8267],[75.9467,27.8239]]],[[[75.9311,27.6925],[75.9215,27.6805],[75.9091,27.6879],[75.9041,27.679],[75.8907,27.6801],[75.8698,27.7325],[75.8735,27.7403],[75.9212,27.7215],[75.9342,27.703],[75.9311,27.6925]]],[[[75.6283,27.8383],[75.6467,27.795],[75.6337,27.7764],[75.6467,27.7534],[75.6346,27.7378],[75.6111,27.728],[75.5951,27.7485],[75.5979,27.7654],[75.5817,27.7566],[75.5711,27.7352],[75.5437,27.7324],[75.5369,27.7669],[75.5583,27.8123],[75.5971,27.8383],[75.6022,27.8272],[75.6283,27.8383]]],[[[75.5199,27.6485],[75.5187,27.6415],[75.5075,27.643],[75.5189,27.6866],[75.5583,27.6941],[75.5607,27.675],[75.5394,27.6543],[75.5199,27.6485]]],[[[75.4435,27.7085],[75.4473,27.6919],[75.4609,27.6927],[75.4633,27.6723],[75.4373,27.6561],[75.424,27.6334],[75.4294,27.6236],[75.417,27.5979],[75.3608,27.5848],[75.354,27.5997],[75.3357,27.5968],[75.3218,27.6265],[75.3451,27.6763],[75.431,27.7172],[75.4435,27.7085]]],[[[75.1873,27.52],[75.2075,27.5088],[75.1853,27.4707],[75.1544,27.4936],[75.1777,27.5192],[75.1873,27.52]]],[[[73.9645,25.7804],[73.9575,25.7793],[73.9578,25.8084],[73.9916,25.8353],[74.0071,25.8313],[73.9789,25.8208],[73.9645,25.7804]]],[[[73.8717,25.6197],[73.8645,25.6082],[73.8406,25.6092],[73.8299,25.6424],[73.8439,25.6708],[73.8924,25.6985],[73.9088,25.68],[73.9055,25.6493],[73.8937,25.6466],[73.8717,25.6197]]],[[[73.5457,24.9894],[73.5677,24.9883],[73.5929,25.0139],[73.5926,25.0281],[73.5749,25.0355],[73.5656,25.0259],[73.5467,25.0281],[73.5405,25.0482],[73.5684,25.0452],[73.5822,25.0637],[73.5733,25.0855],[73.5541,25.0959],[73.5543,25.1128],[73.529,25.109],[73.5254,25.0943],[73.506,25.0809],[73.4966,25.0611],[73.4707,25.0616],[73.4544,25.0403],[73.4373,25.0406],[73.4006,25.0171],[73.3852,24.9933],[73.3915,24.9777],[73.3821,24.9508],[73.3537,24.939],[73.3629,24.917],[73.3571,24.9029],[73.3308,24.8873],[73.3028,24.833],[73.2697,24.8073],[73.2591,24.7653],[73.2426,24.7557],[73.2098,24.7696],[73.2027,24.7419],[73.182,24.7341],[73.1597,24.7117],[73.15,24.6881],[73.1593,24.6651],[73.155,24.6484],[73.1296,24.6309],[73.1251,24.6168],[73.0789,24.6054],[73.0553,24.609],[73.051,24.6211],[73.0655,24.6304],[73.0614,24.6531],[73.0967,24.6748],[73.0988,24.7155],[73.1074,24.7499],[73.119,24.7651],[73.1128,24.7771],[73.1227,24.7918],[73.1392,24.7958],[73.1493,24.8359],[73.1762,24.8389],[73.187,24.8243],[73.2018,24.8169],[73.2116,24.8217],[73.2235,24.8094],[73.228,24.8167],[73.2218,24.8325],[73.2435,24.8482],[73.2471,24.8626],[73.2586,24.8681],[73.2705,24.896],[73.2891,24.9139],[73.2822,24.9325],[73.2923,24.9526],[73.2618,24.9777],[73.2593,24.9907],[73.3053,25.0386],[73.3303,25.0523],[73.3448,25.0473],[73.3553,25.0552],[73.406,25.1144],[73.4462,25.1321],[73.4597,25.1219],[73.5197,25.1697],[73.5365,25.1718],[73.5385,25.1907],[73.5611,25.2017],[73.5731,25.2233],[73.5779,25.2136],[73.5928,25.2261],[73.5927,25.2668],[73.6134,25.3072],[73.6344,25.3227],[73.6412,25.3459],[73.685,25.3763],[73.689,25.3929],[73.7157,25.4093],[73.749,25.4448],[73.7605,25.4794],[73.7899,25.5061],[73.8167,25.5104],[73.8317,25.5363],[73.8343,25.5167],[73.8155,25.4861],[73.8212,25.4751],[73.7905,25.4506],[73.7965,25.4333],[73.7742,25.3826],[73.7215,25.3465],[73.7069,25.3468],[73.6718,25.313],[73.6766,25.2941],[73.6676,25.2613],[73.6446,25.2403],[73.6424,25.1864],[73.6258,25.1591],[73.6091,25.1549],[73.605,25.1111],[73.5867,25.078],[73.6262,25.123],[73.6463,25.1347],[73.643,25.154],[73.6534,25.1925],[73.6753,25.1865],[73.6951,25.199],[73.7438,25.203],[73.7613,25.184],[73.7013,25.1142],[73.6487,25.0258],[73.6153,25.0257],[73.6114,25.0175],[73.6385,25.0154],[73.6426,24.9831],[73.598,24.9191],[73.6025,24.9104],[73.5905,24.899],[73.5885,24.8802],[73.5732,24.8695],[73.548,24.8764],[73.553,24.9386],[73.5468,24.952],[73.5634,24.9615],[73.5457,24.9894]]],[[[73.5457,24.9894],[73.5301,24.9805],[73.4962,24.8979],[73.4756,24.9033],[73.4736,24.9383],[73.5042,25.0042],[73.5319,25.0122],[73.5457,24.9894]]],[[[73.7448,24.3114],[73.7581,24.3131],[73.7763,24.2582],[73.7722,24.2489],[73.768,24.2633],[73.7538,24.2373],[73.7364,24.2307],[73.7466,24.2163],[73.7416,24.2082],[73.724,24.2093],[73.7198,24.2168],[73.7319,24.2326],[73.7485,24.24],[73.7539,24.2605],[73.7345,24.2664],[73.7252,24.288],[73.7052,24.291],[73.7184,24.3192],[73.7448,24.3114]]],[[[73.7299,24.4065],[73.7124,24.3978],[73.6695,24.4034],[73.6531,24.4163],[73.6596,24.4219],[73.6567,24.4462],[73.6761,24.4601],[73.7195,24.4545],[73.7334,24.4436],[73.7299,24.4065]]],[[[73.6364,24.5218],[73.6393,24.5093],[73.6478,24.5169],[73.6521,24.4809],[73.6453,24.4483],[73.6219,24.4339],[73.6352,24.3636],[73.6291,24.3519],[73.6052,24.3609],[73.6123,24.3863],[73.6043,24.433],[73.6134,24.4681],[73.6056,24.4868],[73.6308,24.5279],[73.6364,24.5218]]],[[[73.5876,24.579],[73.5837,24.5424],[73.5677,24.5251],[73.5626,24.4904],[73.5714,24.3743],[73.5603,24.3644],[73.5212,24.3635],[73.5148,24.3778],[73.501,24.3803],[73.496,24.4131],[73.5035,24.4369],[73.5001,24.4687],[73.511,24.5031],[73.501,24.5173],[73.53,24.535],[73.5336,24.555],[73.5321,24.5741],[73.5152,24.5783],[73.5114,24.5948],[73.5191,24.6112],[73.5547,24.5739],[73.5632,24.6098],[73.5746,24.6196],[73.5863,24.6076],[73.5876,24.579]]],[[[73.4279,24.6031],[73.4149,24.6035],[73.4022,24.6188],[73.4019,24.6516],[73.4437,24.7291],[73.4574,24.7399],[73.4867,24.7451],[73.5071,24.731],[73.5015,24.7017],[73.4724,24.6782],[73.477,24.6592],[73.4489,24.6571],[73.4602,24.6199],[73.4372,24.6175],[73.4279,24.6031]]],[[[73.3759,24.7603],[73.3865,24.7549],[73.3775,24.7134],[73.405,24.7426],[73.4259,24.7446],[73.4322,24.7325],[73.4196,24.7175],[73.4135,24.6925],[73.3745,24.6628],[73.3509,24.6238],[73.3426,24.5384],[73.3356,24.5268],[73.3133,24.5216],[73.3135,24.5123],[73.3406,24.505],[73.3535,24.4858],[73.3063,24.3809],[73.2961,24.3413],[73.3072,24.3237],[73.3139,24.3573],[73.3271,24.3599],[73.335,24.395],[73.3552,24.4092],[73.38,24.3798],[73.3865,24.3925],[73.3913,24.3825],[73.4089,24.3775],[73.4117,24.366],[73.4336,24.3642],[73.4509,24.3286],[73.4352,24.3023],[73.4197,24.2944],[73.4248,24.2846],[73.4506,24.305],[73.4368,24.2823],[73.4336,24.2525],[73.4779,24.2287],[73.4632,24.2112],[73.4526,24.2114],[73.4373,24.2259],[73.4172,24.1742],[73.3904,24.1803],[73.3906,24.201],[73.4023,24.2067],[73.3926,24.2282],[73.3972,24.237],[73.4322,24.245],[73.4229,24.2722],[73.3933,24.2426],[73.3906,24.2824],[73.403,24.2949],[73.3936,24.3009],[73.3842,24.2843],[73.3863,24.3095],[73.3625,24.3244],[73.357,24.352],[73.3472,24.3571],[73.3322,24.332],[73.321,24.3321],[73.332,24.2894],[73.2988,24.2238],[73.2968,24.2007],[73.2729,24.1674],[73.2951,24.1221],[73.3219,24.0985],[73.3523,24.0985],[73.3488,24.0649],[73.3301,24.0469],[73.3278,24.0307],[73.2927,24.0399],[73.2787,24.0305],[73.2853,24.004],[73.2662,24.0144],[73.278,24.0473],[73.2715,24.053],[73.2289,24.0259],[73.2114,24.0451],[73.2238,24.0788],[73.2086,24.0889],[73.2052,24.1137],[73.2135,24.1448],[73.2259,24.1449],[73.2035,24.1597],[73.1991,24.1696],[73.2109,24.1655],[73.1886,24.1872],[73.186,24.2058],[73.1885,24.2156],[73.2073,24.2261],[73.2156,24.2845],[73.2363,24.3202],[73.2301,24.3452],[73.249,24.4938],[73.27,24.5409],[73.2695,24.553],[73.2484,24.5405],[73.2491,24.5715],[73.233,24.5998],[73.2406,24.6071],[73.2407,24.625],[73.2531,24.628],[73.2634,24.5945],[73.2748,24.6297],[73.2909,24.6304],[73.2899,24.6816],[73.3346,24.6947],[73.3341,24.7188],[73.3551,24.7593],[73.363,24.7709],[73.376,24.7675],[73.3759,24.7603]]],[[[73.4563,24.512],[73.4565,24.4452],[73.439,24.4438],[73.4261,24.4576],[73.4261,24.4263],[73.3999,24.4061],[73.3845,24.4074],[73.374,24.4592],[73.3804,24.4998],[73.405,24.5017],[73.4148,24.5484],[73.4293,24.5538],[73.4563,24.5398],[73.4563,24.512]]],[[[73.1612,23.9094],[73.1483,23.9097],[73.1334,23.9396],[73.1542,23.9944],[73.172,23.9966],[73.1854,23.9868],[73.1699,23.9345],[73.175,23.9213],[73.1612,23.9094]]],[[[73.1322,24.4659],[73.1355,24.4551],[73.1439,24.4584],[73.1653,24.4925],[73.1586,24.4618],[73.1399,24.4416],[73.1264,24.4488],[73.1041,24.4269],[73.0927,24.4285],[73.0975,24.4376],[73.0843,24.4532],[73.102,24.5085],[73.1422,24.5091],[73.1488,24.4869],[73.1322,24.4659]]],[[[73.03,24.5093],[73.0074,24.5092],[73.001,24.5202],[73.0208,24.5862],[73.0548,24.5625],[73.0576,24.5471],[73.0539,24.5303],[73.03,24.5093]]],[[[72.9988,24.3385],[72.9791,24.3249],[72.951,24.3325],[72.9632,24.3458],[72.9369,24.3668],[72.9177,24.4002],[72.9288,24.4342],[72.9749,24.4467],[72.9969,24.4281],[73.0102,24.3969],[73.0002,24.3685],[73.0075,24.3519],[72.9988,24.3385]]],[[[72.9155,24.5051],[72.8889,24.486],[72.8812,24.4615],[72.8635,24.4485],[72.878,24.4345],[72.8656,24.4324],[72.8652,24.4222],[72.8913,24.408],[72.8904,24.3861],[72.9113,24.3667],[72.901,24.3483],[72.9091,24.3451],[72.9205,24.3529],[72.9268,24.3459],[72.9197,24.3326],[72.9321,24.3378],[72.9341,24.3103],[72.9158,24.3023],[72.901,24.2733],[72.904,24.2615],[72.9134,24.2611],[72.9216,24.2863],[72.9257,24.2655],[72.9439,24.2694],[72.9507,24.2529],[72.9315,24.2323],[72.9152,24.2359],[72.9055,24.2074],[72.8927,24.2011],[72.8956,24.1769],[72.8857,24.1619],[72.8635,24.1521],[72.8801,24.1512],[72.9,24.1374],[72.9081,24.1269],[72.9044,24.1151],[72.8843,24.1009],[72.8495,24.0959],[72.8406,24.1089],[72.8436,24.1517],[72.8582,24.1611],[72.8536,24.1829],[72.8594,24.1883],[72.8513,24.2036],[72.8731,24.2158],[72.8532,24.2365],[72.842,24.1957],[72.8481,24.1841],[72.844,24.154],[72.8286,24.1463],[72.8157,24.1265],[72.8048,24.0922],[72.7957,24.0874],[72.7601,24.0937],[72.751,24.1056],[72.7563,24.1267],[72.7801,24.1486],[72.7781,24.1551],[72.7531,24.159],[72.7537,24.1823],[72.7867,24.2029],[72.8057,24.1958],[72.8102,24.1864],[72.8416,24.2255],[72.8206,24.2521],[72.828,24.259],[72.8358,24.3071],[72.8426,24.3074],[72.8394,24.2968],[72.8556,24.2996],[72.8899,24.3169],[72.8907,24.3363],[72.8732,24.3437],[72.8554,24.3669],[72.8485,24.3925],[72.8017,24.3836],[72.793,24.3917],[72.7802,24.4224],[72.7842,24.4404],[72.8731,24.5159],[72.9111,24.5613],[72.9504,24.58],[72.9634,24.5723],[72.96,24.5389],[72.942,24.5355],[72.9155,24.5051]]],[[[72.9052,25.1615],[72.8905,25.0986],[72.8791,25.0811],[72.8717,25.0821],[72.8468,25.1095],[72.8542,25.1306],[72.8498,25.1384],[72.843,25.1242],[72.8322,25.1337],[72.8451,25.1646],[72.8503,25.1675],[72.858,25.1558],[72.87,25.1677],[72.8695,25.2069],[72.8823,25.2658],[72.8969,25.2928],[72.924,25.282],[72.9343,25.2486],[72.902,25.2049],[72.9093,25.186],[72.9052,25.1615]]],[[[72.9088,24.9515],[72.9217,24.9478],[72.8976,24.9084],[72.8781,24.8904],[72.8643,24.8888],[72.8622,24.9055],[72.8811,24.9506],[72.9088,24.9515]]],[[[72.8967,24.7886],[72.8749,24.7686],[72.8324,24.7832],[72.8344,24.8196],[72.8602,24.8245],[72.8583,24.8427],[72.8708,24.8613],[72.8935,24.8564],[72.8967,24.7886]]],[[[72.857,24.7309],[72.8797,24.7073],[72.8781,24.6758],[72.8253,24.5807],[72.8118,24.5744],[72.7967,24.5295],[72.7811,24.5136],[72.746,24.5061],[72.7271,24.5161],[72.7108,24.5089],[72.7062,24.4978],[72.6924,24.5032],[72.6798,24.5319],[72.6459,24.5433],[72.6406,24.5783],[72.6514,24.5832],[72.6763,24.6221],[72.7362,24.6671],[72.7582,24.7021],[72.7833,24.7172],[72.857,24.7309]]],[[[72.8755,25.5896],[72.8603,25.5686],[72.8408,25.5776],[72.8347,25.5891],[72.8339,25.6228],[72.8664,25.6436],[72.8821,25.6129],[72.8755,25.5896]]],[[[72.7821,24.2656],[72.7785,24.2532],[72.7683,24.2535],[72.7588,24.2423],[72.7562,24.2269],[72.7261,24.2399],[72.7404,24.2524],[72.7244,24.2599],[72.7225,24.2755],[72.7503,24.3006],[72.7858,24.2753],[72.7821,24.2656]]],[[[72.7716,25.304],[72.7666,25.2619],[72.722,25.2558],[72.7207,25.2394],[72.6927,25.2534],[72.7102,25.2964],[72.7289,25.3044],[72.742,25.2994],[72.7552,25.3088],[72.7716,25.304]]],[[[72.7344,24.3736],[72.7344,24.3533],[72.7191,24.3187],[72.6931,24.3166],[72.6763,24.3341],[72.6486,24.3154],[72.6117,24.3248],[72.6093,24.3482],[72.6241,24.3579],[72.6239,24.3762],[72.6333,24.39],[72.6583,24.3925],[72.6726,24.3699],[72.6823,24.3676],[72.7014,24.4002],[72.7158,24.4029],[72.7287,24.3941],[72.7344,24.3736]]],[[[72.6207,24.2311],[72.6428,24.2312],[72.6604,24.2457],[72.709,24.239],[72.7148,24.2032],[72.6953,24.2038],[72.6643,24.1679],[72.616,24.142],[72.5963,24.2183],[72.6006,24.2279],[72.6207,24.2311]]],[[[72.6207,24.2311],[72.6121,24.2326],[72.5969,24.2448],[72.6019,24.2504],[72.6321,24.2482],[72.6207,24.2311]]],[[[72.5763,25.3624],[72.5947,25.3465],[72.6193,25.3505],[72.6326,25.3422],[72.637,25.3227],[72.6315,25.3116],[72.6075,25.3075],[72.5916,25.2957],[72.5484,25.3095],[72.5443,25.355],[72.5498,25.3648],[72.5722,25.3717],[72.5763,25.3624]]],[[[72.5831,24.5008],[72.6256,24.4936],[72.6202,24.4632],[72.6031,24.4409],[72.6134,24.4249],[72.5835,24.4199],[72.5747,24.4298],[72.5145,24.3707],[72.5055,24.3819],[72.4828,24.3764],[72.4416,24.3976],[72.4306,24.3905],[72.4315,24.4133],[72.445,24.4072],[72.4804,24.4445],[72.5451,24.4471],[72.5568,24.4814],[72.5831,24.5008]]],[[[72.5172,25.6269],[72.5181,25.6119],[72.4789,25.5656],[72.456,25.5546],[72.4278,25.5544],[72.402,25.5376],[72.3891,25.5446],[72.3795,25.5378],[72.376,25.5296],[72.3985,25.5161],[72.4438,25.5279],[72.4684,25.5104],[72.4717,25.5027],[72.4483,25.4838],[72.4361,25.4842],[72.4225,25.4584],[72.3853,25.4436],[72.3626,25.4443],[72.3214,25.4463],[72.3019,25.462],[72.2983,25.4928],[72.3206,25.515],[72.3467,25.4999],[72.334,25.5284],[72.2704,25.5443],[72.2678,25.5731],[72.295,25.5847],[72.3024,25.6027],[72.3432,25.6196],[72.3738,25.5946],[72.4079,25.5832],[72.4656,25.624],[72.4874,25.6147],[72.5009,25.6289],[72.4885,25.6345],[72.5008,25.6402],[72.5178,25.6356],[72.5172,25.6269]]],[[[72.4988,24.6888],[72.5009,24.6762],[72.4879,24.6607],[72.4691,24.6615],[72.4624,24.6519],[72.4401,24.657],[72.422,24.68],[72.4193,24.6603],[72.4027,24.653],[72.3828,24.6638],[72.3747,24.6846],[72.3963,24.7122],[72.4367,24.7241],[72.4585,24.7446],[72.4777,24.7336],[72.4988,24.6888]]],[[[72.4363,24.8343],[72.4343,24.8275],[72.4527,24.8203],[72.4572,24.8078],[72.4489,24.78],[72.4345,24.7577],[72.3978,24.7374],[72.3863,24.7384],[72.3619,24.7675],[72.3725,24.7829],[72.3651,24.8077],[72.3493,24.8151],[72.3551,24.8357],[72.3361,24.826],[72.3371,24.8499],[72.3581,24.8641],[72.3727,24.8611],[72.393,24.8343],[72.4015,24.8387],[72.4002,24.8707],[72.3717,24.9051],[72.3786,24.9353],[72.3912,24.9404],[72.4253,24.9247],[72.4384,24.8835],[72.4419,24.8425],[72.4363,24.8343]]]]}},{"type":"Feature","properties":{"name":"Ayila Riju","kind":"mountain range","wikidata":"Q28226422","area_km2":16183,"source":"GMBA Mountain Inventory v2.0 (CC BY 4.0)"},"geometry":{"type":"MultiPolygon","coordinates":[[[[81.3004,30.709],[81.2936,30.6999],[81.2758,30.7008],[81.2466,30.7166],[81.2369,30.7333],[81.2393,30.7544],[81.274,30.763],[81.2981,30.7567],[81.3049,30.7246],[81.3004,30.709]]],[[[78.9733,33.1859],[79.0696,33.1033],[79.1185,33.0442],[79.1757,32.9469],[79.2489,32.9155],[79.3,32.8755],[79.3069,32.8615],[79.3151,32.8572],[79.327,32.8665],[79.3502,32.8516],[79.3911,32.7931],[79.409,32.7847],[79.4244,32.7377],[79.5319,32.6449],[79.551,32.6138],[79.5772,32.5975],[79.5869,32.5767],[79.6231,32.5394],[79.655,32.5263],[79.7,32.4433],[79.7464,32.4093],[79.8112,32.3367],[79.8287,32.3334],[79.8557,32.3127],[79.8712,32.2695],[79.9041,32.2463],[79.9217,32.2205],[79.9153,32.1858],[79.9466,32.1596],[79.9465,32.1409],[79.9558,32.1305],[79.9771,32.121],[79.9944,32.0801],[80.0105,32.0806],[80.0236,32.0711],[80.0517,32.02],[80.0709,32.0129],[80.0988,31.9857],[80.0936,31.974],[80.162,31.8972],[80.1853,31.8874],[80.1966,31.8715],[80.2213,31.8644],[80.2178,31.8548],[80.227,31.8415],[80.216,31.8429],[80.2114,31.8351],[80.2332,31.8039],[80.2492,31.7965],[80.2696,31.7588],[80.2656,31.7447],[80.2908,31.7083],[80.2957,31.6592],[80.3258,31.6242],[80.3429,31.585],[80.3962,31.5282],[80.4145,31.497],[80.4179,31.4694],[80.4358,31.4701],[80.4859,31.44],[80.4988,31.413],[80.494,31.4039],[80.5072,31.3569],[80.5556,31.2951],[80.5962,31.2771],[80.5908,31.2958],[80.5656,31.3119],[80.5758,31.3214],[80.5967,31.3126],[80.5885,31.3264],[80.6018,31.3258],[80.6204,31.3107],[80.6377,31.2718],[80.6541,31.2832],[80.7456,31.196],[80.7464,31.1583],[80.7324,31.1488],[80.7114,31.1511],[80.6532,31.2009],[80.6337,31.1711],[80.6428,31.1181],[80.6322,31.1003],[80.6429,31.0905],[80.6544,31.1107],[80.6904,31.1053],[80.7048,31.0904],[80.7205,31.1015],[80.7155,31.1111],[80.7404,31.1176],[80.8277,31.099],[80.8436,31.0697],[80.8612,31.0698],[80.8624,31.0572],[80.8801,31.0551],[80.9256,31.0129],[80.943,30.9684],[80.9653,30.9393],[80.9565,30.8764],[80.9636,30.8716],[80.9924,30.8613],[81.0332,30.8682],[81.0468,30.8923],[81.0363,30.9279],[81.0866,30.9379],[81.1822,30.8613],[81.1925,30.8306],[81.1899,30.7962],[81.1742,30.7798],[81.1571,30.7758],[81.2009,30.7267],[81.1813,30.7023],[81.1376,30.6947],[81.0949,30.7092],[81.0811,30.6996],[81.0616,30.7124],[81.0521,30.7311],[81.0308,30.7353],[81.0061,30.7781],[80.9928,30.7778],[80.9836,30.7899],[80.9802,30.8044],[80.9109,30.8262],[80.8789,30.8519],[80.8591,30.8383],[80.8114,30.8394],[80.7934,30.8472],[80.7799,30.8425],[80.7394,30.867],[80.7184,30.8946],[80.6855,30.8689],[80.6974,30.8434],[80.6961,30.8087],[80.6685,30.7803],[80.6447,30.7759],[80.6301,30.7841],[80.6359,30.7977],[80.6053,30.8179],[80.605,30.83],[80.6353,30.8772],[80.6293,30.8947],[80.653,30.9238],[80.6889,30.9331],[80.7067,30.9239],[80.7301,30.9298],[80.6991,30.9465],[80.6777,30.9757],[80.6588,30.9787],[80.6417,30.9925],[80.6176,30.9874],[80.6365,30.9387],[80.6176,30.9219],[80.6178,30.9078],[80.6012,30.8905],[80.5346,30.8653],[80.5239,30.8756],[80.5344,30.9095],[80.4885,30.9195],[80.4882,30.934],[80.5242,30.9434],[80.5323,30.9395],[80.5321,30.9289],[80.5509,30.9352],[80.5274,30.9571],[80.5152,30.9517],[80.5011,30.9613],[80.499,30.9489],[80.4663,30.9289],[80.478,30.9177],[80.4845,30.8939],[80.4803,30.8531],[80.4691,30.8447],[80.4431,30.8625],[80.4386,30.8884],[80.4093,30.8847],[80.4155,30.9018],[80.4004,30.9134],[80.3845,30.8907],[80.3566,30.8754],[80.3509,30.8489],[80.3603,30.8374],[80.3277,30.8344],[80.3384,30.8433],[80.3404,30.8875],[80.3237,30.9238],[80.3509,30.98],[80.3241,30.9597],[80.3228,30.9499],[80.2978,30.9514],[80.2744,30.9811],[80.2884,31.0002],[80.2572,31.0131],[80.2453,31.0389],[80.2699,31.0554],[80.3078,31.0385],[80.3196,31.0495],[80.301,31.0494],[80.3058,31.0582],[80.3371,31.0578],[80.3405,31.0661],[80.3279,31.0773],[80.306,31.0691],[80.2771,31.0945],[80.25,31.1058],[80.232,31.105],[80.2321,31.0942],[80.2186,31.0885],[80.2041,31.0997],[80.1938,31.0941],[80.1948,31.0768],[80.2106,31.0731],[80.2345,31.0855],[80.255,31.0751],[80.1944,31.028],[80.1835,31.0532],[80.1749,31.0527],[80.1675,31.0654],[80.1653,31.1152],[80.1312,31.1394],[80.1519,31.1708],[80.1508,31.1846],[80.1242,31.2003],[80.1219,31.2156],[80.0953,31.2372],[80.0794,31.2641],[80.0666,31.2704],[80.0444,31.2664],[79.9927,31.2996],[80.0009,31.3207],[79.9886,31.3313],[79.9436,31.3374],[79.9274,31.3663],[79.9198,31.4259],[79.9036,31.4442],[79.8843,31.449],[79.8884,31.4728],[79.8484,31.4883],[79.834,31.4822],[79.782,31.4925],[79.7588,31.4781],[79.7166,31.4952],[79.6697,31.4821],[79.6259,31.4884],[79.6037,31.4996],[79.5339,31.4989],[79.4383,31.5531],[79.4204,31.5933],[79.3633,31.6156],[79.3499,31.6385],[79.2937,31.6373],[79.2448,31.6779],[79.1611,31.6742],[79.1385,31.6947],[79.1002,31.6968],[79.1042,31.8105],[79.1593,31.83],[79.1696,31.8693],[79.1353,31.8796],[79.1102,31.8635],[79.059,31.8613],[79.0337,31.8696],[79.0207,31.8603],[79.0156,31.9369],[79.0086,31.966],[78.9967,31.9801],[79.0343,32.0175],[79.0701,32.0888],[79.1077,32.1212],[79.0783,32.1392],[79.0754,32.1514],[79.0569,32.1638],[79.0398,32.1607],[79.019,32.1701],[78.9739,32.2302],[78.9374,32.2999],[78.9545,32.2889],[78.9627,32.2934],[78.9657,32.3819],[78.9948,32.3842],[79.0302,32.4113],[79.0282,32.4383],[79.0153,32.4573],[78.9927,32.4703],[78.9988,32.4828],[78.989,32.5014],[79.0094,32.528],[79.0052,32.5364],[78.9728,32.5476],[78.9821,32.5718],[78.9564,32.5995],[79.0158,32.6032],[79.0238,32.6457],[79.0177,32.6766],[79.03,32.7095],[79.0062,32.7249],[78.9991,32.7755],[79.0128,32.792],[79.0027,32.821],[78.9529,32.8821],[78.9245,32.9442],[78.9248,32.9677],[78.8974,32.9914],[78.8936,33.0084],[78.861,33.0305],[78.8531,33.0685],[78.8456,33.082],[78.8363,33.0779],[78.8344,33.1298],[78.8425,33.143],[78.8228,33.1561],[78.827,33.1661],[78.8662,33.1702],[78.9112,33.2175],[78.9386,33.2146],[78.9733,33.1859]]],[[[81.0274,31.0029],[81.0395,30.9728],[80.9846,31.0003],[80.9846,31.0287],[80.9929,31.032],[81.0274,31.0029]]]]}},{"type":"Feature","properties":{"name":"Baba Budan Hills","kind":"mountain range","wikidata":"Q26791851","area_km2":1209,"source":"GMBA Mountain Inventory v2.0 (CC BY 4.0)"},"geometry":{"type":"MultiPolygon","coordinates":[[[[75.6968,13.6199],[75.7495,13.613],[75.753,13.604],[75.728,13.591],[75.7573,13.5832],[75.7658,13.5876],[75.8378,13.5447],[75.8499,13.576],[75.8607,13.5758],[75.8732,13.5884],[75.8888,13.5655],[75.8987,13.5759],[75.9178,13.5779],[75.9301,13.5475],[75.9091,13.5425],[75.9092,13.5248],[75.8904,13.5174],[75.8849,13.5062],[75.9155,13.4732],[75.905,13.4528],[75.8895,13.4453],[75.8651,13.4594],[75.8554,13.4695],[75.8645,13.4918],[75.846,13.5092],[75.8289,13.4831],[75.8023,13.4857],[75.792,13.4751],[75.7927,13.4431],[75.803,13.4278],[75.7979,13.4051],[75.8303,13.4323],[75.8386,13.4511],[75.8719,13.4382],[75.8595,13.4116],[75.8704,13.3923],[75.854,13.3473],[75.7965,13.3447],[75.7757,13.3577],[75.7733,13.3841],[75.7542,13.3777],[75.7396,13.3582],[75.719,13.3473],[75.7127,13.3539],[75.6981,13.3468],[75.6943,13.3584],[75.6791,13.3587],[75.6916,13.328],[75.6818,13.3019],[75.6333,13.2604],[75.6367,13.2408],[75.6262,13.2278],[75.6444,13.2189],[75.6494,13.1606],[75.6172,13.1572],[75.5945,13.1639],[75.5953,13.2019],[75.5879,13.2167],[75.5699,13.227],[75.5476,13.2633],[75.5333,13.2661],[75.5294,13.2781],[75.5154,13.278],[75.5092,13.2908],[75.5095,13.3183],[75.5181,13.3349],[75.5468,13.3408],[75.5321,13.3969],[75.5159,13.3968],[75.5012,13.4087],[75.5062,13.4331],[75.5343,13.4717],[75.5428,13.4991],[75.5615,13.5082],[75.5612,13.5239],[75.5929,13.5703],[75.6042,13.5812],[75.6483,13.587],[75.6678,13.597],[75.6697,13.6177],[75.6938,13.6333],[75.7285,13.6383],[75.7343,13.632],[75.6968,13.6199]]],[[[75.4474,13.6889],[75.4594,13.6802],[75.469,13.6499],[75.452,13.6082],[75.4366,13.6092],[75.4282,13.6197],[75.4305,13.6382],[75.4214,13.6632],[75.4283,13.6851],[75.4474,13.6889]]]]}},{"type":"Feature","properties":{"name":"Baghelkhand Hills","kind":"mountain range","wikidata":"Q3628827","area_km2":317,"source":"GMBA Mountain Inventory v2.0 (CC BY 4.0)"},"geometry":{"type":"MultiPolygon","coordinates":[[[[82.7052,23.4779],[82.702,23.4728],[82.6943,23.4792],[82.6975,23.4978],[82.7059,23.5029],[82.7052,23.4779]]],[[[82.6675,23.6656],[82.648,23.6768],[82.6323,23.7098],[82.6353,23.7191],[82.6561,23.7144],[82.6686,23.6958],[82.6675,23.6656]]],[[[82.5092,23.8855],[82.5037,23.876],[82.4936,23.8831],[82.4796,23.8565],[82.4608,23.8547],[82.4511,23.8393],[82.3989,23.8206],[82.4446,23.8228],[82.4806,23.8073],[82.488,23.8235],[82.566,23.8404],[82.5946,23.817],[82.576,23.8042],[82.5905,23.7878],[82.5781,23.7732],[82.5858,23.759],[82.5842,23.7317],[82.561,23.7299],[82.5563,23.7197],[82.5175,23.7154],[82.5083,23.7205],[82.5095,23.7404],[82.5213,23.7548],[82.5488,23.7634],[82.5393,23.7738],[82.5184,23.7693],[82.4987,23.7751],[82.4662,23.7602],[82.4417,23.7691],[82.4348,23.784],[82.3988,23.7798],[82.3607,23.7868],[82.3617,23.8039],[82.3842,23.825],[82.3912,23.8524],[82.4055,23.8721],[82.4211,23.8719],[82.4247,23.8911],[82.4446,23.9095],[82.4204,23.9378],[82.4075,23.9408],[82.3992,23.9653],[82.4201,23.9758],[82.4272,23.9605],[82.4846,23.9298],[82.5092,23.8855]]],[[[81.8237,23.3844],[81.7991,23.39],[81.7951,23.434],[81.8235,23.4487],[81.8584,23.4331],[81.866,23.4081],[81.8632,23.3948],[81.8237,23.3844]]]]}},{"type":"Feature","properties":{"name":"Bailadila Range","kind":"mountain range","wikidata":"Q24935308","area_km2":3891,"source":"GMBA Mountain Inventory v2.0 (CC BY 4.0)"},"geometry":{"type":"MultiPolygon","coordinates":[[[[81.2655,18.7697],[81.2626,18.7246],[81.2489,18.7017],[81.2745,18.6167],[81.2513,18.5761],[81.2389,18.5762],[81.2323,18.564],[81.2765,18.5435],[81.2901,18.524],[81.2908,18.5123],[81.2802,18.5074],[81.284,18.4909],[81.2976,18.4809],[81.3136,18.4452],[81.3649,18.429],[81.4213,18.4366],[81.4339,18.4274],[81.4395,18.404],[81.4161,18.4092],[81.4235,18.3906],[81.4495,18.3886],[81.4286,18.3431],[81.4206,18.3475],[81.3887,18.3372],[81.3854,18.322],[81.4443,18.3182],[81.4509,18.306],[81.4488,18.2825],[81.3827,18.2673],[81.3785,18.254],[81.3558,18.2364],[81.341,18.239],[81.3221,18.2561],[81.3059,18.2456],[81.2545,18.2472],[81.2388,18.2653],[81.2467,18.3072],[81.2854,18.3247],[81.3117,18.3602],[81.2971,18.3803],[81.2971,18.3978],[81.285,18.4034],[81.2719,18.4264],[81.264,18.4668],[81.2474,18.4865],[81.2198,18.496],[81.2114,18.4913],[81.1891,18.512],[81.1823,18.5482],[81.1967,18.5485],[81.1971,18.5551],[81.1887,18.5706],[81.1551,18.5922],[81.1364,18.6428],[81.158,18.6606],[81.1528,18.6775],[81.1427,18.6806],[81.1471,18.696],[81.18,18.7089],[81.1808,18.7363],[81.1724,18.728],[81.1688,18.7333],[81.1785,18.7609],[81.1936,18.7751],[81.1892,18.7998],[81.199,18.8544],[81.2129,18.8608],[81.1968,18.9378],[81.2179,18.9504],[81.2367,18.9488],[81.2389,18.9256],[81.2669,18.8557],[81.2679,18.8387],[81.2602,18.8287],[81.271,18.7903],[81.2655,18.7697]]],[[[81.3053,19.4569],[81.3281,19.4155],[81.3346,19.3762],[81.3175,19.3529],[81.3144,19.331],[81.3287,19.319],[81.3525,19.3144],[81.3593,19.3012],[81.3398,19.2392],[81.3571,19.2343],[81.3681,19.2042],[81.3484,19.1864],[81.3082,19.1916],[81.2983,19.1813],[81.2726,19.1805],[81.2364,19.1621],[81.2346,19.0657],[81.2086,19.0591],[81.1988,19.0738],[81.1843,19.1468],[81.1706,19.1495],[81.1376,19.1343],[81.1197,19.155],[81.1157,19.1735],[81.0834,19.1821],[81.0719,19.1405],[81.0493,19.1352],[80.9902,19.1588],[80.9701,19.1364],[80.9541,19.1361],[80.949,19.1467],[80.939,19.1469],[80.9288,19.1141],[80.8934,19.0988],[80.8794,19.1066],[80.8739,19.1406],[80.8551,19.1613],[80.8391,19.2],[80.8488,19.2279],[80.865,19.2371],[80.9236,19.1989],[80.9458,19.1956],[80.9819,19.2167],[80.99,19.2126],[81.0111,19.2239],[81.0207,19.2148],[81.0135,19.2042],[81.0403,19.1926],[81.061,19.226],[81.0736,19.2257],[81.0984,19.2445],[81.1266,19.2421],[81.1369,19.213],[81.1524,19.1969],[81.1943,19.1965],[81.1976,19.2134],[81.2113,19.2238],[81.239,19.2292],[81.2534,19.2243],[81.2729,19.2969],[81.2669,19.3084],[81.2863,19.3393],[81.2749,19.3484],[81.2431,19.3472],[81.2241,19.3849],[81.2428,19.4131],[81.2569,19.3926],[81.2632,19.4034],[81.2468,19.4405],[81.2364,19.4439],[81.2394,19.467],[81.2482,19.4715],[81.2508,19.4465],[81.2736,19.4588],[81.2758,19.4842],[81.2986,19.4847],[81.3053,19.4569]]],[[[81.2569,17.7677],[81.2984,17.7759],[81.3219,17.7612],[81.3233,17.736],[81.3079,17.7285],[81.3133,17.718],[81.2779,17.6779],[81.2635,17.6726],[81.2724,17.6595],[81.269,17.6462],[81.2416,17.629],[81.2281,17.63],[81.1991,17.6675],[81.183,17.6614],[81.1676,17.674],[81.178,17.6895],[81.1629,17.6932],[81.1658,17.7127],[81.1784,17.7284],[81.2046,17.7278],[81.216,17.747],[81.2427,17.7641],[81.247,17.778],[81.2569,17.7677]]],[[[81.3063,17.8757],[81.2978,17.8644],[81.276,17.8721],[81.2698,17.8635],[81.2581,17.8775],[81.2667,17.8847],[81.2586,17.8975],[81.2733,17.9196],[81.3029,17.9187],[81.2969,17.9082],[81.3109,17.9041],[81.3153,17.8795],[81.3063,17.8757]]],[[[81.2904,19.9091],[81.2957,19.8936],[81.2642,19.9016],[81.2551,19.8951],[81.2452,19.9022],[81.2427,19.9227],[81.2502,19.9289],[81.2449,19.9561],[81.2598,19.9782],[81.279,19.9821],[81.2929,19.9616],[81.2784,19.9283],[81.2904,19.9091]]],[[[81.1926,18.003],[81.1928,17.9672],[81.2121,17.9676],[81.2167,17.9817],[81.2709,18.003],[81.2759,17.989],[81.2618,17.9663],[81.2693,17.9519],[81.2627,17.939],[81.2061,17.9186],[81.1934,17.9211],[81.1801,17.9407],[81.1841,17.9606],[81.1417,17.9714],[81.1262,17.9901],[81.1047,17.982],[81.0884,17.957],[81.0657,17.9668],[81.0803,18.0095],[81.0802,18.0323],[81.0938,18.039],[81.1793,18.0298],[81.1963,18.0138],[81.1926,18.003]]],[[[81.1297,19.9172],[81.1144,19.8302],[81.1928,19.8752],[81.213,19.8764],[81.2215,19.8627],[81.2163,19.8292],[81.1827,19.8057],[81.1619,19.8088],[81.1584,19.8238],[81.1325,19.7928],[81.1205,19.7885],[81.0937,19.7973],[81.0805,19.8281],[81.0805,19.855],[81.0521,19.844],[81.0392,19.8257],[81.0124,19.8228],[81.0119,19.8453],[81.0441,19.9108],[81.057,19.9213],[81.0837,19.9135],[81.0943,19.9281],[81.0802,19.9454],[81.0833,19.951],[81.0999,19.9613],[81.1175,19.9587],[81.1073,19.9443],[81.1297,19.9172]]],[[[81.2037,19.0565],[81.1933,19.0535],[81.179,19.0904],[81.1862,19.0879],[81.2037,19.0565]]],[[[81.1671,19.4223],[81.1862,19.3875],[81.1839,19.375],[81.1706,19.3767],[81.1624,19.3665],[81.1549,19.3678],[81.1469,19.3863],[81.1488,19.4128],[81.1516,19.4223],[81.1671,19.4223]]],[[[81.1323,18.856],[81.1464,18.8448],[81.1529,18.7734],[81.1311,18.7582],[81.117,18.7841],[81.0934,18.7934],[81.0865,18.831],[81.0978,18.8508],[81.1323,18.856]]],[[[80.7218,19.6884],[80.7638,19.6759],[80.7787,19.6862],[80.7905,19.6714],[80.7576,19.643],[80.7634,19.6234],[80.7489,19.5985],[80.7774,19.5927],[80.7821,19.6237],[80.7975,19.6388],[80.8101,19.6383],[80.8157,19.6236],[80.8756,19.6106],[80.8674,19.5414],[80.8453,19.514],[80.8509,19.5028],[80.8391,19.4972],[80.8718,19.4777],[80.9012,19.473],[80.9432,19.4863],[80.9751,19.4667],[80.9883,19.4524],[80.9806,19.4453],[80.9883,19.4417],[80.9978,19.4058],[80.9857,19.3814],[80.9656,19.3701],[81.003,19.3577],[80.9488,19.3299],[80.936,19.3304],[80.9288,19.3425],[80.8774,19.3293],[80.8593,19.3709],[80.866,19.3806],[80.8581,19.3921],[80.8406,19.3922],[80.8446,19.3803],[80.792,19.3821],[80.7697,19.3572],[80.8051,19.3345],[80.7758,19.3036],[80.7561,19.2915],[80.7367,19.2924],[80.7139,19.3094],[80.7238,19.3288],[80.7091,19.3366],[80.6971,19.3982],[80.7055,19.4119],[80.7454,19.4193],[80.7634,19.4406],[80.7483,19.4428],[80.7171,19.4745],[80.726,19.5051],[80.6776,19.4989],[80.657,19.5348],[80.6578,19.5555],[80.67,19.5616],[80.6693,19.582],[80.6833,19.6155],[80.6753,19.6627],[80.7034,19.6946],[80.7218,19.6884]]],[[[80.9679,19.8271],[80.9561,19.804],[80.934,19.8221],[80.9204,19.8216],[80.9129,19.8586],[80.8904,19.8991],[80.8551,19.9269],[80.87,19.9407],[80.9016,19.9457],[80.9291,19.912],[80.9512,19.8434],[80.9679,19.8271]]],[[[80.8963,19.9589],[80.8988,19.9516],[80.861,19.9485],[80.8617,19.9393],[80.8031,19.9029],[80.7686,19.896],[80.7541,19.8644],[80.7344,19.8684],[80.7474,19.9147],[80.7783,19.935],[80.8077,19.9367],[80.8229,19.9747],[80.8559,19.9842],[80.8963,19.9589]]],[[[80.8821,18.6031],[80.8469,18.6227],[80.8727,18.6318],[80.8825,18.6445],[80.8896,18.6413],[80.8925,18.6221],[80.8821,18.6031]]],[[[80.8645,19.8006],[80.8659,19.7825],[80.8421,19.7832],[80.8353,19.7707],[80.8177,19.7718],[80.8195,19.7891],[80.7961,19.7971],[80.7844,19.8122],[80.7997,19.8467],[80.8546,19.8183],[80.8645,19.8006]]],[[[80.853,18.158],[80.8506,18.1342],[80.8372,18.1198],[80.7927,18.118],[80.777,18.1061],[80.7651,18.1084],[80.75,18.1291],[80.7623,18.1603],[80.7763,18.1717],[80.786,18.1575],[80.8005,18.157],[80.821,18.1842],[80.8464,18.177],[80.853,18.158]]],[[[80.6018,18.6507],[80.611,18.6283],[80.6277,18.6363],[80.6382,18.6184],[80.6302,18.5826],[80.646,18.5615],[80.6656,18.5509],[80.6439,18.5759],[80.6967,18.53],[80.7264,18.517],[80.7341,18.5006],[80.7366,18.4773],[80.7822,18.3718],[80.7929,18.2792],[80.8082,18.2732],[80.8142,18.2553],[80.809,18.2255],[80.7916,18.2165],[80.7757,18.2205],[80.7522,18.2569],[80.7231,18.2489],[80.7044,18.2538],[80.692,18.2717],[80.6672,18.2426],[80.6576,18.2477],[80.6364,18.2636],[80.6457,18.268],[80.6224,18.2876],[80.6195,18.2997],[80.5872,18.3252],[80.5843,18.3514],[80.6342,18.3623],[80.6678,18.3505],[80.6585,18.3228],[80.6659,18.2874],[80.6765,18.3028],[80.7023,18.3098],[80.7247,18.2884],[80.7446,18.2954],[80.7522,18.3071],[80.7442,18.3252],[80.7318,18.331],[80.7195,18.3259],[80.7002,18.3684],[80.7051,18.3826],[80.6862,18.4198],[80.6681,18.4241],[80.6631,18.44],[80.6519,18.4435],[80.6152,18.4911],[80.6158,18.5065],[80.604,18.5102],[80.5925,18.53],[80.574,18.6044],[80.5847,18.625],[80.6011,18.6356],[80.5811,18.64],[80.5781,18.6474],[80.6018,18.6507]]],[[[80.5196,18.8747],[80.5145,18.8665],[80.4709,18.8744],[80.4526,18.8684],[80.4168,18.8843],[80.4077,18.8894],[80.4013,18.9313],[80.408,18.9404],[80.42,18.9224],[80.4446,18.9071],[80.4856,18.8966],[80.5196,18.8747]]],[[[80.3363,19.6631],[80.388,19.6467],[80.4036,19.6247],[80.3749,19.6061],[80.3506,19.6134],[80.3187,19.6386],[80.3244,19.6585],[80.3363,19.6631]]],[[[80.3171,19.08],[80.3257,19.0692],[80.3422,19.0713],[80.3603,19.0626],[80.3406,19.0239],[80.3531,19.014],[80.3755,18.9674],[80.3582,18.9561],[80.3228,18.9642],[80.3248,18.9805],[80.2992,19.007],[80.2904,19.0395],[80.2714,19.0636],[80.2904,19.0781],[80.3171,19.08]]],[[[80.2729,19.1174],[80.288,19.0998],[80.3258,19.103],[80.3321,19.0922],[80.3145,19.0832],[80.2935,19.0858],[80.2677,19.1104],[80.2412,19.1122],[80.2357,19.1319],[80.2729,19.1174]]],[[[80.2264,18.995],[80.2057,18.9908],[80.1874,18.9707],[80.1678,18.9719],[80.1552,18.9832],[80.184,19.0074],[80.1848,19.0206],[80.151,19.042],[80.1782,19.0557],[80.2166,19.0417],[80.2278,19.0273],[80.2264,18.995]]],[[[80.1268,19.1666],[80.0958,19.1571],[80.0714,19.1304],[80.0221,19.1159],[80.0208,19.1387],[80.0338,19.148],[80.0549,19.1479],[80.0544,19.1653],[80.0694,19.1652],[80.0851,19.1792],[80.0709,19.1969],[80.082,19.2061],[80.0772,19.2146],[80.0858,19.2297],[80.1019,19.2313],[80.1102,19.2208],[80.1298,19.1887],[80.1268,19.1666]]]]}},{"type":"Feature","properties":{"name":"Barail Range","kind":"mountain range","wikidata":"Q19742960","area_km2":7466,"source":"GMBA Mountain Inventory v2.0 (CC BY 4.0)"},"geometry":{"type":"Polygon","coordinates":[[[94.2478,26.3624],[94.2383,26.3509],[94.249,26.2956],[94.2865,26.2739],[94.3006,26.2946],[94.315,26.2954],[94.3248,26.2758],[94.3594,26.2688],[94.378,26.2843],[94.4121,26.2868],[94.4281,26.3047],[94.453,26.2904],[94.4942,26.2983],[94.5247,26.2855],[94.5395,26.2582],[94.5257,26.257],[94.4968,26.2223],[94.5135,26.1988],[94.5093,26.1862],[94.5468,26.1593],[94.5488,26.1491],[94.5191,26.1415],[94.503,26.1279],[94.4878,26.1282],[94.4429,26.1717],[94.427,26.1584],[94.4343,26.1488],[94.4141,26.1265],[94.4146,26.1138],[94.3841,26.1113],[94.3801,26.1028],[94.3895,26.0842],[94.3572,26.0238],[94.3612,25.9927],[94.3197,25.9322],[94.326,25.9238],[94.3197,25.8695],[94.2926,25.8113],[94.2869,25.803],[94.269,25.8147],[94.2258,25.782],[94.2157,25.7616],[94.2043,25.7703],[94.1783,25.7509],[94.1738,25.7322],[94.1843,25.7113],[94.1811,25.6801],[94.1947,25.6302],[94.1676,25.5945],[94.1777,25.5848],[94.1113,25.5718],[94.0602,25.5268],[94.0572,25.5007],[94.0654,25.4817],[94.0382,25.4315],[94.0291,25.4228],[93.9923,25.4317],[93.9799,25.4197],[93.9622,25.4286],[93.948,25.3931],[93.9306,25.3966],[93.8724,25.3712],[93.8298,25.3984],[93.8197,25.3822],[93.8417,25.3477],[93.8214,25.3197],[93.7893,25.3252],[93.8051,25.3064],[93.7575,25.2746],[93.7398,25.2836],[93.7217,25.2697],[93.7041,25.2201],[93.6931,25.2258],[93.6754,25.1895],[93.6618,25.1851],[93.6593,25.1682],[93.6697,25.1469],[93.6476,25.1224],[93.6367,25.1197],[93.6115,25.1347],[93.5927,25.1134],[93.5655,25.1113],[93.5288,25.0854],[93.5196,25.0555],[93.4991,25.053],[93.4758,25.0696],[93.4629,25.0425],[93.4486,25.0382],[93.4489,25.0237],[93.4181,24.9718],[93.4001,24.9697],[93.3592,24.9832],[93.3576,25.003],[93.3437,24.9918],[93.3352,24.9975],[93.316,24.9662],[93.305,24.9696],[93.2936,24.9426],[93.301,24.9281],[93.2919,24.9149],[93.2584,24.9156],[93.2484,24.9278],[93.278,25.0406],[93.232,25.0155],[93.2131,25.0238],[93.1992,25.0166],[93.1828,25.0223],[93.0987,24.9557],[93.0737,24.9634],[93.054,24.9933],[92.9532,24.9628],[92.9103,24.9654],[92.8991,24.973],[92.8978,24.9853],[92.9126,25.0059],[92.9797,25.054],[92.9827,25.0735],[93.0062,25.0762],[93.0054,25.0971],[93.0325,25.117],[93.0364,25.1596],[93.0948,25.1925],[93.0961,25.2056],[93.134,25.2384],[93.1757,25.2469],[93.1782,25.2786],[93.1995,25.2868],[93.1967,25.3137],[93.1717,25.3449],[93.1763,25.3955],[93.2184,25.4305],[93.2217,25.4458],[93.2051,25.452],[93.2405,25.4699],[93.2217,25.4988],[93.2277,25.5168],[93.2442,25.5223],[93.2533,25.5134],[93.2831,25.5307],[93.2976,25.5155],[93.3103,25.5385],[93.3389,25.5364],[93.3567,25.5549],[93.4309,25.5696],[93.4405,25.5515],[93.3622,25.4961],[93.3482,25.4703],[93.324,25.4678],[93.2825,25.4303],[93.2759,25.4027],[93.2426,25.365],[93.2722,25.3466],[93.2931,25.347],[93.3485,25.3825],[93.3654,25.4066],[93.3747,25.4003],[93.3953,25.4315],[93.4134,25.4382],[93.4041,25.4292],[93.4116,25.4197],[93.4384,25.4395],[93.4638,25.4384],[93.4753,25.4503],[93.4703,25.46],[93.4912,25.4809],[93.4885,25.4668],[93.5228,25.4716],[93.5301,25.4866],[93.5143,25.5018],[93.5052,25.5288],[93.5656,25.5489],[93.5751,25.5685],[93.6092,25.5905],[93.7157,25.6217],[93.7388,25.6348],[93.7518,25.654],[93.7825,25.665],[93.7887,25.653],[93.8391,25.6851],[93.8594,25.6884],[93.8777,25.7108],[93.8665,25.7144],[93.8717,25.7301],[93.8864,25.7426],[93.869,25.7534],[93.8707,25.7912],[93.8151,25.7631],[93.8028,25.7504],[93.8031,25.7373],[93.7862,25.7396],[93.7547,25.7236],[93.7137,25.7346],[93.7087,25.7519],[93.7974,25.8103],[93.8126,25.8291],[93.8911,25.8562],[93.9905,25.925],[93.9612,25.9631],[93.9573,26.0108],[94.0052,26.1302],[94.0226,26.1946],[94.0585,26.2381],[94.0756,26.2338],[94.0926,26.2508],[94.1008,26.2873],[94.1257,26.332],[94.1734,26.3387],[94.1734,26.4096],[94.1807,26.4205],[94.224,26.4176],[94.2363,26.3902],[94.2312,26.3752],[94.2478,26.3624]]]}},{"type":"Feature","properties":{"name":"Biligiriranga Hills","kind":"mountain range","wikidata":"Q3631211","area_km2":2620,"source":"GMBA Mountain Inventory v2.0 (CC BY 4.0)"},"geometry":{"type":"Polygon","coordinates":[[[77.477,11.9644],[77.495,11.9441],[77.4863,11.8904],[77.4988,11.8758],[77.4946,11.8655],[77.5196,11.7925],[77.5401,11.7729],[77.5552,11.7322],[77.5645,11.679],[77.5588,11.678],[77.5377,11.5886],[77.5062,11.5681],[77.4932,11.5757],[77.4964,11.5524],[77.483,11.5462],[77.4648,11.549],[77.4348,11.5689],[77.432,11.5536],[77.3942,11.5206],[77.3695,11.5255],[77.3597,11.5364],[77.3439,11.5213],[77.3229,11.5226],[77.3106,11.527],[77.3041,11.5412],[77.3111,11.554],[77.3069,11.5616],[77.3,11.5612],[77.2886,11.539],[77.269,11.5364],[77.2617,11.5447],[77.2249,11.547],[77.2052,11.5727],[77.2134,11.5895],[77.1933,11.5946],[77.1648,11.5798],[77.1431,11.5896],[77.123,11.551],[77.1265,11.5412],[77.1177,11.5196],[77.1095,11.5079],[77.0941,11.5051],[77.0728,11.5203],[77.0459,11.5177],[76.9717,11.5782],[76.9162,11.5739],[76.9062,11.5809],[76.8923,11.5739],[76.8763,11.5965],[76.8478,11.5961],[76.788,11.6134],[76.7624,11.6519],[76.7919,11.6592],[76.8301,11.6477],[76.8418,11.6535],[76.8655,11.6494],[76.8698,11.6297],[76.9491,11.6446],[76.9593,11.6242],[76.9722,11.6217],[76.9882,11.6044],[77.0153,11.6103],[77.0176,11.6405],[77.035,11.6701],[77.0387,11.7036],[77.0573,11.7216],[77.045,11.7256],[77.049,11.7604],[77.102,11.7632],[77.1134,11.7798],[77.0963,11.8041],[77.097,11.8216],[77.0768,11.8391],[77.0676,11.8914],[77.0783,11.9053],[77.0895,11.9048],[77.1038,11.9389],[77.0986,11.9911],[77.113,12.0195],[77.1073,12.0431],[77.1469,12.0724],[77.1439,12.1329],[77.1741,12.155],[77.1913,12.1292],[77.199,12.0924],[77.2225,12.0825],[77.2216,12.0602],[77.247,12.0255],[77.2484,11.9892],[77.2594,11.9719],[77.2532,11.9524],[77.2589,11.9415],[77.2416,11.9255],[77.2467,11.9067],[77.2176,11.8317],[77.2226,11.8223],[77.2092,11.778],[77.2111,11.753],[77.2193,11.7609],[77.2458,11.7573],[77.2488,11.7695],[77.2277,11.7717],[77.2239,11.7805],[77.2318,11.8039],[77.2503,11.8154],[77.2682,11.8031],[77.2777,11.8081],[77.2711,11.8206],[77.2733,11.8498],[77.2989,11.8946],[77.2926,11.932],[77.3108,11.9529],[77.3063,11.9895],[77.3209,12.0075],[77.3313,12.0071],[77.3477,11.9764],[77.3371,11.9478],[77.3447,11.8946],[77.363,11.8824],[77.395,11.8885],[77.3946,11.8982],[77.3781,11.899],[77.3905,11.9064],[77.3828,11.9176],[77.3913,11.9319],[77.4029,11.9347],[77.4064,11.9708],[77.4144,11.9812],[77.4483,11.9925],[77.4634,11.9815],[77.4558,11.9671],[77.4772,11.9393],[77.4842,11.9409],[77.477,11.9644]]]}},{"type":"Feature","properties":{"name":"Black Mountains","kind":"mountain range","wikidata":"Q1447164","area_km2":3691,"source":"GMBA Mountain Inventory v2.0 (CC BY 4.0)"},"geometry":{"type":"Polygon","coordinates":[[[90.4645,27.4332],[90.4832,27.409],[90.5046,27.4014],[90.5238,27.3738],[90.551,27.3655],[90.5824,27.338],[90.5988,27.2911],[90.5905,27.2613],[90.6599,27.1646],[90.632,27.1471],[90.6079,27.1443],[90.6217,27.1112],[90.5975,27.0204],[90.5844,27.0096],[90.544,27.0254],[90.5343,27.013],[90.5405,26.9953],[90.5134,26.9468],[90.5085,26.9104],[90.472,26.8888],[90.3793,26.9141],[90.307,26.8486],[90.2881,26.845],[90.2601,26.8612],[90.2416,26.8519],[90.2046,26.8742],[90.1987,26.8863],[90.2052,26.8947],[90.1964,26.9106],[90.1556,26.9396],[90.1415,26.9425],[90.1073,26.9008],[90.0509,26.9008],[90.0374,26.9124],[90.0732,26.9755],[90.0677,27.0036],[90.078,27.0411],[90.0677,27.0672],[90.0777,27.0801],[90.0683,27.0922],[90.0738,27.2217],[90.0381,27.2721],[89.9675,27.3008],[89.9158,27.3507],[89.9068,27.3827],[89.9055,27.4567],[89.8957,27.4728],[89.9597,27.5092],[90.0591,27.5038],[90.0812,27.5101],[90.1122,27.5538],[90.1382,27.5554],[90.1843,27.5321],[90.2208,27.5272],[90.2259,27.5323],[90.2524,27.5167],[90.301,27.5114],[90.3874,27.4449],[90.3957,27.4495],[90.4645,27.4332]]]}},{"type":"Feature","properties":{"name":"Cardamom Hills","kind":"mountain range","wikidata":"Q1729075","area_km2":5538,"source":"GMBA Mountain Inventory v2.0 (CC BY 4.0)"},"geometry":{"type":"MultiPolygon","coordinates":[[[[77.8344,9.9237],[77.8249,9.9124],[77.8151,9.9136],[77.8073,9.9293],[77.8171,9.9467],[77.8289,9.9441],[77.8344,9.9237]]],[[[77.7743,10.0524],[77.7907,10.0216],[77.7643,9.9771],[77.7555,9.9676],[77.7498,9.9784],[77.71,9.9834],[77.7068,9.9574],[77.7342,9.9524],[77.7611,9.9647],[77.7759,9.9574],[77.7614,9.9402],[77.7851,9.9336],[77.7967,9.9193],[77.7713,9.9085],[77.7493,9.8878],[77.7075,9.8903],[77.6974,9.9007],[77.6845,9.9012],[77.6539,9.8689],[77.6357,9.8075],[77.6491,9.7853],[77.7089,9.7594],[77.7121,9.7426],[77.7285,9.7529],[77.7854,9.7526],[77.7905,9.743],[77.7715,9.7316],[77.772,9.7199],[77.7612,9.7116],[77.7386,9.7107],[77.7284,9.7217],[77.7097,9.6867],[77.6827,9.676],[77.6494,9.6791],[77.6439,9.6988],[77.6322,9.6968],[77.6093,9.6886],[77.613,9.6792],[77.6031,9.6724],[77.6062,9.6821],[77.5964,9.6794],[77.5499,9.6384],[77.5366,9.6488],[77.5302,9.6434],[77.527,9.6261],[77.5362,9.6093],[77.5923,9.63],[77.6033,9.6267],[77.6166,9.6047],[77.6696,9.5929],[77.6668,9.5662],[77.6594,9.5623],[77.6634,9.5755],[77.6129,9.5581],[77.6022,9.5654],[77.5866,9.5469],[77.5576,9.5356],[77.5539,9.5239],[77.51,9.5209],[77.5016,9.504],[77.4898,9.4999],[77.4711,9.5061],[77.4579,9.5019],[77.4398,9.4734],[77.4329,9.4374],[77.3937,9.4205],[77.3783,9.3946],[77.3846,9.358],[77.3803,9.3305],[77.3544,9.302],[77.3717,9.2546],[77.3669,9.2427],[77.3517,9.2403],[77.3343,9.2242],[77.3292,9.1994],[77.3499,9.1784],[77.3779,9.1678],[77.3822,9.1516],[77.3278,9.1234],[77.3066,9.1278],[77.2968,9.115],[77.3092,9.0861],[77.2492,9.0572],[77.2296,9.0669],[77.2235,9.0612],[77.2249,9.0353],[77.1706,9.0643],[77.1566,9.0872],[77.1092,9.0967],[77.0728,9.1144],[77.0694,9.1255],[77.0211,9.1361],[76.9651,9.1821],[76.9569,9.1733],[76.9245,9.1808],[76.9051,9.2214],[76.9231,9.2658],[76.9114,9.2973],[76.9191,9.3203],[76.9051,9.3316],[76.915,9.3347],[76.8674,9.3658],[76.8609,9.4016],[76.8618,9.4134],[76.8709,9.4086],[76.8967,9.423],[76.8876,9.4382],[76.8905,9.4594],[76.8781,9.4617],[76.9242,9.4978],[76.9185,9.525],[76.9038,9.5297],[76.8949,9.5435],[76.8648,9.5406],[76.8486,9.5491],[76.8438,9.5689],[76.8059,9.5912],[76.8033,9.6149],[76.8219,9.6594],[76.8154,9.6941],[76.7862,9.703],[76.7724,9.7363],[76.7779,9.7479],[76.7681,9.7426],[76.751,9.7604],[76.7598,9.7646],[76.7574,9.7796],[76.7356,9.7785],[76.6965,9.797],[76.6739,9.8289],[76.6824,9.8428],[76.6976,9.8426],[76.7016,9.8552],[76.7098,9.8549],[76.7265,9.8402],[76.7534,9.8425],[76.7839,9.8322],[76.7821,9.8594],[76.7691,9.8683],[76.7763,9.8973],[76.7932,9.905],[76.8063,9.8909],[76.8224,9.8884],[76.8534,9.8989],[76.8572,9.9032],[76.8377,9.9162],[76.8383,9.9455],[76.8228,9.954],[76.8245,9.9595],[76.8416,9.962],[76.8563,9.9543],[76.8664,9.9621],[76.8779,9.9594],[76.9093,9.9364],[76.9126,9.9223],[76.9494,9.9066],[76.9571,9.8925],[76.9869,9.8858],[77.0134,9.8592],[77.0543,9.8513],[77.102,9.8124],[77.0986,9.7923],[77.0673,9.7655],[77.0212,9.7988],[77.0238,9.7787],[77.0133,9.7527],[76.9992,9.7458],[77.0154,9.7041],[77.009,9.686],[76.984,9.6807],[76.9605,9.6906],[76.9356,9.7223],[76.9173,9.7312],[76.9178,9.744],[76.9325,9.762],[76.9323,9.7866],[76.9466,9.7933],[76.9495,9.8087],[76.9657,9.8113],[76.9307,9.8486],[76.9192,9.8126],[76.8965,9.8034],[76.91,9.7643],[76.8947,9.7316],[76.9149,9.7089],[76.9176,9.6931],[76.9093,9.6773],[76.9362,9.6707],[76.9511,9.653],[76.9561,9.6636],[77.0201,9.6569],[77.0198,9.6817],[77.0471,9.7034],[77.0532,9.7324],[77.0801,9.7469],[77.0659,9.754],[77.0706,9.7629],[77.0869,9.7655],[77.1015,9.7812],[77.1201,9.7782],[77.1187,9.8082],[77.1305,9.8161],[77.1437,9.8082],[77.1316,9.7973],[77.1325,9.7859],[77.1592,9.7767],[77.1481,9.7712],[77.1466,9.7409],[77.1236,9.716],[77.1225,9.6912],[77.0998,9.6563],[77.1201,9.6253],[77.1444,9.6156],[77.1468,9.6444],[77.1711,9.6488],[77.1865,9.6872],[77.1995,9.6983],[77.2027,9.7295],[77.2143,9.7329],[77.2227,9.8059],[77.2145,9.8186],[77.269,9.8114],[77.2937,9.8249],[77.3013,9.8086],[77.2845,9.7801],[77.2553,9.7804],[77.2503,9.7683],[77.2573,9.7506],[77.2301,9.7074],[77.2152,9.6735],[77.2159,9.6566],[77.2032,9.6484],[77.2028,9.6384],[77.218,9.6363],[77.2443,9.6097],[77.2668,9.6163],[77.2805,9.6732],[77.3093,9.6923],[77.3279,9.6953],[77.3322,9.7239],[77.3608,9.7717],[77.3753,9.7722],[77.3841,9.7593],[77.4236,9.7715],[77.4492,9.8309],[77.5027,9.8728],[77.5172,9.9028],[77.5392,9.9134],[77.553,9.9097],[77.549,9.8931],[77.5623,9.8896],[77.5973,9.905],[77.6262,9.8911],[77.6342,9.9109],[77.6157,9.9153],[77.6068,9.9398],[77.616,9.9524],[77.6419,9.9592],[77.6528,9.9447],[77.6451,10.0018],[77.6559,10.0092],[77.6829,9.9843],[77.6878,9.9901],[77.6763,9.9937],[77.6685,10.0195],[77.6532,10.0225],[77.6525,10.0414],[77.6651,10.0473],[77.6754,10.0653],[77.688,10.0717],[77.7007,10.0679],[77.7028,10.0447],[77.709,10.0592],[77.7164,10.0509],[77.719,10.0673],[77.731,10.0715],[77.7446,10.072],[77.7389,10.0642],[77.7743,10.0524]]],[[[77.6997,9.7811],[77.6845,9.7759],[77.674,9.7883],[77.6958,9.7877],[77.6997,9.7811]]]]}},{"type":"Feature","properties":{"name":"Central Highlands","kind":"mountain range","wikidata":null,"area_km2":22308,"source":"GMBA Mountain Inventory v2.0 (CC BY 4.0)"},"geometry":{"type":"MultiPolygon","coordinates":[[[[87.5175,24.6635],[87.5043,24.6312],[87.4887,24.6243],[87.4829,24.5724],[87.4561,24.5603],[87.437,24.5646],[87.4352,24.5883],[87.4219,24.6054],[87.4402,24.6109],[87.4629,24.6526],[87.503,24.663],[87.5068,24.6717],[87.5175,24.6635]]],[[[86.9279,24.2176],[86.9191,24.218],[86.9073,24.233],[86.9099,24.2488],[86.923,24.2581],[86.9425,24.2494],[86.9404,24.2284],[86.9279,24.2176]]],[[[86.8601,24.4683],[86.852,24.4582],[86.8264,24.4761],[86.82,24.4869],[86.8267,24.5104],[86.8495,24.5107],[86.8612,24.4968],[86.8601,24.4683]]],[[[86.784,23.6032],[86.7717,23.6008],[86.7412,23.6139],[86.7376,23.6238],[86.753,23.6486],[86.7735,23.6451],[86.7904,23.6306],[86.7955,23.6205],[86.784,23.6032]]],[[[86.4198,23.9864],[86.4276,23.9566],[86.4104,23.9427],[86.3997,23.9487],[86.3728,23.9332],[86.3598,23.9396],[86.344,23.933],[86.3407,23.9644],[86.3526,23.968],[86.356,23.9792],[86.3809,23.9904],[86.4198,23.9864]]],[[[86.2598,25.008],[86.2407,25.0072],[86.2261,25.0176],[86.2234,25.0293],[86.2271,25.0495],[86.2493,25.0737],[86.2659,25.031],[86.2779,25.021],[86.2598,25.008]]],[[[86.1596,24.0092],[86.1729,23.99],[86.1908,23.9841],[86.2051,23.9439],[86.1904,23.9164],[86.177,23.9124],[86.1533,23.9238],[86.1096,23.9276],[86.0808,23.9604],[86.0864,23.9955],[86.0993,24.0075],[86.1326,24.0154],[86.1596,24.0092]]],[[[86.1675,24.8218],[86.1119,24.8451],[86.101,24.8711],[86.1128,24.8921],[86.125,24.8988],[86.1764,24.8742],[86.1756,24.8615],[86.1884,24.8466],[86.1675,24.8218]]],[[[86.161,23.1607],[86.1738,23.1526],[86.1711,23.1385],[86.1473,23.1424],[86.1355,23.1198],[86.1157,23.1167],[86.1041,23.1061],[86.07,23.1172],[86.0647,23.127],[86.0683,23.1388],[86.0791,23.1382],[86.0959,23.1589],[86.161,23.1607]]],[[[86.0133,23.2364],[86.0041,23.2363],[85.989,23.2551],[85.9732,23.2574],[85.9754,23.2841],[86.0207,23.2775],[86.0292,23.2597],[86.0245,23.2432],[86.0133,23.2364]]],[[[85.9839,23.4559],[85.9884,23.4476],[85.9749,23.4436],[85.9375,23.4506],[85.9219,23.4616],[85.9198,23.4811],[85.9295,23.4895],[85.9451,23.4861],[85.95,23.4753],[85.9839,23.4559]]],[[[85.9759,24.8738],[85.9395,24.874],[85.9343,24.884],[85.9776,24.8828],[85.9759,24.8738]]],[[[85.7814,24.71],[85.7663,24.6897],[85.7018,24.6911],[85.6844,24.6736],[85.6592,24.6697],[85.6429,24.6583],[85.632,24.6622],[85.6228,24.6519],[85.586,24.6582],[85.5719,24.6672],[85.5635,24.6888],[85.5669,24.7025],[85.5926,24.7149],[85.6301,24.7097],[85.6734,24.7198],[85.6769,24.7315],[85.697,24.7424],[85.7649,24.7423],[85.7861,24.7274],[85.7814,24.71]]],[[[85.6775,23.8956],[85.7027,23.8952],[85.7256,23.8695],[85.7467,23.8143],[85.737,23.797],[85.7642,23.7563],[85.7499,23.7415],[85.6775,23.7536],[85.6618,23.7666],[85.6552,23.7771],[85.6614,23.7938],[85.68,23.8084],[85.6597,23.813],[85.6543,23.8279],[85.6249,23.8137],[85.5984,23.8241],[85.5948,23.8702],[85.6216,23.8715],[85.6775,23.8956]]],[[[85.602,24.5785],[85.5728,24.5769],[85.5366,24.6023],[85.5592,24.6239],[85.579,24.63],[85.5959,24.625],[85.6036,24.6127],[85.602,24.5785]]],[[[85.3885,23.603],[85.4246,23.5822],[85.4135,23.6015],[85.417,23.6113],[85.4509,23.5961],[85.4322,23.5948],[85.435,23.5889],[85.463,23.5925],[85.4835,23.5861],[85.5093,23.5637],[85.5034,23.5509],[85.4886,23.551],[85.4803,23.524],[85.4697,23.5155],[85.4497,23.5158],[85.4108,23.5506],[85.3896,23.5548],[85.3697,23.5821],[85.3654,23.607],[85.3739,23.6128],[85.3885,23.603]]],[[[84.753,23.7718],[84.7348,23.7725],[84.7301,23.7857],[84.7403,23.8112],[84.7565,23.8154],[84.7738,23.7952],[84.753,23.7718]]],[[[84.7608,23.7691],[84.7674,23.7452],[84.7548,23.7344],[84.7557,23.7242],[84.7138,23.713],[84.702,23.6915],[84.668,23.7125],[84.6636,23.7247],[84.6698,23.7439],[84.7323,23.7668],[84.7608,23.7691]]],[[[84.4031,23.7572],[84.4293,23.7504],[84.4324,23.7372],[84.432,23.7253],[84.4007,23.6882],[84.4012,23.6766],[84.4242,23.6694],[84.4301,23.6701],[84.426,23.6812],[84.4453,23.6778],[84.4839,23.6509],[84.5139,23.6461],[84.521,23.6322],[84.5564,23.6467],[84.5689,23.6384],[84.5852,23.6517],[84.6261,23.6364],[84.6197,23.6729],[84.6369,23.6888],[84.6806,23.6841],[84.6905,23.6589],[84.6801,23.6403],[84.6992,23.6313],[84.729,23.6362],[84.7321,23.6102],[84.7082,23.6027],[84.6958,23.583],[84.6787,23.5889],[84.6706,23.5834],[84.6737,23.5546],[84.6331,23.536],[84.6281,23.5297],[84.6342,23.518],[84.6249,23.5061],[84.6156,23.5118],[84.6384,23.5562],[84.6035,23.5426],[84.571,23.5577],[84.5485,23.553],[84.4709,23.6037],[84.3717,23.6059],[84.3599,23.6122],[84.3738,23.6543],[84.3504,23.6743],[84.3509,23.6973],[84.3316,23.7048],[84.307,23.7282],[84.3073,23.7369],[84.3385,23.7578],[84.3868,23.7634],[84.4031,23.7572]]],[[[84.6237,23.467],[84.6113,23.447],[84.5935,23.4612],[84.5832,23.4457],[84.5761,23.4469],[84.5992,23.4826],[84.614,23.4883],[84.6237,23.467]]],[[[84.5635,23.4217],[84.5561,23.4124],[84.5489,23.4147],[84.5672,23.4467],[84.5738,23.4413],[84.5635,23.4217]]],[[[84.505,22.88],[84.5538,22.8778],[84.5675,22.867],[84.5513,22.8427],[84.5354,22.855],[84.5008,22.849],[84.4916,22.8394],[84.4818,22.8529],[84.4652,22.8511],[84.457,22.8677],[84.457,22.8786],[84.4676,22.8881],[84.4923,22.8904],[84.505,22.88]]],[[[84.2266,23.6619],[84.2699,23.655],[84.2908,23.6442],[84.3004,23.6251],[84.2697,23.5886],[84.2727,23.5763],[84.2994,23.5905],[84.3093,23.58],[84.3065,23.5576],[84.289,23.5329],[84.3125,23.4821],[84.2941,23.4376],[84.305,23.4323],[84.3071,23.4155],[84.3227,23.4186],[84.3426,23.3901],[84.328,23.3312],[84.3452,23.3073],[84.3572,23.307],[84.3569,23.3214],[84.3828,23.3455],[84.4126,23.3343],[84.4155,23.3409],[84.3926,23.365],[84.3988,23.3789],[84.3636,23.3984],[84.355,23.4425],[84.3571,23.4589],[84.3912,23.4957],[84.4128,23.5038],[84.4276,23.4884],[84.4337,23.5142],[84.4218,23.5257],[84.4258,23.5654],[84.461,23.5656],[84.4804,23.5406],[84.4916,23.5463],[84.5009,23.5309],[84.4905,23.5095],[84.497,23.473],[84.488,23.4458],[84.4693,23.4202],[84.4393,23.4051],[84.4262,23.4092],[84.4254,23.3828],[84.4463,23.3607],[84.4773,23.3685],[84.4842,23.3488],[84.4987,23.3528],[84.5319,23.3905],[84.557,23.3925],[84.5656,23.3658],[84.5556,23.3512],[84.5244,23.3474],[84.514,23.3242],[84.4897,23.3211],[84.4303,23.3384],[84.4362,23.3177],[84.4653,23.3167],[84.4718,23.297],[84.4687,23.281],[84.4525,23.2679],[84.4446,23.2761],[84.415,23.2762],[84.4066,23.2634],[84.3801,23.2919],[84.3698,23.2849],[84.3526,23.2988],[84.3311,23.2801],[84.332,23.2409],[84.3079,23.2366],[84.2967,23.2531],[84.2974,23.2995],[84.2885,23.3142],[84.288,23.3395],[84.303,23.3715],[84.2798,23.3826],[84.2552,23.4154],[84.2413,23.4202],[84.2244,23.4117],[84.2341,23.3956],[84.226,23.3654],[84.2031,23.358],[84.2031,23.3481],[84.1845,23.3349],[84.1614,23.3536],[84.2098,23.4521],[84.2054,23.4848],[84.1828,23.5202],[84.1618,23.5333],[84.1543,23.5078],[84.1367,23.4989],[84.1118,23.5089],[84.0968,23.5278],[84.1023,23.543],[84.0968,23.5589],[84.1132,23.5759],[84.1234,23.5761],[84.1429,23.5593],[84.1343,23.5956],[84.1487,23.6177],[84.1388,23.6225],[84.1515,23.6321],[84.1594,23.6293],[84.1646,23.6075],[84.1815,23.6018],[84.1926,23.6071],[84.2052,23.6307],[84.2117,23.6589],[84.2266,23.6619]]],[[[83.6485,23.211],[83.6175,23.2008],[83.6173,23.1762],[83.6259,23.1641],[83.6104,23.1412],[83.5633,23.1279],[83.5565,23.1142],[83.5816,23.0811],[83.5642,23.058],[83.5451,23.0628],[83.5364,23.0576],[83.5531,23.035],[83.5857,23.0286],[83.6095,23.0552],[83.6299,23.0548],[83.6895,23.0038],[83.7349,23.0278],[83.7769,23.0194],[83.8114,22.9946],[83.8635,22.9884],[83.8853,22.9754],[83.8927,22.955],[83.9272,22.9444],[83.9371,22.9322],[83.9521,22.9446],[83.9878,22.91],[84.0084,22.9033],[84.0202,22.8857],[84.0573,22.8695],[84.0612,22.8461],[84.0517,22.8275],[84.0725,22.8125],[84.0982,22.8211],[84.1097,22.8153],[84.1322,22.7818],[84.1207,22.7707],[84.1112,22.7717],[84.0985,22.7823],[84.0395,22.7934],[84.0279,22.8177],[84.0133,22.826],[84.0176,22.8509],[83.9968,22.8677],[83.9811,22.8676],[83.9702,22.8822],[83.953,22.8823],[83.9531,22.8738],[83.9375,22.87],[83.9182,22.8796],[83.8905,22.9053],[83.8947,22.9197],[83.8584,22.9311],[83.8509,22.9573],[83.7954,22.9716],[83.7728,22.9613],[83.7621,22.9839],[83.7313,22.9886],[83.7196,22.9884],[83.7143,22.9775],[83.6862,22.9634],[83.6484,22.9903],[83.6133,22.9633],[83.5776,22.9614],[83.5549,22.9948],[83.5337,23.0026],[83.5037,23.0317],[83.4883,23.02],[83.4592,23.0176],[83.4447,23.0526],[83.4697,23.0886],[83.4889,23.099],[83.519,23.0947],[83.5135,23.1222],[83.523,23.1491],[83.4859,23.1868],[83.4864,23.21],[83.5146,23.2269],[83.5108,23.238],[83.5194,23.2463],[83.5544,23.2358],[83.5576,23.2193],[83.5801,23.1945],[83.5781,23.2188],[83.5946,23.2483],[83.6533,23.2613],[83.6774,23.2371],[83.6485,23.211]]],[[[84.052,23.6539],[84.0551,23.639],[84.0446,23.6215],[84.008,23.6033],[83.9909,23.6092],[83.9832,23.6322],[83.9775,23.6321],[83.9851,23.5995],[84.0186,23.5877],[84.0368,23.5954],[84.0537,23.592],[84.0609,23.5739],[84.0881,23.5842],[84.0904,23.5577],[84.0739,23.5417],[84.0855,23.5264],[84.0446,23.4778],[84.0425,23.4528],[84.0406,23.4111],[84.0884,23.3757],[84.0845,23.3514],[84.0721,23.3484],[84.0686,23.3332],[84.0612,23.3347],[84.0592,23.351],[84.0175,23.3614],[83.991,23.3991],[83.9885,23.4087],[84.0056,23.4328],[84.0072,23.4542],[83.993,23.4733],[83.9549,23.4693],[83.9488,23.457],[83.9353,23.4527],[83.8926,23.4488],[83.8968,23.4256],[83.8904,23.4132],[83.8573,23.3934],[83.8529,23.3695],[83.8297,23.3528],[83.7736,23.3676],[83.7314,23.4281],[83.7018,23.4358],[83.7038,23.3961],[83.6885,23.3592],[83.6622,23.3361],[83.6466,23.3364],[83.628,23.3698],[83.5842,23.3738],[83.5707,23.3885],[83.5465,23.3948],[83.5443,23.414],[83.5285,23.4203],[83.5261,23.4413],[83.5558,23.4574],[83.5844,23.457],[83.551,23.4704],[83.5342,23.4969],[83.5342,23.5106],[83.5477,23.5248],[83.5844,23.5344],[83.5842,23.545],[83.5522,23.5597],[83.5447,23.5726],[83.5538,23.5876],[83.5921,23.5988],[83.6127,23.581],[83.6076,23.561],[83.6156,23.5424],[83.6302,23.5352],[83.6323,23.5531],[83.663,23.5663],[83.6666,23.5773],[83.6897,23.58],[83.7157,23.5588],[83.7108,23.5395],[83.6905,23.5293],[83.7088,23.5234],[83.7133,23.4956],[83.6989,23.4911],[83.7074,23.4799],[83.7199,23.4738],[83.7322,23.4866],[83.7516,23.4862],[83.8125,23.4593],[83.8306,23.5089],[83.8474,23.5211],[83.8813,23.524],[83.901,23.4988],[83.9089,23.5147],[83.8865,23.5268],[83.8882,23.5553],[83.8237,23.5802],[83.8241,23.6002],[83.8326,23.6071],[83.8551,23.6032],[83.8511,23.6252],[83.8579,23.6352],[83.8714,23.6317],[83.8879,23.6425],[83.9071,23.6309],[83.9617,23.6488],[83.9773,23.6435],[83.9889,23.6637],[84.0104,23.6721],[84.0284,23.6717],[84.052,23.6539]]],[[[83.9988,24.6843],[83.9825,24.6555],[83.9557,24.6667],[83.9447,24.6614],[83.953,24.6479],[83.9535,24.62],[83.9103,24.5913],[83.8827,24.5862],[83.8498,24.5994],[83.7648,24.5666],[83.7437,24.5506],[83.726,24.551],[83.7068,24.5345],[83.6766,24.5338],[83.6578,24.5434],[83.6351,24.5259],[83.6143,24.5255],[83.5992,24.5356],[83.5826,24.5271],[83.5572,24.5336],[83.4704,24.526],[83.4416,24.5131],[83.402,24.5102],[83.3787,24.5184],[83.3699,24.5093],[83.3509,24.5113],[83.3406,24.5191],[83.32,24.5051],[83.3034,24.5078],[83.2813,24.4988],[83.2556,24.508],[83.2196,24.487],[83.1845,24.4967],[83.1228,24.4728],[83.0939,24.4762],[83.053,24.5286],[83.0589,24.5396],[83.0753,24.5451],[83.0817,24.5613],[83.1086,24.5589],[83.1298,24.5675],[83.1306,24.5576],[83.0991,24.5439],[83.0987,24.5073],[83.1117,24.4994],[83.1533,24.5231],[83.2006,24.5342],[83.2184,24.5265],[83.2297,24.5383],[83.2533,24.5413],[83.2873,24.5306],[83.2915,24.5437],[83.3237,24.5592],[83.3393,24.5471],[83.3565,24.5503],[83.3613,24.5405],[83.3984,24.5508],[83.4363,24.5404],[83.4781,24.5576],[83.4841,24.5707],[83.5096,24.5553],[83.5902,24.5655],[83.6215,24.5509],[83.6599,24.5809],[83.6753,24.5772],[83.6814,24.5613],[83.7001,24.5658],[83.7048,24.5754],[83.738,24.5781],[83.7642,24.5966],[83.7859,24.5927],[83.813,24.6112],[83.8342,24.6133],[83.8528,24.6544],[83.8729,24.6601],[83.8688,24.672],[83.8769,24.6946],[83.8883,24.6801],[83.9199,24.68],[83.9093,24.6869],[83.9137,24.6946],[83.9323,24.682],[83.932,24.6966],[83.9634,24.7111],[83.9868,24.7525],[84.0123,24.7738],[84.0145,24.7428],[83.9961,24.7084],[83.9988,24.6843]]],[[[83.9342,24.7739],[83.9198,24.7742],[83.948,24.7946],[83.9571,24.7911],[83.9342,24.7739]]],[[[83.747,22.8172],[83.7472,22.7926],[83.7634,22.8013],[83.7579,22.8118],[83.7699,22.8177],[83.7696,22.825],[83.7889,22.8236],[83.7881,22.804],[83.805,22.7606],[83.8163,22.7533],[83.8206,22.7262],[83.8095,22.6872],[83.7957,22.6811],[83.782,22.6821],[83.7568,22.7012],[83.76,22.7277],[83.7392,22.7485],[83.7236,22.7447],[83.7141,22.7594],[83.7177,22.7842],[83.6947,22.8018],[83.7289,22.8011],[83.7402,22.819],[83.7167,22.8249],[83.6991,22.8512],[83.7361,22.8675],[83.7509,22.8439],[83.7429,22.8288],[83.747,22.8172]]],[[[83.6008,22.7823],[83.5825,22.7841],[83.5836,22.8049],[83.6112,22.7923],[83.6008,22.7823]]],[[[83.5512,22.9053],[83.5647,22.9011],[83.5682,22.9164],[83.5754,22.9124],[83.5779,22.9001],[83.5603,22.8728],[83.5414,22.873],[83.5211,22.8922],[83.4971,22.9018],[83.497,22.9346],[83.5048,22.9425],[83.5274,22.9159],[83.5512,22.9053]]],[[[83.4984,23.6307],[83.4957,23.6124],[83.4594,23.6228],[83.452,23.6156],[83.4537,23.6276],[83.4753,23.6393],[83.4984,23.6307]]],[[[83.343,22.9653],[83.3496,22.9582],[83.3697,22.9658],[83.3761,22.9588],[83.4054,22.9561],[83.4362,22.9285],[83.4305,22.8868],[83.3956,22.8468],[83.3994,22.827],[83.4101,22.8197],[83.4253,22.8313],[83.4397,22.8245],[83.4588,22.8102],[83.4655,22.794],[83.4621,22.7845],[83.4093,22.7658],[83.4144,22.7467],[83.4054,22.7115],[83.3817,22.7175],[83.3722,22.7072],[83.341,22.7097],[83.3269,22.6989],[83.3106,22.7145],[83.2885,22.7208],[83.2988,22.7026],[83.2775,22.6669],[83.2815,22.6554],[83.2674,22.6525],[83.2285,22.6865],[83.2107,22.7386],[83.1826,22.7432],[83.1749,22.7315],[83.1822,22.728],[83.1844,22.7098],[83.1966,22.7059],[83.1899,22.674],[83.1783,22.6735],[83.1636,22.6967],[83.1489,22.6848],[83.16,22.6688],[83.1556,22.6605],[83.1681,22.643],[83.1801,22.6392],[83.1693,22.6093],[83.1186,22.6286],[83.089,22.6155],[83.0692,22.6333],[83.0535,22.6228],[83.0291,22.5748],[83.0158,22.5706],[83.0149,22.5455],[83.0249,22.529],[83.0214,22.513],[82.9808,22.4931],[82.9906,22.4737],[82.9837,22.4541],[82.9719,22.4503],[82.9697,22.434],[82.9506,22.4153],[82.9232,22.4078],[82.8859,22.4156],[82.8684,22.429],[82.8569,22.4647],[82.8362,22.4837],[82.8235,22.4877],[82.796,22.4695],[82.7548,22.4761],[82.7449,22.4901],[82.7214,22.4991],[82.7083,22.536],[82.6938,22.5301],[82.6905,22.5699],[82.6799,22.5749],[82.6897,22.6131],[82.72,22.61],[82.7198,22.6273],[82.7359,22.6303],[82.7462,22.6521],[82.7663,22.6468],[82.7873,22.655],[82.8054,22.6412],[82.831,22.6363],[82.8453,22.6209],[82.8582,22.6277],[82.8778,22.6102],[82.8889,22.5843],[82.901,22.5904],[82.9051,22.5942],[82.8948,22.6076],[82.9019,22.6211],[82.8952,22.6273],[82.9424,22.65],[82.936,22.6838],[82.9011,22.686],[82.8933,22.6943],[82.9087,22.7006],[82.9073,22.7409],[82.9245,22.7639],[82.9501,22.7667],[82.9595,22.7842],[82.9761,22.764],[82.9752,22.7337],[82.9489,22.7285],[82.9623,22.7111],[82.9977,22.7085],[83.0075,22.7276],[83.0386,22.7384],[83.0436,22.7278],[83.0662,22.7233],[83.0701,22.7026],[83.0805,22.703],[83.0878,22.7108],[83.0822,22.7327],[83.0682,22.7456],[83.0842,22.7642],[83.1169,22.7561],[83.1244,22.7627],[83.0965,22.8571],[83.1255,22.8693],[83.1287,22.8858],[83.1551,22.8944],[83.1581,22.9071],[83.1681,22.8937],[83.1617,22.8781],[83.1695,22.8778],[83.2068,22.9319],[83.2539,22.9312],[83.2949,22.9611],[83.3348,22.9706],[83.343,22.9653]]],[[[83.4172,23.5823],[83.437,23.5839],[83.4478,23.566],[83.4336,23.5482],[83.377,23.5332],[83.3532,23.542],[83.3557,23.5691],[83.3699,23.5774],[83.379,23.5709],[83.4049,23.5893],[83.4174,23.5909],[83.4172,23.5823]]],[[[83.2862,23.6189],[83.3024,23.6196],[83.3262,23.6025],[83.3082,23.566],[83.2936,23.5624],[83.2705,23.5699],[83.2666,23.5782],[83.252,23.5805],[83.2431,23.5988],[83.2471,23.61],[83.2862,23.6189]]],[[[82.7052,23.4779],[82.702,23.4728],[82.6943,23.4792],[82.6975,23.4978],[82.7059,23.5029],[82.7052,23.4779]]],[[[82.6675,23.6656],[82.648,23.6768],[82.6323,23.7098],[82.6353,23.7191],[82.6561,23.7144],[82.6686,23.6958],[82.6675,23.6656]]],[[[82.5092,23.8855],[82.5037,23.876],[82.4936,23.8831],[82.4796,23.8565],[82.4608,23.8547],[82.4511,23.8393],[82.3989,23.8206],[82.4446,23.8228],[82.4806,23.8073],[82.488,23.8235],[82.566,23.8404],[82.5946,23.817],[82.576,23.8042],[82.5905,23.7878],[82.5781,23.7732],[82.5858,23.759],[82.5842,23.7317],[82.561,23.7299],[82.5563,23.7197],[82.5175,23.7154],[82.5083,23.7205],[82.5095,23.7404],[82.5213,23.7548],[82.5488,23.7634],[82.5393,23.7738],[82.5184,23.7693],[82.4987,23.7751],[82.4662,23.7602],[82.4417,23.7691],[82.4348,23.784],[82.3988,23.7798],[82.3607,23.7868],[82.3617,23.8039],[82.3842,23.825],[82.3912,23.8524],[82.4055,23.8721],[82.4211,23.8719],[82.4247,23.8911],[82.4446,23.9095],[82.4204,23.9378],[82.4075,23.9408],[82.3992,23.9653],[82.4201,23.9758],[82.4272,23.9605],[82.4846,23.9298],[82.5092,23.8855]]],[[[82.5134,22.5468],[82.4776,22.5594],[82.4241,22.5979],[82.4216,22.6221],[82.4031,22.6339],[82.4292,22.6695],[82.4754,22.6617],[82.4992,22.6306],[82.528,22.6196],[82.5401,22.6022],[82.5401,22.5724],[82.5134,22.5468]]],[[[82.3186,22.7019],[82.3549,22.7073],[82.3727,22.6932],[82.3816,22.6627],[82.366,22.6135],[82.3905,22.6137],[82.3925,22.5759],[82.4049,22.5821],[82.4212,22.5669],[82.4301,22.541],[82.401,22.5387],[82.4039,22.5262],[82.4176,22.5228],[82.4155,22.5008],[82.3932,22.4819],[82.3739,22.4488],[82.3409,22.4281],[82.3161,22.4279],[82.2885,22.4604],[82.2809,22.4565],[82.2572,22.4696],[82.2641,22.4833],[82.25,22.5091],[82.1994,22.5258],[82.1949,22.5441],[82.1821,22.5473],[82.1823,22.5612],[82.1534,22.555],[82.118,22.5772],[82.0851,22.5766],[82.0318,22.5431],[82.0168,22.5617],[81.9926,22.5653],[81.995,22.5861],[82.0146,22.5885],[82.0195,22.5987],[82.0575,22.593],[82.0653,22.6091],[82.0962,22.6216],[82.1554,22.6059],[82.2058,22.6095],[82.2185,22.6009],[82.2512,22.6167],[82.2989,22.5926],[82.3032,22.5456],[82.2964,22.5253],[82.3098,22.4686],[82.3572,22.4757],[82.3428,22.5037],[82.3424,22.5237],[82.3567,22.5285],[82.3719,22.5799],[82.3419,22.5888],[82.3339,22.6247],[82.3213,22.6288],[82.3115,22.6489],[82.3018,22.6439],[82.288,22.655],[82.2758,22.6487],[82.2708,22.6281],[82.2449,22.6276],[82.2468,22.6423],[82.2207,22.654],[82.2587,22.6712],[82.2622,22.6834],[82.2552,22.6945],[82.2786,22.6975],[82.2983,22.6823],[82.3186,22.7019]]],[[[82.3186,22.7019],[82.3043,22.7005],[82.2989,22.7017],[82.3195,22.7145],[82.3259,22.7118],[82.3186,22.7019]]],[[[82.1373,22.4562],[82.0823,22.4861],[82.076,22.5077],[82.1234,22.5404],[82.1361,22.5201],[82.1478,22.4699],[82.1373,22.4562]]],[[[82.0843,22.4346],[82.0932,22.4271],[82.1277,22.4301],[82.132,22.42],[82.1103,22.3999],[82.0897,22.4046],[82.0843,22.4346]]],[[[82.1182,22.4483],[82.0949,22.4452],[82.0945,22.4508],[82.1064,22.455],[82.1182,22.4483]]],[[[81.987,22.4385],[82.0132,22.4396],[82.0103,22.4049],[81.9669,22.3985],[81.9561,22.3874],[81.9394,22.3891],[81.9333,22.398],[81.9364,22.4203],[81.9647,22.4696],[81.9924,22.454],[81.987,22.4385]]],[[[81.8237,23.3844],[81.7991,23.39],[81.7951,23.434],[81.8235,23.4487],[81.8584,23.4331],[81.866,23.4081],[81.8632,23.3948],[81.8237,23.3844]]],[[[81.6698,23.0342],[81.705,22.9742],[81.7198,22.932],[81.7345,22.9321],[81.8,22.8954],[81.8005,22.848],[81.7905,22.8318],[81.8031,22.8198],[81.8271,22.7609],[81.8194,22.7419],[81.8007,22.7362],[81.8134,22.7064],[81.7928,22.6813],[81.7924,22.6484],[81.7696,22.6233],[81.7397,22.6239],[81.7326,22.6363],[81.7252,22.6166],[81.7042,22.6076],[81.6918,22.616],[81.6788,22.6108],[81.6883,22.5466],[81.6737,22.537],[81.6741,22.5163],[81.6529,22.4862],[81.6131,22.4883],[81.5693,22.5092],[81.5614,22.4925],[81.578,22.4923],[81.5706,22.4744],[81.5346,22.472],[81.5286,22.4426],[81.5099,22.4508],[81.5072,22.434],[81.4907,22.4176],[81.4602,22.4093],[81.4465,22.4175],[81.4074,22.4026],[81.3238,22.4187],[81.2902,22.4028],[81.26,22.4028],[81.2099,22.358],[81.1434,22.3332],[81.1385,22.3279],[81.1657,22.3133],[81.1697,22.2922],[81.1536,22.2543],[81.1615,22.2468],[81.1615,22.228],[81.1101,22.1955],[81.1161,22.1807],[81.0989,22.1604],[81.1176,22.1125],[81.1066,22.0981],[81.0805,22.0851],[81.0749,22.0603],[81.057,22.0739],[81.0634,22.1089],[81.0897,22.1437],[81.076,22.1568],[81.0719,22.2056],[81.0782,22.2178],[81.1322,22.257],[81.1385,22.2761],[81.1325,22.3272],[81.139,22.3462],[81.1622,22.3857],[81.1906,22.3927],[81.2219,22.4448],[81.2574,22.4675],[81.2723,22.4575],[81.3044,22.4863],[81.3269,22.4739],[81.3301,22.4969],[81.3584,22.5115],[81.3835,22.5041],[81.4001,22.4468],[81.4192,22.4545],[81.4242,22.4724],[81.4504,22.473],[81.4693,22.487],[81.4907,22.5261],[81.5238,22.553],[81.5361,22.555],[81.5579,22.5405],[81.5866,22.5571],[81.6115,22.5426],[81.6239,22.5657],[81.6416,22.5716],[81.6494,22.5849],[81.6447,22.6095],[81.651,22.6241],[81.6924,22.6459],[81.7215,22.6811],[81.7341,22.6842],[81.7597,22.6634],[81.7676,22.6774],[81.7537,22.7157],[81.7594,22.7522],[81.7705,22.7688],[81.7655,22.7968],[81.7759,22.8026],[81.758,22.8286],[81.7615,22.8664],[81.7542,22.8771],[81.7361,22.8801],[81.7119,22.9065],[81.69,22.9031],[81.6628,22.9581],[81.6665,22.9653],[81.6323,22.9844],[81.6177,22.9841],[81.5885,23.0075],[81.5973,23.0247],[81.6262,23.0155],[81.6344,23.0197],[81.6341,23.0332],[81.6519,23.0419],[81.6698,23.0342]]],[[[81.5615,23.082],[81.5542,23.0664],[81.5582,23.0515],[81.5436,23.0269],[81.5119,23.0367],[81.5058,23.0499],[81.4387,23.0343],[81.4254,23.0452],[81.3954,23.047],[81.3673,23.0704],[81.3722,23.0934],[81.3867,23.0903],[81.394,23.076],[81.4102,23.0842],[81.4382,23.0777],[81.4518,23.0882],[81.4823,23.0904],[81.5158,23.1067],[81.5518,23.0967],[81.5615,23.082]]],[[[81.2721,23.2213],[81.2788,23.2011],[81.3122,23.1877],[81.3155,23.1735],[81.3367,23.1675],[81.3482,23.1481],[81.358,23.1094],[81.352,23.0853],[81.3274,23.0858],[81.2915,23.0995],[81.2843,23.1234],[81.2966,23.1427],[81.284,23.1529],[81.2706,23.1307],[81.2517,23.128],[81.2155,23.151],[81.204,23.1429],[81.1955,23.1475],[81.1927,23.1583],[81.2092,23.1539],[81.2117,23.1775],[81.2295,23.162],[81.2418,23.1758],[81.2607,23.1809],[81.2239,23.2231],[81.2661,23.2279],[81.2721,23.2213]]],[[[80.918,23.321],[80.9417,23.3106],[80.9744,23.3196],[80.9856,23.3075],[80.9974,23.2584],[81.0569,23.2533],[81.0742,23.238],[81.0852,23.2073],[81.0985,23.212],[81.1405,23.1892],[81.1328,23.178],[81.1519,23.156],[81.1733,23.1535],[81.1944,23.1373],[81.2113,23.11],[81.2053,23.0919],[81.1895,23.0811],[81.1749,23.0824],[81.1026,23.1283],[81.0712,23.1287],[81.0532,23.1439],[81.0424,23.1825],[81.0209,23.1817],[81.0014,23.1697],[80.9859,23.1816],[80.973,23.2313],[80.962,23.2421],[80.9676,23.2532],[80.9525,23.2565],[80.9358,23.28],[80.8933,23.2572],[80.8827,23.2645],[80.8823,23.2886],[80.9045,23.3168],[80.918,23.321]]],[[[81.0781,21.9717],[81.0666,21.9582],[81.0599,21.9602],[81.0567,21.9808],[81.0709,22.0216],[81.0904,22.0096],[81.0915,21.9955],[81.0781,21.9717]]],[[[80.8154,21.4703],[80.8129,21.4552],[80.8003,21.4654],[80.7844,21.4471],[80.7948,21.4778],[80.8006,21.4814],[80.8154,21.4703]]],[[[80.7023,21.5558],[80.7173,21.5513],[80.7187,21.5269],[80.7033,21.5192],[80.6958,21.5248],[80.6862,21.5135],[80.6787,21.4725],[80.6575,21.4568],[80.6464,21.4304],[80.6355,21.4273],[80.627,21.4124],[80.6101,21.4181],[80.6016,21.4295],[80.6183,21.4816],[80.6499,21.5008],[80.6482,21.5128],[80.6698,21.5162],[80.6858,21.5293],[80.689,21.5505],[80.7023,21.5558]]],[[[80.3405,21.8154],[80.3452,21.8093],[80.3657,21.8177],[80.3836,21.8202],[80.394,21.8134],[80.4243,21.8217],[80.4413,21.7995],[80.4765,21.8196],[80.5033,21.8175],[80.5099,21.7918],[80.4926,21.7534],[80.5157,21.7507],[80.4923,21.6979],[80.4987,21.6656],[80.51,21.6469],[80.5272,21.6445],[80.5491,21.6215],[80.5685,21.6216],[80.5784,21.5822],[80.5941,21.5905],[80.6054,21.6325],[80.622,21.6512],[80.6304,21.6508],[80.6299,21.6374],[80.6429,21.6226],[80.6403,21.5711],[80.6207,21.5457],[80.5964,21.5529],[80.5734,21.5489],[80.5553,21.5638],[80.5508,21.5844],[80.532,21.5886],[80.5234,21.6071],[80.5087,21.6009],[80.479,21.6186],[80.4618,21.648],[80.4576,21.7093],[80.4827,21.7657],[80.4751,21.7654],[80.466,21.7432],[80.4433,21.7369],[80.4359,21.7408],[80.4365,21.7552],[80.4064,21.7491],[80.3857,21.7618],[80.3822,21.7751],[80.3901,21.7865],[80.2959,21.7801],[80.2885,21.8065],[80.3011,21.824],[80.301,21.8386],[80.3409,21.8592],[80.3499,21.8545],[80.3467,21.8424],[80.3301,21.8347],[80.3405,21.8154]]],[[[78.8967,22.7549],[78.9136,22.7403],[78.9259,22.707],[78.8985,22.6905],[78.8695,22.6988],[78.8635,22.6508],[78.8301,22.5839],[78.8447,22.5501],[78.8263,22.5038],[78.8114,22.4935],[78.8262,22.4801],[78.8469,22.4842],[78.8533,22.4711],[78.8559,22.4221],[78.8362,22.4032],[78.8112,22.3965],[78.7868,22.3746],[78.7187,22.364],[78.653,22.33],[78.5951,22.324],[78.5646,22.3117],[78.5592,22.3008],[78.5055,22.2741],[78.5011,22.2471],[78.4622,22.2519],[78.4154,22.2276],[78.4354,22.1923],[78.4172,22.1653],[78.3431,22.1569],[78.3321,22.1614],[78.3218,22.1823],[78.3025,22.1631],[78.282,22.1635],[78.2684,22.1818],[78.2645,22.1737],[78.2213,22.1741],[78.2032,22.1921],[78.2009,22.2124],[78.1852,22.2163],[78.182,22.2423],[78.1632,22.245],[78.1691,22.2822],[78.1762,22.2884],[78.182,22.2674],[78.1908,22.2676],[78.1906,22.2881],[78.2053,22.2988],[78.2158,22.2884],[78.2361,22.3021],[78.318,22.3029],[78.3309,22.2968],[78.3586,22.3049],[78.3613,22.3135],[78.3462,22.3157],[78.3419,22.3503],[78.3071,22.3885],[78.2952,22.3883],[78.2865,22.4079],[78.2946,22.4291],[78.253,22.4333],[78.2549,22.4469],[78.226,22.4488],[78.1777,22.4699],[78.1262,22.4653],[78.0758,22.4822],[78.0677,22.5207],[78.0953,22.5472],[78.1259,22.5528],[78.1428,22.5382],[78.1868,22.5295],[78.2634,22.5425],[78.3076,22.5646],[78.3548,22.5569],[78.3949,22.5676],[78.4279,22.567],[78.4801,22.5553],[78.5002,22.5409],[78.5104,22.5155],[78.525,22.5254],[78.5329,22.5214],[78.5405,22.5048],[78.528,22.481],[78.5455,22.4453],[78.5259,22.4195],[78.4924,22.4071],[78.4887,22.3871],[78.4571,22.3759],[78.446,22.3863],[78.4416,22.3727],[78.4279,22.3675],[78.4281,22.3575],[78.4019,22.3527],[78.3989,22.3404],[78.4155,22.3257],[78.4052,22.2957],[78.4585,22.294],[78.5035,22.3218],[78.5281,22.3259],[78.5418,22.3402],[78.5637,22.3428],[78.5858,22.3641],[78.6254,22.361],[78.6463,22.368],[78.6534,22.4037],[78.6819,22.412],[78.6772,22.4211],[78.7009,22.4345],[78.6929,22.4425],[78.7078,22.4374],[78.728,22.4673],[78.764,22.4612],[78.7841,22.4668],[78.771,22.4911],[78.7907,22.5052],[78.8009,22.5512],[78.7863,22.5968],[78.7637,22.6119],[78.7593,22.6344],[78.7218,22.7032],[78.7661,22.7303],[78.8388,22.7446],[78.8547,22.7392],[78.8967,22.7549]]],[[[78.6559,22.6864],[78.6422,22.6463],[78.6145,22.6353],[78.5586,22.6514],[78.5552,22.6649],[78.5765,22.6946],[78.5971,22.6822],[78.5991,22.6993],[78.6412,22.7091],[78.6559,22.6864]]],[[[78.2093,22.1114],[78.219,22.1039],[78.2362,22.111],[78.2576,22.1047],[78.2829,22.1082],[78.305,22.0949],[78.2982,22.0721],[78.2603,22.063],[78.2002,22.063],[78.1799,22.0263],[78.162,22.0155],[78.1525,22.0383],[78.1428,22.035],[78.1474,22.0224],[78.1397,22.0032],[78.0937,21.9936],[78.0656,22.0069],[78.0763,22.0173],[78.0797,22.0484],[78.1023,22.0612],[78.1229,22.0551],[78.1388,22.0675],[78.1528,22.0527],[78.1659,22.0996],[78.1855,22.1133],[78.2093,22.1114]]],[[[78.1842,21.5322],[78.1546,21.5371],[78.1458,21.5449],[78.1804,21.5686],[78.2009,21.548],[78.1842,21.5322]]],[[[77.9549,21.4729],[77.9809,21.4708],[78.004,21.4561],[78.0064,21.4274],[77.9808,21.3998],[77.9145,21.3832],[77.9006,21.3899],[77.8856,21.3844],[77.8454,21.3999],[77.8427,21.41],[77.8502,21.4165],[77.8853,21.42],[77.9015,21.4323],[77.9222,21.4696],[77.9549,21.4729]]],[[[77.8778,22.2183],[77.877,22.2082],[77.8526,22.2174],[77.8655,22.2165],[77.8778,22.2183]]],[[[77.7893,22.2856],[77.7957,22.2683],[77.7895,22.2499],[77.7824,22.251],[77.7699,22.2815],[77.7893,22.2856]]],[[[77.4982,21.5601],[77.5156,21.5342],[77.5054,21.5176],[77.4657,21.5312],[77.4695,21.5072],[77.5581,21.4929],[77.5795,21.5005],[77.5965,21.4852],[77.6303,21.3759],[77.5053,21.361],[77.4685,21.3818],[77.4165,21.3489],[77.3308,21.355],[77.2873,21.3325],[77.2633,21.3368],[77.2344,21.3182],[77.2375,21.3012],[77.2483,21.3071],[77.259,21.2994],[77.2633,21.2836],[77.2533,21.2693],[77.265,21.2639],[77.2584,21.2508],[77.2274,21.2327],[77.1942,21.2348],[77.1794,21.2529],[77.1578,21.2385],[77.1379,21.2446],[77.1207,21.2377],[77.1043,21.2467],[77.0244,21.2002],[76.9906,21.2011],[76.9797,21.1922],[76.9374,21.1894],[76.8785,21.193],[76.8754,21.2049],[76.8846,21.2189],[76.9229,21.2298],[76.9276,21.24],[76.9547,21.238],[76.9735,21.2505],[76.9739,21.2732],[76.9898,21.2805],[76.9814,21.2913],[76.9851,21.3342],[76.9891,21.347],[77.0032,21.3511],[77.0173,21.3945],[77.0383,21.4017],[77.0474,21.3915],[77.0624,21.4008],[77.1166,21.3864],[77.1498,21.3984],[77.1575,21.3898],[77.1775,21.3891],[77.1797,21.413],[77.2299,21.4435],[77.2354,21.4669],[77.2608,21.4901],[77.2953,21.4992],[77.319,21.4884],[77.3256,21.4739],[77.3467,21.4854],[77.332,21.4973],[77.3022,21.4999],[77.2929,21.5082],[77.3027,21.5465],[77.3599,21.5592],[77.3788,21.5427],[77.4251,21.5607],[77.4453,21.5809],[77.4982,21.5601]]],[[[76.9384,21.3551],[76.9198,21.3551],[76.9192,21.3624],[76.9411,21.3779],[76.9571,21.3698],[76.9384,21.3551]]],[[[76.6489,21.3051],[76.7018,21.296],[76.7592,21.2742],[76.7333,21.2485],[76.7135,21.2456],[76.7375,21.2176],[76.7582,21.2278],[76.7776,21.221],[76.7678,21.1944],[76.7463,21.1811],[76.727,21.1894],[76.7363,21.1974],[76.7265,21.203],[76.6922,21.1862],[76.675,21.1866],[76.6442,21.1493],[76.6161,21.155],[76.6019,21.1443],[76.5719,21.1449],[76.538,21.1153],[76.5237,21.1156],[76.5137,21.1051],[76.4798,21.1133],[76.4627,21.1045],[76.4425,21.1092],[76.4383,21.0924],[76.4059,21.0739],[76.3998,21.0584],[76.3848,21.0547],[76.3465,21.0655],[76.2903,21.0572],[76.2635,21.0802],[76.2887,21.0925],[76.3256,21.0697],[76.3284,21.0866],[76.3473,21.0988],[76.4291,21.0987],[76.4425,21.1173],[76.4823,21.1198],[76.4823,21.136],[76.4968,21.1573],[76.4615,21.1789],[76.5112,21.1861],[76.5647,21.2163],[76.6326,21.2256],[76.6372,21.2155],[76.6517,21.2102],[76.6619,21.2181],[76.6983,21.2227],[76.7048,21.2382],[76.683,21.2508],[76.6495,21.2422],[76.632,21.2632],[76.6209,21.2877],[76.6272,21.3018],[76.6489,21.3051]]],[[[76.4487,21.1552],[76.4281,21.1517],[76.4301,21.1619],[76.4549,21.1763],[76.4629,21.1632],[76.4487,21.1552]]],[[[76.3175,22.5426],[76.2998,22.5432],[76.2924,22.5649],[76.2781,22.5703],[76.2809,22.5755],[76.3105,22.5735],[76.3363,22.552],[76.3175,22.5426]]],[[[76.2546,22.5953],[76.2187,22.5915],[76.2038,22.597],[76.2189,22.6117],[76.2571,22.6002],[76.2546,22.5953]]],[[[75.9467,27.8239],[75.9222,27.8258],[75.9073,27.8364],[75.9063,27.8459],[75.9193,27.8561],[75.9569,27.8484],[75.9591,27.8267],[75.9467,27.8239]]],[[[75.9311,27.6925],[75.9215,27.6805],[75.9091,27.6879],[75.9041,27.679],[75.8907,27.6801],[75.8698,27.7325],[75.8735,27.7403],[75.9212,27.7215],[75.9342,27.703],[75.9311,27.6925]]],[[[75.8326,22.4349],[75.8615,22.43],[75.8635,22.4006],[75.8962,22.4007],[75.9008,22.3756],[75.8794,22.3525],[75.8391,22.347],[75.8228,22.3677],[75.8129,22.3675],[75.7218,22.328],[75.6905,22.3312],[75.6666,22.3124],[75.6325,22.3256],[75.6144,22.3155],[75.5685,22.3284],[75.5718,22.3572],[75.5452,22.3688],[75.551,22.4031],[75.5674,22.4126],[75.6409,22.3609],[75.6637,22.3544],[75.6859,22.3727],[75.7214,22.3842],[75.7453,22.3738],[75.7825,22.3935],[75.7899,22.3897],[75.8326,22.4349]]],[[[75.8967,21.2812],[75.8891,21.2516],[75.8499,21.2436],[75.8309,21.2479],[75.8221,21.2604],[75.8347,21.283],[75.8967,21.2812]]],[[[75.8758,22.4323],[75.8626,22.4506],[75.8642,22.4861],[75.8759,22.4828],[75.8842,22.4632],[75.8758,22.4323]]],[[[75.8457,21.4589],[75.8343,21.4543],[75.8399,21.4694],[75.8621,21.4759],[75.8674,21.4695],[75.8457,21.4589]]],[[[75.8541,21.5469],[75.8659,21.5366],[75.8561,21.5176],[75.8363,21.5196],[75.8097,21.5467],[75.7993,21.5444],[75.7951,21.5303],[75.7727,21.5262],[75.7687,21.5165],[75.751,21.5418],[75.7652,21.5879],[75.7916,21.6035],[75.8019,21.5829],[75.8541,21.5469]]],[[[75.7773,21.3554],[75.7926,21.3381],[75.7714,21.3134],[75.7591,21.3217],[75.7487,21.3008],[75.7489,21.2941],[75.773,21.2951],[75.7764,21.3094],[75.7826,21.3092],[75.7829,21.2775],[75.7947,21.2691],[75.7791,21.2499],[75.7074,21.2709],[75.6851,21.2724],[75.673,21.264],[75.5662,21.2784],[75.4656,21.2739],[75.4347,21.2655],[75.4226,21.2749],[75.4198,21.3011],[75.4401,21.3042],[75.4722,21.3345],[75.4915,21.3409],[75.4952,21.3527],[75.5519,21.3659],[75.5984,21.3638],[75.6224,21.353],[75.6358,21.3601],[75.6533,21.3571],[75.6529,21.3478],[75.6768,21.3514],[75.7011,21.3445],[75.7156,21.3445],[75.7355,21.3599],[75.745,21.3533],[75.7561,21.3659],[75.7773,21.3554]]],[[[75.6283,27.8383],[75.6467,27.795],[75.6337,27.7764],[75.6467,27.7534],[75.6346,27.7378],[75.6111,27.728],[75.5951,27.7485],[75.5979,27.7654],[75.5817,27.7566],[75.5711,27.7352],[75.5437,27.7324],[75.5369,27.7669],[75.5583,27.8123],[75.5971,27.8383],[75.6022,27.8272],[75.6283,27.8383]]],[[[75.6155,21.5747],[75.6346,21.5695],[75.6383,21.5293],[75.6172,21.5278],[75.6104,21.514],[75.5597,21.5165],[75.5416,21.4957],[75.5318,21.5015],[75.532,21.5162],[75.4948,21.5204],[75.4888,21.5403],[75.5002,21.5474],[75.5613,21.5676],[75.6155,21.5747]]],[[[75.5199,27.6485],[75.5187,27.6415],[75.5075,27.643],[75.5189,27.6866],[75.5583,27.6941],[75.5607,27.675],[75.5394,27.6543],[75.5199,27.6485]]],[[[75.3863,22.3634],[75.3852,22.3488],[75.3976,22.3303],[75.4199,22.3323],[75.4195,22.3419],[75.4451,22.3529],[75.4681,22.3423],[75.4717,22.3338],[75.4631,22.3142],[75.3978,22.2874],[75.3757,22.2885],[75.3663,22.305],[75.3526,22.2968],[75.3434,22.3017],[75.3377,22.338],[75.3214,22.3527],[75.2902,22.3595],[75.2812,22.3752],[75.2844,22.3954],[75.293,22.4092],[75.3689,22.384],[75.3835,22.375],[75.3863,22.3634]]],[[[75.4435,27.7085],[75.4473,27.6919],[75.4609,27.6927],[75.4633,27.6723],[75.4373,27.6561],[75.424,27.6334],[75.4294,27.6236],[75.417,27.5979],[75.3608,27.5848],[75.354,27.5997],[75.3357,27.5968],[75.3218,27.6265],[75.3451,27.6763],[75.431,27.7172],[75.4435,27.7085]]],[[[75.3403,21.7319],[75.3566,21.7107],[75.3727,21.7046],[75.4222,21.7202],[75.4482,21.7107],[75.4539,21.6956],[75.4463,21.6802],[75.4014,21.6913],[75.3984,21.6746],[75.371,21.6708],[75.3128,21.704],[75.3142,21.7174],[75.2783,21.7059],[75.2791,21.7269],[75.3403,21.7319]]],[[[75.4257,21.5653],[75.4511,21.5426],[75.4306,21.5235],[75.438,21.4964],[75.4312,21.485],[75.3861,21.4806],[75.3721,21.4883],[75.352,21.4749],[75.3225,21.4874],[75.3194,21.4985],[75.2844,21.509],[75.2866,21.5265],[75.3009,21.5325],[75.363,21.5262],[75.3605,21.5587],[75.4257,21.5653]]],[[[75.1873,27.52],[75.2075,27.5088],[75.1853,27.4707],[75.1544,27.4936],[75.1777,27.5192],[75.1873,27.52]]],[[[74.8959,21.609],[74.9507,21.5954],[74.9893,21.6008],[75.0235,21.5944],[75.0381,21.5856],[75.0423,21.572],[75.0187,21.5499],[75.0048,21.5602],[74.9521,21.5569],[74.9292,21.5662],[74.891,21.5651],[74.8833,21.5704],[74.8872,21.5895],[74.8781,21.6018],[74.8959,21.609]]],[[[74.8463,22.0325],[74.8934,22.001],[74.9055,22.005],[74.9107,21.9933],[74.8957,21.9686],[74.8379,21.9708],[74.8227,22.0136],[74.8328,22.0325],[74.8463,22.0325]]],[[[74.3581,22.0738],[74.3619,22.0542],[74.3784,22.0592],[74.3905,22.0466],[74.4407,22.0322],[74.4598,22.0448],[74.5283,22.055],[74.5687,22.0271],[74.6033,22.0342],[74.6167,22.0202],[74.642,22.0261],[74.6805,22.0196],[74.6863,22.0069],[74.6645,21.969],[74.6176,21.9693],[74.624,21.957],[74.6445,21.9529],[74.6564,21.9319],[74.6772,21.9321],[74.6884,21.9243],[74.6799,21.9134],[74.6196,21.9134],[74.6202,21.8834],[74.6104,21.8705],[74.6172,21.8639],[74.6386,21.8654],[74.6493,21.8377],[74.6761,21.8195],[74.7531,21.8244],[74.7895,21.8189],[74.7947,21.8099],[74.7718,21.7989],[74.7697,21.7881],[74.7956,21.7557],[74.7988,21.7307],[74.7578,21.7648],[74.7412,21.7581],[74.7357,21.7413],[74.7003,21.7339],[74.6813,21.7343],[74.6675,21.7448],[74.6064,21.7363],[74.5924,21.7469],[74.5507,21.7488],[74.509,21.7761],[74.5092,21.7973],[74.4996,21.8009],[74.492,21.7768],[74.4968,21.7633],[74.4843,21.7635],[74.4705,21.7371],[74.4231,21.7192],[74.4023,21.6976],[74.3171,21.6752],[74.2673,21.6738],[74.1464,21.6155],[74.078,21.6239],[74.0405,21.6197],[73.9584,21.5798],[73.9215,21.5948],[73.8729,21.588],[73.802,21.5436],[73.7679,21.5469],[73.7486,21.5603],[73.7489,21.5728],[73.7913,21.5876],[73.8137,21.6155],[73.8375,21.6075],[73.8428,21.624],[73.8801,21.6437],[73.8692,21.6718],[73.8445,21.6876],[73.8176,21.6769],[73.802,21.6809],[73.792,21.6911],[73.7988,21.7096],[73.7799,21.7175],[73.7352,21.7081],[73.722,21.7218],[73.6779,21.7301],[73.6884,21.7585],[73.6685,21.7623],[73.6635,21.7467],[73.617,21.7343],[73.6112,21.7531],[73.583,21.7684],[73.5802,21.7886],[73.5604,21.813],[73.5643,21.8321],[73.5767,21.8403],[73.6189,21.8379],[73.6853,21.8506],[73.7045,21.8351],[73.7448,21.8363],[73.7499,21.8257],[73.7976,21.8052],[73.8198,21.8657],[73.8359,21.8735],[73.8317,21.8857],[73.8528,21.9089],[73.8756,21.914],[73.8902,21.9298],[73.9026,21.9204],[73.9707,21.9538],[73.9792,21.948],[74.0741,22.0175],[74.1051,22.0081],[74.1216,22.0167],[74.1843,22.0091],[74.201,22.0217],[74.2117,22.0113],[74.2176,22.0208],[74.2101,22.0319],[74.2141,22.0396],[74.2556,22.0552],[74.2844,22.0468],[74.2869,22.0686],[74.3581,22.0738]]],[[[74.2511,22.4465],[74.2219,22.4463],[74.1974,22.4693],[74.1977,22.5062],[74.2096,22.5107],[74.2565,22.4682],[74.2511,22.4465]]],[[[74.1319,22.585],[74.1586,22.5671],[74.1721,22.5443],[74.1648,22.5385],[74.135,22.5466],[74.1281,22.5381],[74.1457,22.5294],[74.1531,22.5334],[74.1681,22.5166],[74.1582,22.4915],[74.1113,22.5093],[74.0845,22.5081],[74.0755,22.5181],[74.0742,22.5656],[74.0807,22.5814],[74.1319,22.585]]],[[[73.9645,25.7804],[73.9575,25.7793],[73.9578,25.8084],[73.9916,25.8353],[74.0071,25.8313],[73.9789,25.8208],[73.9645,25.7804]]],[[[73.8717,25.6197],[73.8645,25.6082],[73.8406,25.6092],[73.8299,25.6424],[73.8439,25.6708],[73.8924,25.6985],[73.9088,25.68],[73.9055,25.6493],[73.8937,25.6466],[73.8717,25.6197]]],[[[73.5457,24.9894],[73.5677,24.9883],[73.5929,25.0139],[73.5926,25.0281],[73.5749,25.0355],[73.5656,25.0259],[73.5467,25.0281],[73.5405,25.0482],[73.5684,25.0452],[73.5822,25.0637],[73.5733,25.0855],[73.5541,25.0959],[73.5543,25.1128],[73.529,25.109],[73.5254,25.0943],[73.506,25.0809],[73.4966,25.0611],[73.4707,25.0616],[73.4544,25.0403],[73.4373,25.0406],[73.4006,25.0171],[73.3852,24.9933],[73.3915,24.9777],[73.3821,24.9508],[73.3537,24.939],[73.3629,24.917],[73.3571,24.9029],[73.3308,24.8873],[73.3028,24.833],[73.2697,24.8073],[73.2591,24.7653],[73.2426,24.7557],[73.2098,24.7696],[73.2027,24.7419],[73.182,24.7341],[73.1597,24.7117],[73.15,24.6881],[73.1593,24.6651],[73.155,24.6484],[73.1296,24.6309],[73.1251,24.6168],[73.0789,24.6054],[73.0553,24.609],[73.051,24.6211],[73.0655,24.6304],[73.0614,24.6531],[73.0967,24.6748],[73.0988,24.7155],[73.1074,24.7499],[73.119,24.7651],[73.1128,24.7771],[73.1227,24.7918],[73.1392,24.7958],[73.1493,24.8359],[73.1762,24.8389],[73.187,24.8243],[73.2018,24.8169],[73.2116,24.8217],[73.2235,24.8094],[73.228,24.8167],[73.2218,24.8325],[73.2435,24.8482],[73.2471,24.8626],[73.2586,24.8681],[73.2705,24.896],[73.2891,24.9139],[73.2822,24.9325],[73.2923,24.9526],[73.2618,24.9777],[73.2593,24.9907],[73.3053,25.0386],[73.3303,25.0523],[73.3448,25.0473],[73.3553,25.0552],[73.406,25.1144],[73.4462,25.1321],[73.4597,25.1219],[73.5197,25.1697],[73.5365,25.1718],[73.5385,25.1907],[73.5611,25.2017],[73.5731,25.2233],[73.5779,25.2136],[73.5928,25.2261],[73.5927,25.2668],[73.6134,25.3072],[73.6344,25.3227],[73.6412,25.3459],[73.685,25.3763],[73.689,25.3929],[73.7157,25.4093],[73.749,25.4448],[73.7605,25.4794],[73.7899,25.5061],[73.8167,25.5104],[73.8317,25.5363],[73.8343,25.5167],[73.8155,25.4861],[73.8212,25.4751],[73.7905,25.4506],[73.7965,25.4333],[73.7742,25.3826],[73.7215,25.3465],[73.7069,25.3468],[73.6718,25.313],[73.6766,25.2941],[73.6676,25.2613],[73.6446,25.2403],[73.6424,25.1864],[73.6258,25.1591],[73.6091,25.1549],[73.605,25.1111],[73.5867,25.078],[73.6262,25.123],[73.6463,25.1347],[73.643,25.154],[73.6534,25.1925],[73.6753,25.1865],[73.6951,25.199],[73.7438,25.203],[73.7613,25.184],[73.7013,25.1142],[73.6487,25.0258],[73.6153,25.0257],[73.6114,25.0175],[73.6385,25.0154],[73.6426,24.9831],[73.598,24.9191],[73.6025,24.9104],[73.5905,24.899],[73.5885,24.8802],[73.5732,24.8695],[73.548,24.8764],[73.553,24.9386],[73.5468,24.952],[73.5634,24.9615],[73.5457,24.9894]]],[[[73.5457,24.9894],[73.5301,24.9805],[73.4962,24.8979],[73.4756,24.9033],[73.4736,24.9383],[73.5042,25.0042],[73.5319,25.0122],[73.5457,24.9894]]],[[[73.7807,21.8413],[73.7727,21.839],[73.7657,21.8545],[73.7717,21.859],[73.7807,21.8413]]],[[[73.7448,24.3114],[73.7581,24.3131],[73.7763,24.2582],[73.7722,24.2489],[73.768,24.2633],[73.7538,24.2373],[73.7364,24.2307],[73.7466,24.2163],[73.7416,24.2082],[73.724,24.2093],[73.7198,24.2168],[73.7319,24.2326],[73.7485,24.24],[73.7539,24.2605],[73.7345,24.2664],[73.7252,24.288],[73.7052,24.291],[73.7184,24.3192],[73.7448,24.3114]]],[[[73.7299,24.4065],[73.7124,24.3978],[73.6695,24.4034],[73.6531,24.4163],[73.6596,24.4219],[73.6567,24.4462],[73.6761,24.4601],[73.7195,24.4545],[73.7334,24.4436],[73.7299,24.4065]]],[[[73.6364,24.5218],[73.6393,24.5093],[73.6478,24.5169],[73.6521,24.4809],[73.6453,24.4483],[73.6219,24.4339],[73.6352,24.3636],[73.6291,24.3519],[73.6052,24.3609],[73.6123,24.3863],[73.6043,24.433],[73.6134,24.4681],[73.6056,24.4868],[73.6308,24.5279],[73.6364,24.5218]]],[[[73.5876,24.579],[73.5837,24.5424],[73.5677,24.5251],[73.5626,24.4904],[73.5714,24.3743],[73.5603,24.3644],[73.5212,24.3635],[73.5148,24.3778],[73.501,24.3803],[73.496,24.4131],[73.5035,24.4369],[73.5001,24.4687],[73.511,24.5031],[73.501,24.5173],[73.53,24.535],[73.5336,24.555],[73.5321,24.5741],[73.5152,24.5783],[73.5114,24.5948],[73.5191,24.6112],[73.5547,24.5739],[73.5632,24.6098],[73.5746,24.6196],[73.5863,24.6076],[73.5876,24.579]]],[[[73.4279,24.6031],[73.4149,24.6035],[73.4022,24.6188],[73.4019,24.6516],[73.4437,24.7291],[73.4574,24.7399],[73.4867,24.7451],[73.5071,24.731],[73.5015,24.7017],[73.4724,24.6782],[73.477,24.6592],[73.4489,24.6571],[73.4602,24.6199],[73.4372,24.6175],[73.4279,24.6031]]],[[[73.3759,24.7603],[73.3865,24.7549],[73.3775,24.7134],[73.405,24.7426],[73.4259,24.7446],[73.4322,24.7325],[73.4196,24.7175],[73.4135,24.6925],[73.3745,24.6628],[73.3509,24.6238],[73.3426,24.5384],[73.3356,24.5268],[73.3133,24.5216],[73.3135,24.5123],[73.3406,24.505],[73.3535,24.4858],[73.3063,24.3809],[73.2961,24.3413],[73.3072,24.3237],[73.3139,24.3573],[73.3271,24.3599],[73.335,24.395],[73.3552,24.4092],[73.38,24.3798],[73.3865,24.3925],[73.3913,24.3825],[73.4089,24.3775],[73.4117,24.366],[73.4336,24.3642],[73.4509,24.3286],[73.4352,24.3023],[73.4197,24.2944],[73.4248,24.2846],[73.4506,24.305],[73.4368,24.2823],[73.4336,24.2525],[73.4779,24.2287],[73.4632,24.2112],[73.4526,24.2114],[73.4373,24.2259],[73.4172,24.1742],[73.3904,24.1803],[73.3906,24.201],[73.4023,24.2067],[73.3926,24.2282],[73.3972,24.237],[73.4322,24.245],[73.4229,24.2722],[73.3933,24.2426],[73.3906,24.2824],[73.403,24.2949],[73.3936,24.3009],[73.3842,24.2843],[73.3863,24.3095],[73.3625,24.3244],[73.357,24.352],[73.3472,24.3571],[73.3322,24.332],[73.321,24.3321],[73.332,24.2894],[73.2988,24.2238],[73.2968,24.2007],[73.2729,24.1674],[73.2951,24.1221],[73.3219,24.0985],[73.3523,24.0985],[73.3488,24.0649],[73.3301,24.0469],[73.3278,24.0307],[73.2927,24.0399],[73.2787,24.0305],[73.2853,24.004],[73.2662,24.0144],[73.278,24.0473],[73.2715,24.053],[73.2289,24.0259],[73.2114,24.0451],[73.2238,24.0788],[73.2086,24.0889],[73.2052,24.1137],[73.2135,24.1448],[73.2259,24.1449],[73.2035,24.1597],[73.1991,24.1696],[73.2109,24.1655],[73.1886,24.1872],[73.186,24.2058],[73.1885,24.2156],[73.2073,24.2261],[73.2156,24.2845],[73.2363,24.3202],[73.2301,24.3452],[73.249,24.4938],[73.27,24.5409],[73.2695,24.553],[73.2484,24.5405],[73.2491,24.5715],[73.233,24.5998],[73.2406,24.6071],[73.2407,24.625],[73.2531,24.628],[73.2634,24.5945],[73.2748,24.6297],[73.2909,24.6304],[73.2899,24.6816],[73.3346,24.6947],[73.3341,24.7188],[73.3551,24.7593],[73.363,24.7709],[73.376,24.7675],[73.3759,24.7603]]],[[[73.4563,24.512],[73.4565,24.4452],[73.439,24.4438],[73.4261,24.4576],[73.4261,24.4263],[73.3999,24.4061],[73.3845,24.4074],[73.374,24.4592],[73.3804,24.4998],[73.405,24.5017],[73.4148,24.5484],[73.4293,24.5538],[73.4563,24.5398],[73.4563,24.512]]],[[[73.1612,23.9094],[73.1483,23.9097],[73.1334,23.9396],[73.1542,23.9944],[73.172,23.9966],[73.1854,23.9868],[73.1699,23.9345],[73.175,23.9213],[73.1612,23.9094]]],[[[73.1322,24.4659],[73.1355,24.4551],[73.1439,24.4584],[73.1653,24.4925],[73.1586,24.4618],[73.1399,24.4416],[73.1264,24.4488],[73.1041,24.4269],[73.0927,24.4285],[73.0975,24.4376],[73.0843,24.4532],[73.102,24.5085],[73.1422,24.5091],[73.1488,24.4869],[73.1322,24.4659]]],[[[73.03,24.5093],[73.0074,24.5092],[73.001,24.5202],[73.0208,24.5862],[73.0548,24.5625],[73.0576,24.5471],[73.0539,24.5303],[73.03,24.5093]]],[[[72.9988,24.3385],[72.9791,24.3249],[72.951,24.3325],[72.9632,24.3458],[72.9369,24.3668],[72.9177,24.4002],[72.9288,24.4342],[72.9749,24.4467],[72.9969,24.4281],[73.0102,24.3969],[73.0002,24.3685],[73.0075,24.3519],[72.9988,24.3385]]],[[[72.9155,24.5051],[72.8889,24.486],[72.8812,24.4615],[72.8635,24.4485],[72.878,24.4345],[72.8656,24.4324],[72.8652,24.4222],[72.8913,24.408],[72.8904,24.3861],[72.9113,24.3667],[72.901,24.3483],[72.9091,24.3451],[72.9205,24.3529],[72.9268,24.3459],[72.9197,24.3326],[72.9321,24.3378],[72.9341,24.3103],[72.9158,24.3023],[72.901,24.2733],[72.904,24.2615],[72.9134,24.2611],[72.9216,24.2863],[72.9257,24.2655],[72.9439,24.2694],[72.9507,24.2529],[72.9315,24.2323],[72.9152,24.2359],[72.9055,24.2074],[72.8927,24.2011],[72.8956,24.1769],[72.8857,24.1619],[72.8635,24.1521],[72.8801,24.1512],[72.9,24.1374],[72.9081,24.1269],[72.9044,24.1151],[72.8843,24.1009],[72.8495,24.0959],[72.8406,24.1089],[72.8436,24.1517],[72.8582,24.1611],[72.8536,24.1829],[72.8594,24.1883],[72.8513,24.2036],[72.8731,24.2158],[72.8532,24.2365],[72.842,24.1957],[72.8481,24.1841],[72.844,24.154],[72.8286,24.1463],[72.8157,24.1265],[72.8048,24.0922],[72.7957,24.0874],[72.7601,24.0937],[72.751,24.1056],[72.7563,24.1267],[72.7801,24.1486],[72.7781,24.1551],[72.7531,24.159],[72.7537,24.1823],[72.7867,24.2029],[72.8057,24.1958],[72.8102,24.1864],[72.8416,24.2255],[72.8206,24.2521],[72.828,24.259],[72.8358,24.3071],[72.8426,24.3074],[72.8394,24.2968],[72.8556,24.2996],[72.8899,24.3169],[72.8907,24.3363],[72.8732,24.3437],[72.8554,24.3669],[72.8485,24.3925],[72.8017,24.3836],[72.793,24.3917],[72.7802,24.4224],[72.7842,24.4404],[72.8731,24.5159],[72.9111,24.5613],[72.9504,24.58],[72.9634,24.5723],[72.96,24.5389],[72.942,24.5355],[72.9155,24.5051]]],[[[72.9052,25.1615],[72.8905,25.0986],[72.8791,25.0811],[72.8717,25.0821],[72.8468,25.1095],[72.8542,25.1306],[72.8498,25.1384],[72.843,25.1242],[72.8322,25.1337],[72.8451,25.1646],[72.8503,25.1675],[72.858,25.1558],[72.87,25.1677],[72.8695,25.2069],[72.8823,25.2658],[72.8969,25.2928],[72.924,25.282],[72.9343,25.2486],[72.902,25.2049],[72.9093,25.186],[72.9052,25.1615]]],[[[72.9088,24.9515],[72.9217,24.9478],[72.8976,24.9084],[72.8781,24.8904],[72.8643,24.8888],[72.8622,24.9055],[72.8811,24.9506],[72.9088,24.9515]]],[[[72.8967,24.7886],[72.8749,24.7686],[72.8324,24.7832],[72.8344,24.8196],[72.8602,24.8245],[72.8583,24.8427],[72.8708,24.8613],[72.8935,24.8564],[72.8967,24.7886]]],[[[72.857,24.7309],[72.8797,24.7073],[72.8781,24.6758],[72.8253,24.5807],[72.8118,24.5744],[72.7967,24.5295],[72.7811,24.5136],[72.746,24.5061],[72.7271,24.5161],[72.7108,24.5089],[72.7062,24.4978],[72.6924,24.5032],[72.6798,24.5319],[72.6459,24.5433],[72.6406,24.5783],[72.6514,24.5832],[72.6763,24.6221],[72.7362,24.6671],[72.7582,24.7021],[72.7833,24.7172],[72.857,24.7309]]],[[[72.8755,25.5896],[72.8603,25.5686],[72.8408,25.5776],[72.8347,25.5891],[72.8339,25.6228],[72.8664,25.6436],[72.8821,25.6129],[72.8755,25.5896]]],[[[72.7821,24.2656],[72.7785,24.2532],[72.7683,24.2535],[72.7588,24.2423],[72.7562,24.2269],[72.7261,24.2399],[72.7404,24.2524],[72.7244,24.2599],[72.7225,24.2755],[72.7503,24.3006],[72.7858,24.2753],[72.7821,24.2656]]],[[[72.7716,25.304],[72.7666,25.2619],[72.722,25.2558],[72.7207,25.2394],[72.6927,25.2534],[72.7102,25.2964],[72.7289,25.3044],[72.742,25.2994],[72.7552,25.3088],[72.7716,25.304]]],[[[72.7344,24.3736],[72.7344,24.3533],[72.7191,24.3187],[72.6931,24.3166],[72.6763,24.3341],[72.6486,24.3154],[72.6117,24.3248],[72.6093,24.3482],[72.6241,24.3579],[72.6239,24.3762],[72.6333,24.39],[72.6583,24.3925],[72.6726,24.3699],[72.6823,24.3676],[72.7014,24.4002],[72.7158,24.4029],[72.7287,24.3941],[72.7344,24.3736]]],[[[72.6207,24.2311],[72.6428,24.2312],[72.6604,24.2457],[72.709,24.239],[72.7148,24.2032],[72.6953,24.2038],[72.6643,24.1679],[72.616,24.142],[72.5963,24.2183],[72.6006,24.2279],[72.6207,24.2311]]],[[[72.6207,24.2311],[72.6121,24.2326],[72.5969,24.2448],[72.6019,24.2504],[72.6321,24.2482],[72.6207,24.2311]]],[[[72.5763,25.3624],[72.5947,25.3465],[72.6193,25.3505],[72.6326,25.3422],[72.637,25.3227],[72.6315,25.3116],[72.6075,25.3075],[72.5916,25.2957],[72.5484,25.3095],[72.5443,25.355],[72.5498,25.3648],[72.5722,25.3717],[72.5763,25.3624]]],[[[72.5831,24.5008],[72.6256,24.4936],[72.6202,24.4632],[72.6031,24.4409],[72.6134,24.4249],[72.5835,24.4199],[72.5747,24.4298],[72.5145,24.3707],[72.5055,24.3819],[72.4828,24.3764],[72.4416,24.3976],[72.4306,24.3905],[72.4315,24.4133],[72.445,24.4072],[72.4804,24.4445],[72.5451,24.4471],[72.5568,24.4814],[72.5831,24.5008]]],[[[72.5172,25.6269],[72.5181,25.6119],[72.4789,25.5656],[72.456,25.5546],[72.4278,25.5544],[72.402,25.5376],[72.3891,25.5446],[72.3795,25.5378],[72.376,25.5296],[72.3985,25.5161],[72.4438,25.5279],[72.4684,25.5104],[72.4717,25.5027],[72.4483,25.4838],[72.4361,25.4842],[72.4225,25.4584],[72.3853,25.4436],[72.3626,25.4443],[72.3214,25.4463],[72.3019,25.462],[72.2983,25.4928],[72.3206,25.515],[72.3467,25.4999],[72.334,25.5284],[72.2704,25.5443],[72.2678,25.5731],[72.295,25.5847],[72.3024,25.6027],[72.3432,25.6196],[72.3738,25.5946],[72.4079,25.5832],[72.4656,25.624],[72.4874,25.6147],[72.5009,25.6289],[72.4885,25.6345],[72.5008,25.6402],[72.5178,25.6356],[72.5172,25.6269]]],[[[72.4988,24.6888],[72.5009,24.6762],[72.4879,24.6607],[72.4691,24.6615],[72.4624,24.6519],[72.4401,24.657],[72.422,24.68],[72.4193,24.6603],[72.4027,24.653],[72.3828,24.6638],[72.3747,24.6846],[72.3963,24.7122],[72.4367,24.7241],[72.4585,24.7446],[72.4777,24.7336],[72.4988,24.6888]]],[[[72.4363,24.8343],[72.4343,24.8275],[72.4527,24.8203],[72.4572,24.8078],[72.4489,24.78],[72.4345,24.7577],[72.3978,24.7374],[72.3863,24.7384],[72.3619,24.7675],[72.3725,24.7829],[72.3651,24.8077],[72.3493,24.8151],[72.3551,24.8357],[72.3361,24.826],[72.3371,24.8499],[72.3581,24.8641],[72.3727,24.8611],[72.393,24.8343],[72.4015,24.8387],[72.4002,24.8707],[72.3717,24.9051],[72.3786,24.9353],[72.3912,24.9404],[72.4253,24.9247],[72.4384,24.8835],[72.4419,24.8425],[72.4363,24.8343]]]]}},{"type":"Feature","properties":{"name":"Central Lesser Himalaya","kind":"mountain range","wikidata":null,"area_km2":40162,"source":"GMBA Mountain Inventory v2.0 (CC BY 4.0)"},"geometry":{"type":"Polygon","coordinates":[[[80.3124,29.4874],[80.3187,29.4759],[80.3146,29.4678],[80.3385,29.4655],[80.3761,29.4389],[80.3973,29.447],[80.4334,29.4363],[80.467,29.4434],[80.473,29.4345],[80.4687,29.4262],[80.5051,29.4197],[80.5131,29.4032],[80.5716,29.3772],[80.5743,29.3554],[80.6011,29.3667],[80.6113,29.36],[80.6113,29.3468],[80.6235,29.3397],[80.6189,29.3307],[80.6384,29.3175],[80.6906,29.3071],[80.732,29.3175],[80.7799,29.2988],[80.807,29.305],[80.8441,29.2871],[80.8606,29.2914],[80.8696,29.2718],[80.8851,29.2754],[80.909,29.2408],[80.9353,29.2558],[80.9498,29.2523],[80.9757,29.2239],[80.9904,29.2239],[80.995,29.2101],[81.0257,29.1824],[81.039,29.1925],[81.0499,29.1613],[81.1008,29.1922],[81.2135,29.1759],[81.2163,29.1616],[81.2278,29.1675],[81.2999,29.1618],[81.3774,29.1715],[81.4051,29.1488],[81.4349,29.1001],[81.4301,29.0907],[81.466,29.0781],[81.5155,29.0967],[81.5791,29.1374],[81.5926,29.1364],[81.615,29.1175],[81.5894,29.0801],[81.5963,29.066],[81.6237,29.0321],[81.6934,29.0044],[81.676,28.9757],[81.6838,28.9578],[81.737,28.9887],[81.8092,28.9562],[81.8051,28.9451],[81.8153,28.9298],[81.8151,28.9114],[81.8276,28.9175],[81.8589,28.9114],[81.8884,28.9323],[81.9434,28.8985],[82.0218,28.8782],[82.024,28.8599],[82.0398,28.8654],[82.0821,28.8531],[82.0873,28.8426],[82.1135,28.8405],[82.1284,28.7989],[82.1487,28.8028],[82.1591,28.8238],[82.1759,28.8244],[82.217,28.8093],[82.233,28.8175],[82.2475,28.8154],[82.2585,28.8035],[82.2791,28.8078],[82.2923,28.8012],[82.2987,28.7865],[82.3478,28.7894],[82.3733,28.739],[82.4009,28.7146],[82.4549,28.697],[82.4572,28.6759],[82.4926,28.6739],[82.5922,28.628],[82.6376,28.6387],[82.6668,28.6725],[82.6917,28.6771],[82.7259,28.6425],[82.7714,28.623],[82.7799,28.5905],[82.7999,28.5997],[82.8363,28.5618],[82.8614,28.5634],[82.8845,28.58],[82.9132,28.572],[82.9113,28.5321],[82.9259,28.5134],[82.9707,28.5034],[83.0218,28.5072],[83.0448,28.4864],[83.1032,28.4948],[83.114,28.4721],[83.1756,28.451],[83.1906,28.4018],[83.202,28.3961],[83.2109,28.4008],[83.2243,28.3905],[83.2447,28.3925],[83.262,28.4035],[83.3023,28.3968],[83.3776,28.4175],[83.4551,28.3842],[83.4843,28.3822],[83.5322,28.3404],[83.5686,28.3457],[83.601,28.3113],[83.6072,28.2696],[83.6219,28.2529],[83.6572,28.2405],[83.6715,28.2256],[83.6743,28.2057],[83.7155,28.2324],[83.7113,28.2405],[83.723,28.2629],[83.7332,28.2576],[83.7645,28.2755],[83.8064,28.2578],[83.876,28.2509],[83.9425,28.2239],[83.9697,28.2015],[83.9593,28.1862],[83.9763,28.1756],[83.9947,28.176],[84.0094,28.1633],[84.0426,28.1572],[84.0824,28.1278],[84.0885,28.1155],[84.0655,28.0655],[84.078,28.028],[84.0948,28.0113],[84.1032,28.0511],[84.1589,28.0705],[84.1678,28.057],[84.2172,28.0266],[84.2197,28.0113],[84.2407,27.9882],[84.2573,27.9862],[84.2716,27.9655],[84.2741,27.9893],[84.2991,27.9863],[84.3186,27.9963],[84.349,27.9967],[84.3686,28.0163],[84.3876,28.0243],[84.401,28.0197],[84.4113,28.0069],[84.4072,27.9696],[84.4199,27.953],[84.4183,27.9723],[84.4603,28.0144],[84.4674,28.0131],[84.5079,27.9845],[84.5385,27.9742],[84.5539,27.9406],[84.5791,27.9582],[84.5964,27.9596],[84.5978,27.9391],[84.6421,27.876],[84.686,27.8899],[84.7374,27.8929],[84.7634,27.8591],[84.7902,27.8719],[84.8344,27.8614],[84.8476,27.8501],[84.8677,27.8696],[84.888,27.9154],[84.9003,27.9164],[84.9041,27.9077],[84.9404,27.9048],[84.9562,27.8763],[84.9885,27.8655],[85.022,27.8301],[85.0188,27.8462],[85.0388,27.8592],[85.0749,27.8533],[85.1103,27.8624],[85.1153,27.8568],[85.1389,27.8637],[85.1584,27.8892],[85.1847,27.905],[85.2251,27.9037],[85.2919,27.8656],[85.4126,27.8565],[85.4213,27.8265],[85.4393,27.8105],[85.4818,27.808],[85.4941,27.8217],[85.5342,27.8008],[85.5552,27.7989],[85.5963,27.7639],[85.6117,27.7346],[85.6658,27.7114],[85.6778,27.727],[85.6771,27.7487],[85.7102,27.7507],[85.7315,27.7385],[85.7829,27.7358],[85.8336,27.758],[85.8669,27.757],[85.8811,27.7665],[85.9221,27.7339],[85.9419,27.7351],[85.9725,27.7212],[85.9842,27.6758],[86.0218,27.653],[86.039,27.6316],[86.076,27.6155],[86.0865,27.571],[86.0855,27.5121],[86.115,27.4806],[86.1115,27.4491],[86.1413,27.4468],[86.1749,27.4571],[86.2575,27.4447],[86.2659,27.4597],[86.2957,27.479],[86.3239,27.4739],[86.3885,27.4322],[86.4078,27.3932],[86.4393,27.3793],[86.4548,27.3846],[86.4577,27.3972],[86.4932,27.4133],[86.5118,27.4025],[86.5436,27.4074],[86.5708,27.4439],[86.5807,27.4467],[86.616,27.4275],[86.6321,27.4107],[86.6304,27.3943],[86.6527,27.3759],[86.6802,27.3633],[86.6832,27.379],[86.6958,27.3805],[86.7897,27.3585],[86.776,27.3423],[86.779,27.3364],[86.7988,27.3489],[86.8447,27.3509],[86.8654,27.3635],[86.9322,27.3389],[86.9274,27.3499],[86.9641,27.358],[86.9876,27.3746],[87.0088,27.3737],[87.1052,27.4219],[87.127,27.4207],[87.126,27.4032],[87.1715,27.3761],[87.1926,27.353],[87.1843,27.3199],[87.2006,27.3053],[87.2037,27.2864],[87.2238,27.303],[87.2749,27.3034],[87.2947,27.3155],[87.353,27.33],[87.3672,27.3419],[87.3817,27.3054],[87.3911,27.299],[87.4278,27.305],[87.4739,27.3009],[87.5026,27.3134],[87.5682,27.2981],[87.5946,27.3153],[87.6248,27.3498],[87.6704,27.3225],[87.6947,27.2925],[87.7457,27.2784],[87.757,27.2842],[87.7786,27.2734],[87.8361,27.2884],[87.9362,27.2823],[87.9508,27.2613],[87.971,27.2662],[87.9885,27.2511],[88.0403,27.2365],[88.0635,27.2196],[88.1221,27.2717],[88.1797,27.2654],[88.2228,27.2755],[88.2869,27.2735],[88.3039,27.2537],[88.2988,27.2405],[88.3049,27.2283],[88.3204,27.2183],[88.3322,27.1967],[88.3522,27.1919],[88.3767,27.2086],[88.434,27.1905],[88.4853,27.204],[88.4917,27.1914],[88.5303,27.1655],[88.5358,27.1513],[88.5196,27.1489],[88.4945,27.1255],[88.4755,27.1234],[88.456,27.0889],[88.4333,27.081],[88.4261,27.0666],[88.4321,27.0279],[88.4478,27.0061],[88.4374,26.9978],[88.4446,26.9842],[88.432,26.9697],[88.4719,26.9114],[88.4791,26.879],[88.4532,26.8694],[88.4332,26.8288],[88.4011,26.8261],[88.3521,26.8042],[88.2509,26.8084],[88.2303,26.789],[88.1873,26.7912],[88.175,26.7698],[88.0999,26.7301],[88.0729,26.7497],[88.0608,26.7412],[88.0395,26.7429],[88.0249,26.754],[88.0385,26.8238],[88.0239,26.8488],[87.9736,26.8967],[87.9457,26.8868],[87.93,26.8905],[87.8939,26.8224],[87.7753,26.8279],[87.7718,26.8182],[87.7885,26.8155],[87.809,26.7971],[87.8103,26.7853],[87.7941,26.7933],[87.7846,26.7811],[87.7679,26.7781],[87.7249,26.7811],[87.728,26.8005],[87.701,26.8301],[87.6566,26.8207],[87.6613,26.808],[87.6533,26.7988],[87.6385,26.8113],[87.5449,26.8266],[87.5189,26.7807],[87.505,26.778],[87.5055,26.8007],[87.4906,26.8151],[87.4883,26.8287],[87.4498,26.8329],[87.406,26.8169],[87.3885,26.8363],[87.3568,26.8409],[87.334,26.8405],[87.3145,26.7832],[87.2743,26.817],[87.2491,26.8166],[87.2295,26.7999],[87.1994,26.8036],[87.1932,26.8113],[87.1568,26.8199],[87.1442,26.8357],[87.1126,26.8167],[87.1051,26.8211],[87.0922,26.8135],[87.0398,26.81],[87.0197,26.8238],[86.9989,26.8905],[86.9718,26.903],[86.9264,26.9092],[86.9156,26.9009],[86.8738,26.8989],[86.8281,26.8759],[86.8088,26.8739],[86.7741,26.8892],[86.7504,27.0084],[86.7338,26.9989],[86.676,27.0094],[86.6306,26.9548],[86.5749,26.9759],[86.5531,26.9675],[86.4838,26.9655],[86.4582,26.9872],[86.4418,26.9767],[86.4268,26.951],[86.3921,26.9681],[86.3701,26.9925],[86.3454,26.9685],[86.3139,26.9899],[86.2813,26.9879],[86.2496,27.0117],[86.2106,27.0145],[86.2054,27.0258],[86.1914,27.0135],[86.1325,27.0356],[86.0485,27.053],[86.0214,27.0779],[86.0039,27.0745],[85.972,27.0894],[85.977,27.0986],[85.9663,27.1082],[85.9544,27.104],[85.9321,27.1133],[85.9128,27.1425],[85.9045,27.1332],[85.8912,27.1415],[85.8889,27.1687],[85.9017,27.1877],[85.9315,27.1969],[85.9342,27.2039],[85.9183,27.2101],[85.9045,27.2363],[85.8971,27.228],[85.8554,27.2174],[85.8524,27.2015],[85.8364,27.1985],[85.8273,27.1828],[85.809,27.1739],[85.8052,27.2059],[85.8247,27.2188],[85.8215,27.2398],[85.6936,27.268],[85.6478,27.2624],[85.649,27.3066],[85.6383,27.351],[85.5632,27.3405],[85.5307,27.3592],[85.5188,27.3502],[85.5093,27.355],[85.505,27.3719],[85.4895,27.3796],[85.4689,27.3598],[85.4507,27.3568],[85.4417,27.3386],[85.4006,27.3294],[85.3542,27.3601],[85.3359,27.3554],[85.3218,27.3735],[85.3101,27.3758],[85.2899,27.3655],[85.2804,27.3707],[85.2455,27.3654],[85.2399,27.3532],[85.1981,27.3345],[85.1946,27.3489],[85.2094,27.3695],[85.2157,27.3994],[85.2094,27.4323],[85.1347,27.4508],[85.1298,27.4177],[85.1035,27.4222],[85.0658,27.4522],[85.0398,27.4599],[85.0468,27.4905],[84.9915,27.5566],[84.9634,27.5634],[84.9299,27.5865],[84.9175,27.5863],[84.9038,27.566],[84.8811,27.5725],[84.8447,27.5467],[84.8211,27.5509],[84.8061,27.5353],[84.7551,27.5425],[84.7271,27.5668],[84.7226,27.5842],[84.7063,27.5781],[84.6672,27.599],[84.6592,27.6283],[84.6031,27.6589],[84.5759,27.6452],[84.5651,27.649],[84.5594,27.6848],[84.5791,27.713],[84.5603,27.7315],[84.5363,27.7427],[84.4891,27.7369],[84.4609,27.7675],[84.4222,27.7497],[84.4278,27.7392],[84.4159,27.7333],[84.4131,27.7129],[84.3207,27.6935],[84.2694,27.7001],[84.2291,27.6858],[84.1947,27.6958],[84.169,27.6875],[84.1352,27.6955],[84.1215,27.684],[84.0824,27.6757],[84.048,27.6862],[84.0397,27.6662],[84.0197,27.6634],[83.985,27.6395],[83.9764,27.6467],[83.9734,27.634],[83.9561,27.6374],[83.9552,27.6655],[83.9468,27.6786],[83.953,27.7005],[83.9424,27.7221],[83.908,27.7345],[83.7938,27.7385],[83.7436,27.7294],[83.7162,27.7414],[83.7175,27.7644],[83.6715,27.7779],[83.6645,27.7637],[83.641,27.761],[83.6383,27.7434],[83.6163,27.7356],[83.6102,27.7177],[83.577,27.7127],[83.5659,27.7277],[83.5135,27.753],[83.4645,27.7478],[83.4427,27.7655],[83.378,27.7698],[83.3531,27.7875],[83.351,27.8063],[83.3698,27.8092],[83.3842,27.8219],[83.3499,27.8519],[83.3343,27.878],[83.3118,27.8877],[83.3089,27.9054],[83.2801,27.9334],[83.2841,27.9469],[83.2207,27.9382],[83.2145,27.9506],[83.2061,27.9461],[83.1417,27.962],[83.1242,27.9473],[83.0641,27.9514],[83.0158,27.9364],[83.0177,27.9572],[82.9987,27.9781],[82.9787,27.9849],[82.9729,27.9964],[82.9645,27.992],[82.9507,27.999],[82.9279,28.0281],[82.8843,28.0364],[82.8337,27.9784],[82.8061,28.0152],[82.7843,28.0284],[82.7884,28.0428],[82.7478,28.0378],[82.7082,28.0538],[82.6838,28.053],[82.6215,28.0782],[82.5715,28.1157],[82.5051,28.1192],[82.5113,28.1067],[82.4905,28.078],[82.4895,28.0624],[82.4638,28.0766],[82.4478,28.0972],[82.4047,28.0996],[82.3853,28.1086],[82.34,28.1607],[82.3258,28.1555],[82.3116,28.1666],[82.26,28.1576],[82.2395,28.1624],[82.2418,28.202],[82.2337,28.2231],[82.1922,28.2844],[82.1436,28.2751],[82.1306,28.2842],[82.1188,28.2752],[82.0913,28.2829],[82.0781,28.2717],[82.0633,28.2739],[82.0642,28.2973],[82.0263,28.3755],[82.0238,28.4484],[82.001,28.4655],[81.983,28.4503],[81.9545,28.4448],[81.9331,28.4529],[81.9299,28.4394],[81.9131,28.4443],[81.8938,28.4252],[81.8635,28.4405],[81.7789,28.4594],[81.7621,28.4815],[81.7492,28.4846],[81.746,28.4981],[81.702,28.5184],[81.6839,28.5114],[81.6607,28.5217],[81.6478,28.5144],[81.6178,28.5173],[81.5949,28.5072],[81.5675,28.528],[81.5486,28.5617],[81.5489,28.5756],[81.5769,28.5471],[81.5962,28.5447],[81.6093,28.5547],[81.5926,28.574],[81.6051,28.5946],[81.5885,28.6738],[81.5371,28.7231],[81.5263,28.7259],[81.5025,28.7089],[81.4801,28.7092],[81.4513,28.73],[81.4245,28.7156],[81.4214,28.7345],[81.403,28.7468],[81.3833,28.7464],[81.3784,28.7566],[81.3249,28.7786],[81.3343,28.8155],[81.3216,28.8343],[81.2806,28.8382],[81.2513,28.8509],[81.2308,28.8337],[81.1992,28.8655],[81.2007,28.8197],[81.1694,28.8383],[81.1581,28.8325],[81.1397,28.8753],[81.1253,28.8557],[81.1032,28.8489],[81.0738,28.8676],[81.0686,28.8796],[81.0495,28.8807],[81.0196,28.9239],[80.9801,28.9405],[80.9549,28.9363],[80.9304,28.9467],[80.9132,28.9323],[80.9045,28.9413],[80.8957,28.9368],[80.8801,28.9449],[80.8837,28.9691],[80.8591,28.9781],[80.8508,28.978],[80.8385,28.9488],[80.8216,28.9322],[80.8064,28.9474],[80.8046,28.9771],[80.7697,28.9863],[80.7426,29.0113],[80.684,29.0155],[80.6447,29.028],[80.6132,29.0636],[80.5904,29.0759],[80.577,29.0697],[80.5361,29.0843],[80.526,29.1072],[80.4975,29.1177],[80.482,29.1342],[80.4603,29.1253],[80.4375,29.1328],[80.3363,29.1363],[80.3001,29.1537],[80.2738,29.1488],[80.2615,29.1589],[80.2593,29.1864],[80.2446,29.2114],[80.2505,29.2237],[80.2621,29.2093],[80.2863,29.1991],[80.2987,29.2041],[80.2903,29.2322],[80.3011,29.2446],[80.2987,29.2613],[80.32,29.3129],[80.311,29.3237],[80.2938,29.3262],[80.2821,29.3446],[80.2713,29.3974],[80.2427,29.4109],[80.2481,29.4342],[80.2427,29.4437],[80.2769,29.4602],[80.2962,29.4527],[80.3013,29.4569],[80.2885,29.4717],[80.2913,29.4809],[80.3124,29.4874]]]}},{"type":"Feature","properties":{"name":"Central Sivalik Hills","kind":"mountain range","wikidata":null,"area_km2":11978,"source":"GMBA Mountain Inventory v2.0 (CC BY 4.0)"},"geometry":{"type":"MultiPolygon","coordinates":[[[[87.9805,26.8946],[88.0385,26.8238],[88.0249,26.754],[87.9791,26.7659],[87.9653,26.7654],[87.9601,26.7543],[87.9378,26.7552],[87.9242,26.7621],[87.9185,26.78],[87.8682,26.7764],[87.8543,26.7658],[87.8432,26.7778],[87.8253,26.7688],[87.809,26.7971],[87.7885,26.8155],[87.7718,26.8182],[87.7753,26.8279],[87.7944,26.8303],[87.8039,26.8238],[87.8291,26.8286],[87.8436,26.8212],[87.8939,26.8224],[87.93,26.8905],[87.9805,26.8946]]],[[[87.8785,26.6912],[87.8773,26.6767],[87.8499,26.6561],[87.8404,26.6571],[87.8244,26.6608],[87.8062,26.6804],[87.7764,26.6844],[87.7752,26.7147],[87.7966,26.7276],[87.8388,26.7155],[87.8785,26.6912]]],[[[87.3968,26.8238],[87.406,26.8169],[87.4498,26.8329],[87.4883,26.8287],[87.4906,26.8151],[87.5055,26.8007],[87.505,26.778],[87.5189,26.7807],[87.5449,26.8266],[87.6385,26.8113],[87.6533,26.7988],[87.6613,26.808],[87.6566,26.8207],[87.701,26.8301],[87.728,26.8005],[87.7224,26.7835],[87.7342,26.7317],[87.7241,26.7245],[87.7036,26.7276],[87.6673,26.7633],[87.5974,26.7461],[87.5478,26.7474],[87.5301,26.7409],[87.5184,26.7529],[87.4878,26.7282],[87.4705,26.7268],[87.403,26.7673],[87.3863,26.7555],[87.3578,26.7532],[87.3447,26.7605],[87.3351,26.7551],[87.3145,26.7832],[87.334,26.8405],[87.3885,26.8363],[87.3968,26.8238]]],[[[86.6904,27.0094],[86.7338,26.9989],[86.7504,27.0084],[86.7741,26.8892],[86.8088,26.8739],[86.8281,26.8759],[86.8738,26.8989],[86.952,26.9089],[86.9989,26.8905],[87.0228,26.8186],[87.012,26.8249],[87.0022,26.8149],[86.9819,26.8161],[86.9504,26.8367],[86.9291,26.8304],[86.9128,26.8363],[86.9041,26.8264],[86.8575,26.8131],[86.8038,26.8147],[86.7981,26.7962],[86.7753,26.776],[86.7297,26.7808],[86.702,26.8129],[86.6805,26.801],[86.6604,26.8185],[86.6567,26.8345],[86.6138,26.8299],[86.5899,26.8052],[86.572,26.8158],[86.5496,26.8478],[86.5137,26.8466],[86.4573,26.8595],[86.4427,26.8697],[86.4274,26.8717],[86.4171,26.8512],[86.3923,26.8364],[86.3858,26.8488],[86.3638,26.8394],[86.3382,26.8512],[86.2776,26.8616],[86.2601,26.851],[86.2501,26.8647],[86.246,26.8867],[86.2788,26.9087],[86.309,26.9145],[86.3483,26.8947],[86.3456,26.9217],[86.3598,26.9388],[86.4564,26.9316],[86.4379,26.9443],[86.4386,26.9572],[86.4312,26.9601],[86.4582,26.9872],[86.4838,26.9655],[86.5531,26.9675],[86.5749,26.9759],[86.6306,26.9548],[86.6673,27.0027],[86.6904,27.0094]]],[[[85.9041,27.0772],[85.8978,27.0686],[85.8822,27.0715],[85.8494,27.1009],[85.8887,27.0926],[85.9041,27.0772]]],[[[84.9551,27.5697],[84.9915,27.5566],[85.0426,27.4988],[85.0398,27.4599],[85.0658,27.4522],[85.1035,27.4222],[85.1298,27.4177],[85.1347,27.4508],[85.2094,27.4323],[85.2136,27.382],[85.184,27.3297],[85.1838,27.3058],[85.192,27.297],[85.2524,27.2945],[85.2737,27.2676],[85.2934,27.28],[85.3295,27.2725],[85.3397,27.2511],[85.3507,27.2506],[85.3663,27.2634],[85.4301,27.2321],[85.4791,27.2212],[85.4939,27.2052],[85.5395,27.1835],[85.5585,27.1907],[85.6761,27.1444],[85.7389,27.1426],[85.7591,27.1274],[85.7734,27.0805],[85.7967,27.0692],[85.7937,27.0634],[85.7154,27.0906],[85.6699,27.0936],[85.6524,27.1056],[85.6114,27.1146],[85.5806,27.1084],[85.5113,27.1113],[85.4926,27.1201],[85.4792,27.1384],[85.4647,27.1315],[85.4406,27.1344],[85.4224,27.1529],[85.3793,27.1673],[85.3497,27.1651],[85.3326,27.1839],[85.3104,27.1841],[85.2651,27.2133],[85.2305,27.2051],[85.188,27.2155],[85.1654,27.2369],[85.1502,27.2329],[85.1108,27.265],[85.0632,27.2844],[85.0482,27.2889],[85.0144,27.2817],[84.9916,27.2978],[84.9867,27.3216],[84.9244,27.3339],[84.872,27.3589],[84.8659,27.3737],[84.9071,27.3782],[84.926,27.3644],[85.0034,27.3533],[85.0249,27.3436],[85.0545,27.355],[85.0613,27.3452],[85.0533,27.334],[85.0651,27.326],[85.0829,27.3391],[85.1186,27.3281],[85.1258,27.3498],[85.1083,27.3555],[85.1052,27.3648],[85.1252,27.3705],[85.1393,27.3606],[85.1696,27.3735],[85.1522,27.3883],[85.1395,27.3812],[85.1079,27.3927],[85.1019,27.4048],[85.0884,27.4012],[85.0712,27.4212],[85.0345,27.4317],[85.0168,27.4218],[84.9774,27.4503],[84.9325,27.4517],[84.8987,27.4679],[84.8835,27.4663],[84.8707,27.477],[84.8716,27.4604],[84.8484,27.4627],[84.8352,27.4468],[84.765,27.4555],[84.752,27.4874],[84.7629,27.5005],[84.7838,27.5029],[84.8467,27.4894],[84.8075,27.5279],[84.8211,27.5509],[84.8447,27.5467],[84.8811,27.5725],[84.9038,27.566],[84.9175,27.5863],[84.9299,27.5865],[84.9551,27.5697]]],[[[85.5135,27.353],[85.5307,27.3592],[85.5632,27.3405],[85.6383,27.351],[85.649,27.3066],[85.6478,27.2624],[85.5916,27.2565],[85.5519,27.2663],[85.5135,27.2555],[85.451,27.2926],[85.4286,27.2952],[85.4207,27.329],[85.4417,27.3386],[85.4507,27.3568],[85.4689,27.3598],[85.4895,27.3796],[85.505,27.3719],[85.5051,27.3574],[85.5135,27.353]]],[[[84.936,27.4111],[84.9707,27.3908],[84.9686,27.3853],[84.9089,27.3932],[84.9052,27.4034],[84.936,27.4111]]],[[[84.7782,27.4344],[84.8256,27.4246],[84.8341,27.401],[84.7978,27.3957],[84.7532,27.4142],[84.7643,27.4361],[84.7782,27.4344]]],[[[84.6081,27.4342],[84.6121,27.4212],[84.6541,27.4201],[84.6842,27.4101],[84.6582,27.3999],[84.6461,27.4057],[84.6167,27.4013],[84.6094,27.4094],[84.5805,27.412],[84.5698,27.4233],[84.6081,27.4342]]],[[[84.5228,27.5263],[84.6067,27.513],[84.6288,27.4958],[84.65,27.4966],[84.6742,27.4821],[84.6737,27.4746],[84.5804,27.4649],[84.5121,27.4783],[84.4827,27.4753],[84.4802,27.4694],[84.5227,27.4475],[84.5279,27.4318],[84.5082,27.4249],[84.4922,27.4346],[84.4437,27.437],[84.3677,27.4705],[84.3656,27.4918],[84.3827,27.5224],[84.4151,27.5171],[84.5228,27.5263]]],[[[84.3343,27.4093],[84.3596,27.4032],[84.3736,27.416],[84.4077,27.4099],[84.4206,27.4205],[84.4355,27.4183],[84.4452,27.4108],[84.4499,27.3871],[84.5554,27.3675],[84.5548,27.3576],[84.5346,27.3549],[84.5297,27.333],[84.348,27.3301],[84.3027,27.3433],[84.2667,27.3408],[84.2415,27.3744],[84.2613,27.4003],[84.2371,27.4236],[84.2323,27.4413],[84.2434,27.4814],[84.2622,27.4842],[84.2715,27.4738],[84.2736,27.4525],[84.298,27.4218],[84.3343,27.4093]]],[[[80.3301,29.1405],[80.4603,29.1253],[80.482,29.1342],[80.4975,29.1177],[80.526,29.1072],[80.5361,29.0843],[80.577,29.0697],[80.5904,29.0759],[80.6132,29.0636],[80.6447,29.028],[80.684,29.0155],[80.7426,29.0113],[80.7697,28.9863],[80.8046,28.9771],[80.8064,28.9474],[80.8216,28.9322],[80.8385,28.9488],[80.8508,28.978],[80.8591,28.9781],[80.8837,28.9691],[80.8801,28.9449],[80.8957,28.9368],[80.9045,28.9413],[80.9132,28.9323],[80.9304,28.9467],[80.9549,28.9363],[80.9801,28.9405],[81.0196,28.9239],[81.0495,28.8807],[81.0686,28.8796],[81.0738,28.8676],[81.1032,28.8489],[81.1253,28.8557],[81.1397,28.8753],[81.1581,28.8325],[81.1694,28.8383],[81.2007,28.8197],[81.1992,28.8655],[81.2308,28.8337],[81.2513,28.8509],[81.2806,28.8382],[81.3216,28.8343],[81.3343,28.8155],[81.3249,28.7786],[81.3784,28.7566],[81.3833,28.7464],[81.403,28.7468],[81.4214,28.7345],[81.4245,28.7156],[81.4513,28.73],[81.4801,28.7092],[81.5025,28.7089],[81.5263,28.7259],[81.5371,28.7231],[81.5885,28.6738],[81.6051,28.5946],[81.5926,28.574],[81.6093,28.5547],[81.5962,28.5447],[81.5769,28.5471],[81.5489,28.5756],[81.5486,28.5617],[81.5675,28.528],[81.5949,28.5072],[81.6178,28.5173],[81.6478,28.5144],[81.6607,28.5217],[81.6839,28.5114],[81.702,28.5184],[81.746,28.4981],[81.7492,28.4846],[81.7621,28.4815],[81.7789,28.4594],[81.8635,28.4405],[81.8938,28.4252],[81.9131,28.4443],[81.9299,28.4394],[81.9331,28.4529],[81.9545,28.4448],[81.983,28.4503],[81.9976,28.4675],[82.0238,28.4484],[82.0263,28.3755],[82.0642,28.2973],[82.0633,28.2739],[82.0781,28.2717],[82.0913,28.2829],[82.1188,28.2752],[82.1306,28.2842],[82.1436,28.2751],[82.1922,28.2844],[82.2337,28.2231],[82.2418,28.202],[82.2395,28.1624],[82.207,28.1761],[82.1723,28.1725],[82.1415,28.1966],[82.1121,28.2017],[82.0858,28.1781],[82.0643,28.1977],[82.0593,28.1927],[82.0887,28.1485],[82.1074,28.1397],[82.1144,28.1206],[82.1849,28.0757],[82.2119,28.0441],[82.2282,28.0362],[82.2279,28.0286],[82.2556,28.0134],[82.2917,28.0078],[82.3439,27.9822],[82.3544,27.9894],[82.3714,27.9843],[82.3863,27.9964],[82.4019,27.9859],[82.44,27.984],[82.5099,27.9636],[82.5507,27.9787],[82.5442,27.9917],[82.5106,28.0104],[82.4913,28.0566],[82.4905,28.078],[82.5113,28.1067],[82.5051,28.1192],[82.5715,28.1157],[82.6215,28.0782],[82.6838,28.053],[82.7082,28.0538],[82.7478,28.0378],[82.7884,28.0428],[82.7843,28.0284],[82.8061,28.0152],[82.8337,27.9784],[82.8843,28.0364],[82.9279,28.0281],[82.9507,27.999],[82.9645,27.992],[82.9729,27.9964],[82.9787,27.9849],[82.9987,27.9781],[83.0177,27.9572],[83.0158,27.9364],[83.0641,27.9514],[83.1242,27.9473],[83.1417,27.962],[83.2061,27.9461],[83.2145,27.9506],[83.2207,27.9382],[83.2841,27.9469],[83.2801,27.9334],[83.3089,27.9054],[83.3118,27.8877],[83.3343,27.878],[83.3499,27.8519],[83.3842,27.8219],[83.3698,27.8092],[83.351,27.8063],[83.3531,27.7875],[83.3916,27.7658],[83.4024,27.7717],[83.4427,27.7655],[83.4645,27.7478],[83.5135,27.753],[83.5659,27.7277],[83.577,27.7127],[83.6102,27.7177],[83.6163,27.7356],[83.6383,27.7434],[83.641,27.761],[83.6645,27.7637],[83.6757,27.7782],[83.7175,27.7644],[83.7162,27.7414],[83.7436,27.7294],[83.7617,27.7366],[83.8332,27.7324],[83.8441,27.7383],[83.9302,27.728],[83.9424,27.7221],[83.953,27.7005],[83.9468,27.6786],[83.9552,27.6655],[83.9561,27.6374],[83.9392,27.6545],[83.9081,27.6523],[83.8158,27.6759],[83.803,27.6651],[83.8408,27.6525],[83.8488,27.6366],[83.8437,27.6128],[83.855,27.6073],[83.8711,27.5657],[83.9133,27.5615],[83.9223,27.5319],[83.9443,27.5248],[83.949,27.493],[83.9423,27.4705],[83.9196,27.455],[83.8747,27.4719],[83.8428,27.4953],[83.8281,27.5146],[83.8282,27.5269],[83.7995,27.5462],[83.7964,27.5588],[83.7794,27.5643],[83.7385,27.6051],[83.7109,27.6195],[83.6842,27.614],[83.6586,27.6243],[83.646,27.62],[83.6298,27.6548],[83.5119,27.674],[83.5036,27.6866],[83.4603,27.6957],[83.4459,27.6864],[83.4173,27.697],[83.3725,27.6878],[83.302,27.711],[83.2884,27.7037],[83.2022,27.7496],[83.1762,27.742],[83.1559,27.7463],[83.1396,27.7375],[83.1275,27.7407],[83.1207,27.7555],[82.9535,27.7463],[82.9161,27.7285],[82.8831,27.7318],[82.8672,27.7252],[82.8388,27.7336],[82.8123,27.7214],[82.7379,27.7109],[82.6795,27.7051],[82.6649,27.7125],[82.6233,27.6962],[82.6038,27.6974],[82.5412,27.6796],[82.527,27.6847],[82.4707,27.6688],[82.4325,27.6814],[82.3979,27.7013],[82.3723,27.7321],[82.2262,27.8141],[82.206,27.8373],[82.1336,27.8682],[82.0973,27.917],[82.0339,27.928],[82.0302,27.943],[82.0434,27.9427],[82.0406,27.972],[82.0784,27.9978],[82.1482,27.9902],[82.1867,27.9757],[82.1909,27.9304],[82.2174,27.9279],[82.2292,27.9093],[82.268,27.9031],[82.3498,27.8406],[82.3737,27.8362],[82.4492,27.7683],[82.482,27.7486],[82.506,27.7492],[82.5432,27.7696],[82.562,27.7614],[82.5925,27.778],[82.6696,27.7989],[82.7588,27.8042],[82.7686,27.8103],[82.7667,27.8211],[82.7525,27.8243],[82.7394,27.8467],[82.7226,27.8489],[82.7147,27.8633],[82.6561,27.8502],[82.5692,27.8742],[82.5165,27.8743],[82.5066,27.8846],[82.4049,27.8944],[82.3222,27.9328],[82.298,27.9354],[82.2677,27.9593],[82.1081,28.0202],[82.0864,28.0385],[81.9943,28.0635],[81.967,28.089],[81.9584,28.1082],[81.9303,28.1111],[81.9201,28.1316],[81.9016,28.145],[81.8813,28.1448],[81.8463,28.1764],[81.8399,28.1934],[81.8206,28.2007],[81.7682,28.25],[81.7626,28.2668],[81.732,28.2642],[81.6479,28.3122],[81.6172,28.2989],[81.5488,28.3134],[81.5357,28.3297],[81.5047,28.3407],[81.4888,28.3662],[81.4247,28.381],[81.4156,28.3996],[81.4264,28.4031],[81.4538,28.437],[81.5296,28.4312],[81.5918,28.3959],[81.6197,28.3951],[81.6086,28.4086],[81.4989,28.4655],[81.4654,28.4671],[81.4041,28.5194],[81.3834,28.5629],[81.3447,28.5675],[81.331,28.5901],[81.3068,28.5934],[81.2805,28.6119],[81.2764,28.6342],[81.2307,28.6142],[81.2022,28.6263],[81.1623,28.6727],[81.0889,28.7161],[81.077,28.7323],[81.0258,28.7429],[81.0026,28.7592],[80.9883,28.7516],[80.9612,28.7719],[80.9116,28.7805],[80.885,28.7978],[80.8578,28.7752],[80.8241,28.7913],[80.8097,28.7885],[80.7984,28.805],[80.7792,28.799],[80.7681,28.8169],[80.7564,28.7982],[80.736,28.799],[80.7293,28.8131],[80.6663,28.8341],[80.6555,28.8529],[80.6205,28.8343],[80.6035,28.8481],[80.5795,28.8427],[80.5635,28.8684],[80.5381,28.8699],[80.5208,28.9196],[80.4915,28.9072],[80.4714,28.9178],[80.4605,28.9347],[80.4382,28.9339],[80.4221,28.9437],[80.4197,28.9614],[80.4024,28.9816],[80.3828,28.977],[80.3587,28.983],[80.3501,28.9978],[80.3299,29.0074],[80.2725,29.0036],[80.2469,28.9893],[80.2304,29.008],[80.2059,29.0009],[80.1606,29.0293],[80.1416,29.079],[80.2099,29.0997],[80.2246,29.1195],[80.277,29.1478],[80.3001,29.1537],[80.3301,29.1405]]]]}},{"type":"Feature","properties":{"name":"Central Western Ghats","kind":"mountain range","wikidata":null,"area_km2":12624,"source":"GMBA Mountain Inventory v2.0 (CC BY 4.0)"},"geometry":{"type":"MultiPolygon","coordinates":[[[[74.2801,15.7957],[74.278,15.7798],[74.2548,15.78],[74.249,15.7606],[74.231,15.7509],[74.2218,15.7572],[74.2066,15.729],[74.2113,15.7116],[74.1986,15.6965],[74.1816,15.6969],[74.1654,15.7113],[74.1654,15.6941],[74.1343,15.6681],[74.1533,15.6655],[74.1684,15.684],[74.1815,15.6866],[74.1948,15.6863],[74.2124,15.6689],[74.238,15.6842],[74.2573,15.6707],[74.2677,15.6195],[74.2781,15.6197],[74.2839,15.6378],[74.3097,15.6406],[74.3259,15.6573],[74.3052,15.6676],[74.31,15.6563],[74.2898,15.6574],[74.2822,15.6698],[74.2908,15.6739],[74.365,15.6694],[74.3822,15.6505],[74.3519,15.6357],[74.3528,15.6025],[74.3277,15.5882],[74.328,15.5635],[74.3455,15.5294],[74.3364,15.5113],[74.3296,15.5024],[74.2969,15.5031],[74.2676,15.4923],[74.2793,15.4812],[74.2949,15.4402],[74.2945,15.4216],[74.3233,15.4238],[74.3349,15.4063],[74.328,15.3384],[74.3135,15.3284],[74.3305,15.3157],[74.3364,15.3218],[74.349,15.2963],[74.3394,15.2701],[74.3301,15.2749],[74.2849,15.2626],[74.3426,15.1714],[74.3274,15.1427],[74.305,15.1383],[74.2926,15.112],[74.3105,15.1043],[74.3197,15.0864],[74.3093,15.0617],[74.3297,15.0495],[74.326,15.032],[74.3778,14.9893],[74.3978,14.9591],[74.3931,14.95],[74.4178,14.9427],[74.4278,14.9634],[74.4141,14.953],[74.4263,14.9738],[74.4576,14.9594],[74.4741,14.9765],[74.4761,15.001],[74.5053,14.9926],[74.5018,15.0699],[74.5355,15.0657],[74.547,15.0404],[74.5625,15.0355],[74.5823,15.0489],[74.5821,15.0596],[74.5571,15.0884],[74.5533,15.1065],[74.5601,15.1166],[74.5469,15.1413],[74.5582,15.1449],[74.559,15.1592],[74.6136,15.1113],[74.6221,15.1613],[74.6442,15.1464],[74.6583,15.1111],[74.6812,15.1116],[74.6934,15.0849],[74.6551,15.0611],[74.6592,15.0465],[74.6432,15.0326],[74.6373,14.9947],[74.6271,15.0015],[74.6012,14.9854],[74.5982,14.9704],[74.6085,14.9553],[74.5838,14.8828],[74.5885,14.8758],[74.6205,14.8718],[74.663,14.9134],[74.7157,14.8554],[74.7283,14.853],[74.7689,14.8696],[74.7742,14.8455],[74.7653,14.7986],[74.7451,14.799],[74.7289,14.8217],[74.7184,14.8146],[74.7026,14.7371],[74.6901,14.7343],[74.6669,14.746],[74.658,14.7643],[74.6697,14.7802],[74.6538,14.792],[74.6455,14.7877],[74.6343,14.7745],[74.6378,14.7697],[74.6468,14.7798],[74.6232,14.6717],[74.5998,14.6501],[74.5869,14.6534],[74.5696,14.6403],[74.5952,14.5668],[74.5811,14.5384],[74.5885,14.4924],[74.5979,14.4926],[74.6059,14.515],[74.6517,14.5194],[74.6691,14.5105],[74.6721,14.4948],[74.699,14.4882],[74.7046,14.4767],[74.6801,14.4175],[74.7227,14.4136],[74.7552,14.4196],[74.7593,14.3883],[74.7118,14.371],[74.6771,14.3871],[74.6655,14.3736],[74.6655,14.3444],[74.6613,14.3405],[74.6507,14.3509],[74.6385,14.3352],[74.654,14.3314],[74.6801,14.305],[74.7244,14.2997],[74.7818,14.2777],[74.7939,14.2581],[74.82,14.2529],[74.8334,14.2282],[74.7962,14.1986],[74.7761,14.199],[74.7577,14.2148],[74.741,14.2113],[74.7455,14.1936],[74.7601,14.1791],[74.7653,14.1393],[74.7163,14.1384],[74.712,14.1163],[74.7304,14.1067],[74.734,14.0802],[74.7468,14.0632],[74.7251,14.0249],[74.6904,14.0175],[74.6908,13.999],[74.6835,13.9919],[74.6946,13.9674],[74.7192,13.9405],[74.7324,13.9363],[74.7426,13.9416],[74.7803,13.9363],[74.7992,13.9508],[74.8151,13.9457],[74.82,13.9263],[74.8514,13.9058],[74.8627,13.9146],[74.882,13.9116],[74.9314,13.8791],[74.9389,13.8575],[74.9336,13.839],[74.9443,13.8218],[74.9606,13.8321],[74.9842,13.8111],[74.9687,13.779],[74.9747,13.7653],[75.0004,13.7556],[75.0112,13.7418],[75.0073,13.7204],[75.0413,13.6728],[75.028,13.641],[75.0382,13.6281],[75.0688,13.6233],[75.0738,13.6137],[75.0697,13.582],[75.0595,13.5722],[75.0614,13.5465],[75.0871,13.5048],[75.1049,13.5052],[75.1155,13.4922],[75.1153,13.4759],[75.1423,13.4802],[75.1844,13.4426],[75.1768,13.4084],[75.1905,13.3949],[75.1618,13.3764],[75.1584,13.3559],[75.1451,13.3469],[75.1095,13.3467],[75.1043,13.3374],[75.1178,13.3047],[75.1547,13.3003],[75.2051,13.3267],[75.1989,13.3403],[75.2333,13.338],[75.253,13.3446],[75.2557,13.3585],[75.2817,13.3696],[75.3174,13.3648],[75.3175,13.3468],[75.3381,13.3301],[75.3464,13.3829],[75.3676,13.4069],[75.3597,13.4599],[75.3715,13.4842],[75.384,13.4818],[75.4197,13.4137],[75.4175,13.3807],[75.4053,13.3767],[75.4021,13.3579],[75.4336,13.3442],[75.46,13.2957],[75.4569,13.2831],[75.4422,13.2719],[75.4141,13.275],[75.4093,13.2657],[75.4091,13.2572],[75.445,13.2523],[75.453,13.2367],[75.4386,13.2191],[75.4432,13.2101],[75.4364,13.2],[75.4431,13.1947],[75.4643,13.2321],[75.4829,13.2324],[75.5426,13.2116],[75.5573,13.1874],[75.5372,13.1566],[75.5208,13.15],[75.5237,13.1219],[75.5325,13.0946],[75.5634,13.0658],[75.5574,13.0461],[75.5925,13.0288],[75.5929,13.0096],[75.5802,12.997],[75.58,12.9843],[75.6002,12.9941],[75.6487,12.976],[75.6697,12.9441],[75.666,12.9265],[75.651,12.9228],[75.6671,12.9096],[75.662,12.8947],[75.6757,12.9009],[75.6758,12.8863],[75.7143,12.8868],[75.7363,12.8625],[75.7244,12.8293],[75.7343,12.8199],[75.7315,12.8112],[75.7072,12.7894],[75.6989,12.802],[75.678,12.7942],[75.7071,12.7426],[75.7175,12.7571],[75.7341,12.7448],[75.7395,12.7368],[75.728,12.7157],[75.7465,12.7032],[75.7556,12.6841],[75.7809,12.6806],[75.806,12.6575],[75.8025,12.6322],[75.7727,12.6427],[75.7608,12.618],[75.7469,12.6135],[75.7445,12.5849],[75.7659,12.5767],[75.7784,12.5861],[75.7941,12.581],[75.7988,12.562],[75.8109,12.5581],[75.8177,12.5346],[75.8052,12.5232],[75.8054,12.4951],[75.787,12.4738],[75.7742,12.4813],[75.7637,12.4759],[75.7294,12.5015],[75.71,12.4982],[75.67,12.5092],[75.6748,12.492],[75.6934,12.477],[75.6872,12.4679],[75.6949,12.4503],[75.7175,12.4197],[75.7217,12.43],[75.7321,12.4267],[75.7323,12.4156],[75.6843,12.4102],[75.6905,12.3928],[75.6832,12.3844],[75.63,12.3843],[75.616,12.3697],[75.5907,12.3737],[75.5762,12.3863],[75.5527,12.3787],[75.5281,12.3961],[75.5272,12.3701],[75.5938,12.3434],[75.6109,12.3135],[75.6279,12.3087],[75.644,12.276],[75.628,12.2562],[75.6844,12.238],[75.6909,12.2173],[75.7091,12.2177],[75.724,12.185],[75.7236,12.1656],[75.8,12.1544],[75.8102,12.1613],[75.8232,12.1564],[75.8328,12.1368],[75.8467,12.1323],[75.8487,12.1032],[75.8988,12.0658],[75.8874,12.0329],[75.8682,12.0378],[75.8646,12.0161],[75.8405,12.0085],[75.845,12.001],[75.855,12.0061],[75.873,11.9915],[75.9012,11.9996],[75.9442,11.9945],[75.9611,12.0002],[76.0002,11.979],[76.0093,11.9654],[76.055,11.9677],[76.0673,11.9514],[76.0586,11.9285],[76.0391,11.923],[76.0308,11.8962],[76.0508,11.8865],[76.0526,11.861],[76.0288,11.8504],[76.024,11.8406],[76.0054,11.8362],[75.9834,11.849],[75.9656,11.8489],[75.9427,11.8468],[75.9295,11.8259],[75.8402,11.838],[75.8301,11.8283],[75.829,11.805],[75.8426,11.7771],[75.8322,11.7583],[75.843,11.7405],[75.9114,11.7482],[75.932,11.7345],[75.953,11.6866],[75.9384,11.6426],[75.9917,11.6393],[76.0072,11.6244],[76.0069,11.5911],[76.027,11.5353],[76.0224,11.5021],[76.0103,11.4874],[75.9692,11.4939],[75.9528,11.4681],[75.9501,11.4452],[75.9346,11.4426],[75.911,11.4572],[75.902,11.4666],[75.9055,11.4905],[75.8751,11.4655],[75.8612,11.4761],[75.8317,11.4718],[75.818,11.4789],[75.8218,11.4906],[75.8116,11.4955],[75.8093,11.5074],[75.8224,11.533],[75.8316,11.5363],[75.8449,11.5262],[75.8532,11.5385],[75.8843,11.5367],[75.8788,11.5579],[75.8494,11.582],[75.836,11.6369],[75.7884,11.6781],[75.7553,11.6781],[75.7389,11.6919],[75.7359,11.7099],[75.7238,11.7219],[75.7239,11.7489],[75.7343,11.7573],[75.6667,11.7683],[75.6363,11.7989],[75.6443,11.8185],[75.672,11.8363],[75.6832,11.8305],[75.7117,11.8365],[75.738,11.8323],[75.7539,11.8827],[75.782,11.8988],[75.8259,11.8948],[75.805,11.9492],[75.8113,11.9733],[75.7994,11.9811],[75.7724,11.9759],[75.7529,11.9906],[75.7447,12.0283],[75.7508,12.0462],[75.7369,12.0553],[75.7345,12.0814],[75.7195,12.0842],[75.7128,12.0703],[75.6813,12.06],[75.6661,12.0661],[75.6613,12.0885],[75.655,12.0884],[75.6452,12.0438],[75.6137,12.0406],[75.5945,12.0877],[75.559,12.1094],[75.5384,12.1092],[75.5386,12.1009],[75.5257,12.0968],[75.4739,12.1062],[75.4802,12.1155],[75.4575,12.1391],[75.4723,12.1682],[75.4549,12.1832],[75.4552,12.1974],[75.4442,12.2071],[75.4027,12.2073],[75.3797,12.2268],[75.3802,12.2509],[75.3708,12.2705],[75.3801,12.2919],[75.3621,12.2948],[75.3564,12.3093],[75.3229,12.3097],[75.3081,12.3454],[75.2874,12.3529],[75.2793,12.3667],[75.2579,12.3605],[75.2503,12.3684],[75.2343,12.3656],[75.2204,12.355],[75.2004,12.3659],[75.1926,12.4055],[75.2025,12.4247],[75.2309,12.43],[75.2354,12.416],[75.2488,12.4196],[75.3214,12.4694],[75.2989,12.4749],[75.288,12.4697],[75.276,12.4782],[75.2864,12.5202],[75.3093,12.5338],[75.3261,12.5363],[75.3292,12.5218],[75.3411,12.5298],[75.3616,12.5218],[75.3833,12.5327],[75.3934,12.5275],[75.4028,12.5307],[75.3947,12.55],[75.4011,12.5594],[75.4451,12.5653],[75.4616,12.5482],[75.4569,12.5208],[75.405,12.5175],[75.4095,12.5009],[75.4292,12.5092],[75.484,12.4871],[75.5074,12.4924],[75.522,12.4759],[75.5417,12.4925],[75.5698,12.4843],[75.5337,12.5098],[75.5133,12.5072],[75.4968,12.5359],[75.5291,12.5761],[75.5506,12.5757],[75.5848,12.5982],[75.599,12.5946],[75.5989,12.5819],[75.6228,12.5517],[75.6446,12.5685],[75.6468,12.5865],[75.6093,12.6553],[75.6163,12.675],[75.5799,12.7855],[75.5593,12.8095],[75.565,12.8263],[75.5547,12.852],[75.509,12.8655],[75.4874,12.8864],[75.4646,12.8772],[75.4529,12.8844],[75.4468,12.9387],[75.4559,12.9625],[75.4468,12.9896],[75.4592,13.015],[75.4359,13.0114],[75.4225,13.0183],[75.4226,13.0566],[75.3988,13.038],[75.3786,13.0415],[75.3804,13.0817],[75.3669,13.1194],[75.3403,13.0593],[75.3106,13.0696],[75.3034,13.0517],[75.2902,13.0431],[75.2447,13.0571],[75.1619,13.1192],[75.1592,13.1521],[75.1325,13.1782],[75.116,13.2166],[75.1228,13.2298],[75.0807,13.2646],[75.0389,13.3426],[75.0413,13.3628],[75.0154,13.3802],[75.0302,13.4637],[75.0434,13.4696],[75.0694,13.454],[75.0759,13.4698],[75.0606,13.4943],[75.0411,13.5016],[75.0295,13.5263],[74.9675,13.5698],[74.9765,13.5912],[74.9947,13.6022],[74.9709,13.6074],[74.9627,13.6321],[74.97,13.6641],[74.9863,13.6824],[74.9676,13.705],[74.9634,13.7281],[74.9316,13.7284],[74.918,13.7504],[74.8788,13.7645],[74.876,13.7837],[74.89,13.8021],[74.8798,13.828],[74.8486,13.807],[74.8173,13.8052],[74.8049,13.8136],[74.8016,13.8321],[74.7972,13.8187],[74.7801,13.8104],[74.7563,13.82],[74.7503,13.8382],[74.7203,13.8361],[74.6901,13.8578],[74.6801,13.9114],[74.6635,13.9312],[74.6717,13.9434],[74.6538,13.9492],[74.6331,13.9989],[74.6484,14.0349],[74.6343,14.0514],[74.6426,14.0759],[74.6718,14.0996],[74.6505,14.0959],[74.619,14.0522],[74.6048,14.0488],[74.5856,14.0618],[74.5818,14.0774],[74.5555,14.0944],[74.5526,14.1093],[74.5144,14.1134],[74.5116,14.1497],[74.5289,14.1651],[74.562,14.1588],[74.5919,14.1791],[74.598,14.2003],[74.6153,14.2175],[74.637,14.2295],[74.6633,14.2133],[74.6859,14.2138],[74.6953,14.2395],[74.6945,14.253],[74.6727,14.2426],[74.628,14.2592],[74.6189,14.2771],[74.5972,14.2697],[74.5895,14.2436],[74.555,14.2405],[74.5364,14.2652],[74.5327,14.2841],[74.5468,14.3079],[74.528,14.3062],[74.5363,14.3211],[74.4975,14.3218],[74.4803,14.3335],[74.478,14.3657],[74.516,14.3787],[74.5408,14.43],[74.5709,14.4234],[74.5782,14.4072],[74.6176,14.4379],[74.5418,14.4385],[74.5358,14.4568],[74.5463,14.4823],[74.5337,14.5055],[74.5363,14.526],[74.518,14.5256],[74.4979,14.4977],[74.4733,14.488],[74.4433,14.4886],[74.4279,14.5033],[74.4281,14.5214],[74.4501,14.5679],[74.4404,14.5994],[74.4412,14.6374],[74.4495,14.6497],[74.4739,14.655],[74.4943,14.6696],[74.5249,14.6559],[74.528,14.6473],[74.5187,14.6351],[74.5319,14.6176],[74.5382,14.6457],[74.5303,14.6732],[74.5439,14.7033],[74.537,14.7134],[74.5447,14.726],[74.5349,14.7307],[74.5323,14.7512],[74.5114,14.7379],[74.5129,14.7062],[74.4908,14.6979],[74.4756,14.701],[74.4497,14.7227],[74.4379,14.7105],[74.426,14.7132],[74.43,14.6937],[74.4155,14.6674],[74.3944,14.6346],[74.3715,14.6238],[74.3258,14.6613],[74.3175,14.7217],[74.3312,14.7375],[74.328,14.7426],[74.3884,14.7751],[74.3797,14.7982],[74.3731,14.8009],[74.3485,14.7778],[74.3332,14.7779],[74.3278,14.7586],[74.2697,14.7331],[74.2463,14.7391],[74.2173,14.7755],[74.2071,14.778],[74.2022,14.7679],[74.1677,14.7612],[74.1318,14.7786],[74.1228,14.8001],[74.1364,14.8131],[74.1845,14.8151],[74.1844,14.8368],[74.1935,14.8455],[74.2388,14.8487],[74.2725,14.8238],[74.28,14.8422],[74.2655,14.8765],[74.2775,14.8997],[74.263,14.9138],[74.2184,14.9135],[74.2046,14.9229],[74.195,14.9163],[74.1864,14.9261],[74.1885,14.9563],[74.1972,14.9691],[74.2176,14.9771],[74.201,14.9976],[74.171,15.0071],[74.157,14.9987],[74.1404,15.0031],[74.1258,15.0384],[74.1091,15.0258],[74.0829,15.0285],[74.0674,15.0218],[74.0137,15.0401],[74.0114,15.0649],[74.0676,15.0863],[74.0426,15.0933],[74.0459,15.0988],[74.0616,15.0926],[74.0792,15.1079],[74.1582,15.1082],[74.1935,15.0697],[74.1988,15.0729],[74.1885,15.081],[74.2305,15.0843],[74.2299,15.0976],[74.2152,15.1112],[74.2159,15.1269],[74.2471,15.1643],[74.2697,15.1722],[74.2657,15.199],[74.2399,15.2052],[74.2283,15.2177],[74.2245,15.2418],[74.2076,15.2474],[74.2051,15.2661],[74.2096,15.2786],[74.2325,15.2888],[74.2697,15.3371],[74.2549,15.3427],[74.2405,15.3675],[74.2434,15.3925],[74.2215,15.4013],[74.2198,15.4303],[74.2342,15.4407],[74.2013,15.4443],[74.1845,15.4589],[74.1822,15.4822],[74.1719,15.4957],[74.1827,15.5224],[74.2095,15.524],[74.2247,15.5478],[74.2156,15.5763],[74.2217,15.5909],[74.2017,15.6009],[74.1746,15.5926],[74.1569,15.6199],[74.1361,15.6238],[74.1335,15.5657],[74.1209,15.5469],[74.0947,15.5393],[74.103,15.534],[74.0972,15.5286],[74.051,15.5816],[74.048,15.5975],[74.0553,15.6094],[74.0697,15.6105],[74.022,15.6455],[74.0244,15.6759],[74.0347,15.6821],[74.0452,15.6766],[74.0492,15.6851],[74.0447,15.7241],[74.0635,15.7344],[74.081,15.7301],[74.1086,15.7631],[74.1571,15.772],[74.1684,15.7626],[74.1923,15.7677],[74.1955,15.7819],[74.2383,15.7971],[74.2791,15.8019],[74.2801,15.7957]]],[[[75.6968,13.6199],[75.7495,13.613],[75.753,13.604],[75.728,13.591],[75.7573,13.5832],[75.7658,13.5876],[75.8378,13.5447],[75.8499,13.576],[75.8607,13.5758],[75.8732,13.5884],[75.8888,13.5655],[75.8987,13.5759],[75.9178,13.5779],[75.9301,13.5475],[75.9091,13.5425],[75.9092,13.5248],[75.8904,13.5174],[75.8849,13.5062],[75.9155,13.4732],[75.905,13.4528],[75.8895,13.4453],[75.8651,13.4594],[75.8554,13.4695],[75.8645,13.4918],[75.846,13.5092],[75.8289,13.4831],[75.8023,13.4857],[75.792,13.4751],[75.7927,13.4431],[75.803,13.4278],[75.7979,13.4051],[75.8303,13.4323],[75.8386,13.4511],[75.8719,13.4382],[75.8595,13.4116],[75.8704,13.3923],[75.854,13.3473],[75.7965,13.3447],[75.7757,13.3577],[75.7733,13.3841],[75.7542,13.3777],[75.7396,13.3582],[75.719,13.3473],[75.7127,13.3539],[75.6981,13.3468],[75.6943,13.3584],[75.6791,13.3587],[75.6916,13.328],[75.6818,13.3019],[75.6333,13.2604],[75.6367,13.2408],[75.6262,13.2278],[75.6444,13.2189],[75.6494,13.1606],[75.6172,13.1572],[75.5945,13.1639],[75.5953,13.2019],[75.5879,13.2167],[75.5699,13.227],[75.5476,13.2633],[75.5333,13.2661],[75.5294,13.2781],[75.5154,13.278],[75.5092,13.2908],[75.5095,13.3183],[75.5181,13.3349],[75.5468,13.3408],[75.5321,13.3969],[75.5159,13.3968],[75.5012,13.4087],[75.5062,13.4331],[75.5343,13.4717],[75.5428,13.4991],[75.5615,13.5082],[75.5612,13.5239],[75.5929,13.5703],[75.6042,13.5812],[75.6483,13.587],[75.6678,13.597],[75.6697,13.6177],[75.6938,13.6333],[75.7285,13.6383],[75.7343,13.632],[75.6968,13.6199]]],[[[75.9175,12.6281],[75.9035,12.628],[75.8953,12.6444],[75.9125,12.6925],[75.9258,12.6824],[75.9299,12.6637],[75.9175,12.6281]]],[[[75.8529,12.6406],[75.824,12.6439],[75.8267,12.6671],[75.8434,12.6709],[75.8583,12.6589],[75.8651,12.6432],[75.8529,12.6406]]],[[[75.6634,11.8884],[75.6128,11.8892],[75.6051,11.8965],[75.61,11.9119],[75.6328,11.9321],[75.6905,11.9177],[75.6881,11.8908],[75.6634,11.8884]]],[[[75.4752,12.6005],[75.4613,12.5987],[75.4367,12.616],[75.4284,12.6309],[75.4303,12.659],[75.4725,12.6658],[75.5091,12.6453],[75.5035,12.6074],[75.4752,12.6005]]],[[[75.4474,13.6889],[75.4594,13.6802],[75.469,13.6499],[75.452,13.6082],[75.4366,13.6092],[75.4282,13.6197],[75.4305,13.6382],[75.4214,13.6632],[75.4283,13.6851],[75.4474,13.6889]]],[[[74.541,15.1239],[74.5378,15.1124],[74.5262,15.1141],[74.5188,15.1041],[74.5237,15.0959],[74.5032,15.0908],[74.4969,15.1116],[74.514,15.1484],[74.5208,15.1494],[74.541,15.1239]]],[[[74.3884,15.1322],[74.3657,15.1282],[74.3547,15.1897],[74.3609,15.2155],[74.3552,15.2313],[74.3677,15.2422],[74.3884,15.245],[74.4088,15.2412],[74.4106,15.2068],[74.4256,15.1934],[74.4262,15.183],[74.4205,15.1681],[74.4013,15.1588],[74.3884,15.1322]]],[[[74.1323,15.3925],[74.1037,15.3906],[74.081,15.4286],[74.0826,15.4473],[74.1076,15.4564],[74.129,15.4413],[74.1366,15.4097],[74.1323,15.3925]]],[[[74.0091,15.1249],[74.0086,15.1098],[74.03,15.0975],[74.0278,15.0895],[74.0082,15.0707],[73.9724,15.0744],[73.9683,15.0856],[73.9779,15.0939],[73.9656,15.1059],[73.9709,15.1214],[74.0091,15.1249]]]]}},{"type":"Feature","properties":{"name":"Chandil Gamharia Range","kind":"mountain range","wikidata":null,"area_km2":394,"source":"GMBA Mountain Inventory v2.0 (CC BY 4.0)"},"geometry":{"type":"Polygon","coordinates":[[[85.6186,22.8978],[85.5686,22.9082],[85.5695,22.9298],[85.5841,22.9508],[85.6282,22.9752],[85.6398,22.9673],[85.6726,22.9649],[85.6798,22.9798],[85.6987,22.9802],[85.7256,22.9697],[85.7652,22.976],[85.7775,22.9572],[85.7911,22.9675],[85.8154,22.9677],[85.8293,22.9597],[85.8335,22.9468],[85.8922,22.9596],[85.9167,22.9287],[85.9364,22.9203],[85.9538,22.9321],[85.9645,22.9276],[85.9801,22.9072],[85.9863,22.8825],[85.9535,22.8614],[85.8978,22.8684],[85.8758,22.8629],[85.8547,22.8464],[85.8072,22.8468],[85.7866,22.8384],[85.7728,22.8411],[85.7657,22.8654],[85.716,22.8815],[85.7056,22.8924],[85.6716,22.9031],[85.6186,22.8978]]]}},{"type":"Feature","properties":{"name":"Chandragiri-Pottangi mountain system","kind":"mountain range","wikidata":null,"area_km2":4860,"source":"GMBA Mountain Inventory v2.0 (CC BY 4.0)"},"geometry":{"type":"MultiPolygon","coordinates":[[[[82.9895,18.8686],[83.0117,18.8908],[83.0293,18.8931],[83.0176,18.9474],[83.0273,18.9655],[83.0391,18.9742],[83.0643,18.9697],[83.0682,18.982],[83.1091,18.9882],[83.1384,19.0172],[83.1376,19.0595],[83.1822,19.1049],[83.2009,19.1746],[83.1412,19.1881],[83.1337,19.1998],[83.1285,19.2378],[83.1405,19.2638],[83.1351,19.2739],[83.1446,19.308],[83.1317,19.3121],[83.1228,19.3309],[83.1079,19.388],[83.1114,19.4368],[83.1231,19.4624],[83.1104,19.4741],[83.0952,19.5216],[83.121,19.5545],[83.1434,19.6039],[83.1383,19.6136],[83.1258,19.6135],[83.1191,19.63],[83.1075,19.6174],[83.0846,19.6178],[83.0356,19.5918],[83.0105,19.5949],[82.9946,19.6463],[82.9748,19.6537],[82.9674,19.6486],[82.9685,19.6218],[82.9569,19.6046],[82.9571,19.5847],[82.9239,19.5433],[82.9309,19.5332],[82.903,19.4968],[82.901,19.4788],[82.9133,19.4517],[82.8958,19.4056],[82.8797,19.4026],[82.8664,19.389],[82.8478,19.3874],[82.8186,19.4207],[82.8521,19.428],[82.8629,19.4467],[82.8508,19.4677],[82.851,19.496],[82.8679,19.5241],[82.8801,19.5236],[82.8905,19.5345],[82.8676,19.5632],[82.8808,19.5787],[82.9009,19.5779],[82.9155,19.5909],[82.9017,19.6072],[82.9126,19.6286],[82.8947,19.6597],[82.9092,19.6777],[82.9426,19.6849],[82.9322,19.7067],[82.9421,19.7195],[82.9343,19.736],[82.9567,19.7592],[82.9687,19.75],[83.0025,19.7717],[83.0244,19.7489],[83.0347,19.76],[83.0509,19.7555],[83.0425,19.7714],[83.0532,19.7757],[83.0468,19.7888],[83.0666,19.8019],[83.0853,19.8342],[83.1061,19.8211],[83.1092,19.8059],[83.1019,19.7952],[83.1074,19.7905],[83.1163,19.8085],[83.1461,19.8046],[83.1579,19.7757],[83.1741,19.7863],[83.1886,19.7654],[83.1822,19.757],[83.2074,19.7364],[83.2125,19.7472],[83.2073,19.7577],[83.2217,19.7712],[83.1994,19.8088],[83.2035,19.8397],[83.1857,19.8826],[83.1894,19.8932],[83.2201,19.8962],[83.2405,19.884],[83.228,19.8988],[83.226,19.9226],[83.2432,19.9607],[83.2643,19.9749],[83.3018,19.9701],[83.3152,19.9599],[83.3179,19.9374],[83.3284,19.9343],[83.3604,19.9696],[83.3805,19.959],[83.3802,19.9355],[83.4004,19.9271],[83.3949,19.8729],[83.4324,19.8632],[83.4325,19.8445],[83.4119,19.8305],[83.4185,19.818],[83.4089,19.8006],[83.3799,19.8073],[83.3707,19.8377],[83.3478,19.8464],[83.3176,19.8354],[83.3301,19.8148],[83.3247,19.7944],[83.2932,19.7743],[83.2906,19.7642],[83.3009,19.7463],[83.2936,19.7285],[83.2847,19.7203],[83.2747,19.7257],[83.2591,19.7174],[83.2592,19.6944],[83.2424,19.6903],[83.2287,19.6552],[83.2392,19.6318],[83.2567,19.632],[83.278,19.614],[83.2801,19.6016],[83.2618,19.5685],[83.2833,19.5181],[83.2754,19.5143],[83.28,19.4921],[83.2673,19.4803],[83.2683,19.456],[83.2807,19.4445],[83.2925,19.4449],[83.2967,19.4288],[83.2902,19.3948],[83.3044,19.3853],[83.3181,19.3992],[83.3675,19.4012],[83.3671,19.3498],[83.3542,19.3322],[83.3671,19.3211],[83.3946,19.2629],[83.3998,19.2304],[83.3939,19.2184],[83.4048,19.2052],[83.3824,19.1719],[83.3914,19.1604],[83.3875,19.131],[83.412,19.0969],[83.4135,19.0689],[83.4289,19.0322],[83.4242,19.0219],[83.398,19.0193],[83.3664,19.0362],[83.3651,19.0075],[83.3828,19.0054],[83.4321,18.9788],[83.4425,18.9642],[83.4488,18.91],[83.4275,18.8984],[83.4191,18.8834],[83.4224,18.8744],[83.3998,18.8469],[83.3942,18.8248],[83.3751,18.8168],[83.3404,18.7766],[83.3184,18.7892],[83.3032,18.7762],[83.2666,18.7764],[83.2356,18.7409],[83.2145,18.7434],[83.1885,18.7336],[83.1967,18.7212],[83.194,18.7101],[83.1651,18.6932],[83.1658,18.6838],[83.1365,18.6564],[83.1315,18.6394],[83.1367,18.6223],[83.1249,18.6082],[83.1044,18.6025],[83.0862,18.5739],[83.0802,18.5566],[83.0946,18.5469],[83.0847,18.5345],[83.0506,18.5339],[83.0117,18.5114],[82.952,18.5353],[82.9556,18.5635],[82.927,18.5707],[82.9253,18.5812],[82.9119,18.5852],[82.9145,18.6068],[82.9363,18.6139],[82.9281,18.6282],[82.888,18.6355],[82.8784,18.6288],[82.8672,18.6367],[82.881,18.6867],[82.9,18.6976],[82.9463,18.7045],[82.9499,18.7205],[82.9358,18.7398],[82.9446,18.7906],[82.9895,18.8686]]],[[[82.9895,18.8686],[82.9724,18.866],[82.9671,18.8525],[82.948,18.8483],[82.9431,18.8344],[82.9263,18.8408],[82.9094,18.8625],[82.9381,18.9018],[82.9666,18.9184],[82.9946,18.8969],[82.9895,18.8686]]],[[[83.3941,19.7767],[83.383,19.7316],[83.363,19.7153],[83.3603,19.6957],[83.3334,19.6764],[83.3332,19.6665],[83.324,19.6703],[83.3188,19.7166],[83.3296,19.7591],[83.3406,19.7734],[83.3732,19.7702],[83.3769,19.7875],[83.3941,19.7767]]],[[[83.0917,19.025],[83.0499,18.9894],[83.0351,18.9905],[83.0312,18.9992],[83.0077,18.999],[83.0074,19.0241],[83.0166,19.0233],[83.0479,19.0516],[83.042,19.0599],[83.0568,19.0992],[83.083,19.1127],[83.1064,19.1023],[83.1092,19.0848],[83.0917,19.025]]],[[[83.056,19.3349],[83.0694,19.323],[83.0336,19.3155],[83.0244,19.3282],[83.0118,19.3275],[83.0074,19.3575],[83.0266,19.369],[83.061,19.3714],[83.0715,19.3641],[83.056,19.3349]]],[[[83.0469,19.8529],[83.0395,19.8415],[82.9976,19.8582],[82.9895,19.8719],[82.994,19.8877],[83.0048,19.8963],[83.0429,19.8793],[83.0499,19.8736],[83.0469,19.8529]]],[[[83.0016,19.3438],[82.9907,19.3406],[82.9887,19.3535],[82.9979,19.3758],[83.0076,19.3679],[83.0016,19.3438]]],[[[82.9656,19.3025],[82.9393,19.2979],[82.9165,19.3246],[82.9387,19.3901],[82.9697,19.3977],[82.9815,19.3821],[82.9656,19.3025]]],[[[82.9658,18.9615],[82.9624,18.9561],[82.9198,18.9626],[82.9363,18.9663],[82.9177,18.9893],[82.9269,19.0205],[82.9415,19.0258],[82.9647,19.0164],[82.9705,18.9917],[82.9542,18.9709],[82.9658,18.9615]]],[[[82.9152,19.0985],[82.9363,19.0815],[82.9333,19.0694],[82.8957,19.0499],[82.8649,19.0577],[82.8539,19.0836],[82.8635,19.0972],[82.9152,19.0985]]],[[[82.8767,19.1268],[82.8575,19.1133],[82.8561,19.104],[82.8489,19.1063],[82.8515,19.1299],[82.8617,19.1245],[82.8755,19.1384],[82.8767,19.1268]]],[[[82.8344,19.0654],[82.8191,19.0576],[82.7975,19.0899],[82.792,19.1147],[82.7958,19.1313],[82.8242,19.1495],[82.8235,19.1591],[82.8445,19.1608],[82.8495,19.1356],[82.8388,19.111],[82.8454,19.091],[82.8344,19.0654]]]]}},{"type":"Feature","properties":{"name":"Chang Chenmo Range","kind":"mountain range","wikidata":"Q28794921","area_km2":8960,"source":"GMBA Mountain Inventory v2.0 (CC BY 4.0)"},"geometry":{"type":"Polygon","coordinates":[[[79.6561,34.4186],[79.6984,34.4196],[79.7365,34.405],[79.7453,34.3762],[79.7386,34.3494],[79.743,34.3273],[79.7301,34.2918],[79.7456,34.2921],[79.7511,34.2678],[79.7164,34.1908],[79.6906,34.1775],[79.6551,34.1759],[79.6236,34.1492],[79.5677,34.1335],[79.572,34.0993],[79.5587,34.0815],[79.5593,34.0654],[79.5455,34.047],[79.5135,34.0284],[79.5384,33.9763],[79.5264,33.9437],[79.5317,33.9114],[79.5257,33.8968],[79.5612,33.8459],[79.5592,33.8349],[79.5334,33.819],[79.5195,33.7863],[79.5321,33.7675],[79.5299,33.7552],[79.4239,33.7385],[79.3728,33.72],[79.2995,33.7316],[79.2717,33.7489],[79.2191,33.7602],[79.2061,33.7534],[79.1963,33.7586],[79.1916,33.7486],[79.122,33.7403],[79.1127,33.7612],[79.0919,33.7539],[79.0649,33.7633],[79.044,33.7489],[79.0275,33.7658],[79.0042,33.77],[78.9814,33.805],[78.9917,33.7623],[78.9385,33.73],[78.9251,33.7254],[78.8832,33.7386],[78.8287,33.7418],[78.7986,33.7321],[78.7922,33.719],[78.7603,33.7193],[78.7327,33.7446],[78.7133,33.7554],[78.6971,33.7548],[78.6781,33.7689],[78.6466,33.8157],[78.6136,33.8326],[78.6111,33.8585],[78.5714,33.8793],[78.5717,33.9033],[78.5581,33.9027],[78.5532,33.8864],[78.5299,33.9032],[78.5301,33.9158],[78.5162,33.9156],[78.4862,33.9428],[78.5,33.9717],[78.4958,33.9797],[78.4795,33.9582],[78.4636,33.9532],[78.4385,33.9759],[78.4196,33.9823],[78.4156,33.9762],[78.4249,33.9644],[78.3884,33.9675],[78.3385,34.0031],[78.3134,34.005],[78.2884,34.0175],[78.2581,34.0482],[78.2466,34.0508],[78.2508,34.0584],[78.2382,34.1014],[78.2156,34.1135],[78.2145,34.1332],[78.2288,34.1569],[78.2489,34.1592],[78.2726,34.1809],[78.2677,34.1996],[78.2844,34.2321],[78.2904,34.2663],[78.2809,34.2842],[78.3162,34.341],[78.2927,34.3673],[78.3341,34.4023],[78.3216,34.4346],[78.301,34.4413],[78.3052,34.4488],[78.2961,34.4599],[78.226,34.4996],[78.2314,34.5217],[78.2154,34.553],[78.2174,34.5722],[78.1905,34.5945],[78.1885,34.6077],[78.2066,34.6346],[78.1571,34.7154],[78.1552,34.7339],[78.1649,34.7464],[78.1624,34.7582],[78.2015,34.7717],[78.3291,34.7243],[78.3403,34.73],[78.3676,34.7238],[78.3968,34.705],[78.4332,34.6942],[78.4412,34.6668],[78.4593,34.6509],[78.5161,34.6402],[78.527,34.6267],[78.5197,34.6054],[78.5235,34.593],[78.5559,34.5585],[78.5759,34.5137],[78.5759,34.4739],[78.5905,34.4655],[78.6466,34.4657],[78.7051,34.43],[78.7301,34.428],[78.7703,34.4072],[78.7872,34.4162],[78.8176,34.3925],[78.8716,34.3677],[78.8779,34.351],[78.9091,34.3344],[78.9157,34.3072],[78.9843,34.3155],[79.0533,34.2944],[79.0697,34.2967],[79.1107,34.3142],[79.1206,34.3402],[79.1707,34.3494],[79.248,34.3252],[79.2599,34.3342],[79.2718,34.3322],[79.2867,34.3197],[79.3905,34.3425],[79.4238,34.3655],[79.4614,34.3717],[79.4945,34.3925],[79.5342,34.3863],[79.576,34.4009],[79.5785,34.4113],[79.5999,34.4076],[79.6265,34.4217],[79.6561,34.4186]]]}},{"type":"Feature","properties":{"name":"Chin Hills","kind":"mountain range","wikidata":"Q2597340","area_km2":26726,"source":"GMBA Mountain Inventory v2.0 (CC BY 4.0)"},"geometry":{"type":"MultiPolygon","coordinates":[[[[94.2868,21.231],[94.2739,21.1484],[94.2782,21.1403],[94.2889,21.1407],[94.3139,21.1061],[94.3511,21.0798],[94.3592,21.0317],[94.352,21.0249],[94.3278,21.0322],[94.3282,21.0427],[94.3158,21.0456],[94.3193,21.0821],[94.2984,21.0718],[94.236,21.107],[94.2005,21.086],[94.1855,21.0532],[94.1753,21.0509],[94.1531,21.0626],[94.1598,21.0724],[94.1531,21.1015],[94.16,21.1146],[94.1503,21.1358],[94.1711,21.1719],[94.1531,21.1974],[94.1595,21.2029],[94.1593,21.1903],[94.1661,21.1906],[94.1594,21.2274],[94.1831,21.2242],[94.1911,21.2388],[94.2166,21.2386],[94.2204,21.2306],[94.2623,21.2571],[94.281,21.2456],[94.2868,21.231]]],[[[94.189,21.2879],[94.1832,21.2811],[94.1443,21.2844],[94.1028,21.3277],[94.1036,21.3621],[94.1465,21.3946],[94.1701,21.3819],[94.1839,21.3422],[94.2006,21.3229],[94.203,21.304],[94.189,21.2879]]],[[[93.6575,24.4662],[93.7061,24.4478],[93.7031,24.368],[93.6737,24.3132],[93.6762,24.2783],[93.6656,24.2678],[93.6566,24.215],[93.6477,24.2057],[93.6313,24.2155],[93.6278,24.2111],[93.6232,24.1738],[93.6008,24.1436],[93.6008,24.1294],[93.6387,24.0926],[93.6452,24.1127],[93.6385,24.1226],[93.653,24.1476],[93.6439,24.1624],[93.6517,24.2012],[93.6822,24.2424],[93.6849,24.2618],[93.7212,24.298],[93.7245,24.3146],[93.7448,24.328],[93.715,24.3585],[93.7114,24.3881],[93.7227,24.4063],[93.7688,24.4094],[93.7738,24.4196],[93.7854,24.4141],[93.7978,24.3842],[93.8113,24.3753],[93.7989,24.3677],[93.8054,24.3575],[93.8365,24.3647],[93.8393,24.3175],[93.8199,24.2904],[93.8259,24.2779],[93.8634,24.2535],[93.8637,24.238],[93.8561,24.1936],[93.8287,24.185],[93.8073,24.1573],[93.7875,24.1481],[93.7718,24.1199],[93.778,24.1032],[93.7385,24.0115],[93.752,23.9426],[93.7385,23.8821],[93.7058,23.8348],[93.7163,23.8076],[93.6885,23.7657],[93.7238,23.7217],[93.6967,23.6592],[93.7031,23.631],[93.7315,23.6237],[93.6949,23.5491],[93.6656,23.54],[93.677,23.4801],[93.6711,23.4682],[93.6535,23.4595],[93.6906,23.4239],[93.6989,23.3906],[93.6801,23.375],[93.6869,23.3584],[93.6864,23.305],[93.6573,23.2927],[93.6468,23.274],[93.6693,23.2343],[93.637,23.2319],[93.626,23.1949],[93.6405,23.149],[93.6573,22.9763],[93.6717,22.9728],[93.6592,22.9457],[93.6803,22.8916],[93.7111,22.9009],[93.7369,22.8986],[93.7488,22.8838],[93.7074,22.8649],[93.7054,22.8089],[93.7133,22.7926],[93.7474,22.8044],[93.8092,22.8026],[93.8051,22.7907],[93.8155,22.7753],[93.7839,22.7566],[93.7732,22.7397],[93.813,22.7156],[93.8403,22.7159],[93.8541,22.6978],[93.8968,22.7119],[93.899,22.6926],[93.9073,22.6946],[93.9999,22.7374],[94.0113,22.7082],[94.0066,22.679],[94.0175,22.6536],[93.9974,22.6311],[93.9872,22.6425],[93.9781,22.6352],[93.9842,22.6203],[93.9761,22.575],[94.0041,22.5735],[94.0089,22.5402],[94.0215,22.529],[94.0253,22.5079],[94.0214,22.4953],[93.9999,22.4829],[94.0043,22.4706],[93.9916,22.4667],[93.9804,22.4447],[93.939,22.4504],[93.9343,22.4332],[93.9452,22.4143],[93.9426,22.3735],[93.9245,22.345],[93.8994,22.3416],[93.8934,22.3271],[93.907,22.3004],[93.9038,22.2777],[93.8901,22.2654],[93.9013,22.2128],[93.884,22.1785],[93.8698,22.1741],[93.8726,22.1556],[93.8593,22.1121],[93.8648,22.1081],[93.8732,22.1175],[93.8858,22.107],[93.8866,22.0936],[93.8723,22.0176],[93.8648,21.992],[93.8533,21.9867],[93.8528,21.9662],[93.8838,21.9475],[93.919,21.9556],[93.9255,21.9497],[93.9198,21.939],[93.9358,21.9388],[93.9452,21.9191],[93.9456,21.8344],[93.955,21.8345],[93.9565,21.8073],[93.9673,21.8066],[93.9699,21.8238],[93.9779,21.8198],[93.9857,21.7537],[93.9983,21.7259],[93.9908,21.7152],[93.9973,21.6938],[93.9906,21.6723],[94.0141,21.6355],[94.0385,21.6174],[94.0826,21.6193],[94.0909,21.6027],[94.0862,21.5549],[94.1033,21.5139],[94.0947,21.4472],[94.0775,21.4013],[94.0668,21.398],[94.0624,21.3603],[94.0841,21.3482],[94.1027,21.3178],[94.1022,21.2927],[94.1215,21.29],[94.1245,21.277],[94.1403,21.272],[94.1463,21.2608],[94.1515,21.2281],[94.1402,21.2079],[94.1388,21.1629],[94.146,21.1372],[94.1325,21.1132],[94.1498,21.0934],[94.1491,21.068],[94.0991,21.0534],[94.0781,21.0172],[94.088,21.0031],[94.0829,20.9866],[94.1009,20.9548],[94.0975,20.9371],[94.0739,20.9137],[94.0791,20.9082],[94.0696,20.8989],[94.0905,20.8407],[94.0664,20.8316],[94.0626,20.8162],[94.0421,20.8031],[94.031,20.8089],[94.025,20.7969],[94.0041,20.7909],[93.9845,20.8009],[93.9751,20.7845],[93.9491,20.7738],[93.9283,20.7802],[93.9114,20.7732],[93.9135,20.694],[93.9467,20.676],[93.947,20.6635],[93.9281,20.6448],[93.9213,20.6412],[93.8906,20.6738],[93.803,20.6613],[93.7895,20.6212],[93.7684,20.6264],[93.749,20.653],[93.7345,20.6533],[93.7031,20.6175],[93.5783,20.5905],[93.5501,20.612],[93.5251,20.6035],[93.4907,20.6736],[93.4664,20.6844],[93.449,20.7154],[93.4324,20.7136],[93.43,20.6937],[93.4157,20.6863],[93.3893,20.6929],[93.3676,20.7655],[93.3407,20.8028],[93.3127,20.8245],[93.3041,20.8207],[93.276,20.868],[93.2424,20.9667],[93.2204,20.979],[93.2249,21.0206],[93.2525,21.0361],[93.2639,21.02],[93.2779,21.0229],[93.2625,21.054],[93.2498,21.0504],[93.2462,21.0378],[93.2334,21.0394],[93.1978,21.0894],[93.1933,21.1306],[93.2075,21.1545],[93.1916,21.1661],[93.1806,21.1635],[93.1905,21.1878],[93.1822,21.1988],[93.1974,21.2189],[93.1906,21.2302],[93.2097,21.2424],[93.2206,21.2368],[93.2247,21.2495],[93.2364,21.251],[93.2301,21.2712],[93.2385,21.2821],[93.2403,21.3245],[93.2303,21.3441],[93.2615,21.3573],[93.276,21.3821],[93.2737,21.4153],[93.2842,21.4552],[93.2697,21.4738],[93.2772,21.4838],[93.2718,21.5072],[93.2564,21.514],[93.2613,21.542],[93.2477,21.5634],[93.2468,21.5947],[93.2051,21.6324],[93.2155,21.6657],[93.2059,21.6971],[93.2155,21.7125],[93.1995,21.7266],[93.1727,21.7884],[93.194,21.842],[93.1905,21.8779],[93.2062,21.9301],[93.2072,21.9885],[93.2156,21.9925],[93.2141,22.0682],[93.2362,22.1002],[93.226,22.1157],[93.2322,22.1282],[93.2102,22.1752],[93.2223,22.1831],[93.2092,22.2134],[93.2147,22.2214],[93.1926,22.2551],[93.201,22.2655],[93.1905,22.3238],[93.1968,22.3322],[93.1863,22.3613],[93.1856,22.4263],[93.1747,22.4431],[93.2124,22.4938],[93.1885,22.5287],[93.1865,22.5651],[93.1468,22.5753],[93.1593,22.5988],[93.1656,22.6403],[93.1568,22.6577],[93.1572,22.6802],[93.1675,22.6852],[93.1697,22.7072],[93.1926,22.7114],[93.1967,22.7401],[93.1603,22.7516],[93.1737,22.7816],[93.1871,22.7849],[93.1974,22.8146],[93.1788,22.8287],[93.1676,22.8782],[93.1727,22.888],[93.1934,22.883],[93.1967,22.9135],[93.1871,22.9182],[93.1976,22.9489],[93.2217,22.968],[93.2238,23.003],[93.2322,23.0134],[93.2094,23.0536],[93.226,23.0905],[93.2239,23.1189],[93.2385,23.1217],[93.2405,23.1296],[93.2212,23.1635],[93.228,23.1908],[93.2217,23.2118],[93.1883,23.2489],[93.1781,23.2718],[93.1906,23.2781],[93.2031,23.3028],[93.2026,23.3233],[93.2197,23.3738],[93.2356,23.392],[93.2656,23.3926],[93.2776,23.4218],[93.2613,23.4446],[93.2556,23.4804],[93.2718,23.4988],[93.283,23.5451],[93.2597,23.5758],[93.2718,23.5947],[93.2572,23.6113],[93.289,23.6284],[93.3268,23.6851],[93.3028,23.7048],[93.3034,23.7325],[93.3531,23.7844],[93.3481,23.8003],[93.3572,23.8199],[93.3488,23.8363],[93.3575,23.8595],[93.3681,23.8646],[93.3572,23.8863],[93.3634,23.9427],[93.3532,23.9476],[93.3322,23.9863],[93.3455,24.0055],[93.3739,24.0196],[93.4035,24.0535],[93.4238,24.0632],[93.4031,24.0885],[93.4424,24.1225],[93.4634,24.1666],[93.4541,24.1618],[93.4281,24.1707],[93.4176,24.2022],[93.46,24.2253],[93.485,24.1809],[93.5184,24.1627],[93.5516,24.1767],[93.5489,24.1885],[93.5598,24.1938],[93.5635,24.2071],[93.5644,24.2509],[93.5843,24.303],[93.5903,24.3528],[93.6211,24.3829],[93.6181,24.4325],[93.6245,24.4482],[93.6107,24.4615],[93.5995,24.4614],[93.5968,24.4777],[93.6262,24.48],[93.6575,24.4662]]],[[[94.0113,22.3927],[94.0072,22.3942],[94.0016,22.4257],[94.0104,22.4265],[94.0216,22.4124],[94.0113,22.3927]]],[[[93.9841,22.3031],[93.9574,22.3029],[93.9508,22.33],[93.9474,22.3571],[93.9712,22.3904],[94.0044,22.38],[94.0001,22.3275],[93.9841,22.3031]]]]}},{"type":"Feature","properties":{"name":"Chitteri","kind":"mountain range","wikidata":"Q5102486","area_km2":1204,"source":"GMBA Mountain Inventory v2.0 (CC BY 4.0)"},"geometry":{"type":"Polygon","coordinates":[[[78.698,12.0644],[78.7254,12.0638],[78.7411,12.0447],[78.75,12.0496],[78.7825,12.0329],[78.7949,12.0415],[78.8277,12.0423],[78.85,12.0514],[78.8722,12.0515],[78.8829,12.0395],[78.8727,12.0098],[78.851,11.9961],[78.8658,11.9718],[78.8552,11.9461],[78.8681,11.9346],[78.8608,11.9067],[78.7906,11.8994],[78.8307,11.8897],[78.8389,11.8736],[78.8381,11.8611],[78.8093,11.8274],[78.8176,11.82],[78.8224,11.7932],[78.8142,11.7826],[78.7864,11.7763],[78.8015,11.7551],[78.8183,11.7688],[78.8327,11.7609],[78.8467,11.71],[78.8067,11.6789],[78.7812,11.6839],[78.7595,11.6782],[78.7298,11.6655],[78.7003,11.6409],[78.6933,11.6467],[78.6874,11.6269],[78.6011,11.6361],[78.5742,11.6567],[78.5618,11.69],[78.5278,11.6925],[78.53,11.6666],[78.4569,11.6801],[78.4534,11.7061],[78.4833,11.7182],[78.4996,11.7538],[78.5135,11.7571],[78.5384,11.7803],[78.5613,11.7807],[78.5527,11.8],[78.5581,11.8219],[78.5747,11.8367],[78.5862,11.836],[78.5885,11.8579],[78.6113,11.8854],[78.6268,11.9206],[78.6593,11.95],[78.6842,11.9503],[78.6781,11.9288],[78.6847,11.926],[78.6946,11.9651],[78.6824,11.9809],[78.6804,12.0216],[78.687,12.0546],[78.698,12.0644]]]}},{"type":"Feature","properties":{"name":"Chota Nagpur Plateau","kind":"mountain range","wikidata":"Q1881042","area_km2":4267,"source":"GMBA Mountain Inventory v2.0 (CC BY 4.0)"},"geometry":{"type":"MultiPolygon","coordinates":[[[[87.5175,24.6635],[87.5043,24.6312],[87.4887,24.6243],[87.4829,24.5724],[87.4561,24.5603],[87.437,24.5646],[87.4352,24.5883],[87.4219,24.6054],[87.4402,24.6109],[87.4629,24.6526],[87.503,24.663],[87.5068,24.6717],[87.5175,24.6635]]],[[[86.9279,24.2176],[86.9191,24.218],[86.9073,24.233],[86.9099,24.2488],[86.923,24.2581],[86.9425,24.2494],[86.9404,24.2284],[86.9279,24.2176]]],[[[86.8601,24.4683],[86.852,24.4582],[86.8264,24.4761],[86.82,24.4869],[86.8267,24.5104],[86.8495,24.5107],[86.8612,24.4968],[86.8601,24.4683]]],[[[86.784,23.6032],[86.7717,23.6008],[86.7412,23.6139],[86.7376,23.6238],[86.753,23.6486],[86.7735,23.6451],[86.7904,23.6306],[86.7955,23.6205],[86.784,23.6032]]],[[[86.4198,23.9864],[86.4276,23.9566],[86.4104,23.9427],[86.3997,23.9487],[86.3728,23.9332],[86.3598,23.9396],[86.344,23.933],[86.3407,23.9644],[86.3526,23.968],[86.356,23.9792],[86.3809,23.9904],[86.4198,23.9864]]],[[[86.2598,25.008],[86.2407,25.0072],[86.2261,25.0176],[86.2234,25.0293],[86.2271,25.0495],[86.2493,25.0737],[86.2659,25.031],[86.2779,25.021],[86.2598,25.008]]],[[[86.1596,24.0092],[86.1729,23.99],[86.1908,23.9841],[86.2051,23.9439],[86.1904,23.9164],[86.177,23.9124],[86.1533,23.9238],[86.1096,23.9276],[86.0808,23.9604],[86.0864,23.9955],[86.0993,24.0075],[86.1326,24.0154],[86.1596,24.0092]]],[[[86.1675,24.8218],[86.1119,24.8451],[86.101,24.8711],[86.1128,24.8921],[86.125,24.8988],[86.1764,24.8742],[86.1756,24.8615],[86.1884,24.8466],[86.1675,24.8218]]],[[[86.161,23.1607],[86.1738,23.1526],[86.1711,23.1385],[86.1473,23.1424],[86.1355,23.1198],[86.1157,23.1167],[86.1041,23.1061],[86.07,23.1172],[86.0647,23.127],[86.0683,23.1388],[86.0791,23.1382],[86.0959,23.1589],[86.161,23.1607]]],[[[86.0133,23.2364],[86.0041,23.2363],[85.989,23.2551],[85.9732,23.2574],[85.9754,23.2841],[86.0207,23.2775],[86.0292,23.2597],[86.0245,23.2432],[86.0133,23.2364]]],[[[85.9839,23.4559],[85.9884,23.4476],[85.9749,23.4436],[85.9375,23.4506],[85.9219,23.4616],[85.9198,23.4811],[85.9295,23.4895],[85.9451,23.4861],[85.95,23.4753],[85.9839,23.4559]]],[[[85.9759,24.8738],[85.9395,24.874],[85.9343,24.884],[85.9776,24.8828],[85.9759,24.8738]]],[[[85.7814,24.71],[85.7663,24.6897],[85.7018,24.6911],[85.6844,24.6736],[85.6592,24.6697],[85.6429,24.6583],[85.632,24.6622],[85.6228,24.6519],[85.586,24.6582],[85.5719,24.6672],[85.5635,24.6888],[85.5669,24.7025],[85.5926,24.7149],[85.6301,24.7097],[85.6734,24.7198],[85.6769,24.7315],[85.697,24.7424],[85.7649,24.7423],[85.7861,24.7274],[85.7814,24.71]]],[[[85.6775,23.8956],[85.7027,23.8952],[85.7256,23.8695],[85.7467,23.8143],[85.737,23.797],[85.7642,23.7563],[85.7499,23.7415],[85.6775,23.7536],[85.6618,23.7666],[85.6552,23.7771],[85.6614,23.7938],[85.68,23.8084],[85.6597,23.813],[85.6543,23.8279],[85.6249,23.8137],[85.5984,23.8241],[85.5948,23.8702],[85.6216,23.8715],[85.6775,23.8956]]],[[[85.602,24.5785],[85.5728,24.5769],[85.5366,24.6023],[85.5592,24.6239],[85.579,24.63],[85.5959,24.625],[85.6036,24.6127],[85.602,24.5785]]],[[[85.3885,23.603],[85.4246,23.5822],[85.4135,23.6015],[85.417,23.6113],[85.4509,23.5961],[85.4322,23.5948],[85.435,23.5889],[85.463,23.5925],[85.4835,23.5861],[85.5093,23.5637],[85.5034,23.5509],[85.4886,23.551],[85.4803,23.524],[85.4697,23.5155],[85.4497,23.5158],[85.4108,23.5506],[85.3896,23.5548],[85.3697,23.5821],[85.3654,23.607],[85.3739,23.6128],[85.3885,23.603]]],[[[84.753,23.7718],[84.7348,23.7725],[84.7301,23.7857],[84.7403,23.8112],[84.7565,23.8154],[84.7738,23.7952],[84.753,23.7718]]],[[[84.7608,23.7691],[84.7674,23.7452],[84.7548,23.7344],[84.7557,23.7242],[84.7138,23.713],[84.702,23.6915],[84.668,23.7125],[84.6636,23.7247],[84.6698,23.7439],[84.7323,23.7668],[84.7608,23.7691]]],[[[84.4031,23.7572],[84.4293,23.7504],[84.4324,23.7372],[84.432,23.7253],[84.4007,23.6882],[84.4012,23.6766],[84.4242,23.6694],[84.4301,23.6701],[84.426,23.6812],[84.4453,23.6778],[84.4839,23.6509],[84.5139,23.6461],[84.521,23.6322],[84.5564,23.6467],[84.5689,23.6384],[84.5852,23.6517],[84.6261,23.6364],[84.6197,23.6729],[84.6369,23.6888],[84.6806,23.6841],[84.6905,23.6589],[84.6801,23.6403],[84.6992,23.6313],[84.729,23.6362],[84.7321,23.6102],[84.7082,23.6027],[84.6958,23.583],[84.6787,23.5889],[84.6706,23.5834],[84.6737,23.5546],[84.6331,23.536],[84.6281,23.5297],[84.6342,23.518],[84.6249,23.5061],[84.6156,23.5118],[84.6384,23.5562],[84.6035,23.5426],[84.571,23.5577],[84.5485,23.553],[84.4709,23.6037],[84.3717,23.6059],[84.3599,23.6122],[84.3738,23.6543],[84.3504,23.6743],[84.3509,23.6973],[84.3316,23.7048],[84.307,23.7282],[84.3073,23.7369],[84.3385,23.7578],[84.3868,23.7634],[84.4031,23.7572]]],[[[84.6237,23.467],[84.6113,23.447],[84.5935,23.4612],[84.5832,23.4457],[84.5761,23.4469],[84.5992,23.4826],[84.614,23.4883],[84.6237,23.467]]],[[[84.5635,23.4217],[84.5561,23.4124],[84.5489,23.4147],[84.5672,23.4467],[84.5738,23.4413],[84.5635,23.4217]]],[[[84.505,22.88],[84.5538,22.8778],[84.5675,22.867],[84.5513,22.8427],[84.5354,22.855],[84.5008,22.849],[84.4916,22.8394],[84.4818,22.8529],[84.4652,22.8511],[84.457,22.8677],[84.457,22.8786],[84.4676,22.8881],[84.4923,22.8904],[84.505,22.88]]],[[[84.2266,23.6619],[84.2699,23.655],[84.2908,23.6442],[84.3004,23.6251],[84.2697,23.5886],[84.2727,23.5763],[84.2994,23.5905],[84.3093,23.58],[84.3065,23.5576],[84.289,23.5329],[84.3125,23.4821],[84.2941,23.4376],[84.305,23.4323],[84.3071,23.4155],[84.3227,23.4186],[84.3426,23.3901],[84.328,23.3312],[84.3452,23.3073],[84.3572,23.307],[84.3569,23.3214],[84.3828,23.3455],[84.4126,23.3343],[84.4155,23.3409],[84.3926,23.365],[84.3988,23.3789],[84.3636,23.3984],[84.355,23.4425],[84.3571,23.4589],[84.3912,23.4957],[84.4128,23.5038],[84.4276,23.4884],[84.4337,23.5142],[84.4218,23.5257],[84.4258,23.5654],[84.461,23.5656],[84.4804,23.5406],[84.4916,23.5463],[84.5009,23.5309],[84.4905,23.5095],[84.497,23.473],[84.488,23.4458],[84.4693,23.4202],[84.4393,23.4051],[84.4262,23.4092],[84.4254,23.3828],[84.4463,23.3607],[84.4773,23.3685],[84.4842,23.3488],[84.4987,23.3528],[84.5319,23.3905],[84.557,23.3925],[84.5656,23.3658],[84.5556,23.3512],[84.5244,23.3474],[84.514,23.3242],[84.4897,23.3211],[84.4303,23.3384],[84.4362,23.3177],[84.4653,23.3167],[84.4718,23.297],[84.4687,23.281],[84.4525,23.2679],[84.4446,23.2761],[84.415,23.2762],[84.4066,23.2634],[84.3801,23.2919],[84.3698,23.2849],[84.3526,23.2988],[84.3311,23.2801],[84.332,23.2409],[84.3079,23.2366],[84.2967,23.2531],[84.2974,23.2995],[84.2885,23.3142],[84.288,23.3395],[84.303,23.3715],[84.2798,23.3826],[84.2552,23.4154],[84.2413,23.4202],[84.2244,23.4117],[84.2341,23.3956],[84.226,23.3654],[84.2031,23.358],[84.2031,23.3481],[84.1845,23.3349],[84.1614,23.3536],[84.2098,23.4521],[84.2054,23.4848],[84.1828,23.5202],[84.1618,23.5333],[84.1543,23.5078],[84.1367,23.4989],[84.1118,23.5089],[84.0968,23.5278],[84.1023,23.543],[84.0968,23.5589],[84.1132,23.5759],[84.1234,23.5761],[84.1429,23.5593],[84.1343,23.5956],[84.1487,23.6177],[84.1388,23.6225],[84.1515,23.6321],[84.1594,23.6293],[84.1646,23.6075],[84.1815,23.6018],[84.1926,23.6071],[84.2052,23.6307],[84.2117,23.6589],[84.2266,23.6619]]],[[[83.6485,23.211],[83.6175,23.2008],[83.6173,23.1762],[83.6259,23.1641],[83.6104,23.1412],[83.5633,23.1279],[83.5565,23.1142],[83.5816,23.0811],[83.5642,23.058],[83.5451,23.0628],[83.5364,23.0576],[83.5531,23.035],[83.5857,23.0286],[83.6095,23.0552],[83.6299,23.0548],[83.6895,23.0038],[83.7349,23.0278],[83.7769,23.0194],[83.8114,22.9946],[83.8635,22.9884],[83.8853,22.9754],[83.8927,22.955],[83.9272,22.9444],[83.9371,22.9322],[83.9521,22.9446],[83.9878,22.91],[84.0084,22.9033],[84.0202,22.8857],[84.0573,22.8695],[84.0612,22.8461],[84.0517,22.8275],[84.0725,22.8125],[84.0982,22.8211],[84.1097,22.8153],[84.1322,22.7818],[84.1207,22.7707],[84.1112,22.7717],[84.0985,22.7823],[84.0395,22.7934],[84.0279,22.8177],[84.0133,22.826],[84.0176,22.8509],[83.9968,22.8677],[83.9811,22.8676],[83.9702,22.8822],[83.953,22.8823],[83.9531,22.8738],[83.9375,22.87],[83.9182,22.8796],[83.8905,22.9053],[83.8947,22.9197],[83.8584,22.9311],[83.8509,22.9573],[83.7954,22.9716],[83.7728,22.9613],[83.7621,22.9839],[83.7313,22.9886],[83.7196,22.9884],[83.7143,22.9775],[83.6862,22.9634],[83.6484,22.9903],[83.6133,22.9633],[83.5776,22.9614],[83.5549,22.9948],[83.5337,23.0026],[83.5037,23.0317],[83.4883,23.02],[83.4592,23.0176],[83.4447,23.0526],[83.4697,23.0886],[83.4889,23.099],[83.519,23.0947],[83.5135,23.1222],[83.523,23.1491],[83.4859,23.1868],[83.4864,23.21],[83.5146,23.2269],[83.5108,23.238],[83.5194,23.2463],[83.5544,23.2358],[83.5576,23.2193],[83.5801,23.1945],[83.5781,23.2188],[83.5946,23.2483],[83.6533,23.2613],[83.6774,23.2371],[83.6485,23.211]]],[[[84.052,23.6539],[84.0551,23.639],[84.0446,23.6215],[84.008,23.6033],[83.9909,23.6092],[83.9832,23.6322],[83.9775,23.6321],[83.9851,23.5995],[84.0186,23.5877],[84.0368,23.5954],[84.0537,23.592],[84.0609,23.5739],[84.0881,23.5842],[84.0904,23.5577],[84.0739,23.5417],[84.0855,23.5264],[84.0446,23.4778],[84.0425,23.4528],[84.0406,23.4111],[84.0884,23.3757],[84.0845,23.3514],[84.0721,23.3484],[84.0686,23.3332],[84.0612,23.3347],[84.0592,23.351],[84.0175,23.3614],[83.991,23.3991],[83.9885,23.4087],[84.0056,23.4328],[84.0072,23.4542],[83.993,23.4733],[83.9549,23.4693],[83.9488,23.457],[83.9353,23.4527],[83.8926,23.4488],[83.8968,23.4256],[83.8904,23.4132],[83.8573,23.3934],[83.8529,23.3695],[83.8297,23.3528],[83.7736,23.3676],[83.7314,23.4281],[83.7018,23.4358],[83.7038,23.3961],[83.6885,23.3592],[83.6622,23.3361],[83.6466,23.3364],[83.628,23.3698],[83.5842,23.3738],[83.5707,23.3885],[83.5465,23.3948],[83.5443,23.414],[83.5285,23.4203],[83.5261,23.4413],[83.5558,23.4574],[83.5844,23.457],[83.551,23.4704],[83.5342,23.4969],[83.5342,23.5106],[83.5477,23.5248],[83.5844,23.5344],[83.5842,23.545],[83.5522,23.5597],[83.5447,23.5726],[83.5538,23.5876],[83.5921,23.5988],[83.6127,23.581],[83.6076,23.561],[83.6156,23.5424],[83.6302,23.5352],[83.6323,23.5531],[83.663,23.5663],[83.6666,23.5773],[83.6897,23.58],[83.7157,23.5588],[83.7108,23.5395],[83.6905,23.5293],[83.7088,23.5234],[83.7133,23.4956],[83.6989,23.4911],[83.7074,23.4799],[83.7199,23.4738],[83.7322,23.4866],[83.7516,23.4862],[83.8125,23.4593],[83.8306,23.5089],[83.8474,23.5211],[83.8813,23.524],[83.901,23.4988],[83.9089,23.5147],[83.8865,23.5268],[83.8882,23.5553],[83.8237,23.5802],[83.8241,23.6002],[83.8326,23.6071],[83.8551,23.6032],[83.8511,23.6252],[83.8579,23.6352],[83.8714,23.6317],[83.8879,23.6425],[83.9071,23.6309],[83.9617,23.6488],[83.9773,23.6435],[83.9889,23.6637],[84.0104,23.6721],[84.0284,23.6717],[84.052,23.6539]]],[[[83.4984,23.6307],[83.4957,23.6124],[83.4594,23.6228],[83.452,23.6156],[83.4537,23.6276],[83.4753,23.6393],[83.4984,23.6307]]],[[[83.4172,23.5823],[83.437,23.5839],[83.4478,23.566],[83.4336,23.5482],[83.377,23.5332],[83.3532,23.542],[83.3557,23.5691],[83.3699,23.5774],[83.379,23.5709],[83.4049,23.5893],[83.4174,23.5909],[83.4172,23.5823]]],[[[83.2862,23.6189],[83.3024,23.6196],[83.3262,23.6025],[83.3082,23.566],[83.2936,23.5624],[83.2705,23.5699],[83.2666,23.5782],[83.252,23.5805],[83.2431,23.5988],[83.2471,23.61],[83.2862,23.6189]]],[[[82.7052,23.4779],[82.702,23.4728],[82.6943,23.4792],[82.6975,23.4978],[82.7059,23.5029],[82.7052,23.4779]]],[[[82.6675,23.6656],[82.648,23.6768],[82.6323,23.7098],[82.6353,23.7191],[82.6561,23.7144],[82.6686,23.6958],[82.6675,23.6656]]],[[[82.5092,23.8855],[82.5037,23.876],[82.4936,23.8831],[82.4796,23.8565],[82.4608,23.8547],[82.4511,23.8393],[82.3989,23.8206],[82.4446,23.8228],[82.4806,23.8073],[82.488,23.8235],[82.566,23.8404],[82.5946,23.817],[82.576,23.8042],[82.5905,23.7878],[82.5781,23.7732],[82.5858,23.759],[82.5842,23.7317],[82.561,23.7299],[82.5563,23.7197],[82.5175,23.7154],[82.5083,23.7205],[82.5095,23.7404],[82.5213,23.7548],[82.5488,23.7634],[82.5393,23.7738],[82.5184,23.7693],[82.4987,23.7751],[82.4662,23.7602],[82.4417,23.7691],[82.4348,23.784],[82.3988,23.7798],[82.3607,23.7868],[82.3617,23.8039],[82.3842,23.825],[82.3912,23.8524],[82.4055,23.8721],[82.4211,23.8719],[82.4247,23.8911],[82.4446,23.9095],[82.4204,23.9378],[82.4075,23.9408],[82.3992,23.9653],[82.4201,23.9758],[82.4272,23.9605],[82.4846,23.9298],[82.5092,23.8855]]],[[[81.8237,23.3844],[81.7991,23.39],[81.7951,23.434],[81.8235,23.4487],[81.8584,23.4331],[81.866,23.4081],[81.8632,23.3948],[81.8237,23.3844]]]]}},{"type":"Feature","properties":{"name":"Churia Range","kind":"mountain range","wikidata":"Q43262174","area_km2":3217,"source":"GMBA Mountain Inventory v2.0 (CC BY 4.0)"},"geometry":{"type":"Polygon","coordinates":[[[81.6478,28.5144],[81.6711,28.4865],[81.6606,28.473],[81.6523,28.4151],[81.6577,28.3748],[81.6696,28.3688],[81.6781,28.3092],[81.6686,28.3019],[81.6479,28.3122],[81.6172,28.2989],[81.5424,28.3156],[81.5357,28.3297],[81.5047,28.3407],[81.4888,28.3662],[81.4247,28.381],[81.4156,28.3996],[81.4264,28.4031],[81.4538,28.437],[81.5296,28.4312],[81.5918,28.3959],[81.6197,28.3951],[81.6086,28.4086],[81.4989,28.4655],[81.4654,28.4671],[81.4041,28.5194],[81.3834,28.5629],[81.3447,28.5675],[81.331,28.5901],[81.3068,28.5934],[81.2805,28.6119],[81.2764,28.6342],[81.2307,28.6142],[81.2022,28.6263],[81.1623,28.6727],[81.0889,28.7161],[81.077,28.7323],[81.0258,28.7429],[81.0026,28.7592],[80.9883,28.7516],[80.9612,28.7719],[80.9116,28.7805],[80.885,28.7978],[80.8578,28.7752],[80.8241,28.7913],[80.8097,28.7885],[80.7984,28.805],[80.7792,28.799],[80.7681,28.8169],[80.7564,28.7982],[80.736,28.799],[80.7293,28.8131],[80.6663,28.8341],[80.6555,28.8529],[80.6205,28.8343],[80.6035,28.8481],[80.5795,28.8427],[80.5635,28.8684],[80.5381,28.8699],[80.5208,28.9196],[80.4915,28.9072],[80.4714,28.9178],[80.4605,28.9347],[80.4382,28.9339],[80.4221,28.9437],[80.4197,28.9614],[80.4024,28.9816],[80.3828,28.977],[80.3587,28.983],[80.3501,28.9978],[80.3299,29.0074],[80.2725,29.0036],[80.2469,28.9893],[80.2304,29.008],[80.2059,29.0009],[80.1606,29.0293],[80.1416,29.079],[80.2099,29.0997],[80.2546,29.1402],[80.3001,29.1537],[80.3561,29.1337],[80.4375,29.1328],[80.4603,29.1253],[80.482,29.1342],[80.4975,29.1177],[80.526,29.1072],[80.5361,29.0843],[80.577,29.0697],[80.5904,29.0759],[80.6132,29.0636],[80.6447,29.028],[80.684,29.0155],[80.7426,29.0113],[80.7697,28.9863],[80.8046,28.9771],[80.8064,28.9474],[80.8216,28.9322],[80.8385,28.9488],[80.8508,28.978],[80.8591,28.9781],[80.8837,28.9691],[80.8801,28.9449],[80.8957,28.9368],[80.9045,28.9413],[80.9132,28.9323],[80.9304,28.9467],[80.9549,28.9363],[80.9801,28.9405],[81.0196,28.9239],[81.0495,28.8807],[81.0686,28.8796],[81.0738,28.8676],[81.1032,28.8489],[81.1253,28.8557],[81.1397,28.8753],[81.1581,28.8325],[81.1694,28.8383],[81.2007,28.8197],[81.1992,28.8655],[81.2308,28.8337],[81.2513,28.8509],[81.2806,28.8382],[81.3216,28.8343],[81.3343,28.8155],[81.3249,28.7786],[81.3784,28.7566],[81.3833,28.7464],[81.403,28.7468],[81.4214,28.7345],[81.4245,28.7156],[81.4513,28.73],[81.4801,28.7092],[81.5025,28.7089],[81.5263,28.7259],[81.5371,28.7231],[81.5885,28.6738],[81.6051,28.5946],[81.5926,28.574],[81.6093,28.5547],[81.5962,28.5447],[81.5769,28.5471],[81.5489,28.5756],[81.5486,28.5617],[81.5675,28.528],[81.5949,28.5072],[81.6178,28.5173],[81.6478,28.5144]]]}},{"type":"Feature","properties":{"name":"Dafla Hills","kind":"mountain range","wikidata":"Q26791172","area_km2":8645,"source":"GMBA Mountain Inventory v2.0 (CC BY 4.0)"},"geometry":{"type":"Polygon","coordinates":[[[94.1436,27.7749],[94.253,27.7742],[94.2497,27.7495],[94.2886,27.7215],[94.278,27.7218],[94.2692,27.6813],[94.2801,27.6727],[94.2294,27.6391],[94.2101,27.6088],[94.2281,27.5759],[94.1447,27.5363],[94.0966,27.507],[94.0851,27.4889],[94.0294,27.4613],[94.0061,27.4543],[93.99,27.4748],[93.9592,27.4613],[93.9613,27.4279],[93.9093,27.3842],[93.902,27.388],[93.8634,27.3739],[93.8383,27.3509],[93.8424,27.3301],[93.8195,27.3029],[93.8072,27.2988],[93.8051,27.2696],[93.797,27.259],[93.7801,27.2593],[93.7501,27.2402],[93.7276,27.2425],[93.6891,27.2168],[93.6944,27.1961],[93.6806,27.1612],[93.6664,27.1662],[93.6108,27.1361],[93.5715,27.1405],[93.5594,27.1159],[93.5216,27.1072],[93.5053,27.1175],[93.4885,27.1029],[93.5238,27.0641],[93.4678,27.0466],[93.4263,27.0214],[93.3633,27.0489],[93.3549,27.0592],[93.3199,27.0434],[93.3133,27.0196],[93.2697,27.0156],[93.2562,27.0042],[93.2092,27.028],[93.1953,27.0278],[93.1843,27.0058],[93.1916,26.9957],[93.1799,27.0027],[93.1571,26.9879],[93.1005,27.0008],[93.0956,26.9895],[93.065,26.9781],[93.0573,26.9861],[93.0629,27.0016],[93.0392,27.0091],[93.0228,26.9915],[93.0083,27.0093],[92.9776,27.0134],[92.9505,26.9864],[92.9332,26.9915],[92.8969,27.0156],[92.8759,27.0175],[92.8011,27.0511],[92.7889,27.0606],[92.7862,27.0845],[92.7784,27.0883],[92.7587,27.0604],[92.7126,27.0439],[92.6866,27.0506],[92.6429,27.0124],[92.5946,27.0571],[92.5885,27.0839],[92.5983,27.0964],[92.5946,27.103],[92.6071,27.1364],[92.6186,27.1498],[92.6769,27.1636],[92.6518,27.2143],[92.6677,27.2321],[92.67,27.2472],[92.7031,27.2592],[92.7184,27.2726],[92.7156,27.2805],[92.7415,27.2877],[92.7479,27.3006],[92.7564,27.2959],[92.7809,27.3175],[92.7958,27.3137],[92.823,27.2872],[92.8427,27.2925],[92.8336,27.3099],[92.8077,27.3252],[92.8031,27.3555],[92.8157,27.3638],[92.8255,27.3867],[92.8376,27.3822],[92.841,27.3973],[92.8626,27.4184],[92.8889,27.43],[92.9035,27.4241],[92.916,27.4528],[92.9059,27.4717],[92.9179,27.5117],[92.9586,27.5153],[92.9754,27.5265],[92.9821,27.5413],[92.977,27.5624],[93.0299,27.6017],[93.0405,27.6364],[93.0566,27.6545],[93.0756,27.6491],[93.0865,27.6567],[93.113,27.6271],[93.1245,27.6239],[93.1895,27.6533],[93.2137,27.6699],[93.216,27.6808],[93.2701,27.6991],[93.2826,27.7222],[93.301,27.7344],[93.3332,27.7283],[93.3946,27.753],[93.4147,27.7501],[93.4247,27.7579],[93.4447,27.7527],[93.4696,27.7697],[93.5073,27.7717],[93.5168,27.7851],[93.5571,27.8072],[93.5903,27.8092],[93.6047,27.7973],[93.6223,27.7567],[93.6578,27.7489],[93.6878,27.758],[93.7211,27.757],[93.744,27.7717],[93.7531,27.7653],[93.795,27.7737],[93.825,27.7871],[93.8467,27.783],[93.9026,27.8005],[93.9259,27.8203],[93.9476,27.7974],[94.0217,27.755],[94.096,27.7504],[94.1341,27.7642],[94.1436,27.7749]]]}},{"type":"Feature","properties":{"name":"Dalma Hills","kind":"mountain range","wikidata":"Q41458908","area_km2":107,"source":"GMBA Mountain Inventory v2.0 (CC BY 4.0)"},"geometry":{"type":"Polygon","coordinates":[[[86.2322,22.9346],[86.2433,22.9281],[86.252,22.9379],[86.2573,22.9184],[86.281,22.9063],[86.2733,22.8801],[86.262,22.8862],[86.2587,22.8684],[86.238,22.8652],[86.2311,22.8519],[86.2108,22.8541],[86.1968,22.8655],[86.1519,22.869],[86.1222,22.8987],[86.1198,22.9092],[86.1364,22.9279],[86.2039,22.9304],[86.2123,22.9399],[86.2322,22.9346]]]}},{"type":"Feature","properties":{"name":"Deccan Plateau","kind":"mountain range","wikidata":"Q169966","area_km2":10223,"source":"GMBA Mountain Inventory v2.0 (CC BY 4.0)"},"geometry":{"type":"MultiPolygon","coordinates":[[[[83.6119,21.5882],[83.6451,21.5485],[83.6983,21.5765],[83.7372,21.5572],[83.7533,21.5265],[83.7436,21.4869],[83.7348,21.4822],[83.6876,21.4996],[83.6581,21.4914],[83.6436,21.4707],[83.6156,21.4888],[83.6066,21.5217],[83.5538,21.5181],[83.5406,21.5323],[83.5264,21.5323],[83.5239,21.5534],[83.5369,21.5701],[83.5996,21.5908],[83.6119,21.5882]]],[[[83.2409,22.2832],[83.2376,22.2711],[83.2465,22.272],[83.2571,22.2289],[83.2516,22.216],[83.2421,22.2106],[83.2293,22.2154],[83.2264,22.2014],[83.2037,22.1989],[83.1656,22.2597],[83.2025,22.3068],[83.2002,22.3505],[83.234,22.3547],[83.2326,22.3327],[83.2505,22.3209],[83.2515,22.3109],[83.2407,22.2978],[83.2409,22.2832]]],[[[83.2488,20.3177],[83.2262,20.3176],[83.2163,20.3258],[83.2121,20.3407],[83.232,20.3654],[83.2495,20.354],[83.2554,20.3382],[83.2488,20.3177]]],[[[83.1948,21.201],[83.2092,21.201],[83.228,21.184],[83.2221,21.1727],[83.2321,21.1481],[83.2114,21.1268],[83.2184,21.1165],[83.2101,21.1044],[83.1784,21.0938],[83.1682,21.0973],[83.1416,21.079],[83.0796,21.0947],[83.0802,21.1272],[83.1397,21.128],[83.1516,21.1361],[83.1618,21.1308],[83.1948,21.201]]],[[[83.0823,19.9383],[83.077,19.9311],[83.0316,19.9358],[83.0207,19.9522],[83.0275,20.0067],[83.0399,20.0116],[83.06,20.0401],[83.09,20.0361],[83.0988,20.0152],[83.0949,19.9721],[83.0823,19.9383]]],[[[82.9273,20.9517],[82.9486,20.9325],[82.9808,20.9508],[83.0211,20.9514],[83.0405,20.9264],[83.0273,20.9075],[83.0066,20.8963],[82.9953,20.8993],[82.9778,20.8885],[82.974,20.8988],[82.9051,20.8753],[82.8486,20.8266],[82.8428,20.7985],[82.8236,20.7891],[82.7955,20.7972],[82.7686,20.7811],[82.7511,20.7824],[82.7537,20.8072],[82.7839,20.8422],[82.791,20.8708],[82.8201,20.9017],[82.8919,20.9508],[82.9273,20.9517]]],[[[82.9681,20.1194],[82.9952,20.1],[82.9947,20.0709],[82.9721,20.0738],[82.9593,20.0658],[82.9814,20.0291],[82.9947,20.0336],[83.0094,20.0151],[83.0043,19.9706],[82.9957,19.9624],[82.9653,19.9761],[82.9708,20.0042],[82.9633,20.0113],[82.9499,20.0023],[82.9378,19.9771],[82.9195,19.9662],[82.8839,19.966],[82.876,19.9972],[82.8928,20.0386],[82.8952,20.0694],[82.9142,20.0819],[82.9376,20.0718],[82.9291,20.1195],[82.9423,20.1293],[82.9505,20.1321],[82.9681,20.1194]]],[[[82.9841,19.8865],[82.974,19.8868],[82.977,19.8999],[82.9965,19.91],[82.9841,19.8865]]],[[[82.8698,22.1899],[82.9299,22.1685],[82.9363,22.1605],[82.9218,22.1444],[82.9709,22.1231],[82.9846,22.0986],[82.9791,22.0832],[82.923,22.0989],[82.8468,22.1385],[82.811,22.1366],[82.8073,22.1491],[82.8223,22.1642],[82.8177,22.1806],[82.8392,22.2146],[82.8664,22.2044],[82.8698,22.1899]]],[[[82.8265,20.4569],[82.8356,20.4423],[82.8529,20.44],[82.8592,20.4288],[82.8145,20.3749],[82.8046,20.3759],[82.7871,20.391],[82.7821,20.4281],[82.7869,20.4431],[82.8095,20.4592],[82.8265,20.4569]]],[[[82.828,19.3697],[82.8094,19.3678],[82.8055,19.3604],[82.8259,19.3223],[82.8194,19.3068],[82.7743,19.278],[82.7489,19.2804],[82.7565,19.3118],[82.7451,19.3172],[82.7416,19.3545],[82.7558,19.3698],[82.7793,19.3774],[82.784,19.3923],[82.8186,19.4207],[82.8478,19.3874],[82.828,19.3697]]],[[[82.7636,20.1841],[82.7688,20.1679],[82.817,20.1704],[82.8265,20.146],[82.8233,20.1245],[82.8062,20.1212],[82.794,20.1274],[82.7791,20.1144],[82.7459,20.12],[82.7413,20.1341],[82.7215,20.1238],[82.7129,20.1283],[82.7093,20.142],[82.7237,20.18],[82.7308,20.1772],[82.7372,20.1899],[82.7524,20.1925],[82.7636,20.1841]]],[[[82.6801,19.5074],[82.6827,19.4865],[82.707,19.5009],[82.7114,19.497],[82.711,19.4783],[82.7322,19.4482],[82.7155,19.4354],[82.7319,19.4345],[82.7431,19.4182],[82.7343,19.4011],[82.7381,19.3968],[82.7436,19.4071],[82.7467,19.4015],[82.7332,19.3686],[82.7052,19.4071],[82.6877,19.4071],[82.6327,19.4976],[82.6573,19.5081],[82.6568,19.5338],[82.6652,19.5425],[82.6801,19.5074]]],[[[82.7402,20.5899],[82.7302,20.5441],[82.7145,20.5269],[82.6933,20.5279],[82.6807,20.5427],[82.6844,20.58],[82.6971,20.5959],[82.7092,20.5887],[82.719,20.6049],[82.7402,20.5899]]],[[[82.5896,19.7087],[82.6049,19.7052],[82.6155,19.6846],[82.6059,19.6572],[82.5866,19.6675],[82.5745,19.6449],[82.5967,19.6475],[82.5925,19.6134],[82.6051,19.6013],[82.6089,19.5648],[82.5885,19.5552],[82.5895,19.5394],[82.5638,19.5538],[82.555,19.592],[82.5377,19.5976],[82.528,19.6154],[82.5341,19.6528],[82.5492,19.6604],[82.5764,19.7134],[82.5896,19.7087]]],[[[82.5821,21.3573],[82.56,21.3697],[82.5386,21.4054],[82.5778,21.438],[82.6005,21.4141],[82.6077,21.3896],[82.6016,21.3683],[82.5821,21.3573]]],[[[82.5784,20.4611],[82.5756,20.4284],[82.5853,20.4163],[82.5777,20.3746],[82.5859,20.3718],[82.5949,20.3988],[82.5999,20.3882],[82.5888,20.3124],[82.5714,20.301],[82.5717,20.3158],[82.5542,20.3156],[82.5341,20.2614],[82.5288,20.2725],[82.5406,20.3094],[82.5412,20.3654],[82.5134,20.3051],[82.5133,20.2621],[82.4769,20.2229],[82.4818,20.2087],[82.4736,20.1798],[82.4618,20.1803],[82.4314,20.1275],[82.4102,20.1241],[82.3984,20.1304],[82.3901,20.1571],[82.3683,20.1528],[82.3481,20.1734],[82.3548,20.1796],[82.3388,20.2131],[82.3571,20.2419],[82.3464,20.2678],[82.3074,20.2809],[82.301,20.3056],[82.3238,20.3448],[82.2874,20.3756],[82.3,20.4382],[82.3114,20.4548],[82.3333,20.4599],[82.3453,20.4536],[82.3678,20.4613],[82.3737,20.4385],[82.3618,20.4301],[82.3468,20.438],[82.3522,20.4277],[82.345,20.4172],[82.3554,20.4124],[82.349,20.391],[82.3838,20.3817],[82.4154,20.3529],[82.4248,20.3532],[82.4286,20.3653],[82.4448,20.3679],[82.4239,20.392],[82.4322,20.3946],[82.4478,20.4297],[82.4587,20.4239],[82.4766,20.4625],[82.5014,20.4638],[82.5032,20.5184],[82.5176,20.5458],[82.5072,20.5654],[82.503,20.6222],[82.4906,20.6515],[82.5212,20.6863],[82.5345,20.6564],[82.5319,20.6036],[82.5588,20.5208],[82.5505,20.5087],[82.5538,20.496],[82.5751,20.4785],[82.5784,20.4611]]],[[[82.5468,19.7989],[82.5625,19.792],[82.5704,19.7963],[82.5875,19.7698],[82.5602,19.7749],[82.5738,19.7351],[82.568,19.7278],[82.552,19.723],[82.5439,19.7286],[82.5041,19.7103],[82.4615,19.7226],[82.4839,19.7544],[82.5183,19.7573],[82.517,19.7792],[82.5304,19.7894],[82.5298,19.7986],[82.5468,19.7989]]],[[[82.4448,20.6718],[82.461,20.6729],[82.4738,20.6602],[82.4705,20.6511],[82.4582,20.655],[82.452,20.6353],[82.4303,20.6363],[82.4219,20.6433],[82.4334,20.6522],[82.4312,20.6737],[82.4448,20.6718]]],[[[82.3986,22.2663],[82.4051,22.2459],[82.3925,22.2302],[82.3813,22.1929],[82.3749,22.1874],[82.3397,22.1973],[82.3325,22.237],[82.3418,22.2535],[82.3489,22.2526],[82.3613,22.2693],[82.379,22.2625],[82.3926,22.2711],[82.3986,22.2663]]],[[[82.3899,20.525],[82.3862,20.5109],[82.3637,20.5049],[82.3603,20.4874],[82.351,20.496],[82.3488,20.5178],[82.3338,20.5221],[82.3265,20.5377],[82.3428,20.5505],[82.3555,20.5975],[82.368,20.6141],[82.3874,20.6107],[82.3949,20.5945],[82.3944,20.5827],[82.374,20.5795],[82.38,20.5341],[82.3899,20.525]]],[[[82.3696,20.0073],[82.3448,20.015],[82.3529,20.0284],[82.3344,20.0426],[82.3479,20.0591],[82.3603,20.0566],[82.38,20.0234],[82.3696,20.0073]]],[[[81.8221,18.8508],[81.8473,18.847],[81.8718,18.83],[81.8999,18.8253],[81.9524,18.8006],[82.0025,18.8133],[82.0094,18.8323],[82.0268,18.8253],[82.0405,18.7962],[82.0361,18.7884],[81.9915,18.805],[81.9885,18.7923],[82.0009,18.7675],[81.9778,18.7587],[81.9781,18.7426],[81.9655,18.7238],[81.9789,18.719],[81.9999,18.7526],[82.0226,18.7554],[82.0435,18.7436],[82.0636,18.7551],[82.0718,18.7636],[82.0647,18.7773],[82.0714,18.7838],[82.0905,18.7895],[82.1207,18.7816],[82.1574,18.7925],[82.1781,18.7758],[82.1801,18.7465],[82.1676,18.734],[82.1803,18.7219],[82.18,18.711],[82.1676,18.6944],[82.1869,18.6759],[82.2029,18.6926],[82.2328,18.6946],[82.2405,18.6701],[82.2196,18.6676],[82.1851,18.637],[82.1605,18.6409],[82.1385,18.6934],[82.1509,18.7115],[82.1343,18.7406],[82.1247,18.7446],[82.1064,18.7228],[82.1155,18.6985],[82.0973,18.6714],[82.0008,18.6426],[81.9853,18.6186],[81.9493,18.6219],[81.9323,18.6331],[81.9363,18.6699],[81.9153,18.6905],[81.9156,18.7052],[81.9322,18.7136],[81.9176,18.7426],[81.8569,18.7405],[81.8325,18.7577],[81.8293,18.7711],[81.8718,18.7969],[81.8599,18.8134],[81.8432,18.8023],[81.8032,18.8029],[81.8113,18.8181],[81.807,18.8259],[81.7717,18.805],[81.7718,18.7986],[81.7962,18.7908],[81.8011,18.7572],[81.7827,18.7292],[81.7575,18.717],[81.7506,18.6982],[81.735,18.6921],[81.7238,18.6725],[81.7109,18.6676],[81.6778,18.6863],[81.6638,18.6791],[81.6496,18.6887],[81.5868,18.6884],[81.5468,18.7109],[81.5619,18.7332],[81.6184,18.7321],[81.6239,18.7175],[81.6427,18.7175],[81.6498,18.7249],[81.6717,18.7205],[81.6931,18.7428],[81.7215,18.7428],[81.7407,18.7537],[81.7638,18.7509],[81.7634,18.7687],[81.7153,18.7759],[81.7011,18.7856],[81.6989,18.817],[81.7176,18.8323],[81.7376,18.8283],[81.7628,18.8461],[81.7958,18.8391],[81.8221,18.8508]]],[[[81.4759,20.1425],[81.4853,20.1165],[81.4703,20.1284],[81.418,20.1345],[81.4066,20.1409],[81.4081,20.1589],[81.4194,20.1687],[81.449,20.1663],[81.4623,20.1614],[81.4759,20.1425]]],[[[81.2655,18.7697],[81.2626,18.7246],[81.2489,18.7017],[81.2745,18.6167],[81.2513,18.5761],[81.2389,18.5762],[81.2323,18.564],[81.2765,18.5435],[81.2901,18.524],[81.2908,18.5123],[81.2802,18.5074],[81.284,18.4909],[81.2976,18.4809],[81.3136,18.4452],[81.3649,18.429],[81.4213,18.4366],[81.4339,18.4274],[81.4395,18.404],[81.4161,18.4092],[81.4235,18.3906],[81.4495,18.3886],[81.4286,18.3431],[81.4206,18.3475],[81.3887,18.3372],[81.3854,18.322],[81.4443,18.3182],[81.4509,18.306],[81.4488,18.2825],[81.3827,18.2673],[81.3785,18.254],[81.3558,18.2364],[81.341,18.239],[81.3221,18.2561],[81.3059,18.2456],[81.2545,18.2472],[81.2388,18.2653],[81.2467,18.3072],[81.2854,18.3247],[81.3117,18.3602],[81.2971,18.3803],[81.2971,18.3978],[81.285,18.4034],[81.2719,18.4264],[81.264,18.4668],[81.2474,18.4865],[81.2198,18.496],[81.2114,18.4913],[81.1891,18.512],[81.1823,18.5482],[81.1967,18.5485],[81.1971,18.5551],[81.1887,18.5706],[81.1551,18.5922],[81.1364,18.6428],[81.158,18.6606],[81.1528,18.6775],[81.1427,18.6806],[81.1471,18.696],[81.18,18.7089],[81.1808,18.7363],[81.1724,18.728],[81.1688,18.7333],[81.1785,18.7609],[81.1936,18.7751],[81.1892,18.7998],[81.199,18.8544],[81.2129,18.8608],[81.1968,18.9378],[81.2179,18.9504],[81.2367,18.9488],[81.2389,18.9256],[81.2669,18.8557],[81.2679,18.8387],[81.2602,18.8287],[81.271,18.7903],[81.2655,18.7697]]],[[[81.3053,19.4569],[81.3281,19.4155],[81.3346,19.3762],[81.3175,19.3529],[81.3144,19.331],[81.3287,19.319],[81.3525,19.3144],[81.3593,19.3012],[81.3398,19.2392],[81.3571,19.2343],[81.3681,19.2042],[81.3484,19.1864],[81.3082,19.1916],[81.2983,19.1813],[81.2726,19.1805],[81.2364,19.1621],[81.2346,19.0657],[81.2086,19.0591],[81.1988,19.0738],[81.1843,19.1468],[81.1706,19.1495],[81.1376,19.1343],[81.1197,19.155],[81.1157,19.1735],[81.0834,19.1821],[81.0719,19.1405],[81.0493,19.1352],[80.9902,19.1588],[80.9701,19.1364],[80.9541,19.1361],[80.949,19.1467],[80.939,19.1469],[80.9288,19.1141],[80.8934,19.0988],[80.8794,19.1066],[80.8739,19.1406],[80.8551,19.1613],[80.8391,19.2],[80.8488,19.2279],[80.865,19.2371],[80.9236,19.1989],[80.9458,19.1956],[80.9819,19.2167],[80.99,19.2126],[81.0111,19.2239],[81.0207,19.2148],[81.0135,19.2042],[81.0403,19.1926],[81.061,19.226],[81.0736,19.2257],[81.0984,19.2445],[81.1266,19.2421],[81.1369,19.213],[81.1524,19.1969],[81.1943,19.1965],[81.1976,19.2134],[81.2113,19.2238],[81.239,19.2292],[81.2534,19.2243],[81.2729,19.2969],[81.2669,19.3084],[81.2863,19.3393],[81.2749,19.3484],[81.2431,19.3472],[81.2241,19.3849],[81.2428,19.4131],[81.2569,19.3926],[81.2632,19.4034],[81.2468,19.4405],[81.2364,19.4439],[81.2394,19.467],[81.2482,19.4715],[81.2508,19.4465],[81.2736,19.4588],[81.2758,19.4842],[81.2986,19.4847],[81.3053,19.4569]]],[[[81.2569,17.7677],[81.2984,17.7759],[81.3219,17.7612],[81.3233,17.736],[81.3079,17.7285],[81.3133,17.718],[81.2779,17.6779],[81.2635,17.6726],[81.2724,17.6595],[81.269,17.6462],[81.2416,17.629],[81.2281,17.63],[81.1991,17.6675],[81.183,17.6614],[81.1676,17.674],[81.178,17.6895],[81.1629,17.6932],[81.1658,17.7127],[81.1784,17.7284],[81.2046,17.7278],[81.216,17.747],[81.2427,17.7641],[81.247,17.778],[81.2569,17.7677]]],[[[81.3063,17.8757],[81.2978,17.8644],[81.276,17.8721],[81.2698,17.8635],[81.2581,17.8775],[81.2667,17.8847],[81.2586,17.8975],[81.2733,17.9196],[81.3029,17.9187],[81.2969,17.9082],[81.3109,17.9041],[81.3153,17.8795],[81.3063,17.8757]]],[[[81.2904,19.9091],[81.2957,19.8936],[81.2642,19.9016],[81.2551,19.8951],[81.2452,19.9022],[81.2427,19.9227],[81.2502,19.9289],[81.2449,19.9561],[81.2598,19.9782],[81.279,19.9821],[81.2929,19.9616],[81.2784,19.9283],[81.2904,19.9091]]],[[[81.1926,18.003],[81.1928,17.9672],[81.2121,17.9676],[81.2167,17.9817],[81.2709,18.003],[81.2759,17.989],[81.2618,17.9663],[81.2693,17.9519],[81.2627,17.939],[81.2061,17.9186],[81.1934,17.9211],[81.1801,17.9407],[81.1841,17.9606],[81.1417,17.9714],[81.1262,17.9901],[81.1047,17.982],[81.0884,17.957],[81.0657,17.9668],[81.0803,18.0095],[81.0802,18.0323],[81.0938,18.039],[81.1793,18.0298],[81.1963,18.0138],[81.1926,18.003]]],[[[81.1297,19.9172],[81.1144,19.8302],[81.1928,19.8752],[81.213,19.8764],[81.2215,19.8627],[81.2163,19.8292],[81.1827,19.8057],[81.1619,19.8088],[81.1584,19.8238],[81.1325,19.7928],[81.1205,19.7885],[81.0937,19.7973],[81.0805,19.8281],[81.0805,19.855],[81.0521,19.844],[81.0392,19.8257],[81.0124,19.8228],[81.0119,19.8453],[81.0441,19.9108],[81.057,19.9213],[81.0837,19.9135],[81.0943,19.9281],[81.0802,19.9454],[81.0833,19.951],[81.0999,19.9613],[81.1175,19.9587],[81.1073,19.9443],[81.1297,19.9172]]],[[[81.1869,20.1827],[81.2033,20.1857],[81.2149,20.1757],[81.1969,20.1575],[81.2061,20.1415],[81.1648,20.1471],[81.1573,20.1605],[81.1596,20.1896],[81.1692,20.2049],[81.1775,20.2056],[81.1869,20.1827]]],[[[81.2037,19.0565],[81.1933,19.0535],[81.179,19.0904],[81.1862,19.0879],[81.2037,19.0565]]],[[[81.1671,19.4223],[81.1862,19.3875],[81.1839,19.375],[81.1706,19.3767],[81.1624,19.3665],[81.1549,19.3678],[81.1469,19.3863],[81.1488,19.4128],[81.1516,19.4223],[81.1671,19.4223]]],[[[81.1323,18.856],[81.1464,18.8448],[81.1529,18.7734],[81.1311,18.7582],[81.117,18.7841],[81.0934,18.7934],[81.0865,18.831],[81.0978,18.8508],[81.1323,18.856]]],[[[81.0397,17.5628],[81.0538,17.5506],[81.1049,17.5408],[81.1221,17.5255],[81.1201,17.493],[81.0962,17.4532],[81.0756,17.4509],[81.0673,17.4601],[81.0493,17.4563],[81.0414,17.4651],[81.0233,17.4572],[80.9768,17.4749],[80.9739,17.4977],[80.9859,17.5217],[80.9802,17.5513],[80.987,17.5613],[81.0034,17.5544],[81.0397,17.5628]]],[[[80.7218,19.6884],[80.7638,19.6759],[80.7787,19.6862],[80.7905,19.6714],[80.7576,19.643],[80.7634,19.6234],[80.7489,19.5985],[80.7774,19.5927],[80.7821,19.6237],[80.7975,19.6388],[80.8101,19.6383],[80.8157,19.6236],[80.8756,19.6106],[80.8674,19.5414],[80.8453,19.514],[80.8509,19.5028],[80.8391,19.4972],[80.8718,19.4777],[80.9012,19.473],[80.9432,19.4863],[80.9751,19.4667],[80.9883,19.4524],[80.9806,19.4453],[80.9883,19.4417],[80.9978,19.4058],[80.9857,19.3814],[80.9656,19.3701],[81.003,19.3577],[80.9488,19.3299],[80.936,19.3304],[80.9288,19.3425],[80.8774,19.3293],[80.8593,19.3709],[80.866,19.3806],[80.8581,19.3921],[80.8406,19.3922],[80.8446,19.3803],[80.792,19.3821],[80.7697,19.3572],[80.8051,19.3345],[80.7758,19.3036],[80.7561,19.2915],[80.7367,19.2924],[80.7139,19.3094],[80.7238,19.3288],[80.7091,19.3366],[80.6971,19.3982],[80.7055,19.4119],[80.7454,19.4193],[80.7634,19.4406],[80.7483,19.4428],[80.7171,19.4745],[80.726,19.5051],[80.6776,19.4989],[80.657,19.5348],[80.6578,19.5555],[80.67,19.5616],[80.6693,19.582],[80.6833,19.6155],[80.6753,19.6627],[80.7034,19.6946],[80.7218,19.6884]]],[[[80.9679,19.8271],[80.9561,19.804],[80.934,19.8221],[80.9204,19.8216],[80.9129,19.8586],[80.8904,19.8991],[80.8551,19.9269],[80.87,19.9407],[80.9016,19.9457],[80.9291,19.912],[80.9512,19.8434],[80.9679,19.8271]]],[[[80.8963,19.9589],[80.8988,19.9516],[80.861,19.9485],[80.8617,19.9393],[80.8031,19.9029],[80.7686,19.896],[80.7541,19.8644],[80.7344,19.8684],[80.7474,19.9147],[80.7783,19.935],[80.8077,19.9367],[80.8229,19.9747],[80.8559,19.9842],[80.8963,19.9589]]],[[[80.8821,18.6031],[80.8469,18.6227],[80.8727,18.6318],[80.8825,18.6445],[80.8896,18.6413],[80.8925,18.6221],[80.8821,18.6031]]],[[[80.8645,19.8006],[80.8659,19.7825],[80.8421,19.7832],[80.8353,19.7707],[80.8177,19.7718],[80.8195,19.7891],[80.7961,19.7971],[80.7844,19.8122],[80.7997,19.8467],[80.8546,19.8183],[80.8645,19.8006]]],[[[80.853,18.158],[80.8506,18.1342],[80.8372,18.1198],[80.7927,18.118],[80.777,18.1061],[80.7651,18.1084],[80.75,18.1291],[80.7623,18.1603],[80.7763,18.1717],[80.786,18.1575],[80.8005,18.157],[80.821,18.1842],[80.8464,18.177],[80.853,18.158]]],[[[80.6018,18.6507],[80.611,18.6283],[80.6277,18.6363],[80.6382,18.6184],[80.6302,18.5826],[80.646,18.5615],[80.6656,18.5509],[80.6439,18.5759],[80.6967,18.53],[80.7264,18.517],[80.7341,18.5006],[80.7366,18.4773],[80.7822,18.3718],[80.7929,18.2792],[80.8082,18.2732],[80.8142,18.2553],[80.809,18.2255],[80.7916,18.2165],[80.7757,18.2205],[80.7522,18.2569],[80.7231,18.2489],[80.7044,18.2538],[80.692,18.2717],[80.6672,18.2426],[80.6576,18.2477],[80.6364,18.2636],[80.6457,18.268],[80.6224,18.2876],[80.6195,18.2997],[80.5872,18.3252],[80.5843,18.3514],[80.6342,18.3623],[80.6678,18.3505],[80.6585,18.3228],[80.6659,18.2874],[80.6765,18.3028],[80.7023,18.3098],[80.7247,18.2884],[80.7446,18.2954],[80.7522,18.3071],[80.7442,18.3252],[80.7318,18.331],[80.7195,18.3259],[80.7002,18.3684],[80.7051,18.3826],[80.6862,18.4198],[80.6681,18.4241],[80.6631,18.44],[80.6519,18.4435],[80.6152,18.4911],[80.6158,18.5065],[80.604,18.5102],[80.5925,18.53],[80.574,18.6044],[80.5847,18.625],[80.6011,18.6356],[80.5811,18.64],[80.5781,18.6474],[80.6018,18.6507]]],[[[80.7097,17.8695],[80.6993,17.8512],[80.7021,17.8739],[80.6844,17.8881],[80.6866,17.9008],[80.7008,17.8925],[80.7097,17.8695]]],[[[80.6984,17.9332],[80.6867,17.9222],[80.6644,17.9522],[80.6247,17.9572],[80.6177,17.9709],[80.6363,17.9883],[80.7005,17.9639],[80.7092,17.9527],[80.7071,17.9371],[80.6984,17.9332]]],[[[80.5773,17.3546],[80.6093,17.351],[80.6446,17.333],[80.6355,17.2964],[80.6171,17.2819],[80.5642,17.2737],[80.5323,17.2488],[80.5004,17.2484],[80.4771,17.295],[80.5247,17.3446],[80.5773,17.3546]]],[[[80.4864,17.5135],[80.4954,17.5072],[80.5148,17.5133],[80.528,17.5015],[80.5257,17.4936],[80.4676,17.4538],[80.4478,17.4478],[80.4303,17.4568],[80.4255,17.4817],[80.4729,17.5166],[80.4864,17.5135]]],[[[80.5196,18.8747],[80.5145,18.8665],[80.4709,18.8744],[80.4526,18.8684],[80.4168,18.8843],[80.4077,18.8894],[80.4013,18.9313],[80.408,18.9404],[80.42,18.9224],[80.4446,18.9071],[80.4856,18.8966],[80.5196,18.8747]]],[[[80.3363,19.6631],[80.388,19.6467],[80.4036,19.6247],[80.3749,19.6061],[80.3506,19.6134],[80.3187,19.6386],[80.3244,19.6585],[80.3363,19.6631]]],[[[80.3171,19.08],[80.3257,19.0692],[80.3422,19.0713],[80.3603,19.0626],[80.3406,19.0239],[80.3531,19.014],[80.3755,18.9674],[80.3582,18.9561],[80.3228,18.9642],[80.3248,18.9805],[80.2992,19.007],[80.2904,19.0395],[80.2714,19.0636],[80.2904,19.0781],[80.3171,19.08]]],[[[80.2729,19.1174],[80.288,19.0998],[80.3258,19.103],[80.3321,19.0922],[80.3145,19.0832],[80.2935,19.0858],[80.2677,19.1104],[80.2412,19.1122],[80.2357,19.1319],[80.2729,19.1174]]],[[[80.2955,17.7772],[80.2998,17.767],[80.3091,17.7682],[80.3112,17.7507],[80.3042,17.7396],[80.2776,17.7269],[80.2695,17.7316],[80.2624,17.7228],[80.2436,17.7271],[80.2247,17.7601],[80.2336,17.7899],[80.224,17.7977],[80.2267,17.8148],[80.239,17.8195],[80.2756,17.8106],[80.2699,17.7965],[80.2955,17.7772]]],[[[80.1826,20.939],[80.1684,20.9385],[80.1499,20.9623],[80.1541,20.9896],[80.1769,21.0056],[80.1773,21.0227],[80.2141,21.0253],[80.2321,21.0078],[80.2235,20.9584],[80.1826,20.939]]],[[[80.2264,18.995],[80.2057,18.9908],[80.1874,18.9707],[80.1678,18.9719],[80.1552,18.9832],[80.184,19.0074],[80.1848,19.0206],[80.151,19.042],[80.1782,19.0557],[80.2166,19.0417],[80.2278,19.0273],[80.2264,18.995]]],[[[80.1268,19.1666],[80.0958,19.1571],[80.0714,19.1304],[80.0221,19.1159],[80.0208,19.1387],[80.0338,19.148],[80.0549,19.1479],[80.0544,19.1653],[80.0694,19.1652],[80.0851,19.1792],[80.0709,19.1969],[80.082,19.2061],[80.0772,19.2146],[80.0858,19.2297],[80.1019,19.2313],[80.1102,19.2208],[80.1298,19.1887],[80.1268,19.1666]]],[[[80.0677,16.6841],[80.0624,16.6769],[80.0418,16.6853],[80.0499,16.7362],[80.0766,16.7302],[80.0821,16.7131],[80.0677,16.6841]]],[[[79.1928,19.0615],[79.2015,19.053],[79.2103,19.0613],[79.2331,19.0381],[79.2951,19.0484],[79.2946,19.0402],[79.2831,19.0349],[79.2921,19.0269],[79.2676,19.0016],[79.2302,18.9923],[79.2068,19.0055],[79.1922,19.0484],[79.1697,19.061],[79.1572,19.0512],[79.1413,19.0555],[79.1198,19.0913],[79.1381,19.1133],[79.1497,19.1043],[79.1537,19.0873],[79.1698,19.0843],[79.1928,19.0615]]],[[[79.0058,19.2377],[79.0164,19.2235],[79.0212,19.1947],[79.0254,19.2154],[79.0399,19.2124],[79.0187,19.1769],[78.9927,19.178],[78.9811,19.2092],[78.9693,19.2015],[78.9699,19.2346],[78.9898,19.2425],[79.0058,19.2377]]],[[[78.8569,13.7195],[78.8983,13.6999],[78.892,13.6618],[78.9085,13.6562],[78.9217,13.6302],[78.9041,13.6082],[78.8594,13.6229],[78.8775,13.6406],[78.879,13.6633],[78.8591,13.6537],[78.8349,13.6615],[78.8253,13.6737],[78.8333,13.6977],[78.8453,13.7035],[78.845,13.7168],[78.8569,13.7195]]],[[[78.6869,14.0332],[78.7009,14.0244],[78.6835,13.9833],[78.6884,13.9689],[78.6811,13.9558],[78.6297,13.942],[78.6537,13.918],[78.6491,13.8972],[78.6364,13.8921],[78.6443,13.8853],[78.6566,13.8898],[78.6634,13.8814],[78.6625,13.8428],[78.6526,13.8242],[78.6355,13.8191],[78.6293,13.7997],[78.5978,13.7874],[78.5606,13.8008],[78.5475,13.7969],[78.5448,13.8179],[78.5618,13.8278],[78.6092,13.8309],[78.6047,13.839],[78.5669,13.8471],[78.5603,13.8643],[78.5692,13.8796],[78.5617,13.893],[78.5632,13.9347],[78.5479,13.9415],[78.5321,13.9842],[78.5372,14.0139],[78.5487,14.0175],[78.5634,14.0005],[78.5974,13.9981],[78.6055,13.9843],[78.6154,13.9875],[78.6085,14.0],[78.6146,14.0087],[78.6292,14.012],[78.6384,14.0015],[78.6302,13.988],[78.6419,13.9828],[78.6565,13.9868],[78.6474,13.9984],[78.6491,14.0194],[78.6651,14.0332],[78.6869,14.0332]]],[[[78.6232,13.6302],[78.6425,13.6262],[78.6404,13.6038],[78.6315,13.5997],[78.6362,13.5775],[78.6124,13.5603],[78.603,13.5613],[78.5879,13.5683],[78.5888,13.5837],[78.574,13.5872],[78.5813,13.6244],[78.5594,13.6728],[78.5735,13.7008],[78.596,13.6966],[78.6073,13.6706],[78.6258,13.6562],[78.6232,13.6302]]],[[[78.5092,13.8202],[78.502,13.8103],[78.4882,13.8179],[78.4701,13.8145],[78.4508,13.8327],[78.4239,13.8829],[78.4327,13.9041],[78.4487,13.9071],[78.4665,13.8916],[78.4699,13.8698],[78.5068,13.8544],[78.4997,13.8338],[78.5092,13.8202]]],[[[78.4605,13.3822],[78.4508,13.3737],[78.4263,13.3922],[78.4306,13.4108],[78.4242,13.4215],[78.4408,13.4384],[78.4355,13.4455],[78.4469,13.4525],[78.4768,13.4464],[78.4829,13.4362],[78.4848,13.4236],[78.4605,13.3822]]],[[[78.4361,13.7408],[78.4593,13.7322],[78.4675,13.7087],[78.4562,13.6915],[78.4126,13.6993],[78.4052,13.7098],[78.4131,13.7297],[78.4361,13.7408]]],[[[78.4362,13.6125],[78.4073,13.5832],[78.4342,13.5643],[78.4315,13.5412],[78.3969,13.5304],[78.3938,13.5072],[78.4023,13.5153],[78.43,13.5187],[78.4274,13.497],[78.4436,13.5028],[78.4521,13.4872],[78.4457,13.4679],[78.4283,13.4658],[78.4207,13.4478],[78.3927,13.4488],[78.3652,13.4832],[78.3658,13.4944],[78.3387,13.5125],[78.343,13.5361],[78.3637,13.545],[78.3662,13.605],[78.3432,13.5885],[78.3376,13.605],[78.3144,13.5822],[78.3031,13.5956],[78.3204,13.6271],[78.3135,13.637],[78.3543,13.6468],[78.3588,13.6566],[78.3813,13.6637],[78.393,13.682],[78.4135,13.6801],[78.4483,13.6645],[78.4562,13.6466],[78.4362,13.6125]]],[[[78.3673,14.0241],[78.3576,14.0179],[78.3508,14.0423],[78.3348,14.0546],[78.3332,14.0652],[78.358,14.0625],[78.3695,14.049],[78.3673,14.0241]]],[[[78.3029,13.7697],[78.2898,13.7702],[78.2752,13.7989],[78.2935,13.8205],[78.3119,13.8172],[78.3258,13.8034],[78.3287,13.7873],[78.3029,13.7697]]],[[[78.2655,13.9984],[78.2741,13.9844],[78.2883,13.9921],[78.3089,13.9738],[78.3004,13.9475],[78.273,13.9431],[78.2666,13.9311],[78.2512,13.9322],[78.2318,13.9615],[78.2286,13.9805],[78.2655,13.9984]]],[[[78.2446,12.7405],[78.2228,12.7407],[78.2135,12.758],[78.216,12.7779],[78.2487,12.7616],[78.2525,12.7475],[78.2446,12.7405]]],[[[78.1802,14.251],[78.1899,14.2434],[78.2021,14.2559],[78.2244,14.2525],[78.2402,14.2332],[78.2483,14.2151],[78.2443,14.2042],[78.2264,14.2002],[78.2207,14.1769],[78.1892,14.1818],[78.1733,14.2202],[78.1651,14.2195],[78.1702,14.1889],[78.1647,14.1822],[78.1273,14.2018],[78.1219,14.2356],[78.1269,14.2539],[78.1566,14.2706],[78.1802,14.251]]],[[[77.9634,14.2029],[77.9879,14.1961],[77.9912,14.1754],[77.986,14.1606],[77.9582,14.1415],[77.9442,14.1479],[77.9395,14.1625],[77.9246,14.1573],[77.9114,14.202],[77.9417,14.2199],[77.9606,14.2147],[77.9634,14.2029]]],[[[77.93,13.7591],[77.9485,13.7341],[77.9457,13.7269],[77.9206,13.7588],[77.8917,13.7516],[77.8865,13.7599],[77.913,13.769],[77.9267,13.767],[77.93,13.7591]]],[[[77.9223,13.7884],[77.8937,13.7707],[77.8727,13.7814],[77.8692,13.8016],[77.8861,13.8383],[77.9166,13.8372],[77.9258,13.8286],[77.9187,13.8183],[77.9317,13.7986],[77.9223,13.7884]]],[[[77.9094,13.9198],[77.9103,13.9144],[77.9014,13.9213],[77.8761,13.9635],[77.9024,13.9904],[77.9242,13.9578],[77.9195,13.9365],[77.9054,13.9307],[77.9094,13.9198]]],[[[77.8492,14.2838],[77.8394,14.2754],[77.8441,14.243],[77.8655,14.2341],[77.8903,14.2356],[77.8909,14.2281],[77.868,14.2308],[77.8723,14.223],[77.8617,14.1667],[77.8437,14.154],[77.8279,14.1675],[77.816,14.1945],[77.8179,14.2195],[77.7927,14.2668],[77.8027,14.2755],[77.8279,14.2784],[77.8029,14.2851],[77.7712,14.3117],[77.7826,14.3567],[77.8039,14.3675],[77.838,14.3556],[77.834,14.3323],[77.8529,14.2975],[77.8492,14.2838]]],[[[77.8656,14.1221],[77.8821,14.1081],[77.8658,14.0945],[77.8582,14.0749],[77.8499,14.0763],[77.8427,14.089],[77.8453,14.1143],[77.8656,14.1221]]],[[[77.6899,13.5334],[77.7134,13.5262],[77.722,13.4951],[77.6968,13.4578],[77.7045,13.439],[77.6906,13.3908],[77.7051,13.3796],[77.7024,13.3661],[77.677,13.3311],[77.651,13.3382],[77.6427,13.3724],[77.65,13.3977],[77.6654,13.409],[77.6609,13.4234],[77.6511,13.4265],[77.6442,13.4696],[77.6634,13.5005],[77.6406,13.515],[77.6397,13.5368],[77.6513,13.5666],[77.6648,13.5738],[77.678,13.5615],[77.6804,13.547],[77.6967,13.5439],[77.6899,13.5334]]],[[[77.6543,13.6163],[77.6422,13.6115],[77.6354,13.6231],[77.6358,13.6558],[77.6177,13.67],[77.6469,13.7057],[77.6706,13.6939],[77.6783,13.679],[77.6543,13.6163]]],[[[77.4508,13.3948],[77.4198,13.4038],[77.4223,13.4169],[77.4509,13.4248],[77.4649,13.4209],[77.4673,13.4046],[77.4508,13.3948]]],[[[77.3071,12.9031],[77.302,12.8957],[77.2795,12.8974],[77.2729,12.9122],[77.2802,12.9409],[77.3018,12.9445],[77.315,12.9292],[77.3175,12.9157],[77.3071,12.9031]]],[[[77.3094,14.2383],[77.302,14.2269],[77.2727,14.2337],[77.2579,14.2451],[77.2545,14.2544],[77.263,14.2653],[77.2556,14.2786],[77.2724,14.2925],[77.2943,14.289],[77.2938,14.2737],[77.3124,14.2519],[77.3094,14.2383]]],[[[77.2302,13.3983],[77.2445,13.3918],[77.2332,13.3644],[77.2037,13.3813],[77.2073,13.3948],[77.1976,13.3948],[77.1923,13.4195],[77.1698,13.4261],[77.2096,13.4383],[77.2151,13.4263],[77.2405,13.4165],[77.2302,13.3983]]],[[[77.1783,13.6592],[77.1988,13.6387],[77.1996,13.6282],[77.1674,13.5776],[77.1552,13.5786],[77.1589,13.5451],[77.1338,13.5259],[77.1033,13.5442],[77.1022,13.5581],[77.127,13.5776],[77.1052,13.59],[77.1032,13.6152],[77.1468,13.6546],[77.1567,13.6475],[77.1783,13.6592]]],[[[77.0966,14.1823],[77.0845,14.191],[77.0869,14.2025],[77.0962,14.2043],[77.0966,14.1823]]],[[[77.0868,14.1266],[77.0805,14.1242],[77.0594,14.1563],[77.0707,14.1736],[77.0923,14.1758],[77.0868,14.1266]]],[[[76.7909,15.1106],[76.8221,15.107],[76.8615,15.0821],[76.849,15.0533],[76.828,15.0516],[76.809,15.0675],[76.7893,15.0551],[76.7909,15.1106]]],[[[76.5512,15.1717],[76.5702,15.171],[76.5988,15.1443],[76.5947,15.1258],[76.6403,15.1261],[76.6511,15.1195],[76.6615,15.0902],[76.6596,15.0512],[76.6718,15.0342],[76.6572,15.0223],[76.6656,15.0113],[76.6509,14.982],[76.6274,14.9825],[76.6103,14.9686],[76.5458,14.9776],[76.5323,14.9942],[76.5195,14.9968],[76.4973,15.0522],[76.4689,15.0731],[76.3947,15.1972],[76.4132,15.215],[76.4218,15.2321],[76.4176,15.2409],[76.4335,15.2467],[76.4523,15.2309],[76.5057,15.2141],[76.5276,15.2],[76.5382,15.1742],[76.5512,15.1717]]],[[[76.546,13.8019],[76.5474,13.791],[76.5403,13.7869],[76.5171,13.7959],[76.5082,13.779],[76.5023,13.7807],[76.4866,13.8059],[76.4847,13.8476],[76.4971,13.855],[76.5126,13.8526],[76.5271,13.81],[76.546,13.8019]]],[[[76.4389,14.1769],[76.4284,14.1638],[76.414,14.1962],[76.399,14.1996],[76.3985,14.2068],[76.4092,14.2128],[76.434,14.1973],[76.4389,14.1769]]],[[[76.3014,13.435],[76.3151,13.4173],[76.3236,13.418],[76.3309,13.3943],[76.3187,13.3589],[76.3073,13.3598],[76.3107,13.3506],[76.2969,13.33],[76.2895,13.3207],[76.274,13.3218],[76.2501,13.3623],[76.2644,13.3914],[76.2567,13.4022],[76.2594,13.4253],[76.2651,13.4381],[76.277,13.4425],[76.3014,13.435]]],[[[76.1258,12.4385],[76.099,12.4573],[76.1095,12.4779],[76.1247,12.4752],[76.1362,12.4522],[76.1258,12.4385]]],[[[75.5915,20.5503],[75.5954,20.5382],[75.6108,20.5385],[75.6066,20.5264],[75.5676,20.4988],[75.5387,20.505],[75.5109,20.4824],[75.4963,20.4801],[75.4748,20.4946],[75.4507,20.4697],[75.4409,20.4747],[75.4149,20.4695],[75.3873,20.4509],[75.3757,20.4588],[75.3572,20.4425],[75.3187,20.4315],[75.309,20.4176],[75.2859,20.4293],[75.2633,20.4171],[75.2634,20.4008],[75.2533,20.3959],[75.2293,20.4009],[75.2195,20.3841],[75.2079,20.3844],[75.2044,20.3735],[75.1904,20.369],[75.1907,20.352],[75.1776,20.3456],[75.1696,20.3237],[75.1462,20.3142],[75.1339,20.3184],[75.1237,20.3113],[75.1067,20.324],[75.0502,20.3218],[75.0461,20.3344],[75.0306,20.3341],[75.0141,20.3176],[75.0104,20.3401],[75.0441,20.3727],[75.0626,20.3533],[75.0834,20.3509],[75.1283,20.3718],[75.1458,20.3613],[75.1716,20.4061],[75.1857,20.4095],[75.1979,20.429],[75.2101,20.4249],[75.2199,20.4323],[75.2304,20.4535],[75.2438,20.4571],[75.2554,20.4493],[75.2614,20.4614],[75.3341,20.4549],[75.3471,20.4744],[75.372,20.4907],[75.3969,20.4801],[75.4028,20.4923],[75.4422,20.5054],[75.4595,20.5239],[75.5053,20.5121],[75.5552,20.5426],[75.5613,20.5572],[75.5915,20.5503]]],[[[74.9716,20.2865],[74.9553,20.2892],[74.9577,20.2973],[74.982,20.2965],[74.9716,20.2865]]],[[[74.9073,20.282],[74.8719,20.2779],[74.8766,20.312],[74.8902,20.32],[74.9273,20.3185],[74.9335,20.308],[74.9292,20.293],[74.9106,20.2898],[74.9073,20.282]]]]}},{"type":"Feature","properties":{"name":"Dhauladhar Range","kind":"mountain range","wikidata":"Q2629995","area_km2":6320,"source":"GMBA Mountain Inventory v2.0 (CC BY 4.0)"},"geometry":{"type":"Polygon","coordinates":[[[77.152,32.329],[77.1578,32.3182],[77.1821,32.3063],[77.1768,32.2884],[77.1927,32.2447],[77.1927,32.2072],[77.1752,32.158],[77.1571,32.1447],[77.1524,32.1129],[77.1302,32.0786],[77.1364,32.0568],[77.1264,32.0175],[77.1344,32.0072],[77.1279,31.9988],[77.1321,31.9911],[77.1101,31.9509],[77.1573,31.8658],[77.1565,31.853],[77.2052,31.753],[77.2117,31.7237],[77.2552,31.7114],[77.3175,31.6592],[77.3427,31.6489],[77.3446,31.6363],[77.4228,31.5642],[77.4585,31.4746],[77.4243,31.441],[77.3909,31.4222],[77.3802,31.4036],[77.3905,31.3828],[77.3853,31.3624],[77.3577,31.3556],[77.3336,31.297],[77.3212,31.2941],[77.3005,31.2694],[77.281,31.2668],[77.2707,31.2748],[77.2439,31.2542],[77.2259,31.2633],[77.2073,31.2467],[77.1873,31.254],[77.1656,31.2342],[77.1332,31.2282],[77.1189,31.2508],[77.08,31.2508],[77.0552,31.2697],[77.03,31.2758],[76.9462,31.3369],[76.9245,31.3649],[76.8727,31.3552],[76.8656,31.3846],[76.8799,31.3835],[76.8821,31.4048],[76.8724,31.4171],[76.8543,31.4114],[76.8312,31.4249],[76.8397,31.4421],[76.8493,31.437],[76.8547,31.4483],[76.8668,31.4512],[76.9082,31.5367],[76.8912,31.5496],[76.8885,31.5617],[76.8989,31.5944],[76.9293,31.6012],[76.9473,31.6187],[76.9521,31.6467],[76.9364,31.7053],[76.9724,31.7038],[77.0031,31.7217],[76.99,31.7312],[76.9871,31.7517],[76.9775,31.7562],[76.9859,31.7801],[76.9754,31.796],[76.9802,31.803],[76.9591,31.872],[76.9483,31.8771],[76.9524,31.8847],[76.9075,31.9392],[76.9009,31.9636],[76.8828,31.9724],[76.8697,31.9904],[76.8423,32.0429],[76.828,32.05],[76.7623,32.0534],[76.7125,32.0832],[76.6781,32.0592],[76.6497,32.0576],[76.6614,32.0801],[76.6551,32.0989],[76.6426,32.1072],[76.6032,32.1056],[76.5946,32.119],[76.4651,32.1675],[76.4546,32.162],[76.3706,32.2061],[76.3645,32.1996],[76.1839,32.2526],[76.1773,32.2392],[76.1549,32.2322],[76.1468,32.2697],[76.0933,32.2753],[76.0663,32.2871],[76.0551,32.3087],[76.0634,32.3304],[76.0503,32.3293],[76.0379,32.3389],[76.0091,32.3887],[75.9713,32.4118],[75.9506,32.4137],[75.9392,32.4312],[75.8395,32.5165],[75.876,32.553],[75.8676,32.5639],[75.8822,32.5736],[75.8771,32.5879],[75.8975,32.593],[75.9184,32.6175],[75.9476,32.5877],[75.9692,32.593],[75.983,32.585],[75.9922,32.5659],[76.0697,32.5384],[76.101,32.5284],[76.1284,32.5488],[76.133,32.5329],[76.1654,32.5157],[76.1673,32.4991],[76.1932,32.4753],[76.238,32.4697],[76.2853,32.4839],[76.3022,32.4752],[76.3139,32.4842],[76.3218,32.4822],[76.3377,32.4487],[76.4422,32.47],[76.484,32.4387],[76.4913,32.3871],[76.5131,32.3763],[76.534,32.3449],[76.5926,32.305],[76.6789,32.2785],[76.7067,32.3021],[76.7255,32.2945],[76.7406,32.3009],[76.7822,32.3364],[76.8056,32.3467],[76.838,32.3405],[76.8985,32.3502],[76.9089,32.3447],[76.927,32.356],[76.9364,32.3487],[76.9863,32.3507],[77.0309,32.3254],[77.0441,32.33],[77.1089,32.3203],[77.152,32.329]]]}},{"type":"Feature","properties":{"name":"Dundwa Range","kind":"mountain range","wikidata":"Q5314928","area_km2":1428,"source":"GMBA Mountain Inventory v2.0 (CC BY 4.0)"},"geometry":{"type":"Polygon","coordinates":[[[82.7686,27.8103],[82.7787,27.803],[82.7918,27.8079],[82.8072,27.7946],[82.8395,27.792],[82.8551,27.7967],[82.8584,27.8071],[82.9004,27.8094],[82.9255,27.7989],[82.9572,27.8155],[83.0342,27.8351],[83.088,27.8239],[83.1099,27.8291],[83.1278,27.8467],[83.1912,27.8361],[83.2082,27.8159],[83.2473,27.8342],[83.2907,27.83],[83.3499,27.8519],[83.3842,27.8219],[83.3698,27.8092],[83.351,27.8063],[83.3531,27.7875],[83.3916,27.7658],[83.4024,27.7717],[83.4427,27.7655],[83.4645,27.7478],[83.4692,27.7316],[83.4603,27.6957],[83.451,27.6883],[83.4173,27.697],[83.3725,27.6878],[83.302,27.711],[83.2884,27.7037],[83.263,27.7116],[83.2406,27.7339],[83.2158,27.7381],[83.2022,27.7496],[83.1762,27.742],[83.1559,27.7463],[83.1396,27.7375],[83.1275,27.7407],[83.1207,27.7555],[83.0735,27.7485],[83.0436,27.7538],[83.033,27.7464],[82.9535,27.7463],[82.9161,27.7285],[82.8831,27.7318],[82.8672,27.7252],[82.8388,27.7336],[82.8123,27.7214],[82.7379,27.7109],[82.6795,27.7051],[82.6649,27.7125],[82.6233,27.6962],[82.6038,27.6974],[82.5412,27.6796],[82.527,27.6847],[82.4707,27.6688],[82.3979,27.7013],[82.3723,27.7321],[82.2262,27.8141],[82.206,27.8373],[82.1687,27.8493],[82.1575,27.8619],[82.1437,27.8611],[82.0973,27.917],[82.0339,27.928],[82.0302,27.943],[82.0434,27.9427],[82.0406,27.972],[82.0784,27.9978],[82.1482,27.9902],[82.1867,27.9757],[82.1909,27.9304],[82.2174,27.9279],[82.2292,27.9093],[82.268,27.9031],[82.3498,27.8406],[82.3737,27.8362],[82.4492,27.7683],[82.482,27.7486],[82.506,27.7492],[82.5432,27.7696],[82.562,27.7614],[82.5925,27.778],[82.6696,27.7989],[82.7164,27.7979],[82.7686,27.8103]]]}},{"type":"Feature","properties":{"name":"Eastern Ghats","kind":"mountain range","wikidata":"Q465055","area_km2":70317,"source":"GMBA Mountain Inventory v2.0 (CC BY 4.0)"},"geometry":{"type":"MultiPolygon","coordinates":[[[[86.7717,21.4572],[86.7576,21.4586],[86.75,21.4726],[86.7548,21.4906],[86.7471,21.5092],[86.7563,21.5195],[86.78,21.5209],[86.7795,21.5025],[86.7925,21.4942],[86.7717,21.4572]]],[[[86.6688,21.4782],[86.695,21.4842],[86.7052,21.4736],[86.6946,21.4624],[86.6969,21.4321],[86.7038,21.4322],[86.7098,21.4581],[86.7407,21.4552],[86.7509,21.4443],[86.7447,21.4196],[86.7075,21.3885],[86.698,21.3574],[86.68,21.3508],[86.6572,21.3574],[86.6649,21.3952],[86.6599,21.4009],[86.5999,21.3478],[86.5807,21.356],[86.5403,21.3488],[86.5275,21.3622],[86.5146,21.3556],[86.5115,21.3774],[86.5427,21.3843],[86.5424,21.3978],[86.5941,21.4289],[86.6087,21.4239],[86.6122,21.4486],[86.6366,21.4834],[86.6526,21.4939],[86.6688,21.4782]]],[[[86.4021,22.1155],[86.4266,22.1092],[86.4333,22.0817],[86.3885,22.0498],[86.3919,22.0447],[86.4292,22.0685],[86.465,22.0736],[86.476,22.0299],[86.5121,22.0024],[86.5339,21.9981],[86.5637,22.026],[86.5741,22.0258],[86.5928,21.9859],[86.5927,21.9696],[86.576,21.9382],[86.6044,21.9298],[86.6125,21.913],[86.6021,21.8857],[86.6119,21.8809],[86.6094,21.8572],[86.5879,21.8392],[86.5925,21.8173],[86.5476,21.7922],[86.5384,21.7759],[86.5331,21.7412],[86.5135,21.7278],[86.5215,21.7122],[86.5164,21.6975],[86.496,21.6925],[86.4814,21.6666],[86.4891,21.6536],[86.4675,21.6197],[86.4653,21.5982],[86.4369,21.5632],[86.4217,21.5635],[86.3887,21.5238],[86.3768,21.521],[86.3739,21.4946],[86.3499,21.4661],[86.2861,21.4301],[86.2743,21.4362],[86.2633,21.4279],[86.2635,21.3986],[86.2384,21.3863],[86.2197,21.4074],[86.2535,21.4683],[86.2802,21.4802],[86.2801,21.4865],[86.2633,21.4864],[86.25,21.5071],[86.2301,21.4979],[86.2368,21.5077],[86.2402,21.561],[86.2495,21.5725],[86.213,21.5802],[86.2005,21.6058],[86.1593,21.6403],[86.1572,21.6614],[86.1428,21.676],[86.1314,21.6759],[86.1175,21.694],[86.1175,21.7135],[86.0899,21.7305],[86.0866,21.7795],[86.1038,21.7925],[86.1208,21.7822],[86.128,21.7908],[86.1073,21.7996],[86.105,21.8229],[86.0845,21.8436],[86.089,21.8566],[86.1155,21.9052],[86.1531,21.9217],[86.1465,21.9303],[86.152,21.9607],[86.1819,21.9745],[86.1674,21.999],[86.1381,22.001],[86.13,22.0095],[86.1363,22.0489],[86.0914,22.0552],[86.0885,22.0615],[86.0977,22.0801],[86.1183,22.0938],[86.1573,22.0968],[86.1656,22.1092],[86.1859,22.0486],[86.1736,22.0335],[86.1739,22.0207],[86.2041,22.0267],[86.2216,22.0444],[86.2408,22.047],[86.2404,22.0668],[86.2655,22.0863],[86.3315,22.1028],[86.3352,22.1142],[86.382,22.1091],[86.4021,22.1155]]],[[[86.5207,22.4308],[86.5405,22.4274],[86.5542,22.397],[86.5779,22.3858],[86.5759,22.3619],[86.5541,22.3519],[86.522,22.3605],[86.5156,22.3948],[86.4927,22.4202],[86.4991,22.4297],[86.5207,22.4308]]],[[[86.5009,21.3694],[86.476,21.3425],[86.4367,21.3388],[86.4334,21.3598],[86.4497,21.3831],[86.4858,21.391],[86.5009,21.3694]]],[[[86.4384,22.2822],[86.4301,22.2835],[86.441,22.2988],[86.4508,22.299],[86.4546,22.2916],[86.4384,22.2822]]],[[[86.4103,22.2665],[86.4073,22.2688],[86.4119,22.3091],[86.4232,22.2893],[86.4103,22.2665]]],[[[86.4103,22.2665],[86.434,22.2555],[86.447,22.2278],[86.432,22.1918],[86.4186,22.1966],[86.4036,22.1885],[86.3844,22.2006],[86.3819,22.2446],[86.4133,22.2479],[86.4103,22.2665]]],[[[86.3415,22.5696],[86.3649,22.492],[86.3512,22.4855],[86.3466,22.4693],[86.3299,22.4674],[86.3353,22.4428],[86.3582,22.442],[86.3648,22.4212],[86.3477,22.4009],[86.3784,22.3725],[86.4428,22.3422],[86.4426,22.336],[86.4083,22.3456],[86.388,22.3218],[86.3736,22.3294],[86.3609,22.3197],[86.3256,22.3425],[86.3301,22.3071],[86.3488,22.288],[86.321,22.2457],[86.2942,22.2427],[86.259,22.2574],[86.2449,22.2902],[86.2575,22.3253],[86.2912,22.3383],[86.3336,22.3837],[86.3298,22.3909],[86.3087,22.3906],[86.2791,22.4026],[86.2687,22.4199],[86.2395,22.4324],[86.2301,22.4476],[86.2344,22.4678],[86.2676,22.4742],[86.259,22.4935],[86.259,22.513],[86.2713,22.5313],[86.266,22.5413],[86.2859,22.5509],[86.3004,22.5405],[86.3216,22.5647],[86.3345,22.5593],[86.3415,22.5696]]],[[[86.4165,22.5384],[86.4023,22.5337],[86.3768,22.5815],[86.358,22.5878],[86.3552,22.5953],[86.3654,22.6022],[86.3552,22.6148],[86.3933,22.6093],[86.4074,22.5957],[86.4165,22.5384]]],[[[86.4048,21.3289],[86.4082,21.3137],[86.3917,21.2971],[86.3496,21.291],[86.3479,21.313],[86.3693,21.3108],[86.3844,21.3285],[86.4048,21.3289]]],[[[86.3302,22.6466],[86.3198,22.6435],[86.3218,22.6674],[86.3287,22.6716],[86.3347,22.6575],[86.3302,22.6466]]],[[[86.2712,21.3158],[86.2855,21.2947],[86.3005,21.3009],[86.3033,21.2688],[86.2784,21.2183],[86.2499,21.1978],[86.239,21.1993],[86.2239,21.209],[86.2173,21.2917],[86.2339,21.3153],[86.2712,21.3158]]],[[[86.2322,22.9346],[86.2433,22.9281],[86.252,22.9379],[86.2573,22.9184],[86.281,22.9063],[86.2733,22.8801],[86.262,22.8862],[86.2587,22.8684],[86.238,22.8652],[86.2311,22.8519],[86.2108,22.8541],[86.1968,22.8655],[86.1519,22.869],[86.1222,22.8987],[86.1198,22.9092],[86.1364,22.9279],[86.2039,22.9304],[86.2123,22.9399],[86.2322,22.9346]]],[[[85.7135,22.9738],[85.7652,22.976],[85.7775,22.9572],[85.7911,22.9675],[85.8154,22.9677],[85.8293,22.9597],[85.8335,22.9468],[85.8922,22.9596],[85.9167,22.9287],[85.9364,22.9203],[85.9538,22.9321],[85.9645,22.9276],[85.9801,22.9072],[85.9863,22.8825],[85.9535,22.8614],[85.8978,22.8684],[85.8758,22.8629],[85.8547,22.8464],[85.8072,22.8468],[85.7866,22.8384],[85.7728,22.8411],[85.7657,22.8654],[85.716,22.8815],[85.7056,22.8924],[85.6716,22.9031],[85.6288,22.9032],[85.6186,22.8978],[85.6236,22.8923],[85.6564,22.8735],[85.6967,22.8636],[85.6964,22.8313],[85.6809,22.8228],[85.6257,22.8236],[85.5971,22.7916],[85.5796,22.7843],[85.546,22.795],[85.5328,22.7889],[85.5378,22.7797],[85.531,22.7721],[85.5135,22.77],[85.5188,22.7556],[85.4865,22.7543],[85.4776,22.8042],[85.4871,22.8247],[85.4866,22.8653],[85.5131,22.8745],[85.5182,22.8857],[85.5408,22.897],[85.556,22.8961],[85.5686,22.9082],[85.5695,22.9298],[85.5841,22.9508],[85.6282,22.9752],[85.6398,22.9673],[85.6726,22.9649],[85.6798,22.9798],[85.7135,22.9738]]],[[[85.1814,21.853],[85.2065,21.8578],[85.2328,21.8946],[85.2542,21.8925],[85.2592,21.8822],[85.2897,21.8804],[85.3142,21.8598],[85.3216,21.8675],[85.3278,21.8385],[85.3384,21.8283],[85.3218,21.8085],[85.3216,21.7959],[85.3314,21.7908],[85.3393,21.815],[85.361,21.8211],[85.3655,21.8298],[85.3405,21.855],[85.3439,21.8619],[85.3539,21.8551],[85.3592,21.8758],[85.382,21.8821],[85.4,21.8152],[85.3646,21.7672],[85.336,21.7548],[85.2929,21.7507],[85.2765,21.7892],[85.2497,21.7678],[85.2199,21.7678],[85.1927,21.7541],[85.199,21.6833],[85.1866,21.6392],[85.1944,21.6273],[85.2251,21.6172],[85.23,21.6072],[85.2424,21.6175],[85.2603,21.6018],[85.2689,21.5759],[85.324,21.5804],[85.3407,21.563],[85.3668,21.5557],[85.3808,21.5453],[85.3841,21.5176],[85.4137,21.5276],[85.4289,21.5028],[85.453,21.5029],[85.4611,21.5113],[85.4665,21.501],[85.505,21.4906],[85.5154,21.466],[85.506,21.4535],[85.5093,21.4467],[85.5202,21.4655],[85.5279,21.447],[85.5445,21.4384],[85.5197,21.4923],[85.5258,21.5111],[85.5631,21.5384],[85.5767,21.5302],[85.5843,21.5414],[85.5739,21.5528],[85.5773,21.5602],[85.5905,21.5557],[85.5801,21.5673],[85.584,21.5759],[85.6054,21.5662],[85.619,21.5709],[85.6278,21.5538],[85.6258,21.5214],[85.5676,21.4698],[85.584,21.4678],[85.5864,21.4486],[85.5968,21.4386],[85.5843,21.4192],[85.603,21.3979],[85.5843,21.3948],[85.5869,21.3841],[85.6176,21.3573],[85.6251,21.3299],[85.6183,21.3195],[85.6052,21.3198],[85.5922,21.3093],[85.5789,21.3139],[85.576,21.338],[85.562,21.3579],[85.5435,21.3442],[85.5205,21.3463],[85.5147,21.3348],[85.5289,21.3093],[85.5545,21.3068],[85.5571,21.2905],[85.5818,21.2937],[85.5932,21.2801],[85.6028,21.2924],[85.6536,21.3196],[85.696,21.2936],[85.71,21.2984],[85.7248,21.2884],[85.7278,21.305],[85.7358,21.3052],[85.7433,21.2868],[85.7342,21.2697],[85.7443,21.275],[85.7426,21.2553],[85.7571,21.2427],[85.7675,21.1915],[85.7814,21.1739],[85.8047,21.1781],[85.8537,21.1602],[85.8717,21.1318],[85.8697,21.1112],[85.8593,21.1114],[85.8655,21.1019],[85.8749,21.1067],[85.8893,21.0993],[85.9297,21.1136],[85.9464,21.1054],[85.953,21.0884],[85.9776,21.0961],[85.9854,21.078],[85.9628,21.0391],[85.923,21.0239],[85.9019,21.0288],[85.7947,21.013],[85.7986,21.0417],[85.8572,21.0592],[85.8573,21.0654],[85.8121,21.0656],[85.7788,21.0553],[85.7311,21.0775],[85.7199,21.0718],[85.7009,21.0759],[85.6983,21.0574],[85.6386,21.059],[85.6324,21.0946],[85.6239,21.1027],[85.6374,21.1188],[85.6314,21.1369],[85.6156,21.1445],[85.615,21.1753],[85.6551,21.1984],[85.6324,21.2027],[85.6191,21.2252],[85.5901,21.2488],[85.563,21.2522],[85.5301,21.2335],[85.5094,21.2362],[85.499,21.2534],[85.5009,21.2739],[85.496,21.2687],[85.4727,21.2764],[85.4655,21.2903],[85.4715,21.34],[85.4863,21.3568],[85.4805,21.3696],[85.4515,21.3755],[85.4219,21.4049],[85.4111,21.4313],[85.3657,21.4676],[85.3387,21.4752],[85.3344,21.5032],[85.3208,21.5271],[85.303,21.5317],[85.2765,21.5136],[85.2467,21.5072],[85.2425,21.4756],[85.2424,21.4555],[85.2716,21.4428],[85.276,21.4281],[85.2699,21.4191],[85.305,21.3722],[85.3073,21.3428],[85.3001,21.3281],[85.2738,21.3113],[85.2684,21.2947],[85.2578,21.2977],[85.2349,21.321],[85.24,21.3309],[85.2273,21.3489],[85.1897,21.3539],[85.1801,21.3631],[85.1798,21.38],[85.2426,21.3881],[85.2155,21.4372],[85.2211,21.4604],[85.1983,21.4705],[85.1864,21.4943],[85.2134,21.5375],[85.1991,21.5534],[85.2093,21.5632],[85.193,21.5759],[85.1844,21.5721],[85.1905,21.5492],[85.1824,21.5351],[85.1728,21.54],[85.1533,21.5316],[85.1344,21.5113],[85.1034,21.5296],[85.0843,21.5611],[85.0864,21.5894],[85.1114,21.6196],[85.1173,21.6481],[85.0747,21.6514],[85.0536,21.6438],[85.0573,21.6035],[85.0495,21.5873],[85.038,21.5833],[85.0154,21.5926],[85.0156,21.6133],[84.9965,21.663],[84.9987,21.6819],[85.0174,21.705],[85.0321,21.6926],[85.0365,21.6966],[85.0421,21.7258],[85.0698,21.7176],[85.0843,21.6988],[85.1259,21.6981],[85.1236,21.711],[85.0763,21.7213],[85.0698,21.7309],[85.0692,21.7609],[85.09,21.7708],[85.0736,21.81],[85.0447,21.8403],[85.0601,21.8605],[85.096,21.8809],[85.1028,21.9087],[85.1253,21.9142],[85.1251,21.9459],[85.1603,21.9755],[85.1905,21.9621],[85.1819,21.9111],[85.1635,21.8887],[85.1814,21.853]]],[[[85.799,20.7052],[85.8042,20.6941],[85.8238,20.6949],[85.8214,20.668],[85.828,20.6584],[85.8206,20.6447],[85.7892,20.6579],[85.7702,20.6549],[85.7561,20.6332],[85.7302,20.646],[85.7298,20.6861],[85.7618,20.7053],[85.7934,20.7103],[85.799,20.7052]]],[[[85.7246,22.6329],[85.7446,22.6002],[85.7276,22.5595],[85.7142,22.5552],[85.6923,22.5625],[85.6811,22.5457],[85.6617,22.5518],[85.6503,22.5449],[85.6344,22.557],[85.6048,22.5455],[85.5865,22.5619],[85.592,22.5817],[85.6457,22.6028],[85.6507,22.6225],[85.6386,22.625],[85.6542,22.6376],[85.6628,22.6404],[85.666,22.6249],[85.6745,22.6262],[85.6915,22.663],[85.705,22.6654],[85.7261,22.6543],[85.7338,22.6443],[85.7246,22.6329]]],[[[85.6424,21.5614],[85.6436,21.5374],[85.6322,21.5527],[85.6345,21.5696],[85.6424,21.5614]]],[[[85.5874,20.5708],[85.5837,20.554],[85.5703,20.5556],[85.5378,20.5395],[85.5238,20.569],[85.5107,20.5745],[85.506,20.595],[85.5154,20.6067],[85.5402,20.6049],[85.5707,20.5936],[85.5874,20.5708]]],[[[85.4964,21.5946],[85.4887,21.593],[85.4762,21.6126],[85.4805,21.6523],[85.4739,21.6681],[85.4881,21.6946],[85.5021,21.6954],[85.5209,21.6647],[85.5314,21.6598],[85.5384,21.6392],[85.5321,21.6163],[85.4964,21.5946]]],[[[85.5259,21.0288],[85.5142,20.9943],[85.4957,20.9832],[85.4489,21.0147],[85.4689,21.0188],[85.4759,21.0314],[85.4689,21.0717],[85.4845,21.069],[85.4953,21.0597],[85.4943,21.0477],[85.5259,21.0288]]],[[[85.4843,22.653],[85.5068,22.6613],[85.5134,22.6324],[85.5044,22.6218],[85.4989,22.625],[85.5064,22.6361],[85.4416,22.6186],[85.4273,22.6385],[85.3844,22.6298],[85.3676,22.6511],[85.4029,22.6922],[85.4271,22.6979],[85.4367,22.7113],[85.4832,22.6932],[85.4843,22.653]]],[[[85.4477,22.0695],[85.4436,22.0624],[85.4321,22.0633],[85.4153,22.0776],[85.4175,22.1252],[85.43,22.1439],[85.456,22.1396],[85.4758,22.0947],[85.4633,22.073],[85.4477,22.0695]]],[[[85.3942,22.3061],[85.374,22.2867],[85.3635,22.262],[85.3915,22.2883],[85.4058,22.2904],[85.4178,22.2841],[85.4185,22.2487],[85.3895,22.2253],[85.382,22.1879],[85.3614,22.1636],[85.3339,22.1023],[85.2697,22.0342],[85.2517,22.0506],[85.2447,22.0784],[85.2572,22.0921],[85.2448,22.1263],[85.3088,22.1543],[85.317,22.1759],[85.3114,22.1952],[85.3278,22.2113],[85.3306,22.2316],[85.3135,22.2617],[85.3207,22.2754],[85.2965,22.259],[85.289,22.2342],[85.2666,22.2197],[85.2438,22.2323],[85.2316,22.2495],[85.2383,22.2659],[85.2295,22.2696],[85.219,22.2582],[85.2141,22.2686],[85.1984,22.2528],[85.1923,22.253],[85.1922,22.2696],[85.1764,22.2537],[85.1687,22.2577],[85.1698,22.2854],[85.1835,22.2887],[85.2035,22.3143],[85.2343,22.3175],[85.2757,22.3423],[85.2873,22.3334],[85.3002,22.3404],[85.3097,22.3339],[85.3283,22.3113],[85.3283,22.2989],[85.3679,22.345],[85.3833,22.3522],[85.3999,22.3275],[85.3942,22.3061]]],[[[84.8885,20.7233],[84.9015,20.7155],[84.9224,20.7321],[84.941,20.7223],[84.9517,20.7342],[84.9822,20.7048],[84.9935,20.7052],[84.9973,20.7172],[85.0067,20.7196],[85.0179,20.711],[85.0198,20.6904],[85.0525,20.6867],[85.0722,20.6468],[85.0975,20.6613],[85.1096,20.6482],[85.1287,20.6506],[85.1701,20.6235],[85.1759,20.6104],[85.164,20.5949],[85.1156,20.5906],[85.105,20.582],[85.105,20.5731],[85.138,20.55],[85.1556,20.5559],[85.1724,20.5919],[85.1829,20.5972],[85.1959,20.5966],[85.2138,20.5723],[85.2129,20.5957],[85.2203,20.5988],[85.2437,20.5801],[85.2377,20.6113],[85.267,20.5981],[85.2697,20.5762],[85.2593,20.5548],[85.3113,20.5363],[85.3413,20.5384],[85.3551,20.5234],[85.3981,20.5147],[85.4014,20.5007],[85.4137,20.5009],[85.413,20.4849],[85.3939,20.4587],[85.3667,20.4598],[85.3562,20.4711],[85.3448,20.4596],[85.3179,20.462],[85.3085,20.453],[85.2799,20.4614],[85.2582,20.4499],[85.2386,20.4507],[85.1901,20.4673],[85.1746,20.4768],[85.1714,20.4901],[85.0924,20.5365],[85.0756,20.5404],[85.04,20.5261],[84.9953,20.5675],[85.012,20.5614],[85.0155,20.571],[84.9799,20.5714],[84.9579,20.5946],[84.9568,20.5634],[84.9027,20.576],[84.9035,20.5959],[84.9157,20.5988],[84.9,20.6064],[84.8902,20.6318],[84.8487,20.649],[84.8484,20.6967],[84.8252,20.6907],[84.8093,20.7201],[84.8239,20.7384],[84.8259,20.7655],[84.8415,20.7875],[84.8789,20.7818],[84.8941,20.7654],[84.8967,20.7437],[84.8885,20.7233]]],[[[85.3925,20.6862],[85.4039,20.6746],[85.3811,20.6644],[85.3531,20.6751],[85.3609,20.6871],[85.3845,20.6919],[85.3925,20.6862]]],[[[85.3821,22.7739],[85.3678,22.7738],[85.3561,22.7873],[85.3536,22.8079],[85.3638,22.8154],[85.385,22.8065],[85.3967,22.7866],[85.3938,22.7765],[85.3821,22.7739]]],[[[85.3431,22.7538],[85.371,22.7429],[85.3819,22.6752],[85.366,22.6681],[85.3624,22.6561],[85.335,22.6618],[85.3165,22.6551],[85.2988,22.6709],[85.2823,22.6657],[85.2706,22.6749],[85.2722,22.7188],[85.2946,22.7195],[85.275,22.7491],[85.2782,22.7638],[85.3057,22.7722],[85.3431,22.7538]]],[[[85.3358,21.228],[85.3176,21.2242],[85.3047,21.2475],[85.2806,21.2645],[85.2851,21.288],[85.2739,21.298],[85.2844,21.3071],[85.2947,21.3046],[85.3106,21.2811],[85.3422,21.2762],[85.3645,21.2566],[85.3586,21.2375],[85.3358,21.228]]],[[[85.251,20.0052],[85.2776,20.0217],[85.2848,20.0185],[85.2803,20.0099],[85.2983,20.0069],[85.3014,19.9972],[85.3201,19.9892],[85.3482,19.9988],[85.3599,19.9728],[85.3365,19.9551],[85.3075,19.9615],[85.276,19.9552],[85.2761,19.9345],[85.2659,19.9238],[85.251,19.9273],[85.2415,19.8986],[85.2119,19.8948],[85.2063,19.8718],[85.1704,19.868],[85.1759,19.8574],[85.1388,19.8447],[85.1278,19.8342],[85.1281,19.8198],[85.1159,19.8115],[85.0885,19.8154],[85.0771,19.8544],[85.0821,19.8695],[85.1186,19.876],[85.131,19.8676],[85.128,19.8944],[85.143,19.9189],[85.1757,19.9342],[85.1931,19.9287],[85.2111,19.9655],[85.2238,19.9653],[85.2365,19.9773],[85.2366,19.9988],[85.2177,19.9906],[85.1228,19.9056],[85.0758,19.8926],[85.0583,19.8752],[85.0658,19.8473],[85.0391,19.819],[85.0401,19.7856],[85.0141,19.7331],[84.9996,19.718],[84.9739,19.7105],[84.9741,19.693],[84.9518,19.6765],[84.9478,19.6642],[84.9218,19.6777],[84.9257,19.6918],[84.9004,19.703],[84.8804,19.6843],[84.8661,19.6974],[84.8602,19.7145],[84.8739,19.7239],[84.8619,19.7533],[84.874,19.7658],[84.906,19.7717],[84.9238,19.7664],[84.9238,19.7531],[84.933,19.7468],[84.9427,19.7466],[84.9567,19.7612],[84.9817,19.7633],[85.0226,19.8329],[85.0153,19.844],[84.9821,19.8301],[84.9516,19.8053],[84.9238,19.813],[84.9033,19.7926],[84.8722,19.8196],[84.8644,19.8425],[84.8789,19.8356],[84.8863,19.8509],[84.9007,19.8468],[84.9326,19.8572],[84.9509,19.8757],[84.9404,19.8978],[84.9716,19.923],[84.9859,19.9279],[84.9992,19.9178],[85.0137,19.9225],[85.0373,19.9513],[85.0369,19.9838],[85.0873,20.003],[85.1043,20.0],[85.1166,19.9769],[85.0987,19.9549],[85.1918,20.0124],[85.2485,20.0596],[85.2981,20.071],[85.3073,20.0385],[85.2791,20.0266],[85.251,20.0052]]],[[[85.2728,22.6436],[85.2698,22.6348],[85.2815,22.6141],[85.2939,22.6104],[85.2918,22.601],[85.2811,22.6069],[85.2479,22.6019],[85.234,22.6138],[85.194,22.6166],[85.1557,22.5984],[85.1127,22.5985],[85.1047,22.6078],[85.1106,22.6543],[85.1227,22.6579],[85.139,22.6426],[85.1663,22.6742],[85.1907,22.6662],[85.2112,22.6853],[85.2141,22.6981],[85.237,22.6963],[85.2562,22.6744],[85.2547,22.6554],[85.2627,22.6442],[85.2728,22.6436]]],[[[85.2728,22.6436],[85.2961,22.6427],[85.3028,22.6381],[85.2923,22.6261],[85.2728,22.6436]]],[[[85.2634,20.1467],[85.2717,20.136],[85.2683,20.0992],[85.2354,20.0802],[85.1982,20.0784],[85.1823,20.1056],[85.2026,20.1442],[85.2247,20.1517],[85.2397,20.1438],[85.2532,20.155],[85.2634,20.1467]]],[[[85.1679,19.6763],[85.1323,19.6876],[85.1485,19.7123],[85.1518,19.7342],[85.1842,19.6912],[85.1679,19.6763]]],[[[85.1378,22.0926],[85.1135,22.0974],[85.1015,22.1212],[85.1,22.1314],[85.119,22.1486],[85.1273,22.1498],[85.1571,22.1052],[85.1509,22.0948],[85.1378,22.0926]]],[[[85.0698,20.2879],[85.0823,20.2758],[85.1204,20.2885],[85.1484,20.2875],[85.1527,20.2313],[85.1366,20.2249],[85.141,20.2121],[85.1332,20.1957],[85.1093,20.1967],[85.0985,20.21],[85.0758,20.2072],[85.0423,20.2447],[85.0333,20.2242],[85.0049,20.2491],[85.0051,20.2594],[85.0183,20.2593],[85.0142,20.2714],[85.0306,20.3141],[85.0281,20.3345],[85.0661,20.35],[85.1128,20.3356],[85.1155,20.3223],[85.1061,20.31],[85.0698,20.2879]]],[[[85.1291,22.1758],[85.1389,22.164],[85.1121,22.1553],[85.1109,22.1671],[85.1291,22.1758]]],[[[85.0514,20.089],[85.0395,20.0677],[85.029,20.0737],[84.9749,20.054],[84.9512,20.0639],[84.953,20.1061],[85.0055,20.1466],[85.0528,20.1186],[85.0514,20.089]]],[[[84.9989,19.9696],[84.9672,19.9723],[84.9621,19.9887],[84.9831,20.0175],[85.0095,19.9942],[84.9989,19.9696]]],[[[84.9713,20.3985],[84.98,20.3916],[84.9478,20.3874],[84.9198,20.3979],[84.9253,20.411],[84.9444,20.4154],[84.9656,20.4123],[84.9713,20.3985]]],[[[84.9114,20.8343],[84.9569,20.8293],[84.9705,20.8209],[84.9749,20.8088],[84.9642,20.7823],[84.9261,20.7786],[84.9157,20.7875],[84.8993,20.8129],[84.8985,20.8231],[84.9114,20.8343]]],[[[84.9723,21.5636],[84.9714,21.5545],[84.9561,21.5457],[84.8909,21.5606],[84.8877,21.5787],[84.9018,21.6316],[84.9653,21.6172],[84.9723,21.5636]]],[[[82.9895,18.8686],[83.0117,18.8908],[83.0293,18.8931],[83.0176,18.9474],[83.0273,18.9655],[83.0391,18.9742],[83.0643,18.9697],[83.0682,18.982],[83.1091,18.9882],[83.1384,19.0172],[83.1376,19.0595],[83.1822,19.1049],[83.2009,19.1746],[83.1412,19.1881],[83.1337,19.1998],[83.1285,19.2378],[83.1405,19.2638],[83.1351,19.2739],[83.1446,19.308],[83.1317,19.3121],[83.1228,19.3309],[83.1079,19.388],[83.1114,19.4368],[83.1231,19.4624],[83.1104,19.4741],[83.0952,19.5216],[83.121,19.5545],[83.1434,19.6039],[83.1383,19.6136],[83.1258,19.6135],[83.1191,19.63],[83.1075,19.6174],[83.0846,19.6178],[83.0356,19.5918],[83.0105,19.5949],[82.9946,19.6463],[82.9748,19.6537],[82.9674,19.6486],[82.9685,19.6218],[82.9569,19.6046],[82.9571,19.5847],[82.9239,19.5433],[82.9309,19.5332],[82.903,19.4968],[82.901,19.4788],[82.9133,19.4517],[82.8958,19.4056],[82.8797,19.4026],[82.8664,19.389],[82.8478,19.3874],[82.8186,19.4207],[82.8521,19.428],[82.8629,19.4467],[82.8508,19.4677],[82.851,19.496],[82.8679,19.5241],[82.8801,19.5236],[82.8905,19.5345],[82.8676,19.5632],[82.8808,19.5787],[82.9009,19.5779],[82.9155,19.5909],[82.9017,19.6072],[82.9126,19.6286],[82.8947,19.6597],[82.9092,19.6777],[82.9426,19.6849],[82.9322,19.7067],[82.9421,19.7195],[82.9343,19.736],[82.9485,19.7534],[82.9567,19.7592],[82.9687,19.75],[83.0025,19.7717],[83.0244,19.7489],[83.0347,19.76],[83.0509,19.7555],[83.0425,19.7714],[83.0532,19.7757],[83.0468,19.7888],[83.0666,19.8019],[83.0853,19.8342],[83.1061,19.8211],[83.1092,19.8059],[83.1019,19.7952],[83.1074,19.7905],[83.1163,19.8085],[83.1461,19.8046],[83.1579,19.7757],[83.1741,19.7863],[83.1886,19.7654],[83.1822,19.757],[83.2074,19.7364],[83.2125,19.7472],[83.2073,19.7577],[83.2217,19.7712],[83.1994,19.8088],[83.2035,19.8397],[83.1857,19.8826],[83.1894,19.8932],[83.2201,19.8962],[83.2405,19.884],[83.228,19.8988],[83.226,19.9226],[83.2432,19.9607],[83.2643,19.9749],[83.3018,19.9701],[83.3152,19.9599],[83.3179,19.9374],[83.3284,19.9343],[83.3604,19.9696],[83.3805,19.959],[83.3802,19.9355],[83.4004,19.9271],[83.3949,19.8729],[83.4324,19.8632],[83.4325,19.8445],[83.4119,19.8305],[83.4185,19.818],[83.4142,19.8055],[83.3976,19.8011],[83.3799,19.8073],[83.3707,19.8377],[83.3478,19.8464],[83.3176,19.8354],[83.3301,19.8148],[83.3247,19.7944],[83.2932,19.7743],[83.2906,19.7642],[83.3009,19.7463],[83.2936,19.7285],[83.2847,19.7203],[83.2747,19.7257],[83.2591,19.7174],[83.2592,19.6944],[83.2424,19.6903],[83.2287,19.6552],[83.2392,19.6318],[83.2567,19.632],[83.278,19.614],[83.2801,19.6016],[83.2618,19.5685],[83.2833,19.5181],[83.2754,19.5143],[83.28,19.4921],[83.2673,19.4803],[83.2683,19.456],[83.2807,19.4445],[83.2925,19.4449],[83.2967,19.4288],[83.2902,19.3948],[83.3044,19.3853],[83.3181,19.3992],[83.3302,19.3987],[83.3323,19.4075],[83.3452,19.4067],[83.3524,19.4179],[83.368,19.4177],[83.3677,19.4309],[83.3947,19.4247],[83.3988,19.431],[83.3869,19.4346],[83.3684,19.4813],[83.3543,19.4869],[83.3478,19.5146],[83.3293,19.5208],[83.3099,19.5525],[83.3149,19.5618],[83.3066,19.5834],[83.316,19.6161],[83.3338,19.6151],[83.3441,19.651],[83.324,19.6703],[83.3188,19.6875],[83.3258,19.697],[83.3188,19.7166],[83.3296,19.7591],[83.3406,19.7734],[83.3732,19.7702],[83.3769,19.7875],[83.3941,19.7767],[83.3956,19.7665],[83.3854,19.7624],[83.383,19.7316],[83.363,19.7153],[83.3552,19.685],[83.4164,19.7136],[83.4359,19.7404],[83.4503,19.7415],[83.4794,19.7249],[83.4639,19.7015],[83.4815,19.6428],[83.476,19.6329],[83.4862,19.6263],[83.4929,19.569],[83.485,19.5373],[83.472,19.5284],[83.4701,19.5096],[83.4575,19.4935],[83.4608,19.4766],[83.4822,19.4764],[83.4889,19.4601],[83.5078,19.4498],[83.5078,19.4343],[83.5204,19.4542],[83.5455,19.4356],[83.555,19.4505],[83.5345,19.4996],[83.5418,19.5061],[83.5611,19.5106],[83.5733,19.504],[83.5777,19.4804],[83.5962,19.4655],[83.6185,19.4974],[83.5802,19.5476],[83.5781,19.5669],[83.5967,19.5703],[83.5919,19.5792],[83.5992,19.5939],[83.616,19.6056],[83.6141,19.6441],[83.6354,19.6518],[83.6404,19.67],[83.6249,19.669],[83.6054,19.685],[83.6036,19.7073],[83.5709,19.7085],[83.566,19.7191],[83.5518,19.7224],[83.5489,19.7331],[83.5592,19.753],[83.578,19.7713],[83.5386,19.8092],[83.5199,19.7929],[83.5079,19.8008],[83.493,19.7926],[83.4807,19.8022],[83.4747,19.8197],[83.4913,19.8643],[83.4864,19.8732],[83.473,19.8821],[83.4572,19.8764],[83.4379,19.8848],[83.4021,19.934],[83.4055,19.9611],[83.4217,19.9714],[83.4134,19.9821],[83.4119,20.0062],[83.4227,20.0217],[83.4656,20.0152],[83.4677,20.0766],[83.4839,20.0804],[83.5024,20.0835],[83.5145,20.0751],[83.5235,20.0814],[83.5268,20.071],[83.5373,20.0767],[83.5647,20.0708],[83.5629,20.0522],[83.5714,20.0405],[83.5907,20.0959],[83.6264,20.1324],[83.6346,20.1319],[83.6697,20.0585],[83.6818,20.0634],[83.6811,20.0859],[83.6866,20.0883],[83.6922,20.0761],[83.6846,20.0653],[83.6938,20.0433],[83.6804,20.0186],[83.6932,20.0064],[83.6996,19.9545],[83.7108,19.9494],[83.7174,19.9675],[83.7386,19.9553],[83.7473,19.9365],[83.773,19.9295],[83.7813,19.934],[83.7904,19.9135],[83.7957,19.9769],[83.802,19.9666],[83.81,19.9678],[83.8088,19.9762],[83.8277,19.9862],[83.84,19.9814],[83.8536,19.9539],[83.8584,19.9146],[83.8708,19.9238],[83.8575,19.9854],[83.8738,20.0239],[83.8561,20.0375],[83.8435,20.0155],[83.8334,20.0224],[83.8176,20.0178],[83.8225,20.0272],[83.7925,20.0491],[83.7926,20.0579],[83.8093,20.0667],[83.8029,20.076],[83.7908,20.0758],[83.7886,20.1104],[83.7715,20.1072],[83.7582,20.126],[83.7445,20.1281],[83.7403,20.1592],[83.7145,20.1321],[83.6903,20.1259],[83.6771,20.1349],[83.6659,20.1291],[83.676,20.1094],[83.6673,20.1051],[83.653,20.126],[83.6613,20.1376],[83.6437,20.1411],[83.6281,20.1919],[83.6069,20.2118],[83.603,20.224],[83.6171,20.2454],[83.6049,20.2617],[83.5717,20.2698],[83.5614,20.3219],[83.5969,20.3506],[83.5868,20.3744],[83.5938,20.3812],[83.6387,20.38],[83.6405,20.3364],[83.651,20.3218],[83.6691,20.3446],[83.688,20.3364],[83.6834,20.3541],[83.7146,20.3799],[83.7324,20.3842],[83.7424,20.3739],[83.7468,20.3816],[83.7299,20.3971],[83.7302,20.4095],[83.7519,20.4493],[83.7879,20.4687],[83.776,20.5146],[83.7905,20.5675],[83.798,20.5775],[83.8368,20.5718],[83.8533,20.6054],[83.8907,20.6239],[83.8905,20.6335],[83.8741,20.6367],[83.8718,20.6533],[83.8865,20.6781],[83.919,20.6821],[83.9658,20.6737],[83.9985,20.6438],[83.9934,20.6241],[84.0107,20.6076],[84.0428,20.6115],[84.048,20.6222],[84.038,20.6505],[84.0406,20.6761],[84.0557,20.6834],[84.0898,20.6661],[84.0866,20.6462],[84.095,20.6384],[84.1119,20.6556],[84.1797,20.6634],[84.2008,20.6313],[84.2158,20.6218],[84.2422,20.6354],[84.2447,20.6656],[84.2615,20.6738],[84.2786,20.6972],[84.2748,20.7082],[84.2865,20.7406],[84.3036,20.7403],[84.3324,20.7196],[84.3503,20.7199],[84.3697,20.6736],[84.4093,20.6447],[84.4035,20.6271],[84.4115,20.6154],[84.4305,20.6087],[84.4301,20.5883],[84.4133,20.5842],[84.414,20.5562],[84.4354,20.552],[84.4433,20.571],[84.4608,20.58],[84.4719,20.5716],[84.5158,20.5767],[84.5331,20.5885],[84.5555,20.5833],[84.5822,20.5884],[84.5992,20.603],[84.6346,20.5861],[84.6426,20.5694],[84.626,20.5535],[84.6128,20.5208],[84.6176,20.5084],[84.6092,20.4801],[84.6148,20.4689],[84.627,20.472],[84.6234,20.4861],[84.6323,20.5094],[84.674,20.5238],[84.6956,20.5514],[84.6865,20.6055],[84.7176,20.6159],[84.6963,20.6404],[84.6538,20.633],[84.6402,20.6857],[84.6193,20.6967],[84.6116,20.7173],[84.5957,20.7198],[84.572,20.7378],[84.556,20.7745],[84.5223,20.7713],[84.4739,20.8132],[84.451,20.8159],[84.4532,20.8408],[84.4687,20.8455],[84.4798,20.8633],[84.5091,20.8594],[84.523,20.8737],[84.5465,20.8699],[84.5513,20.8427],[84.5998,20.823],[84.6145,20.8027],[84.6414,20.7997],[84.6639,20.7813],[84.7274,20.693],[84.7508,20.6882],[84.762,20.696],[84.7881,20.6754],[84.812,20.6763],[84.8175,20.6661],[84.8079,20.6387],[84.8129,20.6294],[84.7968,20.622],[84.8005,20.6136],[84.8181,20.6206],[84.8351,20.6121],[84.8461,20.5915],[84.8881,20.5645],[84.9001,20.5128],[84.8895,20.501],[84.8721,20.5018],[84.8786,20.4896],[84.9321,20.4856],[84.9511,20.4614],[84.9465,20.4484],[84.928,20.4348],[84.8935,20.4322],[84.8902,20.4462],[84.8648,20.4491],[84.8436,20.4647],[84.8352,20.4875],[84.814,20.4942],[84.8108,20.5075],[84.7897,20.5113],[84.7801,20.4785],[84.7991,20.463],[84.8037,20.4486],[84.8125,20.449],[84.8134,20.4168],[84.8035,20.4134],[84.7901,20.4238],[84.776,20.4108],[84.8051,20.409],[84.7641,20.3936],[84.7565,20.3393],[84.7684,20.3142],[84.7656,20.2866],[84.7631,20.2771],[84.7506,20.2731],[84.7571,20.2333],[84.7434,20.2207],[84.7105,20.2342],[84.7042,20.2098],[84.7348,20.1922],[84.7344,20.1699],[84.7235,20.1485],[84.7088,20.1488],[84.6946,20.1345],[84.6779,20.0776],[84.6395,20.0577],[84.6356,20.07],[84.6187,20.0765],[84.6155,20.1037],[84.6018,20.1164],[84.6166,20.1434],[84.5742,20.1738],[84.5804,20.1585],[84.5752,20.1233],[84.5581,20.1125],[84.5401,20.1199],[84.5251,20.1467],[84.5297,20.1597],[84.5216,20.1634],[84.501,20.1348],[84.5209,20.1207],[84.5183,20.0949],[84.5042,20.0818],[84.4776,20.0759],[84.4604,20.0921],[84.4468,20.0913],[84.4538,20.0812],[84.4447,20.063],[84.4591,20.0399],[84.4477,20.0201],[84.4612,20.0],[84.4415,19.9921],[84.4153,19.9967],[84.4093,19.9717],[84.3885,19.9529],[84.3965,19.9489],[84.4115,19.9615],[84.4371,19.9654],[84.4466,19.9432],[84.4721,19.9275],[84.4718,19.913],[84.5031,19.9071],[84.5082,19.9214],[84.5157,19.9174],[84.5253,19.8926],[84.5079,19.9018],[84.5052,19.892],[84.5322,19.8599],[84.5253,19.8432],[84.4896,19.8196],[84.4926,19.7943],[84.4623,19.7759],[84.4498,19.805],[84.4456,19.779],[84.437,19.7759],[84.421,19.7869],[84.4134,19.8159],[84.401,19.8274],[84.399,19.846],[84.4061,19.8564],[84.3942,19.8592],[84.3878,19.8429],[84.3732,19.8394],[84.3672,19.8488],[84.3581,19.844],[84.3463,19.8502],[84.3385,19.8629],[84.3494,19.8872],[84.327,19.8983],[84.3148,19.8601],[84.3217,19.8424],[84.2972,19.8322],[84.2944,19.8438],[84.2739,19.8458],[84.2826,19.8316],[84.2791,19.815],[84.2999,19.8154],[84.3137,19.8048],[84.3258,19.757],[84.3468,19.7497],[84.3556,19.7544],[84.363,19.7387],[84.3484,19.6968],[84.2864,19.7192],[84.2904,19.6936],[84.3238,19.6712],[84.313,19.6373],[84.3026,19.6277],[84.2829,19.6309],[84.2801,19.6206],[84.3003,19.6149],[84.3218,19.6194],[84.3525,19.6696],[84.3768,19.6625],[84.3867,19.6301],[84.4069,19.6446],[84.4345,19.6278],[84.4401,19.616],[84.487,19.5934],[84.4847,19.5301],[84.5098,19.5613],[84.5472,19.5464],[84.5606,19.4949],[84.555,19.4736],[84.5176,19.4529],[84.4985,19.4511],[84.4887,19.4663],[84.4526,19.4717],[84.4179,19.4544],[84.4114,19.4273],[84.4217,19.3971],[84.4069,19.3789],[84.3721,19.3728],[84.403,19.3512],[84.3927,19.3352],[84.4141,19.3383],[84.4306,19.3296],[84.4363,19.2857],[84.4302,19.2645],[84.4762,19.2755],[84.4884,19.2538],[84.477,19.2362],[84.4648,19.2365],[84.452,19.2159],[84.4385,19.2093],[84.4415,19.1961],[84.4343,19.1852],[84.3801,19.1788],[84.3905,19.1405],[84.4194,19.147],[84.4321,19.1301],[84.4471,19.1334],[84.4736,19.1238],[84.4662,19.1363],[84.4716,19.1364],[84.4865,19.1266],[84.5094,19.0806],[84.4697,19.0463],[84.4729,19.0405],[84.5132,19.0675],[84.5404,19.0635],[84.5447,19.0464],[84.5301,19.0325],[84.549,19.0159],[84.5113,18.9745],[84.4801,18.9694],[84.4863,18.9882],[84.4602,19.0175],[84.4364,19.0144],[84.458,18.9949],[84.4694,18.9652],[84.4636,18.9531],[84.4459,18.9571],[84.439,18.9491],[84.4447,18.9325],[84.4345,18.9074],[84.4069,18.8899],[84.4021,18.8751],[84.3652,18.8522],[84.3602,18.8367],[84.3414,18.8303],[84.2947,18.833],[84.303,18.8199],[84.2968,18.797],[84.3158,18.7898],[84.3238,18.7742],[84.3135,18.7426],[84.2916,18.7521],[84.2566,18.728],[84.2436,18.7349],[84.2356,18.7544],[84.2525,18.7758],[84.2408,18.7718],[84.2308,18.7811],[84.2265,18.8019],[84.2391,18.8059],[84.2498,18.8223],[84.2902,18.8413],[84.3065,18.864],[84.2822,18.8791],[84.2379,18.8651],[84.2283,18.8551],[84.2133,18.8571],[84.16,18.8916],[84.1532,18.9016],[84.1534,18.968],[84.135,18.9967],[84.13,18.9761],[84.1366,18.9387],[84.1267,18.9257],[84.1426,18.8837],[84.1336,18.8688],[84.1405,18.8554],[84.125,18.8613],[84.1448,18.826],[84.1323,18.8073],[84.1016,18.8078],[84.0904,18.8216],[84.0907,18.834],[84.0508,18.8633],[84.0448,18.8509],[84.022,18.855],[84.0096,18.8323],[83.9924,18.8247],[83.9756,18.8383],[83.9637,18.8259],[83.9375,18.8416],[83.9221,18.8363],[83.9201,18.8614],[83.9401,18.8858],[83.9186,18.8951],[83.8885,18.928],[83.8744,18.9186],[83.8614,18.9439],[83.8643,18.951],[83.8759,18.9508],[83.8837,18.97],[83.8521,18.9954],[83.8468,19.0113],[83.8177,19.0216],[83.8072,19.0389],[83.823,19.0475],[83.8188,19.0597],[83.8432,19.0992],[83.8673,19.1113],[83.8945,19.0884],[83.9044,19.0948],[83.8968,19.1171],[83.9172,19.1305],[83.9323,19.1552],[83.9301,19.1943],[83.9363,19.209],[83.908,19.1926],[83.8869,19.1951],[83.874,19.2035],[83.8737,19.2169],[83.8903,19.2379],[83.8822,19.2497],[83.8981,19.2821],[83.9238,19.2844],[83.9306,19.2976],[83.8765,19.3296],[83.8739,19.3406],[83.8552,19.3464],[83.8448,19.359],[83.8428,19.3841],[83.8177,19.3932],[83.8201,19.423],[83.8074,19.4425],[83.7956,19.4222],[83.7724,19.4199],[83.7448,19.4531],[83.7414,19.4464],[83.7581,19.4201],[83.7646,19.3904],[83.7462,19.3396],[83.7586,19.2949],[83.7417,19.2782],[83.726,19.2751],[83.7322,19.2615],[83.7246,19.2284],[83.6949,19.2321],[83.6801,19.2245],[83.6693,19.2317],[83.6469,19.1927],[83.6324,19.1946],[83.6135,19.1657],[83.6405,19.1552],[83.6425,19.137],[83.655,19.133],[83.6426,19.053],[83.6228,19.0156],[83.6374,19.0041],[83.6285,18.9655],[83.6426,18.9656],[83.6426,18.9569],[83.6833,18.9543],[83.6926,18.9407],[83.6908,18.9012],[83.6784,18.8864],[83.7002,18.862],[83.6952,18.8362],[83.709,18.8362],[83.7155,18.872],[83.7243,18.8804],[83.725,18.9141],[83.7404,18.9216],[83.7165,18.953],[83.7279,18.9801],[83.7422,18.9848],[83.7591,18.9719],[83.7756,18.939],[83.7977,18.9294],[83.8008,18.9012],[83.8184,18.8984],[83.8272,18.8867],[83.853,18.8253],[83.8289,18.7785],[83.8478,18.7405],[83.8571,18.7441],[83.8571,18.7592],[83.8843,18.747],[83.8697,18.7303],[83.8862,18.7209],[83.9085,18.6678],[83.8961,18.6458],[83.9009,18.6365],[83.8906,18.6104],[83.8936,18.5746],[83.9051,18.5636],[83.9026,18.5381],[83.8874,18.5274],[83.876,18.5333],[83.8513,18.5284],[83.7907,18.5851],[83.7801,18.6153],[83.8011,18.6446],[83.8007,18.6591],[83.8183,18.6836],[83.8321,18.6903],[83.8262,18.7071],[83.8093,18.7017],[83.8145,18.6854],[83.7679,18.6405],[83.7331,18.6439],[83.7213,18.6709],[83.6918,18.6757],[83.6528,18.705],[83.6304,18.6988],[83.6216,18.7315],[83.6412,18.758],[83.6028,18.8203],[83.6058,18.8881],[83.5924,18.8925],[83.5898,18.8822],[83.5685,18.8911],[83.5537,18.8843],[83.5282,18.8909],[83.5203,18.9033],[83.5006,18.9074],[83.4883,18.9373],[83.456,18.9707],[83.4429,19.0592],[83.4609,19.0697],[83.4727,19.0909],[83.4709,19.0988],[83.4489,19.0908],[83.4307,19.0974],[83.4312,19.1941],[83.4511,19.2164],[83.4825,19.2072],[83.4946,19.2411],[83.4843,19.2517],[83.4906,19.2724],[83.5112,19.2846],[83.5135,19.3065],[83.5319,19.3293],[83.5037,19.3574],[83.4901,19.3572],[83.4909,19.3714],[83.4712,19.3763],[83.4538,19.43],[83.4432,19.3805],[83.4238,19.3579],[83.4011,19.3489],[83.3881,19.3596],[83.3843,19.3886],[83.3686,19.3853],[83.3671,19.3498],[83.3542,19.3322],[83.3671,19.3211],[83.3946,19.2629],[83.3998,19.2304],[83.3939,19.2184],[83.4048,19.2052],[83.3824,19.1719],[83.3914,19.1604],[83.3875,19.131],[83.412,19.0969],[83.4135,19.0689],[83.4289,19.0322],[83.4242,19.0219],[83.398,19.0193],[83.3664,19.0362],[83.3651,19.0075],[83.3828,19.0054],[83.4321,18.9788],[83.4425,18.9642],[83.4488,18.91],[83.4275,18.8984],[83.4191,18.8834],[83.4224,18.8744],[83.3998,18.8469],[83.3942,18.8248],[83.3751,18.8168],[83.3404,18.7766],[83.3184,18.7892],[83.3032,18.7762],[83.2666,18.7764],[83.2356,18.7409],[83.2145,18.7434],[83.1885,18.7336],[83.1967,18.7212],[83.194,18.7101],[83.1651,18.6932],[83.1658,18.6838],[83.1365,18.6564],[83.1315,18.6394],[83.1367,18.6223],[83.1249,18.6082],[83.1549,18.6053],[83.1663,18.5773],[83.1569,18.5279],[83.1477,18.5232],[83.1394,18.5288],[83.0885,18.4972],[83.0923,18.4829],[83.0843,18.4595],[83.0971,18.4485],[83.1246,18.4526],[83.1425,18.4218],[83.1716,18.4224],[83.1831,18.4299],[83.194,18.4774],[83.2289,18.4921],[83.2509,18.4844],[83.2554,18.4573],[83.2426,18.445],[83.2655,18.4308],[83.2562,18.3986],[83.261,18.3893],[83.2472,18.3822],[83.2316,18.3892],[83.2156,18.3829],[83.2105,18.3537],[83.1958,18.3461],[83.1866,18.3509],[83.155,18.3245],[83.1408,18.3197],[83.1242,18.328],[83.1135,18.3179],[83.1161,18.2988],[83.1322,18.3009],[83.1715,18.3229],[83.1744,18.3319],[83.225,18.3381],[83.2302,18.3232],[83.2195,18.2884],[83.2311,18.2932],[83.2674,18.2743],[83.2638,18.2442],[83.2718,18.2282],[83.2609,18.21],[83.2403,18.2217],[83.2154,18.1946],[83.2157,18.1823],[83.2034,18.1759],[83.2031,18.1863],[83.178,18.1913],[83.1881,18.2196],[83.1772,18.2174],[83.1501,18.1951],[83.1801,18.1877],[83.1775,18.1676],[83.1625,18.1759],[83.1441,18.1634],[83.1201,18.1863],[83.1219,18.1513],[83.1124,18.1349],[83.1384,18.1032],[83.1267,18.0907],[83.0739,18.0747],[83.1051,18.0718],[83.1093,18.0555],[83.1035,18.0426],[83.0604,18.0304],[83.0555,18.0204],[83.017,18.0062],[83.003,18.0154],[83.0093,18.0545],[82.9959,18.0472],[82.9614,18.0218],[82.9569,18.008],[82.9239,18.001],[82.9279,17.9721],[82.9446,17.9689],[82.9451,17.9451],[82.9387,17.9385],[82.9056,17.9378],[82.875,17.9473],[82.8705,17.9613],[82.8561,17.9488],[82.8611,17.9392],[82.8409,17.9372],[82.8079,17.9118],[82.782,17.9218],[82.7649,17.9392],[82.7368,17.9343],[82.7184,17.8976],[82.7051,17.8933],[82.7238,17.8532],[82.7095,17.8571],[82.7051,17.8494],[82.7454,17.8522],[82.7611,17.8363],[82.7831,17.8592],[82.8012,17.8571],[82.8217,17.8406],[82.8156,17.8219],[82.8048,17.8145],[82.7697,17.8238],[82.7615,17.801],[82.7468,17.7988],[82.7414,17.7824],[82.7041,17.7827],[82.6887,17.7946],[82.6738,17.7674],[82.6395,17.7633],[82.6146,17.7717],[82.592,17.7583],[82.5722,17.7634],[82.559,17.755],[82.5595,17.7326],[82.5472,17.7104],[82.5262,17.6947],[82.4929,17.7074],[82.4507,17.6775],[82.4201,17.6689],[82.4163,17.6572],[82.378,17.6797],[82.3904,17.7015],[82.3774,17.7113],[82.3729,17.6977],[82.3505,17.6878],[82.3385,17.6919],[82.3386,17.6764],[82.3239,17.6728],[82.3238,17.6656],[82.3635,17.6385],[82.3675,17.6009],[82.3779,17.6113],[82.3881,17.608],[82.3939,17.5905],[82.4013,17.6122],[82.43,17.6163],[82.4327,17.6384],[82.4471,17.6209],[82.4865,17.6593],[82.5386,17.6548],[82.5497,17.6377],[82.5673,17.6467],[82.5782,17.6279],[82.5595,17.6011],[82.5447,17.5935],[82.5207,17.613],[82.4592,17.6029],[82.4479,17.6088],[82.4408,17.5984],[82.453,17.5795],[82.443,17.5499],[82.4489,17.5316],[82.3926,17.4634],[82.3698,17.4197],[82.3067,17.3891],[82.2837,17.4113],[82.2809,17.4037],[82.2931,17.3837],[82.2891,17.3551],[82.2785,17.3345],[82.2578,17.3238],[82.2266,17.3442],[82.208,17.3473],[82.1928,17.3136],[82.1696,17.2927],[82.1311,17.2975],[82.1245,17.3072],[82.1386,17.3655],[82.1175,17.3608],[82.1178,17.3488],[82.1053,17.3528],[82.0993,17.3644],[82.1059,17.3773],[82.0948,17.403],[82.0759,17.3826],[82.0346,17.3933],[82.0354,17.417],[82.0573,17.4242],[82.0571,17.4341],[82.0863,17.4424],[82.0865,17.4484],[82.083,17.4592],[82.0732,17.4594],[82.0649,17.4468],[82.0469,17.4507],[82.0395,17.4605],[82.048,17.4994],[82.0377,17.5101],[82.0323,17.4988],[82.0137,17.514],[82.0174,17.5341],[82.0251,17.538],[82.054,17.5144],[82.0635,17.5176],[82.0831,17.5051],[82.0987,17.5052],[82.1049,17.4657],[82.1123,17.4586],[82.101,17.4417],[82.128,17.4451],[82.1176,17.4324],[82.1549,17.4164],[82.1676,17.3949],[82.162,17.3738],[82.1869,17.3865],[82.2197,17.4217],[82.2383,17.4554],[82.2239,17.4693],[82.2223,17.4893],[82.2279,17.5008],[82.274,17.5294],[82.2761,17.5493],[82.3007,17.5734],[82.3081,17.6263],[82.302,17.6385],[82.2538,17.6471],[82.2322,17.6718],[82.2002,17.6541],[82.1781,17.6615],[82.1675,17.651],[82.1678,17.6386],[82.1426,17.6208],[82.1674,17.63],[82.1784,17.6124],[82.1449,17.5573],[82.0945,17.5413],[82.0806,17.5458],[82.0754,17.5695],[82.0637,17.5634],[82.0572,17.5718],[82.0523,17.5496],[82.0387,17.5426],[82.0258,17.5451],[82.0261,17.5572],[82.0027,17.5791],[82.0029,17.6133],[82.0217,17.6191],[82.0236,17.6418],[82.0162,17.6531],[82.0052,17.6528],[81.9999,17.6769],[81.9774,17.6596],[81.9657,17.6653],[81.9614,17.6821],[81.9551,17.6823],[81.955,17.674],[81.9627,17.5879],[81.9342,17.5653],[81.9094,17.5635],[81.9115,17.5182],[81.8968,17.4971],[81.8915,17.478],[81.8965,17.4682],[81.8859,17.4452],[81.8631,17.4301],[81.8218,17.4497],[81.8218,17.4592],[81.7792,17.4447],[81.7589,17.451],[81.762,17.4301],[81.7469,17.4303],[81.7427,17.418],[81.7541,17.4144],[81.7146,17.397],[81.6824,17.395],[81.6781,17.3867],[81.711,17.3808],[81.7215,17.3863],[81.7299,17.3715],[81.7303,17.3512],[81.6908,17.3134],[81.6161,17.3465],[81.6088,17.3641],[81.6125,17.375],[81.6004,17.3842],[81.5872,17.3499],[81.6113,17.328],[81.632,17.3254],[81.6343,17.2845],[81.625,17.2586],[81.6027,17.2476],[81.5732,17.256],[81.5677,17.2447],[81.5534,17.2444],[81.5421,17.2501],[81.5336,17.2696],[81.519,17.2456],[81.4994,17.2355],[81.4738,17.2571],[81.4691,17.2829],[81.4885,17.2992],[81.5008,17.3383],[81.5279,17.3487],[81.5363,17.3611],[81.526,17.3715],[81.5255,17.3914],[81.4908,17.3851],[81.4858,17.3653],[81.4545,17.3228],[81.4593,17.3136],[81.4468,17.3073],[81.44,17.2658],[81.4108,17.2363],[81.3807,17.2463],[81.3773,17.2604],[81.3641,17.2559],[81.3568,17.2917],[81.3718,17.3022],[81.3406,17.3216],[81.333,17.3587],[81.3153,17.3614],[81.3114,17.3467],[81.3024,17.3779],[81.2947,17.3781],[81.2913,17.3363],[81.2658,17.349],[81.2693,17.4037],[81.2804,17.4319],[81.2862,17.4259],[81.2906,17.4343],[81.2925,17.455],[81.3427,17.4808],[81.3779,17.4737],[81.3836,17.4848],[81.3562,17.5081],[81.3455,17.4905],[81.3081,17.5043],[81.2989,17.5131],[81.2995,17.5307],[81.3329,17.5568],[81.346,17.5431],[81.357,17.5488],[81.3831,17.5282],[81.4167,17.5254],[81.4286,17.5072],[81.4447,17.534],[81.4041,17.5389],[81.3907,17.5723],[81.3994,17.626],[81.4108,17.6258],[81.4229,17.6457],[81.4176,17.661],[81.4239,17.6741],[81.4581,17.705],[81.4797,17.7003],[81.523,17.7288],[81.5334,17.7494],[81.5905,17.782],[81.5459,17.7634],[81.5385,17.768],[81.5753,17.7964],[81.6146,17.8193],[81.6125,17.7991],[81.6356,17.8059],[81.6376,17.8254],[81.6545,17.8416],[81.6362,17.874],[81.6391,17.898],[81.6239,17.9181],[81.6297,17.932],[81.6423,17.9363],[81.6453,17.9176],[81.6613,17.9209],[81.6612,17.9335],[81.6822,17.9416],[81.6924,17.9363],[81.7032,17.9458],[81.7028,17.9624],[81.7253,17.9771],[81.733,17.9931],[81.7799,18.0028],[81.7966,18.0384],[81.8426,18.041],[81.8468,18.0601],[81.8285,18.069],[81.8181,18.098],[81.8536,18.1175],[81.8813,18.0855],[81.9709,18.1701],[82.0025,18.1842],[82.0282,18.1843],[82.0593,18.2155],[82.062,18.2295],[82.084,18.2384],[82.0904,18.2259],[82.1101,18.244],[82.1142,18.2729],[82.1418,18.3186],[82.1739,18.3467],[82.1821,18.3693],[82.1944,18.3821],[82.2072,18.382],[82.207,18.3944],[82.2252,18.4067],[82.2197,18.4173],[82.2278,18.4336],[82.2196,18.461],[82.2278,18.4779],[82.2482,18.4744],[82.2515,18.4913],[82.2775,18.5065],[82.2732,18.5317],[82.2889,18.5517],[82.2842,18.5963],[82.2984,18.6083],[82.2931,18.6185],[82.3251,18.6283],[82.3355,18.6412],[82.3613,18.6302],[82.3413,18.6188],[82.3357,18.608],[82.3447,18.5962],[82.3244,18.575],[82.3396,18.5647],[82.3487,18.5904],[82.3594,18.5957],[82.3591,18.6091],[82.3716,18.6175],[82.3924,18.6072],[82.403,18.6197],[82.4133,18.6195],[82.4248,18.6407],[82.4426,18.6403],[82.4556,18.6687],[82.4926,18.7092],[82.5063,18.742],[82.5385,18.7554],[82.5457,18.7991],[82.5563,18.817],[82.5818,18.8321],[82.6088,18.8194],[82.5929,18.8009],[82.5901,18.7809],[82.5765,18.7742],[82.5719,18.7552],[82.5408,18.7393],[82.5254,18.6913],[82.5093,18.6885],[82.5092,18.6717],[82.5176,18.6636],[82.4995,18.6223],[82.4761,18.5989],[82.4396,18.5856],[82.4096,18.5613],[82.401,18.5759],[82.3873,18.565],[82.4072,18.5448],[82.4044,18.527],[82.3926,18.5157],[82.4001,18.5072],[82.441,18.5425],[82.4712,18.53],[82.4769,18.4967],[82.4883,18.4892],[82.4938,18.4694],[82.478,18.4437],[82.4803,18.4377],[82.5007,18.4397],[82.5113,18.424],[82.5021,18.3769],[82.4827,18.3664],[82.4676,18.3428],[82.4736,18.3308],[82.4365,18.326],[82.432,18.3195],[82.4246,18.2885],[82.4342,18.2738],[82.4529,18.2842],[82.4556,18.2768],[82.4527,18.259],[82.4405,18.2531],[82.4469,18.2058],[82.4343,18.1708],[82.4447,18.1678],[82.4874,18.1915],[82.491,18.2069],[82.5246,18.2276],[82.5241,18.2397],[82.5353,18.2425],[82.5484,18.2329],[82.5632,18.2591],[82.6064,18.259],[82.6222,18.2857],[82.6244,18.3078],[82.6483,18.3239],[82.6836,18.3253],[82.6933,18.3433],[82.7334,18.3509],[82.7189,18.3578],[82.7011,18.4004],[82.7156,18.4279],[82.7245,18.4705],[82.7371,18.4699],[82.7434,18.4868],[82.7583,18.4945],[82.7754,18.4933],[82.7779,18.5062],[82.7621,18.5237],[82.7561,18.5057],[82.7453,18.5031],[82.7365,18.5524],[82.7445,18.5733],[82.7832,18.5764],[82.8051,18.5682],[82.8226,18.5737],[82.8321,18.5366],[82.8146,18.5302],[82.799,18.5077],[82.8244,18.4849],[82.8451,18.4958],[82.8743,18.4914],[82.8929,18.4635],[82.9216,18.4828],[82.9241,18.4943],[82.9514,18.5041],[82.9677,18.5258],[82.9649,18.5337],[82.9378,18.5396],[82.9076,18.5135],[82.9104,18.5358],[82.9236,18.5387],[82.9313,18.5565],[82.9253,18.5812],[82.9119,18.5852],[82.9094,18.5975],[82.9145,18.6068],[82.9363,18.6139],[82.9281,18.6282],[82.888,18.6355],[82.8784,18.6288],[82.8679,18.6446],[82.881,18.6867],[82.9,18.6976],[82.9463,18.7045],[82.9499,18.7205],[82.9358,18.7398],[82.9446,18.7906],[82.9895,18.8686]]],[[[82.9895,18.8686],[82.9724,18.866],[82.9671,18.8525],[82.948,18.8483],[82.9431,18.8344],[82.9263,18.8408],[82.9094,18.8625],[82.9381,18.9018],[82.9666,18.9184],[82.9946,18.8969],[82.9895,18.8686]]],[[[84.9011,20.1693],[84.8936,20.1603],[84.8712,20.1675],[84.8722,20.177],[84.8624,20.1813],[84.8642,20.203],[84.9027,20.2133],[84.9231,20.211],[84.93,20.1838],[84.9011,20.1693]]],[[[84.9069,20.2434],[84.8853,20.2311],[84.8514,20.2436],[84.8535,20.2752],[84.8682,20.2785],[84.8806,20.3007],[84.8916,20.3029],[84.9154,20.2814],[84.9069,20.2434]]],[[[84.7811,21.604],[84.7909,21.6593],[84.776,21.685],[84.7871,21.711],[84.8769,21.6727],[84.8927,21.6862],[84.8987,21.6807],[84.9017,21.6582],[84.8844,21.6446],[84.8666,21.6385],[84.8334,21.6445],[84.8292,21.637],[84.8377,21.6322],[84.8737,21.6369],[84.8558,21.6332],[84.8492,21.6114],[84.7955,21.6165],[84.7921,21.6051],[84.7811,21.604]]],[[[84.7811,21.604],[84.7966,21.5676],[84.813,21.5717],[84.8486,21.5383],[84.8433,21.5165],[84.8117,21.5157],[84.7701,21.5356],[84.7569,21.5286],[84.7455,21.5373],[84.6841,21.5342],[84.7176,21.5224],[84.7077,21.5159],[84.7075,21.4886],[84.6922,21.4805],[84.6693,21.4796],[84.6415,21.4925],[84.6366,21.5278],[84.6241,21.534],[84.6198,21.5571],[84.5438,21.5547],[84.5158,21.5646],[84.5153,21.5759],[84.5545,21.5869],[84.559,21.5965],[84.6436,21.59],[84.6616,21.5968],[84.6773,21.6165],[84.7083,21.6152],[84.7234,21.6259],[84.7811,21.604]]],[[[84.8696,19.9093],[84.8669,19.8943],[84.8228,19.854],[84.8028,19.8674],[84.8003,19.8836],[84.8125,19.9092],[84.8267,19.9034],[84.8472,19.9315],[84.859,19.9358],[84.8714,19.9251],[84.8696,19.9093]]],[[[84.8253,19.8477],[84.8488,19.8476],[84.8631,19.8334],[84.8664,19.8101],[84.8311,19.7915],[84.8214,19.7932],[84.8089,19.8236],[84.8118,19.8369],[84.8253,19.8477]]],[[[84.8619,21.341],[84.8416,21.3353],[84.8052,21.3427],[84.7869,21.3574],[84.7763,21.3799],[84.7809,21.3959],[84.8019,21.4082],[84.8404,21.396],[84.8642,21.3749],[84.8619,21.341]]],[[[84.5322,22.0753],[84.601,22.066],[84.6209,22.0407],[84.6461,22.0442],[84.6533,22.0131],[84.6947,21.9797],[84.7228,21.9932],[84.732,22.0474],[84.7841,22.0549],[84.8083,22.0398],[84.8136,22.0231],[84.8132,22.0115],[84.7844,21.9801],[84.7921,21.9759],[84.8071,21.9874],[84.838,21.9944],[84.8648,21.9709],[84.8633,21.9347],[84.8498,21.915],[84.8071,21.9184],[84.7558,21.9499],[84.6916,21.9383],[84.6885,21.9272],[84.7097,21.9126],[84.7092,21.9007],[84.6905,21.8907],[84.6925,21.8474],[84.6852,21.8368],[84.6735,21.8425],[84.6556,21.8187],[84.6462,21.7728],[84.609,21.7697],[84.6095,21.784],[84.5697,21.7903],[84.5372,21.8087],[84.5324,21.8533],[84.5024,21.8707],[84.4924,21.9022],[84.4928,21.9119],[84.5348,21.9428],[84.573,21.9498],[84.578,21.9678],[84.5521,21.9992],[84.5373,21.9989],[84.5401,22.0071],[84.495,21.9915],[84.4665,21.9994],[84.4656,22.0407],[84.4906,22.0466],[84.5048,22.0694],[84.5322,22.0753]]],[[[84.8384,20.1364],[84.8344,20.1358],[84.8366,20.1633],[84.8446,20.1595],[84.8384,20.1364]]],[[[84.7624,20.8915],[84.7649,20.9172],[84.7844,20.9177],[84.8115,20.8989],[84.8321,20.8964],[84.8302,20.8737],[84.8062,20.8489],[84.783,20.8642],[84.7624,20.8915]]],[[[84.7624,20.8915],[84.7637,20.8572],[84.7223,20.8606],[84.7138,20.8805],[84.7272,20.9071],[84.7624,20.8915]]],[[[84.8092,20.1197],[84.8041,20.1061],[84.7973,20.1082],[84.7923,20.1454],[84.7975,20.1626],[84.8237,20.1701],[84.8255,20.1485],[84.8092,20.1197]]],[[[84.6738,19.3675],[84.6979,19.3695],[84.7195,19.3539],[84.7217,19.3298],[84.6955,19.3084],[84.6991,19.2985],[84.7195,19.2876],[84.7231,19.2719],[84.6989,19.2408],[84.6968,19.2336],[84.7139,19.2184],[84.7131,19.2039],[84.6957,19.179],[84.6754,19.1828],[84.6555,19.2111],[84.647,19.1953],[84.6235,19.1948],[84.6241,19.2033],[84.6068,19.2096],[84.5927,19.2292],[84.5652,19.2302],[84.5557,19.251],[84.564,19.2674],[84.608,19.2913],[84.6183,19.3125],[84.6114,19.3265],[84.6162,19.3353],[84.6505,19.3485],[84.6622,19.3717],[84.6738,19.3675]]],[[[84.6838,19.8174],[84.6533,19.8244],[84.6447,19.8453],[84.65,19.8547],[84.6742,19.8606],[84.6965,19.845],[84.7009,19.8367],[84.6838,19.8174]]],[[[84.6205,19.7086],[84.6166,19.6999],[84.6084,19.7009],[84.5865,19.7269],[84.5958,19.7346],[84.5936,19.7689],[84.6018,19.7736],[84.6335,19.76],[84.6381,19.7394],[84.6193,19.7202],[84.6205,19.7086]]],[[[84.5656,21.6759],[84.5511,21.6728],[84.5261,21.6855],[84.5255,21.7007],[84.5398,21.7253],[84.5836,21.7487],[84.62,21.7484],[84.6205,21.7158],[84.5693,21.6877],[84.5656,21.6759]]],[[[84.4888,21.4426],[84.4962,21.4343],[84.5087,21.4404],[84.5834,21.4312],[84.5905,21.4211],[84.5848,21.3885],[84.6041,21.3725],[84.6108,21.38],[84.6138,21.3614],[84.6049,21.3338],[84.588,21.3199],[84.5675,21.3234],[84.5541,21.3026],[84.5103,21.2957],[84.4565,21.3063],[84.4052,21.3368],[84.3641,21.3511],[84.3511,21.3627],[84.347,21.3857],[84.337,21.3888],[84.3206,21.4233],[84.3336,21.4311],[84.3684,21.4126],[84.4124,21.4153],[84.4275,21.4057],[84.4419,21.3739],[84.4687,21.3946],[84.4962,21.378],[84.5049,21.3816],[84.5058,21.3966],[84.4598,21.4031],[84.4489,21.4128],[84.4381,21.4406],[84.438,21.4696],[84.4888,21.4426]]],[[[84.5336,19.1238],[84.5204,19.122],[84.5182,19.1609],[84.5602,19.1772],[84.568,19.1594],[84.556,19.1385],[84.5336,19.1238]]],[[[84.5363,20.6929],[84.5522,20.6899],[84.5676,20.6597],[84.5648,20.6415],[84.5543,20.6343],[84.526,20.6485],[84.5446,20.6272],[84.5334,20.6026],[84.4881,20.6002],[84.476,20.616],[84.4926,20.6484],[84.487,20.6598],[84.4915,20.6834],[84.5363,20.6929]]],[[[84.5552,19.5656],[84.5561,19.5603],[84.5368,19.5669],[84.5326,19.5777],[84.5444,19.5791],[84.5552,19.5656]]],[[[84.5316,19.1788],[84.5217,19.1659],[84.4948,19.1639],[84.5095,19.1942],[84.5262,19.2008],[84.5341,19.1903],[84.5316,19.1788]]],[[[84.5031,19.7427],[84.4981,19.7391],[84.4873,19.7612],[84.496,19.7582],[84.5031,19.7427]]],[[[84.4717,19.6906],[84.4516,19.7014],[84.4427,19.736],[84.4543,19.7539],[84.493,19.7379],[84.5008,19.7196],[84.4954,19.6994],[84.4717,19.6906]]],[[[84.4635,19.6265],[84.4781,19.6133],[84.4696,19.6112],[84.4427,19.627],[84.449,19.6321],[84.4635,19.6265]]],[[[84.353,21.4738],[84.3739,21.4655],[84.3335,21.4615],[84.326,21.4726],[84.3349,21.4784],[84.353,21.4738]]],[[[84.2684,20.951],[84.2644,20.9325],[84.2227,20.9251],[84.2039,20.954],[84.2039,20.9748],[84.2128,20.9813],[84.2282,20.976],[84.2684,20.951]]],[[[84.0198,21.1409],[84.0168,21.1343],[84.0021,21.1396],[83.976,21.1709],[83.9984,21.19],[84.0058,21.2084],[84.0251,21.2039],[84.0352,21.1909],[84.0363,21.1663],[84.0198,21.1409]]],[[[83.9529,21.2031],[83.9478,21.1874],[83.9323,21.198],[83.9526,21.2464],[83.9612,21.2471],[83.9529,21.2031]]],[[[83.9236,21.1135],[83.9166,21.104],[83.9043,21.105],[83.8868,21.1173],[83.8844,21.1362],[83.9177,21.1779],[83.9394,21.1662],[83.9236,21.1135]]],[[[83.7332,19.0561],[83.7421,19.1151],[83.7496,19.1193],[83.7577,19.1032],[83.7769,19.0931],[83.7722,19.0724],[83.7515,19.0571],[83.7332,19.0561]]],[[[83.7332,19.0561],[83.7255,19.0407],[83.712,19.0382],[83.7195,19.0276],[83.7002,19.0072],[83.695,19.0101],[83.6922,19.0276],[83.7039,19.0609],[83.722,19.0737],[83.7258,19.0659],[83.7177,19.0545],[83.7332,19.0561]]],[[[83.7654,19.974],[83.7543,19.9745],[83.7448,19.9873],[83.7468,20.0065],[83.7585,20.0154],[83.766,20.0042],[83.7654,19.974]]],[[[83.6944,19.1968],[83.7107,19.1968],[83.7259,19.1795],[83.7262,19.1621],[83.7198,19.1489],[83.6753,19.1388],[83.6635,19.1533],[83.6701,19.195],[83.6778,19.203],[83.6944,19.1968]]],[[[83.6717,19.0718],[83.6573,19.0721],[83.6736,19.0879],[83.6741,19.0827],[83.6717,19.0718]]],[[[83.5621,20.1323],[83.5562,20.1179],[83.5291,20.1019],[83.5092,20.1097],[83.5024,20.1271],[83.516,20.1504],[83.539,20.1663],[83.5549,20.1619],[83.5621,20.1323]]],[[[83.5482,19.7108],[83.5352,19.6929],[83.5157,19.6887],[83.5063,19.6518],[83.4978,19.6436],[83.4871,19.6456],[83.4812,19.6772],[83.4961,19.7071],[83.5092,19.707],[83.4989,19.7173],[83.5067,19.7381],[83.5253,19.743],[83.538,19.7368],[83.5509,19.7201],[83.5482,19.7108]]],[[[83.3271,17.8844],[83.3661,17.8815],[83.3693,17.8495],[83.3204,17.8246],[83.3166,17.8103],[83.3079,17.8118],[83.2832,17.8522],[83.2958,17.8675],[83.3086,17.8703],[83.298,17.894],[83.3279,17.9035],[83.3271,17.8844]]],[[[83.2706,17.8092],[83.3038,17.7962],[83.3027,17.7785],[83.3253,17.7659],[83.3256,17.7414],[83.2733,17.73],[83.246,17.7461],[83.2255,17.7387],[83.2114,17.7528],[83.2239,17.7675],[83.2244,17.7779],[83.209,17.7635],[83.2223,17.7957],[83.2391,17.8088],[83.2452,17.802],[83.2706,17.8092]]],[[[83.2696,18.636],[83.281,18.6272],[83.2896,18.632],[83.3012,18.6005],[83.3119,18.5957],[83.3064,18.5718],[83.2962,18.5775],[83.2912,18.5662],[83.2728,18.5582],[83.257,18.5657],[83.2489,18.5813],[83.2604,18.5959],[83.2243,18.6034],[83.2207,18.615],[83.2459,18.6446],[83.2696,18.636]]],[[[83.0917,19.025],[83.0499,18.9894],[83.0351,18.9905],[83.0312,18.9992],[83.0077,18.999],[83.0074,19.0241],[83.0166,19.0233],[83.0479,19.0516],[83.042,19.0599],[83.0568,19.0992],[83.083,19.1127],[83.1064,19.1023],[83.1092,19.0848],[83.0917,19.025]]],[[[83.056,19.3349],[83.0694,19.323],[83.0336,19.3155],[83.0244,19.3282],[83.0118,19.3275],[83.0074,19.3575],[83.0266,19.369],[83.061,19.3714],[83.0715,19.3641],[83.056,19.3349]]],[[[83.0469,19.8529],[83.0395,19.8415],[82.9976,19.8582],[82.9895,19.8719],[82.994,19.8877],[83.0048,19.8963],[83.0429,19.8793],[83.0499,19.8736],[83.0469,19.8529]]],[[[83.0016,19.3438],[82.9907,19.3406],[82.9887,19.3535],[82.9979,19.3758],[83.0076,19.3679],[83.0016,19.3438]]],[[[82.9656,19.3025],[82.9393,19.2979],[82.9165,19.3246],[82.9387,19.3901],[82.9697,19.3977],[82.9815,19.3821],[82.9656,19.3025]]],[[[82.9658,18.9615],[82.9624,18.9561],[82.9198,18.9626],[82.9363,18.9663],[82.9177,18.9893],[82.9269,19.0205],[82.9415,19.0258],[82.9647,19.0164],[82.9705,18.9917],[82.9542,18.9709],[82.9658,18.9615]]],[[[82.9152,19.0985],[82.9363,19.0815],[82.9333,19.0694],[82.8957,19.0499],[82.8649,19.0577],[82.8539,19.0836],[82.8635,19.0972],[82.9152,19.0985]]],[[[82.8738,17.6447],[82.8636,17.6453],[82.8629,17.6712],[82.8903,17.6827],[82.8795,17.6626],[82.8838,17.651],[82.8738,17.6447]]],[[[82.8509,17.6635],[82.8247,17.6703],[82.8206,17.689],[82.8505,17.7135],[82.8506,17.727],[82.8647,17.7342],[82.8769,17.7308],[82.8846,17.7104],[82.8509,17.6635]]],[[[82.8767,19.1268],[82.8575,19.1133],[82.8561,19.104],[82.8489,19.1063],[82.8515,19.1299],[82.8617,19.1245],[82.8755,19.1384],[82.8767,19.1268]]],[[[82.5332,17.3811],[82.5249,17.3984],[82.5532,17.438],[82.5682,17.4379],[82.5798,17.4514],[82.5999,17.4499],[82.6089,17.4196],[82.5672,17.3682],[82.5388,17.37],[82.5332,17.3811]]],[[[82.5332,17.3811],[82.5296,17.3684],[82.499,17.3617],[82.5169,17.3783],[82.5332,17.3811]]],[[[82.5999,17.4499],[82.5929,17.4612],[82.6069,17.484],[82.6488,17.4933],[82.6412,17.5075],[82.6533,17.5358],[82.6793,17.5529],[82.7031,17.5445],[82.7733,17.5952],[82.7922,17.6238],[82.8233,17.6081],[82.8401,17.6262],[82.8732,17.6286],[82.8801,17.6222],[82.8197,17.5653],[82.8342,17.5532],[82.8291,17.5299],[82.7784,17.5174],[82.7593,17.4946],[82.7256,17.4821],[82.695,17.4423],[82.6645,17.4334],[82.6539,17.4507],[82.5999,17.4499]]],[[[82.8344,19.0654],[82.8191,19.0576],[82.7975,19.0899],[82.792,19.1147],[82.7958,19.1313],[82.8242,19.1495],[82.8235,19.1591],[82.8445,19.1608],[82.8495,19.1356],[82.8388,19.111],[82.8454,19.091],[82.8344,19.0654]]],[[[82.7882,17.668],[82.7918,17.647],[82.7478,17.6249],[82.7326,17.6283],[82.7198,17.6459],[82.7233,17.6589],[82.7486,17.669],[82.7706,17.6656],[82.7784,17.6779],[82.7882,17.668]]],[[[82.7122,18.9592],[82.7142,18.9344],[82.703,18.9335],[82.6898,18.9487],[82.6812,18.9396],[82.6748,18.8871],[82.6551,18.8751],[82.6484,18.8524],[82.6311,18.8332],[82.6192,18.8344],[82.6074,18.8496],[82.6109,18.8737],[82.5781,18.9146],[82.6046,18.958],[82.649,18.9672],[82.6607,18.958],[82.6939,19.0312],[82.7202,19.0467],[82.7298,19.0443],[82.7445,19.0185],[82.7173,18.9894],[82.7122,18.9592]]],[[[81.7275,17.2761],[81.74,17.2766],[81.7571,17.2623],[81.7538,17.2494],[81.727,17.2374],[81.6935,17.2499],[81.7023,17.2938],[81.7278,17.2918],[81.7275,17.2761]]],[[[81.7154,18.0198],[81.6769,18.0246],[81.679,18.0545],[81.7012,18.0559],[81.7235,18.0381],[81.7154,18.0198]]],[[[80.6239,16.9509],[80.6061,16.9311],[80.5805,16.9412],[80.569,16.9816],[80.583,16.9923],[80.6096,16.99],[80.6253,16.9754],[80.6239,16.9509]]],[[[80.4959,16.7417],[80.5208,16.7225],[80.5196,16.6892],[80.5031,16.6788],[80.5143,16.6685],[80.513,16.6531],[80.5272,16.6633],[80.5445,16.6597],[80.5478,16.6389],[80.5311,16.5999],[80.5161,16.6011],[80.484,16.6353],[80.4455,16.6469],[80.4346,16.6623],[80.447,16.6803],[80.4452,16.7033],[80.4567,16.7185],[80.4595,16.7435],[80.4689,16.7487],[80.4959,16.7417]]],[[[79.8821,13.5503],[79.8381,13.485],[79.8306,13.4555],[79.8079,13.4608],[79.7749,13.3999],[79.7603,13.4014],[79.7401,13.4842],[79.7505,13.5093],[79.7714,13.5311],[79.7685,13.5466],[79.7787,13.5585],[79.7834,13.548],[79.803,13.5603],[79.8134,13.5915],[79.7976,13.6665],[79.8123,13.677],[79.8311,13.6785],[79.8579,13.6563],[79.8629,13.6306],[79.8885,13.6031],[79.8945,13.5789],[79.8821,13.5503]]],[[[79.8616,15.6612],[79.8737,15.6499],[79.8581,15.6185],[79.8401,15.6017],[79.8024,15.5908],[79.7927,15.6041],[79.7949,15.6202],[79.8071,15.6254],[79.7927,15.6386],[79.7975,15.6544],[79.817,15.6598],[79.8207,15.6469],[79.8333,15.6603],[79.8616,15.6612]]],[[[79.7342,13.6389],[79.7133,13.6147],[79.7135,13.6041],[79.7417,13.5891],[79.7401,13.5647],[79.7216,13.5466],[79.7112,13.5468],[79.6988,13.5864],[79.6743,13.5788],[79.6718,13.5631],[79.678,13.5361],[79.6895,13.5248],[79.6866,13.5113],[79.7085,13.5174],[79.7113,13.5034],[79.6978,13.4731],[79.6553,13.4227],[79.6395,13.4144],[79.6254,13.4183],[79.5945,13.4448],[79.5864,13.4618],[79.6113,13.4898],[79.5751,13.4971],[79.5706,13.5108],[79.5507,13.5072],[79.5445,13.5136],[79.5387,13.5316],[79.5489,13.5531],[79.5697,13.574],[79.6051,13.5703],[79.6144,13.5766],[79.6114,13.5613],[79.621,13.5614],[79.6266,13.5814],[79.6156,13.5991],[79.6567,13.6548],[79.6741,13.6363],[79.6908,13.6449],[79.6995,13.663],[79.7252,13.6654],[79.7342,13.6389]]],[[[79.667,13.4001],[79.662,13.3685],[79.6374,13.3519],[79.6011,13.3588],[79.5851,13.3509],[79.5677,13.3733],[79.5785,13.3996],[79.5977,13.4041],[79.6318,13.3973],[79.6476,13.4054],[79.667,13.4001]]],[[[79.575,15.5544],[79.5791,15.5406],[79.6123,15.5401],[79.6105,15.5188],[79.6259,15.4932],[79.6223,15.4805],[79.574,15.4735],[79.5836,15.4899],[79.5566,15.5025],[79.5546,15.5266],[79.56,15.5481],[79.575,15.5544]]],[[[79.2176,14.63],[79.2465,14.6262],[79.2823,14.6092],[79.2926,14.5919],[79.2802,14.5704],[79.3015,14.5663],[79.3125,14.5513],[79.3155,14.5366],[79.3008,14.5196],[79.3094,14.4965],[79.3307,14.497],[79.3551,14.4591],[79.3409,14.4404],[79.374,14.4133],[79.3737,14.401],[79.4096,14.3463],[79.4337,14.3318],[79.4637,14.2794],[79.4784,14.2348],[79.4779,14.2124],[79.4905,14.1968],[79.4932,14.1691],[79.4857,14.1393],[79.5047,14.101],[79.4966,14.0903],[79.4966,14.0595],[79.5173,14.0035],[79.5087,13.9867],[79.4883,13.9842],[79.4834,13.9617],[79.5069,13.9201],[79.4984,13.901],[79.4854,13.883],[79.4675,13.8801],[79.4561,13.8687],[79.5,13.8094],[79.5289,13.796],[79.5931,13.7184],[79.5977,13.7041],[79.5871,13.6909],[79.5405,13.6842],[79.5058,13.7082],[79.5113,13.7346],[79.4613,13.7792],[79.4365,13.7841],[79.4255,13.7978],[79.4314,13.8346],[79.4051,13.8861],[79.4006,13.9256],[79.4278,13.9517],[79.4301,13.963],[79.4135,13.9753],[79.4038,13.9687],[79.3946,13.9783],[79.3951,14.0025],[79.3718,14.0575],[79.3904,14.0937],[79.4029,14.0997],[79.4067,14.1236],[79.4093,14.147],[79.3988,14.1781],[79.3871,14.178],[79.3842,14.1932],[79.3926,14.2137],[79.3812,14.2246],[79.3728,14.2189],[79.359,14.226],[79.3469,14.2661],[79.3173,14.2913],[79.2898,14.3376],[79.2119,14.3855],[79.2064,14.378],[79.1706,14.4321],[79.1501,14.4239],[79.0863,14.505],[79.0844,14.5389],[79.0964,14.5546],[79.1073,14.5508],[79.1072,14.5643],[79.1552,14.5696],[79.1548,14.5541],[79.1788,14.5016],[79.1992,14.4818],[79.1988,14.4615],[79.2197,14.4593],[79.2548,14.4303],[79.2892,14.4436],[79.3066,14.4285],[79.2866,14.4786],[79.2523,14.5035],[79.2412,14.4997],[79.2089,14.5305],[79.153,14.6279],[79.151,14.6437],[79.1636,14.6635],[79.1777,14.6681],[79.202,14.6627],[79.2176,14.63]]],[[[79.5586,13.2407],[79.552,13.2311],[79.5386,13.2322],[79.5376,13.2396],[79.5702,13.2675],[79.5779,13.2595],[79.5755,13.2456],[79.5586,13.2407]]],[[[78.9834,14.103],[79.0143,14.0952],[79.0243,14.0785],[79.0517,14.0608],[79.0668,14.0451],[79.0614,14.0345],[79.0918,13.9974],[79.1115,13.9884],[79.12,14.0194],[79.1391,14.0225],[79.1872,13.9693],[79.207,13.9629],[79.2296,13.968],[79.2473,13.9562],[79.2601,13.9096],[79.2776,13.904],[79.3323,13.857],[79.3525,13.8571],[79.395,13.8215],[79.4088,13.8029],[79.4045,13.7833],[79.4117,13.7688],[79.4575,13.719],[79.4666,13.6917],[79.4828,13.6853],[79.4841,13.6584],[79.4235,13.6487],[79.3798,13.6278],[79.3376,13.6261],[79.3224,13.6467],[79.2985,13.6343],[79.2778,13.6446],[79.278,13.6279],[79.2655,13.6206],[79.2843,13.5988],[79.2916,13.6025],[79.3115,13.588],[79.3021,13.5551],[79.3811,13.5742],[79.3919,13.5705],[79.4027,13.5474],[79.3917,13.528],[79.458,13.5466],[79.4865,13.5298],[79.4905,13.5029],[79.4737,13.4904],[79.4404,13.4925],[79.4326,13.4738],[79.3712,13.5098],[79.3154,13.5051],[79.3061,13.5175],[79.3026,13.5031],[79.271,13.5005],[79.248,13.4681],[79.2124,13.4684],[79.1982,13.46],[79.1823,13.4691],[79.214,13.4821],[79.2176,13.4955],[79.2075,13.5009],[79.1959,13.4814],[79.1784,13.4771],[79.1617,13.4828],[79.159,13.5074],[79.1364,13.5095],[79.1406,13.5329],[79.1248,13.5434],[79.1371,13.5728],[79.1307,13.5822],[79.1363,13.5988],[79.149,13.6178],[79.1623,13.6175],[79.1739,13.6543],[79.2115,13.6662],[79.2033,13.7087],[79.2189,13.7414],[79.205,13.7635],[79.1833,13.7744],[79.1739,13.7992],[79.1842,13.8191],[79.0967,13.8906],[79.0849,13.9156],[79.0526,13.915],[79.0314,13.9261],[79.0197,13.9386],[79.0244,13.9478],[79.0072,14.0009],[79.0019,14.0071],[78.984,14.0009],[78.966,14.0151],[78.9489,14.0615],[78.9779,14.0744],[78.9725,14.0903],[78.9834,14.103]]],[[[79.4156,13.2529],[79.4076,13.2651],[79.3725,13.279],[79.3658,13.291],[79.4002,13.3054],[79.4206,13.2914],[79.4259,13.277],[79.4156,13.2529]]],[[[79.3519,14.5854],[79.3361,14.5847],[79.3239,14.596],[79.3232,14.6149],[79.3496,14.6321],[79.3626,14.6274],[79.3689,14.6058],[79.3519,14.5854]]],[[[79.3113,14.8093],[79.2862,14.8184],[79.2617,14.8472],[79.2446,14.8842],[79.2399,14.917],[79.2586,14.9395],[79.2796,14.9171],[79.299,14.8574],[79.3189,14.8543],[79.3259,14.8353],[79.3113,14.8093]]],[[[79.2208,15.3401],[79.2194,15.3052],[79.2107,15.2939],[79.2176,15.2751],[79.1882,15.2695],[79.1816,15.2572],[79.1684,15.2696],[79.1423,15.1902],[79.1203,15.1763],[79.129,15.1559],[79.1174,15.134],[79.1088,15.1342],[79.1163,15.0316],[79.106,15.0259],[79.103,15.0554],[79.0937,15.055],[79.0976,15.0289],[79.0835,15.0114],[79.0644,15.0164],[79.04,15.137],[79.0704,15.2792],[79.0587,15.2953],[79.0634,15.3115],[79.0507,15.3177],[79.0502,15.3685],[79.0784,15.42],[79.1143,15.4257],[79.1171,15.391],[79.1028,15.3564],[79.1134,15.3485],[79.0947,15.3245],[79.1124,15.3288],[79.1181,15.3435],[79.1367,15.3439],[79.1845,15.4428],[79.1836,15.4646],[79.2041,15.5389],[79.2191,15.5583],[79.2555,15.5779],[79.2759,15.5574],[79.2801,15.5376],[79.2368,15.5093],[79.2296,15.4806],[79.2363,15.4505],[79.2307,15.4116],[79.2091,15.409],[79.2092,15.3832],[79.2005,15.3691],[79.2011,15.3542],[79.2208,15.3401]]],[[[79.207,15.1278],[79.2432,15.1065],[79.2503,15.0907],[79.2404,15.078],[79.255,15.0505],[79.242,15.0442],[79.2364,15.0311],[79.2498,15.0153],[79.2395,14.9936],[79.232,15.0063],[79.2025,15.0096],[79.1754,15.0394],[79.17,15.0634],[79.1818,15.1172],[79.1926,15.1335],[79.1996,15.1362],[79.207,15.1278]]],[[[79.2073,16.155],[79.2105,16.1402],[79.1885,16.1212],[79.2161,16.1159],[79.2262,16.1238],[79.2217,16.082],[79.2101,16.0821],[79.207,16.0667],[79.1969,16.06],[79.1769,16.0562],[79.1663,16.0382],[79.1474,16.0386],[79.1342,16.0279],[79.1343,16.0216],[79.1595,16.0187],[79.1855,16.0032],[79.1801,15.9928],[79.2072,15.9697],[79.2043,15.9514],[79.1727,15.9448],[79.1405,15.9509],[79.1223,15.9553],[79.1164,15.9696],[79.0332,15.9413],[79.0097,15.9453],[79.0029,15.9382],[79.0033,15.9166],[78.9625,15.898],[78.9258,15.8946],[78.9148,15.8753],[78.8949,15.8714],[78.8921,15.8463],[78.8763,15.836],[78.8971,15.8218],[78.9098,15.835],[78.9239,15.8364],[78.9165,15.8405],[78.9225,15.8525],[78.9598,15.8635],[78.9873,15.8831],[78.9985,15.8746],[79.0155,15.8937],[79.0408,15.9009],[79.091,15.863],[79.0905,15.8089],[79.0763,15.7949],[79.088,15.7794],[79.0839,15.7598],[79.0614,15.7199],[79.02,15.7115],[79.0006,15.7283],[78.9804,15.7566],[78.9654,15.8031],[78.9522,15.8029],[78.9347,15.7767],[78.977,15.7498],[78.974,15.7268],[79.0135,15.703],[79.0012,15.6955],[78.9909,15.7008],[78.9638,15.6905],[78.9277,15.7261],[78.8589,15.7177],[78.8301,15.7298],[78.8668,15.6848],[78.8776,15.6904],[78.9249,15.6667],[78.9302,15.6444],[78.9343,15.6236],[78.9153,15.607],[78.9027,15.5476],[78.8861,15.5345],[78.8796,15.4886],[78.8554,15.4901],[78.8365,15.5164],[78.8343,15.5324],[78.8644,15.5871],[78.822,15.6125],[78.8263,15.6516],[78.8217,15.6724],[78.8113,15.68],[78.7983,15.6585],[78.7675,15.6551],[78.7612,15.6677],[78.7334,15.6578],[78.73,15.6154],[78.705,15.5902],[78.7051,15.584],[78.7156,15.5843],[78.7219,15.6031],[78.7429,15.6029],[78.7742,15.5857],[78.7927,15.5487],[78.7947,15.5024],[78.7687,15.4665],[78.7467,15.4719],[78.7383,15.5405],[78.7272,15.5235],[78.6985,15.5155],[78.6863,15.5218],[78.6865,15.5335],[78.6737,15.5385],[78.6644,15.555],[78.651,15.537],[78.6377,15.5451],[78.6285,15.5547],[78.6334,15.5689],[78.6489,15.5841],[78.661,15.6268],[78.6825,15.6467],[78.6802,15.6709],[78.7022,15.6957],[78.6855,15.7036],[78.6801,15.7261],[78.7017,15.7906],[78.722,15.7948],[78.7218,15.8095],[78.7444,15.8323],[78.7748,15.8408],[78.7711,15.8479],[78.7969,15.8824],[78.7967,15.8947],[78.8253,15.9134],[78.8408,15.8968],[78.8786,15.9422],[78.912,15.9598],[78.9365,15.9593],[78.9469,16.0031],[78.9904,16.0195],[79.0035,16.0414],[79.0648,16.0624],[79.0717,16.0887],[79.0507,16.1041],[79.0468,16.1258],[79.0597,16.1363],[79.113,16.1313],[79.1459,16.1446],[79.1583,16.1363],[79.132,16.1717],[79.1109,16.1488],[79.0993,16.1635],[79.1128,16.1903],[79.1691,16.1872],[79.176,16.153],[79.1898,16.1729],[79.2068,16.1762],[79.2098,16.1888],[79.2419,16.1967],[79.2468,16.1897],[79.238,16.1752],[79.2036,16.162],[79.2073,16.155]]],[[[79.1425,14.9425],[79.1449,14.9359],[79.1563,14.9368],[79.1659,14.948],[79.181,14.9396],[79.2009,14.8867],[79.1936,14.8694],[79.194,14.8224],[79.1804,14.8193],[79.1781,14.8084],[79.1922,14.7943],[79.209,14.7383],[79.208,14.6913],[79.1937,14.6811],[79.1707,14.6847],[79.1695,14.7066],[79.1411,14.7181],[79.124,14.7434],[79.1037,14.8126],[79.1134,14.8337],[79.1059,14.8443],[79.0913,14.837],[79.0848,14.8445],[79.0866,14.9013],[79.1084,14.9001],[79.1274,14.9116],[79.1315,14.921],[79.1234,14.9279],[79.123,14.9476],[79.1397,14.955],[79.1425,14.9425]]],[[[78.9241,14.4675],[78.9634,14.4602],[78.9811,14.4655],[78.9843,14.4595],[78.9675,14.4568],[78.9678,14.4426],[78.9402,14.4114],[78.9406,14.3955],[78.956,14.3709],[78.951,14.357],[78.9788,14.3571],[79.0055,14.3001],[79.0699,14.3009],[79.0803,14.3114],[79.1052,14.3154],[79.1343,14.3386],[79.1003,14.373],[79.0848,14.3768],[79.0802,14.4056],[79.0953,14.4201],[79.1125,14.4238],[79.1295,14.4124],[79.1489,14.382],[79.1697,14.3693],[79.1631,14.3473],[79.1528,14.3439],[79.1531,14.3279],[79.1642,14.3225],[79.174,14.3003],[79.1691,14.2764],[79.1283,14.2739],[79.1184,14.2906],[79.1051,14.2906],[79.0742,14.2597],[79.0322,14.2666],[79.0114,14.2486],[79.0173,14.2126],[79.0078,14.2072],[78.9949,14.2169],[79.0026,14.202],[78.9928,14.1453],[79.0009,14.1277],[78.9967,14.1154],[78.9915,14.1155],[78.9944,14.1259],[78.9755,14.107],[78.9595,14.107],[78.9498,14.1488],[78.9279,14.1426],[78.9196,14.1613],[78.927,14.1936],[78.9407,14.1968],[78.9405,14.2082],[78.9008,14.1904],[78.9009,14.1775],[78.882,14.1738],[78.8333,14.2036],[78.8256,14.2175],[78.8049,14.2113],[78.7809,14.2296],[78.797,14.2509],[78.8062,14.2462],[78.82,14.253],[78.8303,14.2423],[78.8519,14.2454],[78.8662,14.2237],[78.9004,14.2299],[78.9053,14.2471],[78.9551,14.2875],[78.9401,14.3147],[78.9195,14.3302],[78.9195,14.3686],[78.8964,14.3925],[78.8791,14.3757],[78.8696,14.3759],[78.8506,14.4152],[78.851,14.4338],[78.913,14.4423],[78.9241,14.4675]]],[[[79.0281,12.8653],[79.038,12.8155],[79.0527,12.8273],[79.0555,12.8475],[79.089,12.8696],[79.0872,12.7816],[79.076,12.7524],[79.0803,12.7447],[79.1002,12.7487],[79.1151,12.7225],[79.105,12.7029],[79.0801,12.6944],[79.0947,12.6736],[79.078,12.6456],[79.0844,12.6361],[79.0972,12.6364],[79.1562,12.6484],[79.1647,12.644],[79.1633,12.6194],[79.1367,12.6199],[79.0995,12.6022],[79.1113,12.586],[79.1041,12.5649],[79.0551,12.5414],[79.0676,12.509],[79.0575,12.4889],[79.065,12.4778],[79.0539,12.4655],[79.025,12.4785],[79.0219,12.5161],[79.0364,12.5364],[79.0238,12.5446],[78.9987,12.5091],[78.9247,12.4921],[78.9286,12.4807],[78.9128,12.4493],[78.9406,12.4384],[78.9682,12.4663],[78.9886,12.457],[79.0036,12.429],[78.9981,12.4183],[78.9613,12.4113],[78.9565,12.426],[78.9477,12.4258],[78.9068,12.3883],[78.8899,12.3886],[78.8805,12.3935],[78.882,12.4238],[78.8647,12.3969],[78.8443,12.3807],[78.8236,12.3758],[78.8137,12.3553],[78.7956,12.3488],[78.7664,12.3597],[78.7712,12.4155],[78.7565,12.378],[78.7391,12.3676],[78.7155,12.3218],[78.7075,12.2908],[78.6926,12.2884],[78.652,12.2519],[78.6379,12.2686],[78.6405,12.2823],[78.6259,12.2821],[78.6206,12.2676],[78.605,12.2802],[78.6048,12.3045],[78.6197,12.3613],[78.6448,12.4092],[78.6559,12.4516],[78.653,12.4717],[78.675,12.5177],[78.6991,12.528],[78.7125,12.509],[78.7261,12.5093],[78.7386,12.5387],[78.7548,12.5543],[78.7908,12.5384],[78.8356,12.5547],[78.847,12.5508],[78.8396,12.5093],[78.8664,12.5189],[78.8809,12.5072],[78.8889,12.5267],[78.9046,12.5235],[78.9586,12.5408],[78.9613,12.5635],[78.9718,12.576],[78.9517,12.5756],[78.9405,12.6113],[78.949,12.6386],[78.9407,12.6809],[78.9349,12.6842],[78.9154,12.6529],[78.8915,12.6437],[78.884,12.628],[78.8655,12.65],[78.8955,12.7117],[78.9551,12.7753],[78.9466,12.7865],[78.9468,12.7985],[78.9601,12.8144],[78.9492,12.8288],[78.9557,12.8446],[78.9722,12.8571],[78.9899,12.848],[79.0096,12.8781],[79.0281,12.8653]]],[[[79.1163,12.6967],[79.1218,12.6902],[79.1428,12.6956],[79.159,12.6887],[79.165,12.673],[79.1353,12.6519],[79.1167,12.658],[79.1124,12.6767],[79.1179,12.6845],[79.1073,12.6857],[79.1163,12.6967]]],[[[79.1552,14.5864],[79.1562,14.5811],[79.1354,14.6153],[79.1351,14.6529],[79.1552,14.5864]]],[[[79.0124,16.2643],[79.0378,16.2406],[79.0651,16.2306],[79.0671,16.2032],[79.0158,16.2067],[78.999,16.1929],[78.9634,16.1905],[78.9312,16.1772],[78.9323,16.1591],[78.9696,16.1415],[78.9591,16.1279],[78.9714,16.1257],[78.9936,16.0962],[78.9909,16.0792],[78.9991,16.0719],[78.9699,16.0466],[78.9471,16.0429],[78.9444,16.0255],[78.9298,16.0173],[78.9126,15.9908],[78.834,15.9792],[78.7891,15.9849],[78.7562,15.9707],[78.7374,15.972],[78.7107,15.991],[78.7119,16.0107],[78.6896,16.0249],[78.6802,16.0697],[78.6586,16.0804],[78.6561,16.0967],[78.6323,16.0732],[78.638,16.0626],[78.5925,16.0283],[78.5793,16.026],[78.5673,16.0303],[78.5628,16.0488],[78.5529,16.0376],[78.5213,16.0469],[78.4868,16.0951],[78.5012,16.1033],[78.4885,16.1277],[78.5071,16.1515],[78.4832,16.1765],[78.4866,16.1956],[78.5069,16.2024],[78.5094,16.1735],[78.5246,16.169],[78.5683,16.1979],[78.5874,16.1907],[78.6011,16.232],[78.6185,16.2342],[78.6157,16.1887],[78.6429,16.1862],[78.6499,16.172],[78.674,16.1695],[78.6821,16.162],[78.6739,16.1493],[78.706,16.1356],[78.7257,16.0885],[78.7515,16.1071],[78.7849,16.076],[78.813,16.0816],[78.8175,16.0856],[78.7934,16.0912],[78.7921,16.1181],[78.7596,16.1181],[78.744,16.1404],[78.7335,16.1301],[78.7198,16.1546],[78.7093,16.1473],[78.6886,16.1534],[78.6864,16.1684],[78.6914,16.1717],[78.6994,16.1591],[78.7071,16.1684],[78.6906,16.1991],[78.7137,16.2126],[78.7363,16.1953],[78.7319,16.2213],[78.743,16.243],[78.7808,16.2425],[78.8031,16.2257],[78.8273,16.2255],[78.8419,16.2102],[78.8589,16.2245],[78.8814,16.2232],[78.9093,16.2342],[78.9201,16.2408],[78.9196,16.249],[78.9401,16.255],[78.9481,16.2423],[78.9596,16.2424],[78.959,16.2517],[78.9916,16.2604],[79.0024,16.2566],[79.0124,16.2643]]],[[[79.0613,15.4968],[79.027,15.4603],[79.0064,15.4616],[78.9971,15.4751],[79.0015,15.5179],[79.0411,15.5478],[79.0614,15.5346],[79.0676,15.5137],[79.0613,15.4968]]],[[[78.9673,14.7035],[78.9826,14.6283],[79.0178,14.5485],[79.0345,14.5466],[79.0531,14.5051],[79.0551,14.4931],[79.0291,14.4582],[78.9916,14.4735],[78.977,14.4676],[78.9521,14.4771],[78.9442,14.4826],[78.9393,14.5067],[78.8931,14.5093],[78.8441,14.5707],[78.8239,14.5807],[78.8447,14.6199],[78.8574,14.6219],[78.8447,14.649],[78.8556,14.6486],[78.8547,14.6843],[78.8803,14.7059],[78.909,14.7094],[78.9304,14.703],[78.9372,14.7174],[78.9487,14.7196],[78.9673,14.7035]]],[[[79.0232,13.5244],[79.0387,13.5093],[79.0385,13.5187],[79.0453,13.5151],[79.0498,13.4918],[79.0418,13.4788],[79.0217,13.4756],[79.0342,13.4704],[79.0255,13.4534],[78.9644,13.4355],[78.9602,13.4221],[78.9385,13.4168],[78.9664,13.3699],[79.0154,13.3899],[79.0267,13.3593],[79.0077,13.3613],[79.0048,13.3398],[78.9886,13.321],[78.9541,13.3194],[78.9315,13.3272],[78.9342,13.3554],[78.9225,13.3549],[78.9192,13.3374],[78.8868,13.3269],[78.8885,13.3086],[78.9286,13.3131],[78.9321,13.2854],[78.8916,13.2665],[78.8574,13.2728],[78.8626,13.2875],[78.8527,13.2966],[78.8234,13.2992],[78.8142,13.3134],[78.8282,13.348],[78.8467,13.3638],[78.8318,13.3848],[78.8324,13.3997],[78.8488,13.4097],[78.834,13.43],[78.843,13.455],[78.8521,13.4502],[78.9109,13.462],[78.9405,13.4765],[78.9281,13.4909],[78.946,13.5113],[78.962,13.5052],[78.9719,13.5159],[79.0232,13.5244]]],[[[78.9784,15.6546],[79.0039,15.6537],[79.0166,15.6384],[79.0336,15.6359],[79.0371,15.6239],[79.0023,15.5638],[78.9853,15.5603],[78.9644,15.5638],[78.961,15.5979],[78.9406,15.6015],[78.9478,15.6361],[78.9568,15.6388],[78.9602,15.6505],[78.9784,15.6546]]],[[[78.9706,15.2095],[78.9835,15.21],[78.9811,15.1907],[78.9904,15.188],[78.9766,15.1655],[78.9603,15.1582],[78.9349,15.1592],[78.9073,15.187],[78.9224,15.2341],[78.9402,15.2445],[78.97,15.2371],[78.9706,15.2095]]],[[[78.9654,12.8698],[78.9409,12.8781],[78.9344,12.8895],[78.9442,12.9091],[78.9652,12.9112],[78.9756,12.9033],[78.9724,12.8728],[78.9654,12.8698]]],[[[78.698,12.0644],[78.7254,12.0638],[78.7411,12.0447],[78.75,12.0496],[78.7825,12.0329],[78.7949,12.0415],[78.8277,12.0423],[78.85,12.0514],[78.8722,12.0515],[78.8829,12.0395],[78.8727,12.0098],[78.851,11.9961],[78.8658,11.9718],[78.8552,11.9461],[78.8681,11.9346],[78.8608,11.9067],[78.7906,11.8994],[78.8307,11.8897],[78.8389,11.8736],[78.8381,11.8611],[78.8093,11.8274],[78.8176,11.82],[78.8224,11.7932],[78.8142,11.7826],[78.7864,11.7763],[78.8015,11.7551],[78.8183,11.7688],[78.8327,11.7609],[78.8467,11.71],[78.8067,11.6789],[78.7812,11.6839],[78.7595,11.6782],[78.7298,11.6655],[78.7003,11.6409],[78.6933,11.6467],[78.6874,11.6269],[78.6011,11.6361],[78.5742,11.6567],[78.5618,11.69],[78.5278,11.6925],[78.53,11.6666],[78.4569,11.6801],[78.4534,11.7061],[78.4833,11.7182],[78.4996,11.7538],[78.5135,11.7571],[78.5384,11.7803],[78.5613,11.7807],[78.5527,11.8],[78.5581,11.8219],[78.5747,11.8367],[78.5862,11.836],[78.5885,11.8579],[78.6113,11.8854],[78.6268,11.9206],[78.6593,11.95],[78.6842,11.9503],[78.6781,11.9288],[78.6847,11.926],[78.6946,11.9651],[78.6824,11.9809],[78.6804,12.0216],[78.687,12.0546],[78.698,12.0644]]],[[[78.8595,12.8339],[78.8572,12.8092],[78.8501,12.8196],[78.8421,12.795],[78.8285,12.7917],[78.8068,12.7035],[78.7928,12.699],[78.7857,12.6687],[78.7888,12.6634],[78.8033,12.6759],[78.8029,12.6585],[78.7698,12.6407],[78.7593,12.6437],[78.7669,12.6549],[78.7631,12.6613],[78.7452,12.6427],[78.7209,12.6388],[78.7072,12.6629],[78.7047,12.6883],[78.6695,12.657],[78.6513,12.6646],[78.6489,12.6943],[78.6594,12.7177],[78.6762,12.7259],[78.7047,12.7079],[78.7126,12.712],[78.7177,12.7323],[78.7491,12.7468],[78.7741,12.728],[78.7735,12.756],[78.7843,12.7621],[78.7556,12.7835],[78.7594,12.8246],[78.8276,12.8597],[78.8479,12.8562],[78.8595,12.8339]]],[[[78.6448,14.3968],[78.662,14.3876],[78.662,14.3576],[78.654,14.3532],[78.6373,14.3522],[78.616,14.3627],[78.6217,14.3732],[78.576,14.3667],[78.6098,14.3592],[78.6311,14.3369],[78.6473,14.336],[78.7413,14.3408],[78.7736,14.3328],[78.8274,14.3717],[78.8446,14.3622],[78.8452,14.3516],[78.8215,14.338],[78.8123,14.2991],[78.8217,14.3042],[78.8184,14.295],[78.7988,14.2925],[78.7956,14.3029],[78.7821,14.2929],[78.7615,14.2951],[78.7759,14.2747],[78.7699,14.2718],[78.7507,14.2818],[78.7463,14.295],[78.6948,14.2967],[78.6674,14.2698],[78.6241,14.2803],[78.6031,14.2729],[78.6104,14.2578],[78.5998,14.2407],[78.5823,14.2397],[78.5857,14.2612],[78.559,14.2498],[78.5332,14.2701],[78.5123,14.2722],[78.4863,14.3048],[78.4389,14.2727],[78.4405,14.2515],[78.4211,14.2478],[78.4004,14.2602],[78.3814,14.2579],[78.3656,14.2756],[78.3694,14.3089],[78.3987,14.3132],[78.43,14.3301],[78.4564,14.3383],[78.4824,14.3308],[78.5321,14.3334],[78.4897,14.3455],[78.4847,14.3595],[78.4901,14.3714],[78.5103,14.3838],[78.5693,14.3965],[78.5981,14.4132],[78.6224,14.4146],[78.6448,14.3968]]],[[[78.7759,15.353],[78.7614,15.3248],[78.7659,15.3096],[78.7842,15.3095],[78.7849,15.2969],[78.7678,15.2933],[78.7526,15.305],[78.7423,15.2572],[78.7603,15.2542],[78.7835,15.2636],[78.7921,15.2807],[78.7885,15.3121],[78.7987,15.3207],[78.8252,15.3172],[78.8285,15.2988],[78.8262,15.2603],[78.8156,15.2377],[78.8259,15.2181],[78.8128,15.0978],[78.8186,15.0783],[78.8056,15.0503],[78.804,15.0223],[78.8196,15.0083],[78.821,14.9844],[78.8129,14.9888],[78.8061,14.9781],[78.7728,14.9644],[78.7623,14.9664],[78.7475,14.993],[78.7244,15.0733],[78.7093,15.0861],[78.6891,15.0888],[78.6848,15.1007],[78.6815,15.155],[78.7001,15.1759],[78.6953,15.1848],[78.7065,15.1899],[78.7026,15.2026],[78.6906,15.2063],[78.6935,15.2233],[78.7034,15.2508],[78.7077,15.2405],[78.7196,15.2498],[78.7175,15.267],[78.7085,15.2698],[78.7132,15.3321],[78.706,15.3106],[78.6728,15.2739],[78.6512,15.2896],[78.658,15.3022],[78.6486,15.345],[78.6514,15.3626],[78.679,15.3806],[78.6741,15.3896],[78.696,15.3988],[78.7129,15.3913],[78.7175,15.3633],[78.7267,15.3554],[78.749,15.43],[78.7661,15.428],[78.7901,15.4102],[78.7946,15.3976],[78.7927,15.38],[78.7759,15.353]]],[[[78.8153,13.4161],[78.8086,13.404],[78.7905,13.4055],[78.7714,13.3918],[78.7582,13.3603],[78.7341,13.3666],[78.7281,13.3757],[78.7388,13.3887],[78.7244,13.4086],[78.7363,13.4188],[78.7281,13.4416],[78.733,13.4548],[78.7729,13.4639],[78.7948,13.4572],[78.8153,13.4161]]],[[[78.7027,11.4735],[78.7056,11.437],[78.6979,11.4188],[78.6489,11.3886],[78.6838,11.3917],[78.6884,11.3783],[78.6557,11.3376],[78.6682,11.3275],[78.7067,11.3424],[78.751,11.3363],[78.7694,11.324],[78.7721,11.3023],[78.7945,11.3061],[78.7972,11.2851],[78.794,11.2655],[78.7632,11.2739],[78.7519,11.2621],[78.7221,11.2556],[78.7175,11.2356],[78.7363,11.2178],[78.7155,11.201],[78.745,11.2014],[78.7508,11.2134],[78.7572,11.2075],[78.7363,11.1844],[78.7405,11.1761],[78.7071,11.1573],[78.6904,11.1772],[78.6743,11.172],[78.6645,11.1519],[78.6468,11.1643],[78.6595,11.1927],[78.6594,11.23],[78.6433,11.2221],[78.6098,11.2214],[78.5899,11.2446],[78.5553,11.2218],[78.5443,11.2269],[78.5362,11.2528],[78.553,11.2737],[78.5461,11.2877],[78.5235,11.3126],[78.5082,11.3202],[78.4991,11.3155],[78.4864,11.3266],[78.4861,11.3421],[78.4992,11.3602],[78.5027,11.3879],[78.5654,11.4488],[78.5846,11.4343],[78.5968,11.4572],[78.6233,11.4621],[78.6386,11.456],[78.6383,11.4695],[78.6554,11.4842],[78.7027,11.4735]]],[[[78.7538,13.285],[78.7409,13.2834],[78.7177,13.2961],[78.7216,13.3153],[78.7437,13.3249],[78.7548,13.3182],[78.749,13.3083],[78.759,13.2973],[78.7538,13.285]]],[[[78.7248,14.8942],[78.7187,14.8874],[78.7001,14.8932],[78.6543,14.9747],[78.6465,15.0481],[78.6646,15.0633],[78.6821,15.0611],[78.6935,14.9931],[78.7378,14.926],[78.7413,14.9127],[78.7248,14.8942]]],[[[78.6981,12.5449],[78.6787,12.5343],[78.6589,12.5398],[78.6303,12.5319],[78.6277,12.5152],[78.6145,12.5103],[78.5918,12.5256],[78.5867,12.5447],[78.5926,12.5721],[78.6201,12.6194],[78.6685,12.6315],[78.6838,12.6245],[78.7071,12.592],[78.6981,12.5449]]],[[[78.6281,12.0059],[78.6307,11.9906],[78.6421,12.0048],[78.6545,12.0058],[78.6634,11.9932],[78.6462,11.9511],[78.6107,11.911],[78.5996,11.9118],[78.5909,11.895],[78.5763,11.8894],[78.5763,11.8739],[78.5473,11.8313],[78.5439,11.822],[78.5516,11.8185],[78.5452,11.8055],[78.526,11.7965],[78.5342,11.8118],[78.5119,11.7941],[78.4776,11.7505],[78.4453,11.7396],[78.424,11.7476],[78.4248,11.7654],[78.3932,11.7355],[78.3763,11.7284],[78.3639,11.7353],[78.3501,11.7302],[78.3328,11.7529],[78.3229,11.739],[78.3097,11.743],[78.3002,11.7654],[78.2353,11.72],[78.1864,11.7121],[78.1735,11.7186],[78.1693,11.7549],[78.152,11.7842],[78.1263,11.7941],[78.1143,11.7907],[78.1115,11.8096],[78.1349,11.8259],[78.1315,11.8384],[78.1516,11.8682],[78.1511,11.8891],[78.1767,11.9175],[78.1804,11.9338],[78.1932,11.9395],[78.2099,11.9349],[78.2163,11.9479],[78.2286,11.9516],[78.2415,11.9506],[78.2505,11.9401],[78.2684,11.9446],[78.2919,11.9356],[78.2902,11.9197],[78.3249,11.9374],[78.3368,11.9293],[78.3417,11.9136],[78.3587,11.9175],[78.3752,11.8827],[78.3596,11.8569],[78.3625,11.8358],[78.3853,11.8711],[78.3879,11.9026],[78.4163,11.9136],[78.4466,11.948],[78.454,11.9716],[78.4757,11.9664],[78.4855,11.9778],[78.5461,11.9941],[78.5492,12.0044],[78.5728,12.0157],[78.5965,12.0614],[78.5769,12.0782],[78.5984,12.1132],[78.6191,12.0996],[78.6289,12.0757],[78.6425,12.0672],[78.6406,12.0213],[78.6281,12.0059]]],[[[78.6275,12.7335],[78.6015,12.7256],[78.5895,12.7103],[78.5658,12.7113],[78.5577,12.7214],[78.5636,12.7403],[78.5804,12.7428],[78.5918,12.7563],[78.5926,12.7869],[78.6198,12.8195],[78.6321,12.7812],[78.6232,12.7627],[78.6275,12.7335]]],[[[78.5673,11.4777],[78.552,11.4665],[78.5419,11.4754],[78.5163,11.4677],[78.4963,11.4839],[78.5154,11.5208],[78.5005,11.5249],[78.4907,11.5448],[78.5341,11.5635],[78.5367,11.5786],[78.5555,11.5838],[78.5726,11.5574],[78.5779,11.5227],[78.5636,11.5113],[78.5737,11.4924],[78.5673,11.4777]]],[[[78.4962,11.6117],[78.5216,11.5935],[78.5223,11.5851],[78.4999,11.5686],[78.4909,11.5713],[78.4781,11.6041],[78.4828,11.6117],[78.4962,11.6117]]],[[[78.3427,11.4722],[78.3618,11.4697],[78.4003,11.4351],[78.4498,11.4277],[78.4537,11.4152],[78.4875,11.4161],[78.4967,11.4003],[78.4684,11.3734],[78.4758,11.3523],[78.4592,11.335],[78.4716,11.3068],[78.4573,11.3002],[78.4552,11.2779],[78.4227,11.2063],[78.4145,11.1945],[78.3541,11.1749],[78.2764,11.1894],[78.2703,11.2632],[78.2866,11.2975],[78.3102,11.3101],[78.3155,11.3241],[78.2661,11.3536],[78.2617,11.3633],[78.2757,11.3892],[78.2777,11.4266],[78.3194,11.4559],[78.3094,11.4753],[78.3211,11.4712],[78.3326,11.4792],[78.3427,11.4722]]],[[[78.4668,10.2439],[78.4541,10.229],[78.4278,10.2434],[78.4062,10.2312],[78.3948,10.252],[78.4147,10.282],[78.438,10.2835],[78.4681,10.2602],[78.4668,10.2439]]],[[[78.3737,11.6848],[78.3624,11.6665],[78.3224,11.672],[78.3073,11.6858],[78.3119,11.6977],[78.348,11.7126],[78.3714,11.6971],[78.3737,11.6848]]],[[[78.3634,11.0551],[78.3603,11.0478],[78.3273,11.0492],[78.3051,11.0597],[78.2864,11.0716],[78.2922,11.1003],[78.3181,11.1091],[78.34,11.1016],[78.3675,11.0631],[78.3634,11.0551]]],[[[78.2966,10.4838],[78.3116,10.4742],[78.3278,10.4763],[78.355,10.4489],[78.3401,10.437],[78.3105,10.4363],[78.3052,10.4426],[78.3111,10.4622],[78.2866,10.4668],[78.2966,10.4838]]],[[[78.1896,11.6545],[78.2408,11.6442],[78.3142,11.6487],[78.3259,11.6135],[78.3104,11.6002],[78.2911,11.5947],[78.2723,11.6029],[78.2698,11.5952],[78.2733,11.5864],[78.2823,11.5928],[78.3234,11.585],[78.3346,11.5492],[78.3513,11.5355],[78.3368,11.487],[78.3207,11.4822],[78.3047,11.4925],[78.3041,11.479],[78.296,11.4815],[78.2906,11.4889],[78.3007,11.4976],[78.2733,11.5139],[78.2302,11.496],[78.1683,11.5035],[78.1701,11.5598],[78.2156,11.5717],[78.2259,11.5819],[78.2085,11.5925],[78.1746,11.5713],[78.1523,11.5874],[78.1534,11.6173],[78.1896,11.6545]]],[[[78.3137,10.3618],[78.266,10.37],[78.2647,10.3826],[78.2889,10.4087],[78.321,10.4205],[78.3243,10.4093],[78.3488,10.3951],[78.3446,10.3803],[78.3137,10.3618]]],[[[78.3369,12.024],[78.3453,12.0098],[78.3437,11.9788],[78.2978,11.9499],[78.2865,11.951],[78.28,12.0035],[78.2896,12.0165],[78.3088,12.017],[78.3214,12.0275],[78.3369,12.024]]],[[[78.2957,10.229],[78.3038,10.2529],[78.3319,10.2587],[78.3397,10.2447],[78.3331,10.2245],[78.3208,10.2168],[78.2957,10.229]]],[[[78.2957,10.229],[78.2855,10.2161],[78.2788,10.2379],[78.2849,10.2391],[78.2957,10.229]]],[[[78.3175,10.2771],[78.3041,10.2707],[78.2886,10.2749],[78.3133,10.2841],[78.3175,10.2771]]],[[[78.2671,12.4584],[78.2808,12.4489],[78.2956,12.4529],[78.3045,12.4429],[78.3081,12.4197],[78.2978,12.4103],[78.2573,12.4172],[78.2675,12.4316],[78.2323,12.4432],[78.2351,12.4689],[78.2671,12.4584]]],[[[78.3062,14.3016],[78.3041,14.2957],[78.2488,14.3112],[78.2156,14.3376],[78.2257,14.3398],[78.3006,14.3118],[78.3062,14.3016]]],[[[78.2886,10.2987],[78.2812,10.2832],[78.2686,10.2958],[78.2851,10.3112],[78.2886,10.2987]]],[[[78.2771,10.1759],[78.2901,10.1609],[78.2658,10.0907],[78.2434,10.0721],[78.1876,10.0596],[78.1799,10.079],[78.2019,10.1374],[78.2236,10.1551],[78.2593,10.1632],[78.2591,10.1695],[78.2771,10.1759]]],[[[78.2872,12.1414],[78.284,12.1066],[78.2552,12.0931],[78.2711,12.0569],[78.2595,12.0355],[78.1918,11.9815],[78.1333,11.9644],[78.1353,11.9572],[78.1491,11.9623],[78.1529,11.9564],[78.1249,11.9266],[78.1134,11.8942],[78.0692,11.8855],[78.0527,11.9094],[78.0554,11.9314],[78.0849,11.9461],[78.0835,11.9529],[78.0748,11.948],[78.0672,11.9534],[78.0624,11.9692],[78.0817,11.9984],[78.0997,12.0017],[78.1191,11.994],[78.1411,12.0304],[78.1763,12.0369],[78.1753,12.0501],[78.1973,12.0805],[78.194,12.1082],[78.2298,12.1416],[78.2391,12.1458],[78.2479,12.1395],[78.2707,12.1537],[78.2872,12.1414]]],[[[78.2445,10.4966],[78.2831,10.4753],[78.2817,10.4527],[78.2743,10.4531],[78.2821,10.4419],[78.2776,10.4336],[78.2689,10.4367],[78.2577,10.4288],[78.2549,10.4142],[78.2355,10.4045],[78.2232,10.4071],[78.2156,10.392],[78.2409,10.3903],[78.2399,10.3519],[78.2682,10.3205],[78.2666,10.294],[78.2149,10.2447],[78.2012,10.2522],[78.1641,10.2448],[78.1478,10.2752],[78.155,10.308],[78.1497,10.3228],[78.1595,10.3449],[78.1988,10.3598],[78.1936,10.3694],[78.1762,10.3614],[78.1649,10.3769],[78.1593,10.408],[78.1908,10.485],[78.2192,10.4981],[78.2445,10.4966]]],[[[78.268,10.531],[78.245,10.5278],[78.226,10.5347],[78.2234,10.5606],[78.2601,10.5934],[78.2767,10.5627],[78.268,10.531]]],[[[78.2528,11.3466],[78.2436,11.3243],[78.2082,11.304],[78.1919,11.3057],[78.1781,11.3253],[78.1919,11.3529],[78.2133,11.3497],[78.2178,11.3403],[78.2444,11.3633],[78.2566,11.3535],[78.2528,11.3466]]],[[[78.1666,10.5561],[78.1726,10.5757],[78.1902,10.5725],[78.1725,10.549],[78.1666,10.5561]]],[[[78.1666,10.5561],[78.13,10.5259],[78.1151,10.5375],[78.098,10.5322],[78.0885,10.5504],[78.1343,10.6259],[78.128,10.6387],[78.1647,10.6534],[78.169,10.6622],[78.1797,10.651],[78.226,10.6362],[78.23,10.6084],[78.2125,10.6027],[78.1932,10.6071],[78.1731,10.5929],[78.1652,10.5794],[78.1666,10.5561]]],[[[78.1198,10.201],[78.1303,10.1971],[78.1618,10.2179],[78.1646,10.207],[78.1744,10.2179],[78.1858,10.2034],[78.1831,10.1599],[78.1595,10.1465],[78.1419,10.1479],[78.1367,10.1364],[78.1116,10.1505],[78.1087,10.1374],[78.0898,10.1322],[78.0782,10.1362],[78.0713,10.1508],[78.0532,10.1268],[78.0138,10.1242],[77.9707,10.1061],[77.9607,10.1074],[77.9505,10.1371],[77.9309,10.151],[77.9318,10.1897],[77.9094,10.2283],[77.9121,10.2427],[77.9321,10.2593],[77.9546,10.2634],[77.9701,10.2981],[77.994,10.3092],[78.0076,10.2887],[78.0233,10.2851],[78.0264,10.2712],[78.054,10.2592],[78.0749,10.2229],[78.1198,10.201]]],[[[78.1322,12.4718],[78.148,12.4581],[78.1568,12.4675],[78.168,12.4358],[78.1649,12.4257],[78.153,12.4258],[78.1497,12.4363],[78.1332,12.3894],[78.1132,12.3929],[78.1102,12.4112],[78.1217,12.4111],[78.1112,12.4213],[78.1145,12.4433],[78.1077,12.4531],[78.1245,12.4759],[78.1322,12.4718]]],[[[78.1322,11.4405],[78.1136,11.4406],[78.1011,11.4587],[78.1005,11.4731],[78.1153,11.4935],[78.099,11.5086],[78.0986,11.5194],[78.1186,11.53],[78.1513,11.495],[78.1587,11.4708],[78.1322,11.4405]]],[[[78.1395,12.357],[78.1122,12.3501],[78.0927,12.3624],[78.1432,12.3862],[78.1487,12.3727],[78.1395,12.357]]],[[[78.0758,11.6362],[78.0923,11.6333],[78.0954,11.6163],[78.0802,11.6029],[78.0562,11.5915],[78.0199,11.6019],[78.018,11.6211],[78.0327,11.6327],[78.0628,11.6418],[78.0758,11.6362]]],[[[78.0711,10.1163],[78.08,10.1035],[78.0583,10.0667],[78.0102,10.0581],[78.0031,10.0682],[78.0123,10.0979],[78.0331,10.113],[78.0711,10.1163]]],[[[78.0232,12.1981],[78.002,12.1728],[77.9797,12.173],[77.9711,12.1868],[77.9719,12.1971],[77.9834,12.1969],[77.9827,12.2272],[78.0098,12.2367],[78.0118,12.2773],[78.0423,12.2883],[78.0569,12.2572],[78.0232,12.1981]]],[[[77.9551,12.4446],[77.9759,12.4097],[77.9681,12.3716],[77.9988,12.3698],[77.9965,12.3307],[77.9786,12.3278],[77.974,12.3135],[77.9613,12.3093],[77.9675,12.3033],[77.9674,12.2718],[77.9811,12.2656],[77.978,12.2526],[77.9531,12.2258],[77.9188,12.2108],[77.9014,12.2168],[77.8933,12.1869],[77.879,12.176],[77.851,12.1802],[77.8511,12.1657],[77.8364,12.1459],[77.8182,12.1365],[77.7999,12.1361],[77.7775,12.1501],[77.7782,12.1842],[77.7562,12.1819],[77.753,12.1884],[77.73,12.1731],[77.7221,12.1344],[77.7051,12.1261],[77.7081,12.1043],[77.7207,12.0917],[77.6918,12.0482],[77.703,12.022],[77.7007,12.0098],[77.6899,11.983],[77.6635,11.9726],[77.6823,11.9529],[77.676,11.9074],[77.6905,11.8865],[77.6793,11.8737],[77.668,11.874],[77.6614,11.8532],[77.667,11.8468],[77.6839,11.8634],[77.6987,11.8637],[77.7042,11.853],[77.6905,11.8136],[77.704,11.8165],[77.7134,11.8075],[77.7132,11.7823],[77.7289,11.7759],[77.757,11.8425],[77.778,11.8333],[77.7697,11.8096],[77.7894,11.8155],[77.7972,11.7971],[77.776,11.7292],[77.7837,11.7302],[77.7992,11.7558],[77.8205,11.7615],[77.8557,11.7967],[77.8717,11.7934],[77.8552,11.7286],[77.8159,11.7165],[77.8094,11.6968],[77.7863,11.6928],[77.7671,11.6792],[77.7472,11.6509],[77.7299,11.6485],[77.7183,11.6333],[77.7008,11.6262],[77.6801,11.6568],[77.6988,11.6986],[77.6878,11.7164],[77.7009,11.7528],[77.6782,11.7301],[77.6644,11.7359],[77.6438,11.699],[77.6125,11.6759],[77.593,11.6784],[77.5906,11.6946],[77.5783,11.6739],[77.5588,11.678],[77.5377,11.5886],[77.5062,11.5681],[77.4932,11.5757],[77.4964,11.5524],[77.483,11.5462],[77.4648,11.549],[77.4348,11.5689],[77.432,11.5536],[77.3942,11.5206],[77.3695,11.5255],[77.3597,11.5364],[77.3439,11.5213],[77.3229,11.5226],[77.3106,11.527],[77.3041,11.5412],[77.3111,11.554],[77.3069,11.5616],[77.3,11.5612],[77.2886,11.539],[77.269,11.5364],[77.2617,11.5447],[77.2249,11.547],[77.2052,11.5727],[77.2134,11.5895],[77.1933,11.5946],[77.1648,11.5798],[77.1431,11.5896],[77.123,11.551],[77.1265,11.5412],[77.1177,11.5196],[77.1095,11.5079],[77.0941,11.5051],[77.0728,11.5203],[77.0459,11.5177],[76.9717,11.5782],[76.9162,11.5739],[76.9062,11.5809],[76.8923,11.5739],[76.8763,11.5965],[76.8478,11.5961],[76.788,11.6134],[76.7624,11.6519],[76.7668,11.6567],[76.8655,11.6494],[76.8698,11.6297],[76.9491,11.6446],[76.9593,11.6242],[76.9722,11.6217],[76.9882,11.6044],[77.0153,11.6103],[77.0176,11.6405],[77.035,11.6701],[77.0387,11.7036],[77.0573,11.7216],[77.045,11.7256],[77.049,11.7604],[77.102,11.7632],[77.1134,11.7798],[77.0963,11.8041],[77.097,11.8216],[77.0768,11.8391],[77.0676,11.8914],[77.0783,11.9053],[77.0895,11.9048],[77.1038,11.9389],[77.0986,11.9911],[77.113,12.0195],[77.1073,12.0431],[77.1469,12.0724],[77.1439,12.1329],[77.1626,12.1479],[77.1741,12.155],[77.1913,12.1292],[77.199,12.0924],[77.2225,12.0825],[77.2216,12.0602],[77.247,12.0255],[77.2484,11.9892],[77.2594,11.9719],[77.2532,11.9524],[77.2589,11.9415],[77.2416,11.9255],[77.2467,11.9067],[77.2176,11.8317],[77.2198,11.7969],[77.2092,11.778],[77.2146,11.7509],[77.2193,11.7609],[77.2458,11.7573],[77.2488,11.7695],[77.2277,11.7717],[77.2239,11.7805],[77.2318,11.8039],[77.2503,11.8154],[77.2682,11.8031],[77.2777,11.8081],[77.2711,11.8206],[77.2733,11.8498],[77.2989,11.8946],[77.2926,11.932],[77.3108,11.9529],[77.3063,11.9895],[77.3209,12.0075],[77.3313,12.0071],[77.3477,11.9764],[77.3371,11.9478],[77.3487,11.887],[77.395,11.8885],[77.3946,11.8982],[77.3781,11.899],[77.3905,11.9064],[77.3828,11.9176],[77.3913,11.9319],[77.4029,11.9347],[77.4064,11.9708],[77.4367,11.9929],[77.4634,11.9815],[77.4558,11.9671],[77.4772,11.9393],[77.4842,11.9409],[77.479,11.9789],[77.4989,11.9925],[77.5082,12.0203],[77.4998,12.0327],[77.516,12.0876],[77.5038,12.1193],[77.5341,12.1821],[77.5362,12.1655],[77.5528,12.1613],[77.5502,12.1842],[77.5751,12.1841],[77.5843,12.2048],[77.5652,12.212],[77.5435,12.207],[77.5345,12.1885],[77.5016,12.1883],[77.4593,12.2091],[77.4605,12.258],[77.4652,12.282],[77.4759,12.2923],[77.4758,12.3113],[77.4972,12.3083],[77.53,12.3175],[77.5815,12.3556],[77.614,12.3363],[77.6482,12.3517],[77.6587,12.3892],[77.651,12.3966],[77.6778,12.3968],[77.6784,12.4071],[77.6625,12.4047],[77.6591,12.4319],[77.6886,12.4545],[77.6883,12.4405],[77.7008,12.4406],[77.7066,12.4322],[77.7013,12.417],[77.7228,12.4201],[77.7361,12.4137],[77.7488,12.3888],[77.7332,12.3725],[77.724,12.3821],[77.724,12.3719],[77.7013,12.3487],[77.6771,12.3462],[77.6655,12.3113],[77.6779,12.2926],[77.706,12.3071],[77.731,12.3002],[77.7299,12.2323],[77.7387,12.2264],[77.7551,12.2421],[77.7502,12.2524],[77.7613,12.2631],[77.7468,12.2623],[77.752,12.2829],[77.7438,12.2937],[77.7634,12.318],[77.7447,12.3527],[77.7562,12.3755],[77.799,12.3779],[77.8111,12.3905],[77.8162,12.378],[77.8293,12.3964],[77.8526,12.3884],[77.8685,12.4245],[77.88,12.4365],[77.8926,12.4362],[77.8914,12.4762],[77.8994,12.5005],[77.936,12.4976],[77.9447,12.4571],[77.9551,12.4446]]],[[[77.8062,12.1292],[77.8163,12.1003],[77.8093,12.0921],[77.7957,12.0932],[77.783,12.0743],[77.7904,12.0541],[77.7802,12.0188],[77.7863,12.0079],[77.7798,11.9998],[77.7705,12.005],[77.7541,11.9707],[77.7322,11.9744],[77.701,12.0022],[77.7345,12.0423],[77.7455,12.0774],[77.7634,12.0959],[77.752,12.1063],[77.7561,12.1245],[77.7893,12.1362],[77.8062,12.1292]]],[[[77.524,12.5795],[77.5343,12.5722],[77.5477,12.58],[77.5669,12.5328],[77.5624,12.5163],[77.5457,12.5061],[77.5012,12.514],[77.4813,12.5312],[77.4781,12.5487],[77.4953,12.5763],[77.524,12.5795]]],[[[77.5573,12.3529],[77.5437,12.3374],[77.5309,12.3387],[77.5342,12.3532],[77.5467,12.3524],[77.5466,12.3612],[77.5592,12.362],[77.5573,12.3529]]],[[[77.2656,12.4093],[77.3014,12.407],[77.3287,12.3878],[77.3623,12.3836],[77.3801,12.3916],[77.3953,12.3839],[77.4121,12.3322],[77.4375,12.3384],[77.4402,12.3084],[77.4104,12.2941],[77.401,12.2778],[77.4165,12.2705],[77.4243,12.254],[77.4431,12.2488],[77.4425,12.234],[77.4223,12.2393],[77.4103,12.2269],[77.3959,12.2284],[77.3599,12.2525],[77.3759,12.271],[77.3367,12.2825],[77.3207,12.3032],[77.2867,12.3059],[77.2531,12.3243],[77.2592,12.3372],[77.2302,12.4057],[77.2472,12.4157],[77.2656,12.4093]]],[[[77.3343,12.2718],[77.3367,12.2588],[77.3488,12.2595],[77.3448,12.2475],[77.3774,12.2334],[77.3863,12.2104],[77.3835,12.1907],[77.3552,12.1887],[77.3494,12.1761],[77.3215,12.1833],[77.2977,12.1727],[77.2852,12.2029],[77.3007,12.1973],[77.3092,12.2162],[77.2984,12.2694],[77.3171,12.274],[77.3209,12.2863],[77.3319,12.2833],[77.3343,12.2718]]],[[[77.2704,12.4559],[77.2645,12.4478],[77.2535,12.4512],[77.2442,12.4772],[77.2465,12.4946],[77.2595,12.4885],[77.2704,12.4559]]],[[[77.2427,12.2727],[77.2589,12.2571],[77.2352,12.2079],[77.2166,12.1978],[77.2085,12.2154],[77.1809,12.201],[77.1624,12.2105],[77.1642,12.2316],[77.1811,12.2586],[77.1925,12.2612],[77.2102,12.2468],[77.2183,12.2642],[77.2158,12.2696],[77.204,12.2603],[77.1918,12.2705],[77.1896,12.2915],[77.2082,12.3186],[77.2409,12.3103],[77.2543,12.287],[77.2427,12.2727]]]]}},{"type":"Feature","properties":{"name":"Eastern Indian Ocean Islands","kind":"mountain range","wikidata":null,"area_km2":2872,"source":"GMBA Mountain Inventory v2.0 (CC BY 4.0)"},"geometry":{"type":"MultiPolygon","coordinates":[[[[93.0051,13.0884],[92.9556,13.1089],[92.9566,13.1472],[92.9489,13.1663],[92.9515,13.1839],[92.9736,13.2059],[92.9893,13.2377],[93.0052,13.2409],[93.0212,13.237],[93.0399,13.2108],[93.0357,13.1819],[93.0425,13.141],[93.034,13.1297],[93.0346,13.099],[93.0051,13.0884]]],[[[92.9481,12.6665],[92.9226,12.659],[92.8906,12.6722],[92.8836,12.7002],[92.8866,12.7161],[92.9087,12.7304],[92.9011,12.742],[92.9381,12.7422],[92.9551,12.7286],[92.9469,12.7052],[92.9571,12.6819],[92.9481,12.6665]]],[[[92.7467,11.776],[92.7149,11.7872],[92.7088,11.8019],[92.7376,11.8815],[92.7587,11.8946],[92.7905,11.8752],[92.7696,11.8012],[92.7467,11.776]]],[[[92.65,11.4975],[92.6645,11.4928],[92.678,11.4744],[92.6755,11.445],[92.652,11.4228],[92.6333,11.4239],[92.618,11.4494],[92.6165,11.4746],[92.6363,11.4967],[92.65,11.4975]]],[[[53.5685,12.7056],[53.6519,12.7036],[53.6757,12.6836],[53.6808,12.6642],[53.7073,12.6592],[53.7155,12.63],[53.7313,12.6125],[53.7278,12.6023],[53.692,12.6028],[53.6864,12.5965],[53.7095,12.5758],[53.7208,12.5529],[53.7047,12.5318],[53.61,12.5454],[53.5877,12.5398],[53.5799,12.5194],[53.5561,12.5047],[53.5381,12.5051],[53.4991,12.5244],[53.4834,12.5443],[53.4758,12.5404],[53.4864,12.4904],[53.5197,12.4822],[53.5303,12.4736],[53.5342,12.4536],[53.4895,12.4546],[53.466,12.4653],[53.4614,12.4581],[53.4823,12.4508],[53.5312,12.3904],[53.5385,12.3905],[53.549,12.4093],[53.5573,12.4092],[53.5631,12.3973],[53.5834,12.3947],[53.5991,12.403],[53.6559,12.3981],[53.667,12.4038],[53.6844,12.3777],[53.7491,12.378],[53.7599,12.4082],[53.778,12.4256],[53.8234,12.4414],[53.8388,12.4901],[53.8612,12.506],[53.8641,12.5212],[53.861,12.5335],[53.8353,12.542],[53.7728,12.5408],[53.7722,12.5775],[53.8697,12.5661],[53.9006,12.585],[53.9096,12.6153],[53.9288,12.6176],[53.9465,12.6383],[53.9761,12.651],[54.0083,12.6504],[54.0273,12.6281],[54.0576,12.626],[54.0698,12.6516],[54.0876,12.6687],[54.1032,12.6717],[54.1178,12.6488],[54.1295,12.6548],[54.135,12.6719],[54.2056,12.6631],[54.2132,12.6552],[54.1969,12.6303],[54.1557,12.6239],[54.1425,12.6384],[54.1385,12.6216],[54.1912,12.6072],[54.209,12.5857],[54.213,12.5654],[54.226,12.5551],[54.2368,12.5677],[54.2546,12.5677],[54.2655,12.5845],[54.2374,12.6261],[54.2406,12.6385],[54.2574,12.6425],[54.3177,12.607],[54.3617,12.605],[54.3992,12.583],[54.4214,12.5799],[54.4739,12.5467],[54.4929,12.5444],[54.4926,12.5289],[54.4533,12.5192],[54.4403,12.4879],[54.4094,12.4634],[54.3402,12.4488],[54.3364,12.4576],[54.3697,12.4738],[54.3965,12.4954],[54.3994,12.5075],[54.4313,12.5246],[54.4343,12.535],[54.3426,12.571],[54.2885,12.5572],[54.2802,12.528],[54.2112,12.5171],[54.2048,12.5007],[54.2081,12.4782],[54.2002,12.4665],[54.2075,12.4363],[54.2386,12.4405],[54.2383,12.4519],[54.2614,12.4677],[54.2906,12.4739],[54.2949,12.4907],[54.3197,12.501],[54.3051,12.5177],[54.3228,12.5177],[54.3386,12.5112],[54.3507,12.4795],[54.3367,12.4618],[54.2315,12.4205],[54.1787,12.4202],[54.1193,12.3861],[54.0664,12.3925],[54.0455,12.3793],[53.9674,12.3633],[53.896,12.3655],[53.7672,12.3258],[53.6411,12.325],[53.5433,12.3361],[53.5321,12.3719],[53.4395,12.4587],[53.3197,12.5175],[53.3031,12.5324],[53.3199,12.5467],[53.3387,12.5384],[53.3638,12.5425],[53.3737,12.5322],[53.3926,12.5303],[53.3844,12.5454],[53.3983,12.55],[53.4041,12.5697],[53.3947,12.5952],[53.394,12.6537],[53.4347,12.672],[53.5008,12.6656],[53.5193,12.6534],[53.5704,12.6397],[53.5804,12.6446],[53.6276,12.624],[53.6406,12.6338],[53.658,12.6268],[53.6655,12.6337],[53.6564,12.6456],[53.6591,12.6596],[53.5955,12.6685],[53.5673,12.6468],[53.5031,12.6974],[53.521,12.7146],[53.5367,12.7175],[53.5685,12.7056]]],[[[53.6587,12.4412],[53.5749,12.4332],[53.5467,12.4458],[53.5371,12.4729],[53.5613,12.4784],[53.5742,12.5026],[53.5965,12.5117],[53.6628,12.485],[53.6692,12.4741],[53.6587,12.4412]]],[[[53.0613,12.1239],[53.0273,12.137],[52.9949,12.1585],[52.9937,12.1682],[53.0144,12.182],[53.0731,12.1756],[53.0904,12.1591],[53.0884,12.1344],[53.0613,12.1239]]],[[[52.3694,12.1699],[52.3713,12.1565],[52.3541,12.157],[52.3312,12.1457],[52.3008,12.1553],[52.287,12.1452],[52.2405,12.155],[52.2281,12.1744],[52.2333,12.1841],[52.2632,12.1863],[52.302,12.1655],[52.3208,12.1815],[52.3607,12.1904],[52.3702,12.1838],[52.3694,12.1699]]]]}},{"type":"Feature","properties":{"name":"Eastern Satpura Range","kind":"mountain range","wikidata":null,"area_km2":4129,"source":"GMBA Mountain Inventory v2.0 (CC BY 4.0)"},"geometry":{"type":"MultiPolygon","coordinates":[[[[83.747,22.8172],[83.7472,22.7926],[83.7634,22.8013],[83.7579,22.8118],[83.7699,22.8177],[83.7696,22.825],[83.7889,22.8236],[83.7881,22.804],[83.805,22.7606],[83.8163,22.7533],[83.8206,22.7262],[83.8095,22.6872],[83.7957,22.6811],[83.782,22.6821],[83.7568,22.7012],[83.76,22.7277],[83.7392,22.7485],[83.7236,22.7447],[83.7141,22.7594],[83.7177,22.7842],[83.6947,22.8018],[83.7289,22.8011],[83.7402,22.819],[83.7167,22.8249],[83.6991,22.8512],[83.7361,22.8675],[83.7509,22.8439],[83.7429,22.8288],[83.747,22.8172]]],[[[83.6008,22.7823],[83.5825,22.7841],[83.5836,22.8049],[83.6112,22.7923],[83.6008,22.7823]]],[[[83.5512,22.9053],[83.5647,22.9011],[83.5682,22.9164],[83.5754,22.9124],[83.5779,22.9001],[83.5603,22.8728],[83.5414,22.873],[83.5211,22.8922],[83.4971,22.9018],[83.497,22.9346],[83.5048,22.9425],[83.5274,22.9159],[83.5512,22.9053]]],[[[83.343,22.9653],[83.3496,22.9582],[83.3697,22.9658],[83.3761,22.9588],[83.4054,22.9561],[83.4362,22.9285],[83.4305,22.8868],[83.3956,22.8468],[83.3994,22.827],[83.4101,22.8197],[83.4253,22.8313],[83.4397,22.8245],[83.4588,22.8102],[83.4655,22.794],[83.4621,22.7845],[83.4093,22.7658],[83.4144,22.7467],[83.4054,22.7115],[83.3817,22.7175],[83.3722,22.7072],[83.341,22.7097],[83.3269,22.6989],[83.3106,22.7145],[83.2885,22.7208],[83.2988,22.7026],[83.2775,22.6669],[83.2815,22.6554],[83.2674,22.6525],[83.2285,22.6865],[83.2107,22.7386],[83.1826,22.7432],[83.1749,22.7315],[83.1822,22.728],[83.1844,22.7098],[83.1966,22.7059],[83.1899,22.674],[83.1783,22.6735],[83.1636,22.6967],[83.1489,22.6848],[83.16,22.6688],[83.1556,22.6605],[83.1681,22.643],[83.1801,22.6392],[83.1693,22.6093],[83.1186,22.6286],[83.089,22.6155],[83.0692,22.6333],[83.0535,22.6228],[83.0291,22.5748],[83.0158,22.5706],[83.0149,22.5455],[83.0249,22.529],[83.0214,22.513],[82.9808,22.4931],[82.9906,22.4737],[82.9837,22.4541],[82.9719,22.4503],[82.9697,22.434],[82.9506,22.4153],[82.9232,22.4078],[82.8859,22.4156],[82.8684,22.429],[82.8569,22.4647],[82.8362,22.4837],[82.8235,22.4877],[82.796,22.4695],[82.7548,22.4761],[82.7449,22.4901],[82.7214,22.4991],[82.7083,22.536],[82.6938,22.5301],[82.6905,22.5699],[82.6799,22.5749],[82.6897,22.6131],[82.72,22.61],[82.7198,22.6273],[82.7359,22.6303],[82.7462,22.6521],[82.7663,22.6468],[82.7873,22.655],[82.8054,22.6412],[82.831,22.6363],[82.8453,22.6209],[82.8582,22.6277],[82.8778,22.6102],[82.8889,22.5843],[82.901,22.5904],[82.9051,22.5942],[82.8948,22.6076],[82.9019,22.6211],[82.8952,22.6273],[82.9424,22.65],[82.936,22.6838],[82.9011,22.686],[82.8933,22.6943],[82.9087,22.7006],[82.9073,22.7409],[82.9245,22.7639],[82.9501,22.7667],[82.9595,22.7842],[82.9761,22.764],[82.9752,22.7337],[82.9489,22.7285],[82.9623,22.7111],[82.9977,22.7085],[83.0075,22.7276],[83.0386,22.7384],[83.0436,22.7278],[83.0662,22.7233],[83.0701,22.7026],[83.0805,22.703],[83.0878,22.7108],[83.0822,22.7327],[83.0682,22.7456],[83.0842,22.7642],[83.1169,22.7561],[83.1244,22.7627],[83.0965,22.8571],[83.1255,22.8693],[83.1287,22.8858],[83.1551,22.8944],[83.1581,22.9071],[83.1681,22.8937],[83.1617,22.8781],[83.1695,22.8778],[83.2068,22.9319],[83.2539,22.9312],[83.2949,22.9611],[83.3348,22.9706],[83.343,22.9653]]],[[[82.5134,22.5468],[82.4776,22.5594],[82.4241,22.5979],[82.4216,22.6221],[82.4031,22.6339],[82.4292,22.6695],[82.4754,22.6617],[82.4992,22.6306],[82.528,22.6196],[82.5401,22.6022],[82.5401,22.5724],[82.5134,22.5468]]],[[[82.3186,22.7019],[82.3549,22.7073],[82.3727,22.6932],[82.3816,22.6627],[82.366,22.6135],[82.3905,22.6137],[82.3925,22.5759],[82.4049,22.5821],[82.4212,22.5669],[82.4301,22.541],[82.401,22.5387],[82.4039,22.5262],[82.4176,22.5228],[82.4155,22.5008],[82.3932,22.4819],[82.3739,22.4488],[82.3409,22.4281],[82.3161,22.4279],[82.2885,22.4604],[82.2809,22.4565],[82.2572,22.4696],[82.2641,22.4833],[82.25,22.5091],[82.1994,22.5258],[82.1949,22.5441],[82.1821,22.5473],[82.1823,22.5612],[82.1534,22.555],[82.118,22.5772],[82.0851,22.5766],[82.0318,22.5431],[82.0168,22.5617],[81.9926,22.5653],[81.995,22.5861],[82.0146,22.5885],[82.0195,22.5987],[82.0575,22.593],[82.0653,22.6091],[82.0962,22.6216],[82.1554,22.6059],[82.2058,22.6095],[82.2185,22.6009],[82.2512,22.6167],[82.2989,22.5926],[82.3032,22.5456],[82.2964,22.5253],[82.3098,22.4686],[82.3572,22.4757],[82.3428,22.5037],[82.3424,22.5237],[82.3567,22.5285],[82.3719,22.5799],[82.3419,22.5888],[82.3339,22.6247],[82.3213,22.6288],[82.3115,22.6489],[82.3018,22.6439],[82.288,22.655],[82.2758,22.6487],[82.2708,22.6281],[82.2449,22.6276],[82.2468,22.6423],[82.2207,22.654],[82.2587,22.6712],[82.2622,22.6834],[82.2552,22.6945],[82.2786,22.6975],[82.2983,22.6823],[82.3186,22.7019]]],[[[82.3186,22.7019],[82.3043,22.7005],[82.2989,22.7017],[82.3195,22.7145],[82.3259,22.7118],[82.3186,22.7019]]],[[[82.1373,22.4562],[82.0823,22.4861],[82.076,22.5077],[82.1234,22.5404],[82.1361,22.5201],[82.1478,22.4699],[82.1373,22.4562]]],[[[82.0843,22.4346],[82.0932,22.4271],[82.1277,22.4301],[82.132,22.42],[82.1103,22.3999],[82.0897,22.4046],[82.0843,22.4346]]],[[[82.1182,22.4483],[82.0949,22.4452],[82.0945,22.4508],[82.1064,22.455],[82.1182,22.4483]]],[[[81.987,22.4385],[82.0132,22.4396],[82.0103,22.4049],[81.9669,22.3985],[81.9561,22.3874],[81.9394,22.3891],[81.9333,22.398],[81.9364,22.4203],[81.9647,22.4696],[81.9924,22.454],[81.987,22.4385]]],[[[81.6698,23.0342],[81.705,22.9742],[81.7198,22.932],[81.7345,22.9321],[81.8,22.8954],[81.8005,22.848],[81.7905,22.8318],[81.8031,22.8198],[81.8271,22.7609],[81.8194,22.7419],[81.8007,22.7362],[81.8134,22.7064],[81.7928,22.6813],[81.7924,22.6484],[81.7696,22.6233],[81.7397,22.6239],[81.7326,22.6363],[81.7252,22.6166],[81.7042,22.6076],[81.6918,22.616],[81.6788,22.6108],[81.6883,22.5466],[81.6737,22.537],[81.6741,22.5163],[81.6529,22.4862],[81.6131,22.4883],[81.5693,22.5092],[81.5614,22.4925],[81.578,22.4923],[81.5706,22.4744],[81.5346,22.472],[81.5286,22.4426],[81.5099,22.4508],[81.5072,22.434],[81.4907,22.4176],[81.4602,22.4093],[81.4465,22.4175],[81.4074,22.4026],[81.3238,22.4187],[81.2902,22.4028],[81.26,22.4028],[81.2099,22.358],[81.1434,22.3332],[81.1385,22.3279],[81.1657,22.3133],[81.1697,22.2922],[81.1536,22.2543],[81.1615,22.2468],[81.1615,22.228],[81.1101,22.1955],[81.1161,22.1807],[81.0989,22.1604],[81.1176,22.1125],[81.1066,22.0981],[81.0805,22.0851],[81.0749,22.0603],[81.057,22.0739],[81.0634,22.1089],[81.0897,22.1437],[81.076,22.1568],[81.0719,22.2056],[81.0782,22.2178],[81.1322,22.257],[81.1385,22.2761],[81.1325,22.3272],[81.139,22.3462],[81.1622,22.3857],[81.1906,22.3927],[81.2219,22.4448],[81.2574,22.4675],[81.2723,22.4575],[81.3044,22.4863],[81.3269,22.4739],[81.3301,22.4969],[81.3584,22.5115],[81.3835,22.5041],[81.4001,22.4468],[81.4192,22.4545],[81.4242,22.4724],[81.4504,22.473],[81.4693,22.487],[81.4907,22.5261],[81.5238,22.553],[81.5361,22.555],[81.5579,22.5405],[81.5866,22.5571],[81.6115,22.5426],[81.6239,22.5657],[81.6416,22.5716],[81.6494,22.5849],[81.6447,22.6095],[81.651,22.6241],[81.6924,22.6459],[81.7215,22.6811],[81.7341,22.6842],[81.7597,22.6634],[81.7676,22.6774],[81.7537,22.7157],[81.7594,22.7522],[81.7705,22.7688],[81.7655,22.7968],[81.7759,22.8026],[81.758,22.8286],[81.7615,22.8664],[81.7542,22.8771],[81.7361,22.8801],[81.7119,22.9065],[81.69,22.9031],[81.6628,22.9581],[81.6665,22.9653],[81.6323,22.9844],[81.6177,22.9841],[81.5885,23.0075],[81.5973,23.0247],[81.6262,23.0155],[81.6344,23.0197],[81.6341,23.0332],[81.6519,23.0419],[81.6698,23.0342]]],[[[81.5615,23.082],[81.5542,23.0664],[81.5582,23.0515],[81.5436,23.0269],[81.5119,23.0367],[81.5058,23.0499],[81.4387,23.0343],[81.4254,23.0452],[81.3954,23.047],[81.3673,23.0704],[81.3722,23.0934],[81.3867,23.0903],[81.394,23.076],[81.4102,23.0842],[81.4382,23.0777],[81.4518,23.0882],[81.4823,23.0904],[81.5158,23.1067],[81.5518,23.0967],[81.5615,23.082]]],[[[81.2721,23.2213],[81.2788,23.2011],[81.3122,23.1877],[81.3155,23.1735],[81.3367,23.1675],[81.3482,23.1481],[81.358,23.1094],[81.352,23.0853],[81.3274,23.0858],[81.2915,23.0995],[81.2843,23.1234],[81.2966,23.1427],[81.284,23.1529],[81.2706,23.1307],[81.2517,23.128],[81.2155,23.151],[81.204,23.1429],[81.1955,23.1475],[81.1927,23.1583],[81.2092,23.1539],[81.2117,23.1775],[81.2295,23.162],[81.2418,23.1758],[81.2607,23.1809],[81.2239,23.2231],[81.2661,23.2279],[81.2721,23.2213]]],[[[80.918,23.321],[80.9417,23.3106],[80.9744,23.3196],[80.9856,23.3075],[80.9974,23.2584],[81.0569,23.2533],[81.0742,23.238],[81.0852,23.2073],[81.0985,23.212],[81.1405,23.1892],[81.1328,23.178],[81.1519,23.156],[81.1733,23.1535],[81.1944,23.1373],[81.2113,23.11],[81.2053,23.0919],[81.1895,23.0811],[81.1749,23.0824],[81.1026,23.1283],[81.0712,23.1287],[81.0532,23.1439],[81.0424,23.1825],[81.0209,23.1817],[81.0014,23.1697],[80.9859,23.1816],[80.973,23.2313],[80.962,23.2421],[80.9676,23.2532],[80.9525,23.2565],[80.9358,23.28],[80.8933,23.2572],[80.8827,23.2645],[80.8823,23.2886],[80.9045,23.3168],[80.918,23.321]]],[[[81.0781,21.9717],[81.0666,21.9582],[81.0599,21.9602],[81.0567,21.9808],[81.0709,22.0216],[81.0904,22.0096],[81.0915,21.9955],[81.0781,21.9717]]],[[[80.8154,21.4703],[80.8129,21.4552],[80.8003,21.4654],[80.7844,21.4471],[80.7948,21.4778],[80.8006,21.4814],[80.8154,21.4703]]],[[[80.7023,21.5558],[80.7173,21.5513],[80.7187,21.5269],[80.7033,21.5192],[80.6958,21.5248],[80.6862,21.5135],[80.6787,21.4725],[80.6575,21.4568],[80.6464,21.4304],[80.6355,21.4273],[80.627,21.4124],[80.6101,21.4181],[80.6016,21.4295],[80.6183,21.4816],[80.6499,21.5008],[80.6482,21.5128],[80.6698,21.5162],[80.6858,21.5293],[80.689,21.5505],[80.7023,21.5558]]],[[[80.3405,21.8154],[80.3452,21.8093],[80.3657,21.8177],[80.3836,21.8202],[80.394,21.8134],[80.4243,21.8217],[80.4413,21.7995],[80.4765,21.8196],[80.5033,21.8175],[80.5099,21.7918],[80.4926,21.7534],[80.5157,21.7507],[80.4923,21.6979],[80.4987,21.6656],[80.51,21.6469],[80.5272,21.6445],[80.5491,21.6215],[80.5685,21.6216],[80.5784,21.5822],[80.5941,21.5905],[80.6054,21.6325],[80.622,21.6512],[80.6304,21.6508],[80.6299,21.6374],[80.6429,21.6226],[80.6403,21.5711],[80.6207,21.5457],[80.5964,21.5529],[80.5734,21.5489],[80.5553,21.5638],[80.5508,21.5844],[80.532,21.5886],[80.5234,21.6071],[80.5087,21.6009],[80.479,21.6186],[80.4618,21.648],[80.4576,21.7093],[80.4827,21.7657],[80.4751,21.7654],[80.466,21.7432],[80.4433,21.7369],[80.4359,21.7408],[80.4365,21.7552],[80.4064,21.7491],[80.3857,21.7618],[80.3822,21.7751],[80.3901,21.7865],[80.2959,21.7801],[80.2885,21.8065],[80.3011,21.824],[80.301,21.8386],[80.3409,21.8592],[80.3499,21.8545],[80.3467,21.8424],[80.3301,21.8347],[80.3405,21.8154]]]]}},{"type":"Feature","properties":{"name":"Eastern Sivalik Hills","kind":"mountain range","wikidata":null,"area_km2":7519,"source":"GMBA Mountain Inventory v2.0 (CC BY 4.0)"},"geometry":{"type":"MultiPolygon","coordinates":[[[[95.1377,27.9324],[95.1603,27.9353],[95.1517,27.896],[95.1325,27.8844],[95.1,27.8869],[95.0871,27.9003],[95.0718,27.8927],[95.1072,27.8593],[95.109,27.8265],[95.0722,27.8011],[95.0448,27.8012],[95.0376,27.7817],[95.0235,27.7736],[94.9848,27.7715],[94.9596,27.7821],[94.9489,27.7717],[94.9298,27.7696],[94.8947,27.7405],[94.8654,27.7321],[94.8271,27.6926],[94.7992,27.6927],[94.7672,27.6691],[94.7227,27.6633],[94.7177,27.653],[94.6962,27.6581],[94.6792,27.6439],[94.655,27.6405],[94.6374,27.6221],[94.5894,27.6133],[94.4927,27.5696],[94.4403,27.5735],[94.4279,27.5527],[94.3847,27.5512],[94.3325,27.5362],[94.2972,27.551],[94.2515,27.5178],[94.2103,27.5002],[94.1618,27.4637],[94.1523,27.4457],[94.1302,27.4406],[94.0698,27.3989],[94.0552,27.3635],[94.0433,27.3573],[94.0313,27.3655],[94.0273,27.3471],[94.0004,27.322],[93.9383,27.2926],[93.8431,27.2262],[93.8206,27.2237],[93.8011,27.1865],[93.7781,27.1772],[93.7782,27.1596],[93.77,27.151],[93.7584,27.1471],[93.7441,27.1544],[93.7234,27.142],[93.6594,27.0884],[93.625,27.0756],[93.6301,27.0657],[93.62,27.0651],[93.6094,27.0821],[93.594,27.0796],[93.5822,27.0651],[93.5854,27.0592],[93.6253,27.0597],[93.6367,27.0488],[93.6394,27.0197],[93.6589,27.0457],[93.662,27.0707],[93.709,27.0967],[93.7531,27.0923],[93.7675,27.0784],[93.7678,27.0645],[93.7531,27.0574],[93.7385,27.029],[93.7039,27.0172],[93.6574,26.9864],[93.6116,26.9759],[93.5892,26.9808],[93.5535,26.9656],[93.5017,26.9678],[93.4283,26.9468],[93.4096,26.9522],[93.3949,26.9447],[93.3429,26.955],[93.26,26.9379],[93.2508,26.9441],[93.2137,26.9301],[93.1993,26.9335],[93.1946,26.9425],[93.1967,26.9838],[93.1843,27.0058],[93.1953,27.0278],[93.2092,27.028],[93.2562,27.0042],[93.2697,27.0156],[93.3133,27.0196],[93.3199,27.0434],[93.3583,27.0593],[93.3633,27.0489],[93.4263,27.0214],[93.4678,27.0466],[93.5238,27.0641],[93.4885,27.1029],[93.5053,27.1175],[93.5216,27.1072],[93.5343,27.1092],[93.5594,27.1159],[93.5715,27.1405],[93.6108,27.1361],[93.6664,27.1662],[93.6806,27.1612],[93.6944,27.1961],[93.6891,27.2168],[93.7276,27.2425],[93.7501,27.2402],[93.7801,27.2593],[93.797,27.259],[93.8051,27.2696],[93.8072,27.2988],[93.8195,27.3029],[93.8424,27.3301],[93.8383,27.3509],[93.8634,27.3739],[93.902,27.388],[93.9093,27.3842],[93.9613,27.4279],[93.9592,27.4613],[93.99,27.4748],[94.0061,27.4543],[94.0294,27.4613],[94.0851,27.4889],[94.0966,27.507],[94.1447,27.5363],[94.2114,27.5634],[94.2281,27.5759],[94.2101,27.6088],[94.2294,27.6391],[94.2592,27.6613],[94.2838,27.657],[94.3084,27.6662],[94.3184,27.6593],[94.3901,27.68],[94.4534,27.6787],[94.4703,27.702],[94.4968,27.7113],[94.4843,27.7306],[94.4877,27.7404],[94.5218,27.7364],[94.5438,27.7115],[94.563,27.7072],[94.5871,27.7204],[94.5963,27.7155],[94.603,27.7184],[94.5925,27.7301],[94.6111,27.7529],[94.626,27.7467],[94.6461,27.774],[94.6406,27.7933],[94.6599,27.8095],[94.6776,27.8134],[94.716,27.7891],[94.7424,27.8155],[94.7739,27.8217],[94.7901,27.8342],[94.8207,27.8328],[94.8367,27.8235],[94.8505,27.8262],[94.8544,27.8423],[94.8666,27.8427],[94.8838,27.828],[94.928,27.857],[94.925,27.8636],[94.9073,27.8629],[94.9051,27.8817],[94.9178,27.8925],[94.9448,27.8706],[94.9753,27.8607],[94.9888,27.8717],[95.0143,27.8627],[95.0278,27.8694],[95.0272,27.8794],[95.0363,27.8864],[95.0806,27.9093],[95.103,27.9364],[95.1196,27.9427],[95.1377,27.9324]]],[[[93.107,26.9376],[93.0913,26.9193],[93.077,26.9144],[93.0614,26.9214],[93.0809,26.9457],[93.1092,26.9435],[93.107,26.9376]]],[[[92.9864,27.0114],[93.0083,27.0093],[93.0228,26.9915],[92.9886,26.975],[92.9918,26.951],[92.9327,26.9575],[92.9273,26.9792],[92.9332,26.9915],[92.9505,26.9864],[92.9662,27.0073],[92.9864,27.0114]]],[[[92.58,27.03],[92.6223,27.0327],[92.6369,27.0222],[92.6374,27.0144],[92.6216,27.0135],[92.628,26.9854],[92.6089,26.9597],[92.5761,26.961],[92.4603,26.9421],[92.4439,26.9577],[92.4119,26.959],[92.4084,26.9362],[92.3886,26.9222],[92.3109,26.9225],[92.302,26.9082],[92.2843,26.9003],[92.2307,26.8952],[92.1958,26.8774],[92.17,26.8891],[92.1629,26.905],[92.1098,26.9068],[92.1006,26.8713],[92.0637,26.8498],[92.0162,26.8513],[92.0085,26.8379],[91.9874,26.8407],[91.9603,26.8702],[91.9317,26.8753],[91.9097,26.8962],[91.8997,26.8906],[91.8863,26.9071],[91.9041,26.9162],[91.9071,26.926],[91.9211,26.9279],[91.9374,26.9145],[91.9499,26.9248],[91.9885,26.9238],[91.9905,26.9322],[92.0427,26.9446],[92.0649,26.9587],[92.0968,26.9467],[92.1094,26.9557],[92.1094,26.9668],[92.1401,26.9758],[92.1533,26.9656],[92.1637,27.0032],[92.151,27.0165],[92.1696,27.0281],[92.2212,27.018],[92.2718,27.0198],[92.2779,27.0093],[92.3196,27.0309],[92.3375,26.9996],[92.3387,27.0236],[92.3717,27.0657],[92.3863,27.0395],[92.3802,27.0229],[92.3863,27.0112],[92.4141,26.9919],[92.423,26.9928],[92.4236,27.0195],[92.4403,27.0305],[92.455,27.0605],[92.5153,27.0841],[92.5385,27.0739],[92.58,27.03]]],[[[91.576,26.9781],[91.6081,26.9607],[91.6289,26.9072],[91.6737,26.9136],[91.7113,26.9045],[91.7224,26.8916],[91.7767,26.9172],[91.8454,26.93],[91.8499,26.8999],[91.8176,26.8634],[91.8128,26.8434],[91.7423,26.8219],[91.7201,26.8211],[91.7178,26.8341],[91.7032,26.8386],[91.6909,26.8014],[91.6707,26.7979],[91.6248,26.8134],[91.5926,26.8114],[91.5509,26.803],[91.5379,26.7931],[91.4745,26.7879],[91.4429,26.7902],[91.4121,26.8175],[91.3458,26.7572],[91.2707,26.7683],[91.2569,26.7898],[91.2338,26.8029],[91.2011,26.7929],[91.1616,26.7923],[91.0953,26.8071],[90.9701,26.7759],[90.9577,26.7782],[90.9539,26.7902],[90.9073,26.7746],[90.8849,26.7876],[90.863,26.778],[90.8497,26.7879],[90.815,26.7713],[90.7555,26.7672],[90.7448,26.7754],[90.7144,26.7604],[90.6879,26.764],[90.6783,26.7842],[90.6502,26.7697],[90.6176,26.78],[90.6,26.7893],[90.5926,26.8094],[90.5692,26.8144],[90.5472,26.8439],[90.5466,26.8594],[90.5898,26.9044],[90.5982,26.9001],[90.6038,26.9059],[90.6038,26.9252],[90.6325,26.9014],[90.6686,26.8918],[90.6865,26.878],[90.7072,26.8988],[90.7235,26.9009],[90.7387,26.8882],[90.8309,26.8877],[90.8467,26.8622],[90.9051,26.8801],[90.9685,26.8825],[90.9876,26.8776],[90.9822,26.8697],[90.9886,26.8613],[91.008,26.8617],[91.0572,26.8675],[91.0874,26.8827],[91.1043,26.8828],[91.1298,26.8697],[91.1447,26.8822],[91.1874,26.8911],[91.2074,26.8863],[91.2261,26.8939],[91.2368,26.8867],[91.2465,26.9026],[91.3115,26.8843],[91.3759,26.8903],[91.3823,26.9052],[91.4176,26.9322],[91.4718,26.9364],[91.4797,26.931],[91.4887,26.9618],[91.5176,26.9613],[91.552,26.9894],[91.576,26.9781]]],[[[88.611,27.0805],[88.6194,27.0682],[88.624,27.0197],[88.6426,27.0321],[88.6408,27.0641],[88.6522,27.0727],[88.6791,27.065],[88.7024,27.0408],[88.7047,27.0646],[88.7441,27.0738],[88.7445,27.0638],[88.7906,27.0676],[88.8272,27.0607],[88.8414,27.0405],[88.8603,27.0463],[88.877,27.0378],[88.8961,27.0454],[88.9523,27.0233],[88.9711,27.0287],[88.9866,27.0175],[89.0319,27.0094],[89.05,26.9957],[89.0728,27.013],[89.0817,26.9994],[89.1296,26.9884],[89.1587,26.9995],[89.1741,26.9835],[89.2119,26.9699],[89.2258,26.9905],[89.2341,26.9906],[89.2635,26.9655],[89.28,26.9238],[89.2918,26.9287],[89.3435,26.9088],[89.3862,26.9153],[89.4039,26.9411],[89.4218,26.93],[89.4614,26.928],[89.4905,26.9117],[89.4879,26.8988],[89.5479,26.908],[89.6114,26.9051],[89.659,26.8801],[89.7512,26.873],[89.7773,26.8956],[89.7908,26.8709],[89.8606,26.8585],[89.8753,26.8709],[89.8863,26.8467],[89.913,26.8365],[89.9159,26.8601],[89.9238,26.8655],[89.9648,26.8836],[89.9757,26.878],[90.0155,26.8862],[90.0093,26.9028],[90.0262,26.9175],[90.0645,26.896],[90.0936,26.896],[90.1175,26.9058],[90.1199,26.9217],[90.1415,26.9425],[90.1964,26.9106],[90.2052,26.8947],[90.1987,26.8863],[90.2046,26.8742],[90.2416,26.8519],[90.2055,26.8347],[90.1882,26.8071],[90.1887,26.7948],[90.1285,26.7815],[90.0793,26.7323],[90.0447,26.7217],[90.0226,26.7164],[90.0022,26.7279],[89.9244,26.7093],[89.8744,26.7363],[89.8519,26.7239],[89.8217,26.7219],[89.7985,26.703],[89.7697,26.7092],[89.7533,26.7217],[89.7314,26.7046],[89.7141,26.7053],[89.6582,26.6806],[89.5037,26.7519],[89.5006,26.765],[89.4846,26.77],[89.4803,26.7881],[89.4621,26.7959],[89.4481,26.8132],[89.4419,26.8341],[89.4262,26.8286],[89.378,26.8424],[89.3747,26.8737],[89.3311,26.8416],[89.2826,26.7848],[89.2295,26.8009],[89.2161,26.8154],[89.1999,26.8064],[89.1769,26.8138],[89.1369,26.7989],[89.1051,26.8321],[89.0803,26.905],[89.0513,26.9069],[89.0264,26.9363],[89.0178,26.924],[88.9717,26.9321],[88.9408,26.9548],[88.9198,26.9858],[88.9053,26.9807],[88.8783,27.0004],[88.8276,26.9693],[88.7514,26.9577],[88.7483,26.9416],[88.7384,26.9348],[88.693,26.9498],[88.6499,26.946],[88.633,26.91],[88.6116,26.8991],[88.6053,26.8822],[88.5718,26.8859],[88.5339,26.8655],[88.511,26.8783],[88.4791,26.879],[88.4719,26.9114],[88.432,26.9697],[88.4446,26.9842],[88.4374,26.9978],[88.4925,27.031],[88.4924,27.0571],[88.5215,27.0447],[88.5308,27.0476],[88.5341,27.0695],[88.5583,27.0829],[88.5703,27.0738],[88.5986,27.0884],[88.611,27.0805]]]]}},{"type":"Feature","properties":{"name":"Gandhamardhan hills","kind":"mountain range","wikidata":"Q5520650","area_km2":227,"source":"GMBA Mountain Inventory v2.0 (CC BY 4.0)"},"geometry":{"type":"Polygon","coordinates":[[[82.9273,20.9517],[82.9486,20.9325],[82.9808,20.9508],[83.0211,20.9514],[83.0405,20.9264],[83.0273,20.9075],[83.0066,20.8963],[82.9953,20.8993],[82.9778,20.8885],[82.974,20.8988],[82.9051,20.8753],[82.8486,20.8266],[82.8428,20.7985],[82.8236,20.7891],[82.7955,20.7972],[82.7686,20.7811],[82.7511,20.7824],[82.7537,20.8072],[82.7839,20.8422],[82.791,20.8708],[82.8201,20.9017],[82.8919,20.9508],[82.9273,20.9517]]]}},{"type":"Feature","properties":{"name":"Gangotri Group","kind":"mountain range","wikidata":"Q3777888","area_km2":9253,"source":"GMBA Mountain Inventory v2.0 (CC BY 4.0)"},"geometry":{"type":"Polygon","coordinates":[[[79.7603,31.2936],[79.726,31.2564],[79.7598,31.2256],[79.7968,31.2081],[79.8118,31.2089],[79.8407,31.1465],[79.8681,31.1549],[79.9158,31.1406],[79.9259,31.1534],[79.9186,31.1832],[79.9405,31.1669],[79.931,31.1092],[79.9405,31.0869],[79.93,31.0593],[79.9382,31.0323],[79.976,31.0592],[79.9909,31.0568],[79.9799,30.9969],[79.9541,30.9908],[79.9432,30.9967],[79.9203,30.9864],[79.9061,30.9923],[79.8799,30.9822],[79.8513,30.9301],[79.8607,30.9179],[79.856,30.9092],[79.8621,30.8979],[79.8461,30.8705],[79.8202,30.8597],[79.8093,30.8465],[79.8147,30.8342],[79.8027,30.811],[79.8462,30.7652],[79.8363,30.7554],[79.8321,30.7238],[79.8371,30.7136],[79.8701,30.7069],[79.8833,30.6914],[79.8458,30.6732],[79.8244,30.6203],[79.7571,30.5614],[79.7341,30.51],[79.6925,30.4903],[79.6246,30.497],[79.6083,30.5365],[79.576,30.5655],[79.5459,30.5746],[79.5328,30.5681],[79.428,30.4655],[79.4259,30.4301],[79.4114,30.4175],[79.3339,30.407],[79.3093,30.3716],[79.3196,30.3547],[79.3182,30.3354],[79.303,30.3239],[79.2962,30.296],[79.253,30.2905],[79.2186,30.2665],[79.1718,30.2717],[79.1654,30.2949],[79.138,30.2864],[79.1201,30.293],[79.1171,30.3052],[79.0997,30.3078],[79.0905,30.3009],[79.0547,30.2996],[79.039,30.3134],[79.028,30.305],[78.9925,30.3029],[78.9841,30.2905],[78.976,30.299],[78.9822,30.3114],[78.9693,30.3178],[78.9696,30.3404],[78.978,30.3525],[78.934,30.3677],[78.9185,30.3627],[78.8789,30.3828],[78.8708,30.4022],[78.8507,30.4051],[78.8114,30.428],[78.7903,30.4342],[78.7791,30.4284],[78.7023,30.4516],[78.7072,30.476],[78.7241,30.4968],[78.6822,30.5405],[78.6494,30.5413],[78.6362,30.5698],[78.6488,30.5865],[78.6348,30.6184],[78.5697,30.6446],[78.4582,30.754],[78.5089,30.7364],[78.5239,30.7384],[78.5447,30.7425],[78.6153,30.7819],[78.624,30.8113],[78.6197,30.828],[78.676,30.8946],[78.6818,30.9356],[78.7155,31.0109],[78.7093,31.0234],[78.7302,31.0425],[78.7574,31.0363],[78.7774,31.0466],[78.7869,31.0401],[78.8193,31.0509],[78.8657,31.0319],[78.8822,31.0342],[78.8947,31.0447],[78.9264,31.0513],[78.978,31.1114],[79.0463,31.1195],[79.0693,31.13],[79.1135,31.1239],[79.1874,31.0992],[79.2278,31.1053],[79.2613,31.0946],[79.2901,31.1009],[79.3364,31.0967],[79.3697,31.1301],[79.4072,31.1478],[79.4048,31.1696],[79.4441,31.1572],[79.5842,31.1676],[79.5926,31.1779],[79.6036,31.2347],[79.7101,31.2814],[79.745,31.3113],[79.7603,31.2936]]]}},{"type":"Feature","properties":{"name":"Garhjat Hills","kind":"mountain range","wikidata":"Q5523249","area_km2":5511,"source":"GMBA Mountain Inventory v2.0 (CC BY 4.0)"},"geometry":{"type":"MultiPolygon","coordinates":[[[[86.2322,22.9346],[86.2433,22.9281],[86.252,22.9379],[86.2573,22.9184],[86.281,22.9063],[86.2733,22.8801],[86.262,22.8862],[86.2587,22.8684],[86.238,22.8652],[86.2311,22.8519],[86.2108,22.8541],[86.1968,22.8655],[86.1519,22.869],[86.1222,22.8987],[86.1198,22.9092],[86.1364,22.9279],[86.2039,22.9304],[86.2123,22.9399],[86.2322,22.9346]]],[[[85.7135,22.9738],[85.7652,22.976],[85.7775,22.9572],[85.7911,22.9675],[85.8154,22.9677],[85.8293,22.9597],[85.8335,22.9468],[85.8922,22.9596],[85.9167,22.9287],[85.9364,22.9203],[85.9538,22.9321],[85.9645,22.9276],[85.9801,22.9072],[85.9863,22.8825],[85.9535,22.8614],[85.8978,22.8684],[85.8758,22.8629],[85.8547,22.8464],[85.8072,22.8468],[85.7866,22.8384],[85.7728,22.8411],[85.7657,22.8654],[85.716,22.8815],[85.7056,22.8924],[85.6716,22.9031],[85.6288,22.9032],[85.6186,22.8978],[85.6236,22.8923],[85.6564,22.8735],[85.6967,22.8636],[85.6964,22.8313],[85.6809,22.8228],[85.6257,22.8236],[85.5971,22.7916],[85.5796,22.7843],[85.546,22.795],[85.5328,22.7889],[85.5378,22.7797],[85.531,22.7721],[85.5135,22.77],[85.5188,22.7556],[85.4865,22.7543],[85.4776,22.8042],[85.4871,22.8247],[85.4866,22.8653],[85.5131,22.8745],[85.5182,22.8857],[85.5408,22.897],[85.556,22.8961],[85.5686,22.9082],[85.5695,22.9298],[85.5841,22.9508],[85.6282,22.9752],[85.6398,22.9673],[85.6726,22.9649],[85.6798,22.9798],[85.7135,22.9738]]],[[[85.1814,21.853],[85.2065,21.8578],[85.2328,21.8946],[85.2542,21.8925],[85.2592,21.8822],[85.2897,21.8804],[85.3142,21.8598],[85.3216,21.8675],[85.3278,21.8385],[85.3384,21.8283],[85.3218,21.8085],[85.3216,21.7959],[85.3314,21.7908],[85.3393,21.815],[85.361,21.8211],[85.3655,21.8298],[85.3405,21.855],[85.3439,21.8619],[85.3539,21.8551],[85.3592,21.8758],[85.382,21.8821],[85.4,21.8152],[85.3646,21.7672],[85.336,21.7548],[85.2929,21.7507],[85.2765,21.7892],[85.2497,21.7678],[85.2199,21.7678],[85.1927,21.7541],[85.199,21.6833],[85.1866,21.6392],[85.1944,21.6273],[85.2251,21.6172],[85.23,21.6072],[85.2424,21.6175],[85.2603,21.6018],[85.2689,21.5759],[85.324,21.5804],[85.3407,21.563],[85.3668,21.5557],[85.3808,21.5453],[85.3841,21.5176],[85.4137,21.5276],[85.4289,21.5028],[85.453,21.5029],[85.4611,21.5113],[85.4665,21.501],[85.505,21.4906],[85.5154,21.466],[85.506,21.4535],[85.5093,21.4467],[85.5202,21.4655],[85.5279,21.447],[85.5445,21.4384],[85.5197,21.4923],[85.5258,21.5111],[85.5631,21.5384],[85.5767,21.5302],[85.5843,21.5414],[85.5739,21.5528],[85.5773,21.5602],[85.5905,21.5557],[85.5801,21.5673],[85.584,21.5759],[85.6054,21.5662],[85.619,21.5709],[85.6278,21.5538],[85.6258,21.5214],[85.5676,21.4698],[85.584,21.4678],[85.5864,21.4486],[85.5968,21.4386],[85.5843,21.4192],[85.603,21.3979],[85.5843,21.3948],[85.5869,21.3841],[85.6176,21.3573],[85.6251,21.3299],[85.6183,21.3195],[85.6052,21.3198],[85.5922,21.3093],[85.5789,21.3139],[85.576,21.338],[85.562,21.3579],[85.5435,21.3442],[85.5205,21.3463],[85.5147,21.3348],[85.5289,21.3093],[85.5545,21.3068],[85.5571,21.2905],[85.5818,21.2937],[85.5932,21.2801],[85.6028,21.2924],[85.6536,21.3196],[85.696,21.2936],[85.71,21.2984],[85.7248,21.2884],[85.7278,21.305],[85.7358,21.3052],[85.7433,21.2868],[85.7342,21.2697],[85.7443,21.275],[85.7426,21.2553],[85.7571,21.2427],[85.7675,21.1915],[85.7814,21.1739],[85.8047,21.1781],[85.8537,21.1602],[85.8717,21.1318],[85.8697,21.1112],[85.8593,21.1114],[85.8655,21.1019],[85.8749,21.1067],[85.8893,21.0993],[85.9297,21.1136],[85.9464,21.1054],[85.953,21.0884],[85.9776,21.0961],[85.9854,21.078],[85.9628,21.0391],[85.923,21.0239],[85.9019,21.0288],[85.7947,21.013],[85.7986,21.0417],[85.8572,21.0592],[85.8573,21.0654],[85.8121,21.0656],[85.7788,21.0553],[85.7311,21.0775],[85.7199,21.0718],[85.7009,21.0759],[85.6983,21.0574],[85.6386,21.059],[85.6324,21.0946],[85.6239,21.1027],[85.6374,21.1188],[85.6314,21.1369],[85.6156,21.1445],[85.615,21.1753],[85.6551,21.1984],[85.6324,21.2027],[85.6191,21.2252],[85.5901,21.2488],[85.563,21.2522],[85.5301,21.2335],[85.5094,21.2362],[85.499,21.2534],[85.5009,21.2739],[85.496,21.2687],[85.4727,21.2764],[85.4655,21.2903],[85.4715,21.34],[85.4863,21.3568],[85.4805,21.3696],[85.4515,21.3755],[85.4219,21.4049],[85.4111,21.4313],[85.3657,21.4676],[85.3387,21.4752],[85.3344,21.5032],[85.3208,21.5271],[85.303,21.5317],[85.2765,21.5136],[85.2467,21.5072],[85.2425,21.4756],[85.2424,21.4555],[85.2716,21.4428],[85.276,21.4281],[85.2699,21.4191],[85.305,21.3722],[85.3073,21.3428],[85.3001,21.3281],[85.2738,21.3113],[85.2684,21.2947],[85.2578,21.2977],[85.2349,21.321],[85.24,21.3309],[85.2273,21.3489],[85.1897,21.3539],[85.1801,21.3631],[85.1798,21.38],[85.2426,21.3881],[85.2155,21.4372],[85.2211,21.4604],[85.1983,21.4705],[85.1864,21.4943],[85.2134,21.5375],[85.1991,21.5534],[85.2093,21.5632],[85.193,21.5759],[85.1844,21.5721],[85.1905,21.5492],[85.1824,21.5351],[85.1728,21.54],[85.1533,21.5316],[85.1344,21.5113],[85.1034,21.5296],[85.0843,21.5611],[85.0864,21.5894],[85.1114,21.6196],[85.1173,21.6481],[85.0747,21.6514],[85.0536,21.6438],[85.0573,21.6035],[85.0495,21.5873],[85.038,21.5833],[85.0154,21.5926],[85.0156,21.6133],[84.9965,21.663],[84.9987,21.6819],[85.0174,21.705],[85.0321,21.6926],[85.0365,21.6966],[85.0421,21.7258],[85.0698,21.7176],[85.0843,21.6988],[85.1259,21.6981],[85.1236,21.711],[85.0763,21.7213],[85.0698,21.7309],[85.0692,21.7609],[85.09,21.7708],[85.0736,21.81],[85.0447,21.8403],[85.0601,21.8605],[85.096,21.8809],[85.1028,21.9087],[85.1253,21.9142],[85.1251,21.9459],[85.1603,21.9755],[85.1905,21.9621],[85.1819,21.9111],[85.1635,21.8887],[85.1814,21.853]]],[[[85.7246,22.6329],[85.7446,22.6002],[85.7276,22.5595],[85.7142,22.5552],[85.6923,22.5625],[85.6811,22.5457],[85.6617,22.5518],[85.6503,22.5449],[85.6344,22.557],[85.6048,22.5455],[85.5865,22.5619],[85.592,22.5817],[85.6457,22.6028],[85.6507,22.6225],[85.6386,22.625],[85.6542,22.6376],[85.6628,22.6404],[85.666,22.6249],[85.6745,22.6262],[85.6915,22.663],[85.705,22.6654],[85.7261,22.6543],[85.7338,22.6443],[85.7246,22.6329]]],[[[85.6424,21.5614],[85.6436,21.5374],[85.6322,21.5527],[85.6345,21.5696],[85.6424,21.5614]]],[[[85.4964,21.5946],[85.4887,21.593],[85.4762,21.6126],[85.4805,21.6523],[85.4739,21.6681],[85.4881,21.6946],[85.5021,21.6954],[85.5209,21.6647],[85.5314,21.6598],[85.5384,21.6392],[85.5321,21.6163],[85.4964,21.5946]]],[[[85.5259,21.0288],[85.5142,20.9943],[85.4957,20.9832],[85.4489,21.0147],[85.4689,21.0188],[85.4759,21.0314],[85.4689,21.0717],[85.4845,21.069],[85.4953,21.0597],[85.4943,21.0477],[85.5259,21.0288]]],[[[85.4843,22.653],[85.5068,22.6613],[85.5134,22.6324],[85.5044,22.6218],[85.4989,22.625],[85.5064,22.6361],[85.4416,22.6186],[85.4273,22.6385],[85.3844,22.6298],[85.3676,22.6511],[85.4029,22.6922],[85.4271,22.6979],[85.4367,22.7113],[85.4832,22.6932],[85.4843,22.653]]],[[[85.4477,22.0695],[85.4436,22.0624],[85.4321,22.0633],[85.4153,22.0776],[85.4175,22.1252],[85.43,22.1439],[85.456,22.1396],[85.4758,22.0947],[85.4633,22.073],[85.4477,22.0695]]],[[[85.3942,22.3061],[85.374,22.2867],[85.3635,22.262],[85.3915,22.2883],[85.4058,22.2904],[85.4178,22.2841],[85.4185,22.2487],[85.3895,22.2253],[85.382,22.1879],[85.3614,22.1636],[85.3339,22.1023],[85.2697,22.0342],[85.2517,22.0506],[85.2447,22.0784],[85.2572,22.0921],[85.2448,22.1263],[85.3088,22.1543],[85.317,22.1759],[85.3114,22.1952],[85.3278,22.2113],[85.3306,22.2316],[85.3135,22.2617],[85.3207,22.2754],[85.2965,22.259],[85.289,22.2342],[85.2666,22.2197],[85.2438,22.2323],[85.2316,22.2495],[85.2383,22.2659],[85.2295,22.2696],[85.219,22.2582],[85.2141,22.2686],[85.1984,22.2528],[85.1923,22.253],[85.1922,22.2696],[85.1764,22.2537],[85.1687,22.2577],[85.1698,22.2854],[85.1835,22.2887],[85.2035,22.3143],[85.2343,22.3175],[85.2757,22.3423],[85.2873,22.3334],[85.3002,22.3404],[85.3097,22.3339],[85.3283,22.3113],[85.3283,22.2989],[85.3679,22.345],[85.3833,22.3522],[85.3999,22.3275],[85.3942,22.3061]]],[[[85.3821,22.7739],[85.3678,22.7738],[85.3561,22.7873],[85.3536,22.8079],[85.3638,22.8154],[85.385,22.8065],[85.3967,22.7866],[85.3938,22.7765],[85.3821,22.7739]]],[[[85.3431,22.7538],[85.371,22.7429],[85.3819,22.6752],[85.366,22.6681],[85.3624,22.6561],[85.335,22.6618],[85.3165,22.6551],[85.2988,22.6709],[85.2823,22.6657],[85.2706,22.6749],[85.2722,22.7188],[85.2946,22.7195],[85.275,22.7491],[85.2782,22.7638],[85.3057,22.7722],[85.3431,22.7538]]],[[[85.3358,21.228],[85.3176,21.2242],[85.3047,21.2475],[85.2806,21.2645],[85.2851,21.288],[85.2739,21.298],[85.2844,21.3071],[85.2947,21.3046],[85.3106,21.2811],[85.3422,21.2762],[85.3645,21.2566],[85.3586,21.2375],[85.3358,21.228]]],[[[85.2728,22.6436],[85.2698,22.6348],[85.2815,22.6141],[85.2939,22.6104],[85.2918,22.601],[85.2811,22.6069],[85.2479,22.6019],[85.234,22.6138],[85.194,22.6166],[85.1557,22.5984],[85.1127,22.5985],[85.1047,22.6078],[85.1106,22.6543],[85.1227,22.6579],[85.139,22.6426],[85.1663,22.6742],[85.1907,22.6662],[85.2112,22.6853],[85.2141,22.6981],[85.237,22.6963],[85.2562,22.6744],[85.2547,22.6554],[85.2627,22.6442],[85.2728,22.6436]]],[[[85.2728,22.6436],[85.2961,22.6427],[85.3028,22.6381],[85.2923,22.6261],[85.2728,22.6436]]],[[[85.1378,22.0926],[85.1135,22.0974],[85.1015,22.1212],[85.1,22.1314],[85.119,22.1486],[85.1273,22.1498],[85.1571,22.1052],[85.1509,22.0948],[85.1378,22.0926]]],[[[85.1291,22.1758],[85.1389,22.164],[85.1121,22.1553],[85.1109,22.1671],[85.1291,22.1758]]],[[[84.9723,21.5636],[84.9714,21.5545],[84.9561,21.5457],[84.8909,21.5606],[84.8877,21.5787],[84.9018,21.6316],[84.9653,21.6172],[84.9723,21.5636]]],[[[84.7811,21.604],[84.7909,21.6593],[84.776,21.685],[84.7871,21.711],[84.8769,21.6727],[84.8927,21.6862],[84.8987,21.6807],[84.9017,21.6582],[84.8844,21.6446],[84.8666,21.6385],[84.8334,21.6445],[84.8292,21.637],[84.8377,21.6322],[84.8737,21.6369],[84.8558,21.6332],[84.8492,21.6114],[84.7955,21.6165],[84.7921,21.6051],[84.7811,21.604]]],[[[84.7811,21.604],[84.7966,21.5676],[84.813,21.5717],[84.8486,21.5383],[84.8433,21.5165],[84.8117,21.5157],[84.7701,21.5356],[84.7569,21.5286],[84.7455,21.5373],[84.6841,21.5342],[84.7176,21.5224],[84.7077,21.5159],[84.7075,21.4886],[84.6922,21.4805],[84.6693,21.4796],[84.6415,21.4925],[84.6366,21.5278],[84.6241,21.534],[84.6198,21.5571],[84.5438,21.5547],[84.5158,21.5646],[84.5153,21.5759],[84.5545,21.5869],[84.559,21.5965],[84.6436,21.59],[84.6616,21.5968],[84.6773,21.6165],[84.7083,21.6152],[84.7234,21.6259],[84.7811,21.604]]],[[[84.8619,21.341],[84.8416,21.3353],[84.8052,21.3427],[84.7869,21.3574],[84.7763,21.3799],[84.7809,21.3959],[84.8019,21.4082],[84.8404,21.396],[84.8642,21.3749],[84.8619,21.341]]],[[[84.5322,22.0753],[84.601,22.066],[84.6209,22.0407],[84.6461,22.0442],[84.6533,22.0131],[84.6947,21.9797],[84.7228,21.9932],[84.732,22.0474],[84.7841,22.0549],[84.8083,22.0398],[84.8136,22.0231],[84.8132,22.0115],[84.7844,21.9801],[84.7921,21.9759],[84.8071,21.9874],[84.838,21.9944],[84.8648,21.9709],[84.8633,21.9347],[84.8498,21.915],[84.8071,21.9184],[84.7558,21.9499],[84.6916,21.9383],[84.6885,21.9272],[84.7097,21.9126],[84.7092,21.9007],[84.6905,21.8907],[84.6925,21.8474],[84.6852,21.8368],[84.6735,21.8425],[84.6556,21.8187],[84.6462,21.7728],[84.609,21.7697],[84.6095,21.784],[84.5697,21.7903],[84.5372,21.8087],[84.5324,21.8533],[84.5024,21.8707],[84.4924,21.9022],[84.4928,21.9119],[84.5348,21.9428],[84.573,21.9498],[84.578,21.9678],[84.5521,21.9992],[84.5373,21.9989],[84.5401,22.0071],[84.495,21.9915],[84.4665,21.9994],[84.4656,22.0407],[84.4906,22.0466],[84.5048,22.0694],[84.5322,22.0753]]],[[[84.5656,21.6759],[84.5511,21.6728],[84.5261,21.6855],[84.5255,21.7007],[84.5398,21.7253],[84.5836,21.7487],[84.62,21.7484],[84.6205,21.7158],[84.5693,21.6877],[84.5656,21.6759]]],[[[84.4888,21.4426],[84.4962,21.4343],[84.5087,21.4404],[84.5834,21.4312],[84.5905,21.4211],[84.5848,21.3885],[84.6041,21.3725],[84.6108,21.38],[84.6138,21.3614],[84.6049,21.3338],[84.588,21.3199],[84.5675,21.3234],[84.5541,21.3026],[84.5103,21.2957],[84.4565,21.3063],[84.4052,21.3368],[84.3641,21.3511],[84.3511,21.3627],[84.347,21.3857],[84.337,21.3888],[84.3206,21.4233],[84.3336,21.4311],[84.3684,21.4126],[84.4124,21.4153],[84.4275,21.4057],[84.4419,21.3739],[84.4687,21.3946],[84.4962,21.378],[84.5049,21.3816],[84.5058,21.3966],[84.4598,21.4031],[84.4489,21.4128],[84.4381,21.4406],[84.438,21.4696],[84.4888,21.4426]]],[[[84.353,21.4738],[84.3739,21.4655],[84.3335,21.4615],[84.326,21.4726],[84.3349,21.4784],[84.353,21.4738]]]]}},{"type":"Feature","properties":{"name":"Garo Hills","kind":"mountain range","wikidata":"Q3036349","area_km2":1905,"source":"GMBA Mountain Inventory v2.0 (CC BY 4.0)"},"geometry":{"type":"MultiPolygon","coordinates":[[[[90.4049,25.7249],[90.4057,25.7059],[90.4207,25.7023],[90.4049,25.6551],[90.3814,25.6826],[90.3546,25.6815],[90.3456,25.6659],[90.3246,25.6696],[90.2933,25.6612],[90.2906,25.6459],[90.3142,25.6313],[90.3104,25.602],[90.3225,25.5876],[90.3575,25.5927],[90.3572,25.6052],[90.3962,25.6175],[90.4029,25.5994],[90.4268,25.5927],[90.4356,25.6071],[90.4584,25.5939],[90.457,25.5578],[90.4717,25.55],[90.4628,25.5354],[90.4676,25.5194],[90.4773,25.5197],[90.4805,25.5365],[90.5035,25.5445],[90.5212,25.5225],[90.572,25.4966],[90.5876,25.4739],[90.6363,25.4618],[90.6387,25.4465],[90.65,25.4576],[90.6843,25.4547],[90.7084,25.4421],[90.7119,25.4274],[90.7287,25.4166],[90.7385,25.4232],[90.7804,25.4038],[90.8047,25.4217],[90.8074,25.3945],[90.814,25.3947],[90.8138,25.4308],[90.8256,25.4425],[90.8295,25.3956],[90.8426,25.3829],[90.8351,25.4127],[90.8387,25.4571],[90.846,25.4613],[90.8612,25.3678],[90.8844,25.365],[90.8926,25.3547],[90.8831,25.3458],[90.8802,25.3234],[90.9054,25.3324],[90.9424,25.3214],[90.9467,25.3105],[90.9352,25.3068],[90.9407,25.2965],[90.9823,25.2783],[90.9888,25.2863],[91.0099,25.2782],[91.0337,25.2433],[91.0428,25.2405],[91.0561,25.2544],[91.1106,25.228],[91.1436,25.2374],[91.1749,25.1915],[91.0197,25.1969],[91.0009,25.1875],[90.9738,25.1925],[90.9612,25.2032],[90.9609,25.2175],[90.949,25.2112],[90.9468,25.192],[90.9367,25.1827],[90.9065,25.1801],[90.8674,25.1946],[90.8625,25.1843],[90.8195,25.1826],[90.7978,25.1976],[90.7728,25.2491],[90.7269,25.2545],[90.7024,25.272],[90.6874,25.2881],[90.6831,25.329],[90.677,25.3224],[90.6465,25.326],[90.6469,25.337],[90.6245,25.3616],[90.6061,25.3615],[90.6018,25.3523],[90.5799,25.3551],[90.5751,25.3653],[90.5486,25.3572],[90.5491,25.3686],[90.5347,25.3837],[90.5227,25.3773],[90.4973,25.3873],[90.4852,25.4148],[90.4413,25.4259],[90.4106,25.4147],[90.3879,25.4217],[90.376,25.411],[90.4122,25.4002],[90.4487,25.4069],[90.4834,25.3939],[90.4923,25.3676],[90.5074,25.3779],[90.5023,25.3573],[90.5176,25.334],[90.4854,25.3218],[90.4508,25.3427],[90.411,25.3467],[90.3783,25.3675],[90.3247,25.3739],[90.2987,25.3995],[90.299,25.4086],[90.2641,25.4235],[90.2585,25.4434],[90.2125,25.4734],[90.1919,25.5152],[90.2158,25.5478],[90.2182,25.5716],[90.2289,25.566],[90.2459,25.5832],[90.2746,25.576],[90.2671,25.6023],[90.2749,25.6137],[90.2744,25.6398],[90.263,25.6713],[90.2687,25.7075],[90.302,25.7224],[90.3245,25.7109],[90.3448,25.7117],[90.3694,25.7324],[90.3724,25.7482],[90.4041,25.7571],[90.4113,25.7526],[90.401,25.7422],[90.4049,25.7249]]],[[[91.0177,25.3823],[91.0459,25.3679],[91.0582,25.3082],[91.0335,25.3294],[91.0144,25.3347],[90.9995,25.3619],[90.9987,25.376],[91.0061,25.3841],[91.0177,25.3823]]],[[[90.9915,25.3789],[90.9839,25.374],[90.9782,25.3824],[90.9853,25.3978],[90.9915,25.3789]]],[[[90.8419,25.48],[90.8161,25.4637],[90.7999,25.4743],[90.7874,25.5124],[90.7968,25.5537],[90.8155,25.5727],[90.8275,25.5694],[90.8343,25.5409],[90.8529,25.5336],[90.8654,25.5152],[90.8635,25.4984],[90.8419,25.48]]],[[[90.6904,25.5135],[90.6546,25.5062],[90.6377,25.5203],[90.6348,25.5433],[90.674,25.5695],[90.6836,25.5674],[90.6972,25.5464],[90.6981,25.5167],[90.6904,25.5135]]],[[[90.5546,25.6625],[90.619,25.6494],[90.6279,25.6391],[90.6127,25.6358],[90.6082,25.6249],[90.5441,25.6325],[90.5408,25.6557],[90.5546,25.6625]]],[[[90.1551,25.5843],[90.1947,25.5782],[90.1921,25.5494],[90.1641,25.5449],[90.152,25.5353],[90.1067,25.5454],[90.0737,25.596],[90.0815,25.6126],[90.0957,25.6199],[90.1126,25.5969],[90.1551,25.5843]]]]}},{"type":"Feature","properties":{"name":"Gawilgarh Hills","kind":"mountain range","wikidata":"Q26789444","area_km2":1771,"source":"GMBA Mountain Inventory v2.0 (CC BY 4.0)"},"geometry":{"type":"MultiPolygon","coordinates":[[[[78.1842,21.5322],[78.1546,21.5371],[78.1458,21.5449],[78.1804,21.5686],[78.2009,21.548],[78.1842,21.5322]]],[[[77.9549,21.4729],[77.9809,21.4708],[78.004,21.4561],[78.0064,21.4274],[77.9808,21.3998],[77.9145,21.3832],[77.9006,21.3899],[77.8856,21.3844],[77.8454,21.3999],[77.8427,21.41],[77.8502,21.4165],[77.8853,21.42],[77.9015,21.4323],[77.9222,21.4696],[77.9549,21.4729]]],[[[77.4982,21.5601],[77.5156,21.5342],[77.5054,21.5176],[77.4657,21.5312],[77.4695,21.5072],[77.5581,21.4929],[77.5795,21.5005],[77.5965,21.4852],[77.6303,21.3759],[77.5053,21.361],[77.4685,21.3818],[77.4165,21.3489],[77.3308,21.355],[77.2873,21.3325],[77.2633,21.3368],[77.2344,21.3182],[77.2375,21.3012],[77.2483,21.3071],[77.259,21.2994],[77.2633,21.2836],[77.2533,21.2693],[77.265,21.2639],[77.2584,21.2508],[77.2274,21.2327],[77.1942,21.2348],[77.1794,21.2529],[77.1578,21.2385],[77.1379,21.2446],[77.1207,21.2377],[77.1043,21.2467],[77.0244,21.2002],[76.9906,21.2011],[76.9797,21.1922],[76.9374,21.1894],[76.8785,21.193],[76.8754,21.2049],[76.8846,21.2189],[76.9229,21.2298],[76.9276,21.24],[76.9547,21.238],[76.9735,21.2505],[76.9739,21.2732],[76.9898,21.2805],[76.9814,21.2913],[76.9851,21.3342],[76.9891,21.347],[77.0032,21.3511],[77.0173,21.3945],[77.0383,21.4017],[77.0474,21.3915],[77.0624,21.4008],[77.1166,21.3864],[77.1498,21.3984],[77.1575,21.3898],[77.1775,21.3891],[77.1797,21.413],[77.2299,21.4435],[77.2354,21.4669],[77.2608,21.4901],[77.2953,21.4992],[77.319,21.4884],[77.3256,21.4739],[77.3467,21.4854],[77.332,21.4973],[77.3022,21.4999],[77.2929,21.5082],[77.3027,21.5465],[77.3599,21.5592],[77.3788,21.5427],[77.4251,21.5607],[77.4453,21.5809],[77.4982,21.5601]]],[[[76.9384,21.3551],[76.9198,21.3551],[76.9192,21.3624],[76.9411,21.3779],[76.9571,21.3698],[76.9384,21.3551]]],[[[76.6489,21.3051],[76.7018,21.296],[76.7592,21.2742],[76.7333,21.2485],[76.7135,21.2456],[76.7375,21.2176],[76.7582,21.2278],[76.7776,21.221],[76.7678,21.1944],[76.7463,21.1811],[76.727,21.1894],[76.7363,21.1974],[76.7265,21.203],[76.6922,21.1862],[76.675,21.1866],[76.6442,21.1493],[76.6161,21.155],[76.6019,21.1443],[76.5719,21.1449],[76.538,21.1153],[76.5237,21.1156],[76.5137,21.1051],[76.4798,21.1133],[76.4627,21.1045],[76.4425,21.1092],[76.4383,21.0924],[76.4059,21.0739],[76.3998,21.0584],[76.3848,21.0547],[76.3465,21.0655],[76.2903,21.0572],[76.2635,21.0802],[76.2887,21.0925],[76.3256,21.0697],[76.3284,21.0866],[76.3473,21.0988],[76.4291,21.0987],[76.4425,21.1173],[76.4823,21.1198],[76.4823,21.136],[76.4968,21.1573],[76.4615,21.1789],[76.5112,21.1861],[76.5647,21.2163],[76.6326,21.2256],[76.6372,21.2155],[76.6517,21.2102],[76.6619,21.2181],[76.6983,21.2227],[76.7048,21.2382],[76.683,21.2508],[76.6495,21.2422],[76.632,21.2632],[76.6209,21.2877],[76.6272,21.3018],[76.6489,21.3051]]],[[[76.4487,21.1552],[76.4281,21.1517],[76.4301,21.1619],[76.4549,21.1763],[76.4629,21.1632],[76.4487,21.1552]]]]}},{"type":"Feature","properties":{"name":"Harichandra Range","kind":"mountain range","wikidata":"Q16892105","area_km2":1401,"source":"GMBA Mountain Inventory v2.0 (CC BY 4.0)"},"geometry":{"type":"MultiPolygon","coordinates":[[[[74.178,19.4571],[74.18,19.4414],[74.1656,19.4434],[74.1738,19.438],[74.1483,19.4067],[74.128,19.405],[74.1153,19.4258],[74.1049,19.4156],[74.099,19.463],[74.1267,19.4867],[74.1596,19.4882],[74.1589,19.4764],[74.1756,19.4725],[74.178,19.4571]]],[[[74.0159,19.28],[74.04,19.255],[74.0969,19.2383],[74.1073,19.2592],[74.1133,19.2202],[74.1062,19.2103],[74.0872,19.2116],[74.0613,19.2302],[74.0251,19.2412],[74.0129,19.2651],[74.0159,19.28]]],[[[73.8832,19.7894],[73.9009,19.7676],[73.9463,19.7646],[73.9482,19.7343],[73.9364,19.7343],[73.9179,19.7156],[73.9074,19.7154],[73.8908,19.7321],[73.8836,19.7288],[73.8655,19.7114],[73.8605,19.6806],[73.8463,19.6748],[73.822,19.6884],[73.8498,19.6172],[73.9209,19.605],[73.9289,19.6215],[73.953,19.6345],[73.9926,19.632],[74.0118,19.6228],[74.0156,19.5844],[73.9783,19.5655],[73.9203,19.5772],[73.9036,19.5637],[73.8767,19.558],[73.8283,19.603],[73.7949,19.5697],[73.7718,19.581],[73.7615,19.5967],[73.7571,19.5698],[73.7634,19.5575],[73.7554,19.5447],[73.7324,19.5487],[73.7104,19.5713],[73.7022,19.5574],[73.6715,19.5387],[73.6842,19.5197],[73.6967,19.5342],[73.7151,19.5346],[73.7289,19.51],[73.7439,19.5009],[73.7551,19.5041],[73.7619,19.5403],[73.7834,19.5453],[73.8082,19.5247],[73.8127,19.5383],[73.8627,19.5335],[73.8654,19.5197],[73.8778,19.5251],[73.881,19.5035],[73.8556,19.4886],[73.8201,19.4806],[73.8054,19.4454],[73.8195,19.4239],[73.8489,19.4279],[73.8568,19.4361],[73.9125,19.4358],[74.0197,19.403],[74.0592,19.3724],[74.0585,19.3385],[74.0489,19.3383],[74.0427,19.3571],[74.022,19.3568],[74.0137,19.3655],[74.0163,19.3359],[74.0259,19.3232],[74.0011,19.3198],[73.9614,19.2998],[73.9492,19.3061],[73.9354,19.2968],[73.9219,19.3092],[73.9046,19.3042],[73.8827,19.3155],[73.8668,19.3124],[73.8471,19.3281],[73.8444,19.3445],[73.8128,19.3717],[73.7947,19.3517],[73.8041,19.3415],[73.789,19.3425],[73.7674,19.3584],[73.7353,19.354],[73.7375,19.3704],[73.7048,19.3783],[73.7007,19.396],[73.6752,19.4054],[73.6478,19.4469],[73.6509,19.4839],[73.6198,19.5114],[73.5953,19.5136],[73.5921,19.5314],[73.6008,19.5617],[73.5923,19.561],[73.5849,19.5725],[73.5577,19.5745],[73.5496,19.5838],[73.5367,19.6287],[73.5031,19.675],[73.5075,19.7034],[73.5175,19.7089],[73.502,19.7144],[73.5089,19.7366],[73.4772,19.7524],[73.4933,19.7802],[73.5091,19.7799],[73.5189,19.79],[73.5363,19.7843],[73.5343,19.7657],[73.5627,19.7644],[73.565,19.7292],[73.5572,19.7332],[73.5735,19.7226],[73.574,19.6968],[73.5344,19.7087],[73.5341,19.6951],[73.553,19.6802],[73.5702,19.6451],[73.5861,19.6384],[73.5862,19.655],[73.6093,19.6318],[73.6293,19.6352],[73.6557,19.6226],[73.6696,19.6273],[73.6669,19.6114],[73.6728,19.6112],[73.6779,19.63],[73.7245,19.6465],[73.7336,19.6418],[73.755,19.6633],[73.7738,19.6654],[73.7843,19.6928],[73.8217,19.7298],[73.8101,19.7441],[73.8214,19.7586],[73.8171,19.771],[73.8252,19.7904],[73.8413,19.7874],[73.86,19.8009],[73.8832,19.7894]]],[[[74.0177,19.5131],[74.0581,19.4964],[74.0526,19.4712],[74.0138,19.4685],[73.9677,19.4988],[73.9751,19.5029],[73.9927,19.4927],[74.009,19.514],[74.0177,19.5131]]],[[[73.6964,19.6948],[73.7117,19.7029],[73.7182,19.6808],[73.7076,19.6776],[73.7008,19.6624],[73.6666,19.6457],[73.6451,19.6496],[73.6386,19.6881],[73.6591,19.698],[73.6616,19.7257],[73.677,19.7269],[73.6964,19.6948]]]]}},{"type":"Feature","properties":{"name":"Hazaribagh Range","kind":"mountain range","wikidata":"Q3595683","area_km2":3138,"source":"GMBA Mountain Inventory v2.0 (CC BY 4.0)"},"geometry":{"type":"MultiPolygon","coordinates":[[[[84.753,23.7718],[84.7348,23.7725],[84.7301,23.7857],[84.7403,23.8112],[84.7565,23.8154],[84.7738,23.7952],[84.753,23.7718]]],[[[84.7608,23.7691],[84.7674,23.7452],[84.7548,23.7344],[84.7557,23.7242],[84.7138,23.713],[84.702,23.6915],[84.668,23.7125],[84.6636,23.7247],[84.6698,23.7439],[84.7323,23.7668],[84.7608,23.7691]]],[[[84.4031,23.7572],[84.4293,23.7504],[84.4324,23.7372],[84.432,23.7253],[84.4007,23.6882],[84.4012,23.6766],[84.4242,23.6694],[84.4301,23.6701],[84.426,23.6812],[84.4453,23.6778],[84.4839,23.6509],[84.5139,23.6461],[84.521,23.6322],[84.5564,23.6467],[84.5689,23.6384],[84.5852,23.6517],[84.6261,23.6364],[84.6197,23.6729],[84.6369,23.6888],[84.6806,23.6841],[84.6905,23.6589],[84.6801,23.6403],[84.6992,23.6313],[84.729,23.6362],[84.7321,23.6102],[84.7082,23.6027],[84.6958,23.583],[84.6787,23.5889],[84.6706,23.5834],[84.6737,23.5546],[84.6331,23.536],[84.6281,23.5297],[84.6342,23.518],[84.6249,23.5061],[84.6156,23.5118],[84.6384,23.5562],[84.6035,23.5426],[84.571,23.5577],[84.5485,23.553],[84.4709,23.6037],[84.3717,23.6059],[84.3599,23.6122],[84.3738,23.6543],[84.3504,23.6743],[84.3509,23.6973],[84.3316,23.7048],[84.307,23.7282],[84.3073,23.7369],[84.3385,23.7578],[84.3868,23.7634],[84.4031,23.7572]]],[[[84.6237,23.467],[84.6113,23.447],[84.5935,23.4612],[84.5832,23.4457],[84.5761,23.4469],[84.5992,23.4826],[84.614,23.4883],[84.6237,23.467]]],[[[84.5635,23.4217],[84.5561,23.4124],[84.5489,23.4147],[84.5672,23.4467],[84.5738,23.4413],[84.5635,23.4217]]],[[[84.505,22.88],[84.5538,22.8778],[84.5675,22.867],[84.5513,22.8427],[84.5354,22.855],[84.5008,22.849],[84.4916,22.8394],[84.4818,22.8529],[84.4652,22.8511],[84.457,22.8677],[84.457,22.8786],[84.4676,22.8881],[84.4923,22.8904],[84.505,22.88]]],[[[84.2266,23.6619],[84.2699,23.655],[84.2908,23.6442],[84.3004,23.6251],[84.2697,23.5886],[84.2727,23.5763],[84.2994,23.5905],[84.3093,23.58],[84.3065,23.5576],[84.289,23.5329],[84.3125,23.4821],[84.2941,23.4376],[84.305,23.4323],[84.3071,23.4155],[84.3227,23.4186],[84.3426,23.3901],[84.328,23.3312],[84.3452,23.3073],[84.3572,23.307],[84.3569,23.3214],[84.3828,23.3455],[84.4126,23.3343],[84.4155,23.3409],[84.3926,23.365],[84.3988,23.3789],[84.3636,23.3984],[84.355,23.4425],[84.3571,23.4589],[84.3912,23.4957],[84.4128,23.5038],[84.4276,23.4884],[84.4337,23.5142],[84.4218,23.5257],[84.4258,23.5654],[84.461,23.5656],[84.4804,23.5406],[84.4916,23.5463],[84.5009,23.5309],[84.4905,23.5095],[84.497,23.473],[84.488,23.4458],[84.4693,23.4202],[84.4393,23.4051],[84.4262,23.4092],[84.4254,23.3828],[84.4463,23.3607],[84.4773,23.3685],[84.4842,23.3488],[84.4987,23.3528],[84.5319,23.3905],[84.557,23.3925],[84.5656,23.3658],[84.5556,23.3512],[84.5244,23.3474],[84.514,23.3242],[84.4897,23.3211],[84.4303,23.3384],[84.4362,23.3177],[84.4653,23.3167],[84.4718,23.297],[84.4687,23.281],[84.4525,23.2679],[84.4446,23.2761],[84.415,23.2762],[84.4066,23.2634],[84.3801,23.2919],[84.3698,23.2849],[84.3526,23.2988],[84.3311,23.2801],[84.332,23.2409],[84.3079,23.2366],[84.2967,23.2531],[84.2974,23.2995],[84.2885,23.3142],[84.288,23.3395],[84.303,23.3715],[84.2798,23.3826],[84.2552,23.4154],[84.2413,23.4202],[84.2244,23.4117],[84.2341,23.3956],[84.226,23.3654],[84.2031,23.358],[84.2031,23.3481],[84.1845,23.3349],[84.1614,23.3536],[84.2098,23.4521],[84.2054,23.4848],[84.1828,23.5202],[84.1618,23.5333],[84.1543,23.5078],[84.1367,23.4989],[84.1118,23.5089],[84.0968,23.5278],[84.1023,23.543],[84.0968,23.5589],[84.1132,23.5759],[84.1234,23.5761],[84.1429,23.5593],[84.1343,23.5956],[84.1487,23.6177],[84.1388,23.6225],[84.1515,23.6321],[84.1594,23.6293],[84.1646,23.6075],[84.1815,23.6018],[84.1926,23.6071],[84.2052,23.6307],[84.2117,23.6589],[84.2266,23.6619]]],[[[83.6485,23.211],[83.6175,23.2008],[83.6173,23.1762],[83.6259,23.1641],[83.6104,23.1412],[83.5633,23.1279],[83.5565,23.1142],[83.5816,23.0811],[83.5642,23.058],[83.5451,23.0628],[83.5364,23.0576],[83.5531,23.035],[83.5857,23.0286],[83.6095,23.0552],[83.6299,23.0548],[83.6895,23.0038],[83.7349,23.0278],[83.7769,23.0194],[83.8114,22.9946],[83.8635,22.9884],[83.8853,22.9754],[83.8927,22.955],[83.9272,22.9444],[83.9371,22.9322],[83.9521,22.9446],[83.9878,22.91],[84.0084,22.9033],[84.0202,22.8857],[84.0573,22.8695],[84.0612,22.8461],[84.0517,22.8275],[84.0725,22.8125],[84.0982,22.8211],[84.1097,22.8153],[84.1322,22.7818],[84.1207,22.7707],[84.1112,22.7717],[84.0985,22.7823],[84.0395,22.7934],[84.0279,22.8177],[84.0133,22.826],[84.0176,22.8509],[83.9968,22.8677],[83.9811,22.8676],[83.9702,22.8822],[83.953,22.8823],[83.9531,22.8738],[83.9375,22.87],[83.9182,22.8796],[83.8905,22.9053],[83.8947,22.9197],[83.8584,22.9311],[83.8509,22.9573],[83.7954,22.9716],[83.7728,22.9613],[83.7621,22.9839],[83.7313,22.9886],[83.7196,22.9884],[83.7143,22.9775],[83.6862,22.9634],[83.6484,22.9903],[83.6133,22.9633],[83.5776,22.9614],[83.5549,22.9948],[83.5337,23.0026],[83.5037,23.0317],[83.4883,23.02],[83.4592,23.0176],[83.4447,23.0526],[83.4697,23.0886],[83.4889,23.099],[83.519,23.0947],[83.5135,23.1222],[83.523,23.1491],[83.4859,23.1868],[83.4864,23.21],[83.5146,23.2269],[83.5108,23.238],[83.5194,23.2463],[83.5544,23.2358],[83.5576,23.2193],[83.5801,23.1945],[83.5781,23.2188],[83.5946,23.2483],[83.6533,23.2613],[83.6774,23.2371],[83.6485,23.211]]],[[[84.052,23.6539],[84.0551,23.639],[84.0446,23.6215],[84.008,23.6033],[83.9909,23.6092],[83.9832,23.6322],[83.9775,23.6321],[83.9851,23.5995],[84.0186,23.5877],[84.0368,23.5954],[84.0537,23.592],[84.0609,23.5739],[84.0881,23.5842],[84.0904,23.5577],[84.0739,23.5417],[84.0855,23.5264],[84.0446,23.4778],[84.0425,23.4528],[84.0406,23.4111],[84.0884,23.3757],[84.0845,23.3514],[84.0721,23.3484],[84.0686,23.3332],[84.0612,23.3347],[84.0592,23.351],[84.0175,23.3614],[83.991,23.3991],[83.9885,23.4087],[84.0056,23.4328],[84.0072,23.4542],[83.993,23.4733],[83.9549,23.4693],[83.9488,23.457],[83.9353,23.4527],[83.8926,23.4488],[83.8968,23.4256],[83.8904,23.4132],[83.8573,23.3934],[83.8529,23.3695],[83.8297,23.3528],[83.7736,23.3676],[83.7314,23.4281],[83.7018,23.4358],[83.7038,23.3961],[83.6885,23.3592],[83.6622,23.3361],[83.6466,23.3364],[83.628,23.3698],[83.5842,23.3738],[83.5707,23.3885],[83.5465,23.3948],[83.5443,23.414],[83.5285,23.4203],[83.5261,23.4413],[83.5558,23.4574],[83.5844,23.457],[83.551,23.4704],[83.5342,23.4969],[83.5342,23.5106],[83.5477,23.5248],[83.5844,23.5344],[83.5842,23.545],[83.5522,23.5597],[83.5447,23.5726],[83.5538,23.5876],[83.5921,23.5988],[83.6127,23.581],[83.6076,23.561],[83.6156,23.5424],[83.6302,23.5352],[83.6323,23.5531],[83.663,23.5663],[83.6666,23.5773],[83.6897,23.58],[83.7157,23.5588],[83.7108,23.5395],[83.6905,23.5293],[83.7088,23.5234],[83.7133,23.4956],[83.6989,23.4911],[83.7074,23.4799],[83.7199,23.4738],[83.7322,23.4866],[83.7516,23.4862],[83.8125,23.4593],[83.8306,23.5089],[83.8474,23.5211],[83.8813,23.524],[83.901,23.4988],[83.9089,23.5147],[83.8865,23.5268],[83.8882,23.5553],[83.8237,23.5802],[83.8241,23.6002],[83.8326,23.6071],[83.8551,23.6032],[83.8511,23.6252],[83.8579,23.6352],[83.8714,23.6317],[83.8879,23.6425],[83.9071,23.6309],[83.9617,23.6488],[83.9773,23.6435],[83.9889,23.6637],[84.0104,23.6721],[84.0284,23.6717],[84.052,23.6539]]],[[[83.4984,23.6307],[83.4957,23.6124],[83.4594,23.6228],[83.452,23.6156],[83.4537,23.6276],[83.4753,23.6393],[83.4984,23.6307]]],[[[83.4172,23.5823],[83.437,23.5839],[83.4478,23.566],[83.4336,23.5482],[83.377,23.5332],[83.3532,23.542],[83.3557,23.5691],[83.3699,23.5774],[83.379,23.5709],[83.4049,23.5893],[83.4174,23.5909],[83.4172,23.5823]]],[[[83.2862,23.6189],[83.3024,23.6196],[83.3262,23.6025],[83.3082,23.566],[83.2936,23.5624],[83.2705,23.5699],[83.2666,23.5782],[83.252,23.5805],[83.2431,23.5988],[83.2471,23.61],[83.2862,23.6189]]]]}},{"type":"Feature","properties":{"name":"Horsley Hills","kind":"mountain range","wikidata":"Q3764191","area_km2":284,"source":"GMBA Mountain Inventory v2.0 (CC BY 4.0)"},"geometry":{"type":"MultiPolygon","coordinates":[[[[78.4605,13.3822],[78.4508,13.3737],[78.4263,13.3922],[78.4306,13.4108],[78.4242,13.4215],[78.4408,13.4384],[78.4355,13.4455],[78.4469,13.4525],[78.4768,13.4464],[78.4829,13.4362],[78.4848,13.4236],[78.4605,13.3822]]],[[[78.4361,13.7408],[78.4593,13.7322],[78.4675,13.7087],[78.4562,13.6915],[78.4126,13.6993],[78.4052,13.7098],[78.4131,13.7297],[78.4361,13.7408]]],[[[78.4362,13.6125],[78.4073,13.5832],[78.4342,13.5643],[78.4315,13.5412],[78.3969,13.5304],[78.3938,13.5072],[78.4023,13.5153],[78.43,13.5187],[78.4274,13.497],[78.4436,13.5028],[78.4521,13.4872],[78.4457,13.4679],[78.4283,13.4658],[78.4207,13.4478],[78.3927,13.4488],[78.3652,13.4832],[78.3658,13.4944],[78.3387,13.5125],[78.343,13.5361],[78.3637,13.545],[78.3662,13.605],[78.3432,13.5885],[78.3376,13.605],[78.3144,13.5822],[78.3031,13.5956],[78.3204,13.6271],[78.3135,13.637],[78.3543,13.6468],[78.3588,13.6566],[78.3813,13.6637],[78.393,13.682],[78.4135,13.6801],[78.4483,13.6645],[78.4562,13.6466],[78.4362,13.6125]]]]}},{"type":"Feature","properties":{"name":"Jaintia Hills","kind":"mountain range","wikidata":"Q3160588","area_km2":6354,"source":"GMBA Mountain Inventory v2.0 (CC BY 4.0)"},"geometry":{"type":"MultiPolygon","coordinates":[[[[92.6823,25.8009],[92.6931,25.7896],[92.7028,25.7946],[92.7139,25.7464],[92.7342,25.7325],[92.7434,25.7128],[92.7439,25.6984],[92.726,25.6615],[92.7321,25.655],[92.7406,25.6608],[92.7404,25.6468],[92.753,25.6346],[92.7425,25.6238],[92.7378,25.595],[92.7581,25.5303],[92.7945,25.5446],[92.8026,25.5421],[92.8084,25.5241],[92.8215,25.5197],[92.8631,25.5425],[92.888,25.5364],[92.9048,25.5446],[92.9354,25.541],[92.9427,25.5196],[92.9418,25.4768],[92.9588,25.4565],[92.9729,25.4117],[93.0217,25.3718],[93.0369,25.3821],[93.0655,25.3656],[93.0547,25.3442],[93.0593,25.3222],[93.0468,25.3024],[93.0463,25.2782],[93.0522,25.2752],[93.0842,25.2945],[93.0841,25.3132],[93.1049,25.3321],[93.1134,25.3282],[93.1085,25.3161],[93.1257,25.2995],[93.1177,25.2877],[93.1585,25.2776],[93.1654,25.2634],[93.178,25.2638],[93.1757,25.2469],[93.134,25.2384],[93.0961,25.2056],[93.0948,25.1925],[93.0364,25.1596],[93.0325,25.117],[93.0054,25.0971],[93.0062,25.0762],[92.9827,25.0735],[92.9797,25.054],[92.9126,25.0059],[92.8978,24.9853],[92.8932,24.9937],[92.8095,24.9652],[92.7338,24.9787],[92.7277,24.991],[92.7083,24.9992],[92.6776,24.9925],[92.6517,24.9699],[92.6262,24.9676],[92.6107,24.9807],[92.6115,25.0007],[92.577,25.0089],[92.5334,25.0052],[92.4905,25.017],[92.4316,25.016],[92.4155,25.0227],[92.3739,25.0636],[92.2512,25.0944],[92.2103,25.1311],[92.2378,25.1273],[92.2458,25.1331],[92.2437,25.1613],[92.226,25.1674],[92.2404,25.1965],[92.226,25.2239],[92.2074,25.2296],[92.201,25.2697],[92.2353,25.3144],[92.2383,25.303],[92.2479,25.308],[92.2638,25.2947],[92.2713,25.3065],[92.3018,25.3077],[92.3113,25.2887],[92.3089,25.2784],[92.2947,25.2749],[92.2946,25.2661],[92.324,25.2766],[92.3236,25.2963],[92.3362,25.3156],[92.3581,25.3079],[92.3694,25.3196],[92.3802,25.3171],[92.3864,25.2884],[92.3327,25.2372],[92.3543,25.1905],[92.3621,25.2062],[92.3946,25.209],[92.3988,25.2173],[92.3964,25.2375],[92.3802,25.2415],[92.3857,25.2604],[92.4072,25.2659],[92.3905,25.287],[92.3961,25.2965],[92.451,25.3008],[92.4779,25.3195],[92.4826,25.3365],[92.5019,25.34],[92.5154,25.3155],[92.5299,25.3384],[92.5354,25.3358],[92.5216,25.2926],[92.5341,25.2956],[92.5375,25.3166],[92.5628,25.3359],[92.5679,25.3543],[92.5968,25.3696],[92.576,25.3923],[92.603,25.3939],[92.6295,25.3721],[92.6862,25.3656],[92.6904,25.3509],[92.7344,25.3655],[92.7736,25.344],[92.7757,25.3135],[92.7939,25.3065],[92.8134,25.3195],[92.8136,25.3842],[92.8012,25.3801],[92.7949,25.3912],[92.7945,25.4071],[92.8051,25.4173],[92.7785,25.4065],[92.7753,25.3968],[92.7573,25.4196],[92.701,25.4331],[92.7032,25.4555],[92.7204,25.472],[92.7265,25.4957],[92.7447,25.5043],[92.7508,25.5359],[92.7098,25.5473],[92.7035,25.5633],[92.6572,25.5524],[92.6575,25.5959],[92.683,25.6199],[92.7155,25.6192],[92.7112,25.6484],[92.7238,25.6632],[92.6989,25.6706],[92.6887,25.686],[92.6412,25.6809],[92.618,25.6988],[92.5969,25.6968],[92.5886,25.6823],[92.5782,25.6821],[92.551,25.7476],[92.5737,25.7696],[92.5969,25.7742],[92.5996,25.7949],[92.6505,25.7986],[92.6574,25.8102],[92.6823,25.8009]]],[[[92.6851,25.8957],[92.6836,25.8814],[92.6963,25.883],[92.7248,25.8685],[92.7323,25.8531],[92.7362,25.8289],[92.723,25.8158],[92.7001,25.8204],[92.6839,25.8119],[92.6732,25.8503],[92.6821,25.8764],[92.6611,25.8888],[92.6413,25.8876],[92.6337,25.9041],[92.6581,25.9287],[92.67,25.9152],[92.6689,25.9058],[92.6851,25.8957]]],[[[91.7353,25.7603],[91.698,25.7724],[91.6614,25.7677],[91.6507,25.7763],[91.6311,25.7665],[91.6052,25.7758],[91.5804,25.7482],[91.553,25.7627],[91.5366,25.761],[91.5313,25.7641],[91.5347,25.7993],[91.498,25.839],[91.4973,25.8655],[91.4832,25.8686],[91.5176,25.8946],[91.4949,25.9054],[91.4781,25.9263],[91.4778,25.9418],[91.4924,25.9514],[91.4947,25.9657],[91.5112,25.9822],[91.5389,25.9892],[91.5543,26.002],[91.5633,26.0252],[91.5797,26.0376],[91.5884,26.0332],[91.5848,26.0456],[91.6188,26.0574],[91.6236,26.0673],[91.6652,26.0763],[91.6684,26.0924],[91.7085,26.0927],[91.7634,26.0755],[91.7364,26.0645],[91.7282,26.0302],[91.6864,26.0342],[91.6734,26.0446],[91.669,26.0348],[91.678,26.0261],[91.6491,26.0107],[91.6394,25.996],[91.6292,26.003],[91.6219,25.9984],[91.6257,25.977],[91.6356,25.9722],[91.6278,25.9497],[91.6177,25.9448],[91.6173,25.9259],[91.6301,25.9291],[91.6303,25.9158],[91.6177,25.9135],[91.6115,25.8905],[91.599,25.9071],[91.5903,25.8466],[91.5671,25.8393],[91.5593,25.824],[91.567,25.8197],[91.5779,25.8321],[91.6405,25.8236],[91.654,25.8378],[91.682,25.8445],[91.7114,25.8656],[91.7263,25.8652],[91.7488,25.8841],[91.7363,25.8989],[91.7122,25.8941],[91.6772,25.9104],[91.6676,25.934],[91.6699,25.9621],[91.6794,25.9686],[91.6944,25.953],[91.7067,25.957],[91.7103,25.9426],[91.7636,25.9434],[91.7731,25.9497],[91.7655,25.9569],[91.7926,25.9612],[91.7758,26.0127],[91.8297,26.055],[91.8655,26.0543],[91.8617,26.0372],[91.8815,26.039],[91.9089,26.0255],[91.9123,26.0113],[91.9394,26.027],[91.9763,26.017],[91.9821,26.0051],[92.053,26.0382],[92.0348,26.0504],[92.0248,26.0885],[92.0765,26.1008],[92.1273,26.1018],[92.1396,26.0978],[92.1517,26.0718],[92.1694,26.0719],[92.1763,26.0576],[92.2026,26.0431],[92.1594,26.0303],[92.1551,26.0179],[92.1885,26.0267],[92.2049,26.0155],[92.2248,26.022],[92.2199,26.0316],[92.2588,26.0386],[92.2799,26.0634],[92.316,26.0754],[92.3378,26.0647],[92.3568,26.0771],[92.3527,26.0941],[92.3405,26.0981],[92.3426,26.1115],[92.3627,26.1397],[92.3908,26.1498],[92.4108,26.1422],[92.4249,26.1253],[92.4453,26.1384],[92.4617,26.1253],[92.4861,26.0952],[92.4892,26.0614],[92.4697,26.0711],[92.4699,26.0572],[92.4563,26.0634],[92.4574,26.0555],[92.4947,26.0252],[92.5223,26.0304],[92.532,26.0405],[92.5459,26.0361],[92.5676,26.0115],[92.5655,25.9944],[92.5405,25.9705],[92.58,25.9598],[92.5911,25.9673],[92.6064,25.9483],[92.5803,25.9156],[92.5598,25.9157],[92.5564,25.9018],[92.5362,25.906],[92.51,25.8895],[92.4924,25.8904],[92.4805,25.878],[92.4685,25.8839],[92.4426,25.825],[92.4705,25.8072],[92.505,25.8343],[92.5375,25.8443],[92.5566,25.7953],[92.528,25.7873],[92.5188,25.7921],[92.4802,25.7613],[92.4649,25.7578],[92.4365,25.7879],[92.4308,25.8197],[92.4186,25.8197],[92.3993,25.7989],[92.374,25.8071],[92.3739,25.7964],[92.3517,25.7697],[92.3371,25.7694],[92.325,25.7988],[92.3156,25.7929],[92.3188,25.782],[92.3052,25.7823],[92.3004,25.7675],[92.2804,25.7572],[92.2686,25.7837],[92.2473,25.7768],[92.2375,25.7536],[92.2205,25.7516],[92.2024,25.7365],[92.1845,25.7361],[92.1739,25.7492],[92.1755,25.782],[92.1557,25.7844],[92.1427,25.8135],[92.126,25.8052],[92.1488,25.7678],[92.1362,25.7445],[92.1072,25.7415],[92.0762,25.7611],[92.0666,25.78],[92.0158,25.7863],[92.0034,25.77],[91.9923,25.7775],[91.9828,25.7683],[91.9864,25.7613],[91.9597,25.7078],[91.9156,25.6633],[91.8894,25.6595],[91.8875,25.6723],[91.8513,25.6846],[91.8519,25.6958],[91.8921,25.7111],[91.8965,25.7294],[91.9067,25.7326],[91.9104,25.7443],[91.9293,25.749],[91.9409,25.7695],[91.9619,25.7636],[91.9738,25.7783],[91.9636,25.7877],[91.9695,25.8071],[91.9894,25.7958],[92.0108,25.8084],[92.0138,25.824],[92.0384,25.8452],[92.0608,25.8443],[92.1056,25.8877],[92.1233,25.8911],[92.131,25.9262],[92.1271,25.9425],[92.1033,25.9217],[92.084,25.916],[92.0755,25.9239],[92.0796,25.9633],[92.0739,25.9635],[92.0512,25.9537],[92.0463,25.9389],[92.0366,25.9358],[92.0324,25.9136],[92.0171,25.9064],[91.9912,25.8708],[91.9447,25.8439],[91.9613,25.8195],[91.9584,25.8016],[91.9059,25.7928],[91.8989,25.8067],[91.9077,25.8181],[91.9063,25.8538],[91.9466,25.8916],[91.947,25.9026],[91.9256,25.92],[91.9031,25.9191],[91.9134,25.9408],[91.8867,25.9408],[91.8774,25.9186],[91.8891,25.8795],[91.8791,25.8585],[91.8843,25.8509],[91.8677,25.8304],[91.8681,25.8118],[91.854,25.8009],[91.8303,25.8342],[91.8168,25.8316],[91.7919,25.8068],[91.7802,25.8073],[91.7555,25.7905],[91.7387,25.7944],[91.722,25.8217],[91.701,25.793],[91.7042,25.7822],[91.73,25.7894],[91.7353,25.7603]]],[[[91.7353,25.7603],[91.7487,25.7585],[91.7434,25.7406],[91.7365,25.7489],[91.7353,25.7603]]],[[[92.5557,25.4958],[92.5551,25.4799],[92.5113,25.4551],[92.4936,25.4332],[92.4801,25.4388],[92.4838,25.4529],[92.4722,25.4468],[92.4608,25.4556],[92.4614,25.4727],[92.473,25.4878],[92.5113,25.4924],[92.5306,25.5073],[92.5557,25.4958]]],[[[92.4841,25.6429],[92.4853,25.6311],[92.4683,25.6407],[92.4752,25.6487],[92.4841,25.6429]]],[[[92.484,25.5274],[92.4811,25.5207],[92.4577,25.5332],[92.4521,25.5587],[92.4835,25.5451],[92.484,25.5274]]],[[[92.4205,25.5592],[92.4468,25.5342],[92.4213,25.5242],[92.3865,25.5244],[92.3561,25.5019],[92.3437,25.5036],[92.3203,25.5306],[92.3189,25.555],[92.3464,25.5603],[92.3712,25.5468],[92.3858,25.549],[92.3896,25.5613],[92.4205,25.5592]]],[[[92.1905,25.6357],[92.166,25.6323],[92.1603,25.6124],[92.1548,25.6151],[92.1531,25.6276],[92.1631,25.6404],[92.1905,25.6357]]],[[[91.9623,26.225],[91.966,26.1676],[91.9544,26.1531],[91.9311,26.1457],[91.9046,26.1511],[91.8859,26.1979],[91.8961,26.2224],[91.9506,26.2342],[91.9623,26.225]]],[[[91.9511,26.0368],[91.9478,26.0311],[91.9302,26.0324],[91.9339,26.0401],[91.9571,26.0436],[91.9511,26.0368]]],[[[91.7947,26.0426],[91.7684,26.0475],[91.7615,26.0606],[91.772,26.0643],[91.8051,26.0511],[91.7947,26.0426]]]]}},{"type":"Feature","properties":{"name":"Jampui Hills","kind":"mountain range","wikidata":"Q6148155","area_km2":1539,"source":"GMBA Mountain Inventory v2.0 (CC BY 4.0)"},"geometry":{"type":"MultiPolygon","coordinates":[[[[92.4346,24.1574],[92.427,24.1478],[92.4013,24.1566],[92.3907,24.1762],[92.3967,24.2218],[92.4108,24.2748],[92.4566,24.3309],[92.4694,24.3779],[92.492,24.3793],[92.5092,24.3668],[92.5031,24.3383],[92.4968,24.3154],[92.4584,24.2583],[92.4346,24.1574]]],[[[92.4041,24.1345],[92.4237,24.1344],[92.427,24.1283],[92.4093,24.0029],[92.4001,23.9916],[92.4102,23.9643],[92.4016,23.9387],[92.4116,23.8602],[92.394,23.7429],[92.4174,23.7408],[92.4207,23.7332],[92.415,23.6895],[92.4352,23.496],[92.453,23.4859],[92.4482,23.4495],[92.4571,23.438],[92.4386,23.363],[92.3978,23.3457],[92.3917,23.4367],[92.3816,23.4547],[92.3617,23.4603],[92.3565,23.4951],[92.3405,23.5153],[92.3013,23.6686],[92.3091,23.7027],[92.3243,23.7146],[92.3228,23.7525],[92.3436,23.8793],[92.3368,23.9501],[92.3489,23.9884],[92.3608,24.0998],[92.3861,24.1342],[92.4041,24.1345]]],[[[92.2946,23.3635],[92.2672,23.3769],[92.2459,23.4092],[92.2446,23.4593],[92.2617,23.4696],[92.2838,23.4675],[92.29,23.4295],[92.304,23.4175],[92.3134,23.3901],[92.2946,23.3635]]],[[[92.2384,23.4905],[92.224,23.492],[92.2089,23.5993],[92.1968,23.6048],[92.2026,23.6629],[92.2114,23.6892],[92.2265,23.7027],[92.2328,23.7774],[92.2219,23.8249],[92.2467,23.9311],[92.2498,24.1544],[92.2781,24.1621],[92.2937,24.1523],[92.3029,24.1191],[92.3074,23.9874],[92.2959,23.8166],[92.3035,23.7791],[92.2935,23.6902],[92.2698,23.6624],[92.2834,23.6051],[92.2692,23.5061],[92.2384,23.4905]]],[[[92.1657,23.9069],[92.1851,23.8449],[92.1973,23.7653],[92.1962,23.7171],[92.1897,23.7093],[92.1499,23.7181],[92.1382,23.7403],[92.127,23.7743],[92.1309,23.8271],[92.1235,23.881],[92.1173,23.9036],[92.1026,23.9031],[92.1121,23.9266],[92.1419,23.937],[92.1555,23.9341],[92.1657,23.9069]]],[[[92.1363,23.4573],[92.1222,23.4596],[92.101,23.5354],[92.1044,23.5484],[92.1179,23.5541],[92.1375,23.5526],[92.1488,23.5359],[92.1624,23.4826],[92.1639,23.468],[92.1363,23.4573]]],[[[91.9678,23.8325],[91.9558,23.8326],[91.9515,23.8445],[91.9561,23.8826],[91.9427,23.9126],[91.9494,23.9175],[91.9634,23.9015],[91.9813,23.8488],[91.9678,23.8325]]]]}},{"type":"Feature","properties":{"name":"Jamui Hill Range","kind":"mountain range","wikidata":null,"area_km2":51,"source":"GMBA Mountain Inventory v2.0 (CC BY 4.0)"},"geometry":{"type":"MultiPolygon","coordinates":[[[[86.1675,24.8218],[86.1119,24.8451],[86.101,24.8711],[86.1128,24.8921],[86.125,24.8988],[86.1764,24.8742],[86.1756,24.8615],[86.1884,24.8466],[86.1675,24.8218]]],[[[85.9759,24.8738],[85.9395,24.874],[85.9343,24.884],[85.9776,24.8828],[85.9759,24.8738]]]]}},{"type":"Feature","properties":{"name":"Javadi Hills","kind":"mountain range","wikidata":"Q6165130","area_km2":1807,"source":"GMBA Mountain Inventory v2.0 (CC BY 4.0)"},"geometry":{"type":"MultiPolygon","coordinates":[[[[79.0281,12.8653],[79.038,12.8155],[79.0527,12.8273],[79.0555,12.8475],[79.089,12.8696],[79.0872,12.7816],[79.076,12.7524],[79.0803,12.7447],[79.1002,12.7487],[79.1151,12.7225],[79.105,12.7029],[79.0801,12.6944],[79.0947,12.6736],[79.078,12.6456],[79.0844,12.6361],[79.0972,12.6364],[79.1562,12.6484],[79.1647,12.644],[79.1633,12.6194],[79.1367,12.6199],[79.0995,12.6022],[79.1113,12.586],[79.1041,12.5649],[79.0551,12.5414],[79.0676,12.509],[79.0575,12.4889],[79.065,12.4778],[79.0539,12.4655],[79.025,12.4785],[79.0219,12.5161],[79.0364,12.5364],[79.0238,12.5446],[78.9987,12.5091],[78.9247,12.4921],[78.9286,12.4807],[78.9128,12.4493],[78.9406,12.4384],[78.9682,12.4663],[78.9886,12.457],[79.0036,12.429],[78.9981,12.4183],[78.9613,12.4113],[78.9565,12.426],[78.9477,12.4258],[78.9068,12.3883],[78.8899,12.3886],[78.8805,12.3935],[78.882,12.4238],[78.8647,12.3969],[78.8443,12.3807],[78.8236,12.3758],[78.8137,12.3553],[78.7956,12.3488],[78.7664,12.3597],[78.7712,12.4155],[78.7565,12.378],[78.7391,12.3676],[78.7155,12.3218],[78.7075,12.2908],[78.6926,12.2884],[78.652,12.2519],[78.6379,12.2686],[78.6405,12.2823],[78.6259,12.2821],[78.6206,12.2676],[78.605,12.2802],[78.6048,12.3045],[78.6197,12.3613],[78.6448,12.4092],[78.6559,12.4516],[78.653,12.4717],[78.675,12.5177],[78.6991,12.528],[78.7125,12.509],[78.7261,12.5093],[78.7386,12.5387],[78.7548,12.5543],[78.7908,12.5384],[78.8356,12.5547],[78.847,12.5508],[78.8396,12.5093],[78.8664,12.5189],[78.8809,12.5072],[78.8889,12.5267],[78.9046,12.5235],[78.9586,12.5408],[78.9613,12.5635],[78.9718,12.576],[78.9517,12.5756],[78.9405,12.6113],[78.949,12.6386],[78.9407,12.6809],[78.9349,12.6842],[78.9154,12.6529],[78.8915,12.6437],[78.884,12.628],[78.8655,12.65],[78.8955,12.7117],[78.9551,12.7753],[78.9466,12.7865],[78.9468,12.7985],[78.9601,12.8144],[78.9492,12.8288],[78.9557,12.8446],[78.9722,12.8571],[78.9899,12.848],[79.0096,12.8781],[79.0281,12.8653]]],[[[79.1163,12.6967],[79.1218,12.6902],[79.1428,12.6956],[79.159,12.6887],[79.165,12.673],[79.1353,12.6519],[79.1167,12.658],[79.1124,12.6767],[79.1179,12.6845],[79.1073,12.6857],[79.1163,12.6967]]],[[[78.9654,12.8698],[78.9409,12.8781],[78.9344,12.8895],[78.9442,12.9091],[78.9652,12.9112],[78.9756,12.9033],[78.9724,12.8728],[78.9654,12.8698]]],[[[78.8595,12.8339],[78.8572,12.8092],[78.8501,12.8196],[78.8421,12.795],[78.8285,12.7917],[78.8068,12.7035],[78.7928,12.699],[78.7857,12.6687],[78.7888,12.6634],[78.8033,12.6759],[78.8029,12.6585],[78.7698,12.6407],[78.7593,12.6437],[78.7669,12.6549],[78.7631,12.6613],[78.7452,12.6427],[78.7209,12.6388],[78.7072,12.6629],[78.7047,12.6883],[78.6695,12.657],[78.6513,12.6646],[78.6489,12.6943],[78.6594,12.7177],[78.6762,12.7259],[78.7047,12.7079],[78.7126,12.712],[78.7177,12.7323],[78.7491,12.7468],[78.7741,12.728],[78.7735,12.756],[78.7843,12.7621],[78.7556,12.7835],[78.7594,12.8246],[78.8276,12.8597],[78.8479,12.8562],[78.8595,12.8339]]],[[[78.6981,12.5449],[78.6787,12.5343],[78.6589,12.5398],[78.6303,12.5319],[78.6277,12.5152],[78.6145,12.5103],[78.5918,12.5256],[78.5867,12.5447],[78.5926,12.5721],[78.6201,12.6194],[78.6685,12.6315],[78.6838,12.6245],[78.7071,12.592],[78.6981,12.5449]]],[[[78.6275,12.7335],[78.6015,12.7256],[78.5895,12.7103],[78.5658,12.7113],[78.5577,12.7214],[78.5636,12.7403],[78.5804,12.7428],[78.5918,12.7563],[78.5926,12.7869],[78.6198,12.8195],[78.6321,12.7812],[78.6232,12.7627],[78.6275,12.7335]]]]}},{"type":"Feature","properties":{"name":"Kachin Hills","kind":"mountain range","wikidata":"Q99264145","area_km2":13867,"source":"GMBA Mountain Inventory v2.0 (CC BY 4.0)"},"geometry":{"type":"Polygon","coordinates":[[[96.6635,27.9655],[96.6738,27.9571],[96.7084,27.962],[96.7596,27.9385],[96.7878,27.936],[96.801,27.8944],[96.8255,27.8949],[96.8463,27.8801],[96.8796,27.8779],[96.8947,27.8864],[96.9249,27.8874],[96.9735,27.8657],[96.9936,27.838],[96.9892,27.8301],[96.9969,27.8113],[96.9883,27.7925],[97.0346,27.7382],[97.0349,27.6961],[97.0593,27.6614],[97.0614,27.6343],[97.0721,27.6335],[97.0818,27.6676],[97.1339,27.6832],[97.1509,27.6563],[97.1392,27.6217],[97.1491,27.6012],[97.1632,27.598],[97.1601,27.5844],[97.1991,27.5589],[97.1948,27.5197],[97.2303,27.5491],[97.2801,27.5657],[97.3098,27.5404],[97.3101,27.5308],[97.3235,27.5242],[97.3156,27.5127],[97.3194,27.491],[97.3374,27.4788],[97.3426,27.464],[97.3327,27.4224],[97.3225,27.4114],[97.2926,27.4247],[97.2957,27.4169],[97.3458,27.371],[97.3494,27.3518],[97.3767,27.3387],[97.3842,27.3245],[97.3781,27.3055],[97.4045,27.2951],[97.4049,27.2594],[97.4264,27.2508],[97.4682,27.2006],[97.4871,27.1561],[97.4812,27.1474],[97.4839,27.1185],[97.4955,27.0794],[97.4915,27.0628],[97.4801,27.0573],[97.4831,27.045],[97.4938,27.0505],[97.4988,27.0407],[97.4781,26.9729],[97.4939,26.9635],[97.4975,26.9427],[97.4844,26.8989],[97.4426,26.88],[97.4117,26.8842],[97.4106,26.8726],[97.4447,26.7946],[97.478,26.747],[97.4811,26.7167],[97.4531,26.6636],[97.4758,26.6419],[97.4678,26.6024],[97.4473,26.5819],[97.4585,26.568],[97.4529,26.5196],[97.4609,26.5119],[97.434,26.4506],[97.4314,26.4213],[97.4078,26.3758],[97.4197,26.3532],[97.408,26.3102],[97.3953,26.2945],[97.3929,26.197],[97.3779,26.1905],[97.3841,26.0759],[97.3947,26.0905],[97.4132,26.0269],[97.4027,26.0093],[97.3934,26.0142],[97.3796,26.0446],[97.3657,26.0135],[97.333,26.0065],[97.2915,26.0207],[97.2871,26.0342],[97.2768,26.0192],[97.2518,26.011],[97.2219,25.9754],[97.227,25.9665],[97.2023,25.8991],[97.2137,25.8777],[97.2201,25.7995],[97.2356,25.7943],[97.2496,25.7579],[97.2752,25.7482],[97.2872,25.7565],[97.2865,25.7349],[97.314,25.712],[97.2756,25.6675],[97.2759,25.6775],[97.2593,25.6929],[97.2759,25.7066],[97.2495,25.7102],[97.2461,25.6957],[97.2347,25.6921],[97.2322,25.6613],[97.2258,25.6675],[97.2049,25.6276],[97.1695,25.6049],[97.1629,25.583],[97.1474,25.5739],[97.0832,25.4959],[97.0165,25.4291],[96.9436,25.3841],[96.9305,25.3846],[96.8955,25.419],[96.9009,25.4638],[96.8822,25.5022],[96.8884,25.5221],[96.8731,25.5215],[96.8609,25.5093],[96.8478,25.5162],[96.8299,25.5072],[96.8193,25.5238],[96.8045,25.5176],[96.7908,25.5248],[96.7939,25.5736],[96.778,25.6009],[96.7718,25.6373],[96.7835,25.6735],[96.7792,25.6818],[96.7465,25.6907],[96.732,25.7223],[96.7103,25.7443],[96.7031,25.7789],[96.712,25.7958],[96.7045,25.8081],[96.7005,25.8994],[96.7119,25.9311],[96.7291,25.9394],[96.7326,25.9322],[96.7491,25.9595],[96.7872,25.9702],[96.8019,25.9914],[96.8428,25.9822],[96.855,25.9984],[96.8697,26.0379],[96.8334,26.0397],[96.8194,26.062],[96.8196,26.0769],[96.8264,26.0998],[96.867,26.101],[96.8593,26.1327],[96.8646,26.1479],[96.8426,26.1796],[96.8523,26.1922],[96.846,26.204],[96.86,26.2244],[96.882,26.2235],[96.8949,26.2136],[96.9033,26.2283],[96.9353,26.2341],[96.9477,26.2717],[96.9697,26.2692],[96.9637,26.258],[96.9764,26.2414],[96.9755,26.2188],[96.9572,26.1922],[96.9659,26.1884],[96.9961,26.2015],[97.0132,26.198],[97.0263,26.1681],[97.0369,26.0878],[97.0512,26.0971],[97.0614,26.1196],[97.0822,26.2015],[97.0684,26.244],[97.0824,26.2742],[97.0847,26.3199],[97.0976,26.3197],[97.1072,26.3459],[97.0856,26.351],[97.0887,26.3613],[97.0684,26.3462],[97.0297,26.3595],[97.0225,26.3748],[97.0027,26.3866],[96.9838,26.4222],[96.9591,26.4409],[96.954,26.4767],[96.9812,26.5212],[96.9776,26.53],[96.962,26.5234],[96.9382,26.5281],[96.9203,26.5568],[96.9199,26.6496],[96.9453,26.7359],[96.9311,26.7436],[96.9326,26.7513],[96.9633,26.757],[96.9905,26.7786],[96.976,26.823],[96.9953,26.8326],[97.0075,26.8707],[97.0238,26.8661],[97.0138,26.8935],[97.0458,26.9199],[97.0425,26.9259],[97.0613,26.9536],[97.0552,26.9683],[97.0931,26.9969],[97.1407,27.0057],[97.1241,27.0183],[97.0968,27.0657],[97.1112,27.0859],[97.1176,27.1396],[97.1102,27.1504],[97.091,27.1447],[97.0799,27.1761],[97.0256,27.2033],[96.9674,27.2072],[96.9508,27.2155],[96.9457,27.2314],[96.9241,27.2393],[96.9218,27.249],[96.9343,27.2676],[96.9078,27.2849],[96.9031,27.3049],[96.871,27.3421],[96.8176,27.3863],[96.7703,27.3974],[96.758,27.4236],[96.7383,27.4365],[96.7047,27.4406],[96.6508,27.4656],[96.6049,27.4613],[96.576,27.4822],[96.5334,27.4953],[96.4857,27.4862],[96.45,27.4911],[96.4185,27.475],[96.3949,27.4964],[96.3916,27.5186],[96.4044,27.5305],[96.4384,27.5387],[96.4233,27.555],[96.4073,27.5438],[96.3897,27.5501],[96.3712,27.5706],[96.363,27.5661],[96.3344,27.5741],[96.3011,27.6156],[96.2966,27.6365],[96.3192,27.7051],[96.3136,27.736],[96.3467,27.7628],[96.325,27.8088],[96.3326,27.8552],[96.346,27.8772],[96.3353,27.8894],[96.3434,27.8922],[96.3661,27.878],[96.4001,27.9012],[96.4173,27.9276],[96.4643,27.9044],[96.5008,27.9073],[96.5358,27.8943],[96.5675,27.8613],[96.5865,27.8528],[96.6559,27.8593],[96.6848,27.8914],[96.6573,27.9185],[96.6481,27.9586],[96.6635,27.9655]]]}},{"type":"Feature","properties":{"name":"Kaimur Range","kind":"mountain range","wikidata":"Q1721454","area_km2":461,"source":"GMBA Mountain Inventory v2.0 (CC BY 4.0)"},"geometry":{"type":"MultiPolygon","coordinates":[[[[83.9988,24.6843],[83.9825,24.6555],[83.9557,24.6667],[83.9447,24.6614],[83.953,24.6479],[83.9535,24.62],[83.9103,24.5913],[83.8827,24.5862],[83.8498,24.5994],[83.7648,24.5666],[83.7437,24.5506],[83.726,24.551],[83.7068,24.5345],[83.6766,24.5338],[83.6578,24.5434],[83.6351,24.5259],[83.6143,24.5255],[83.5992,24.5356],[83.5826,24.5271],[83.5572,24.5336],[83.4704,24.526],[83.4416,24.5131],[83.402,24.5102],[83.3787,24.5184],[83.3699,24.5093],[83.3509,24.5113],[83.3406,24.5191],[83.32,24.5051],[83.3034,24.5078],[83.2813,24.4988],[83.2556,24.508],[83.2196,24.487],[83.1845,24.4967],[83.1228,24.4728],[83.0939,24.4762],[83.053,24.5286],[83.0589,24.5396],[83.0753,24.5451],[83.0817,24.5613],[83.1086,24.5589],[83.1298,24.5675],[83.1306,24.5576],[83.0991,24.5439],[83.0987,24.5073],[83.1117,24.4994],[83.1533,24.5231],[83.2006,24.5342],[83.2184,24.5265],[83.2297,24.5383],[83.2533,24.5413],[83.2873,24.5306],[83.2915,24.5437],[83.3237,24.5592],[83.3393,24.5471],[83.3565,24.5503],[83.3613,24.5405],[83.3984,24.5508],[83.4363,24.5404],[83.4781,24.5576],[83.4841,24.5707],[83.5096,24.5553],[83.5902,24.5655],[83.6215,24.5509],[83.6599,24.5809],[83.6753,24.5772],[83.6814,24.5613],[83.7001,24.5658],[83.7048,24.5754],[83.738,24.5781],[83.7642,24.5966],[83.7859,24.5927],[83.813,24.6112],[83.8342,24.6133],[83.8528,24.6544],[83.8729,24.6601],[83.8688,24.672],[83.8769,24.6946],[83.8883,24.6801],[83.9199,24.68],[83.9093,24.6869],[83.9137,24.6946],[83.9323,24.682],[83.932,24.6966],[83.9634,24.7111],[83.9868,24.7525],[84.0123,24.7738],[84.0145,24.7428],[83.9961,24.7084],[83.9988,24.6843]]],[[[83.9342,24.7739],[83.9198,24.7742],[83.948,24.7946],[83.9571,24.7911],[83.9342,24.7739]]]]}},{"type":"Feature","properties":{"name":"Kalvarayn Hills","kind":"mountain range","wikidata":"Q3535303","area_km2":677,"source":"GMBA Mountain Inventory v2.0 (CC BY 4.0)"},"geometry":{"type":"MultiPolygon","coordinates":[[[[78.6281,12.0059],[78.6307,11.9906],[78.6421,12.0048],[78.6545,12.0058],[78.6634,11.9932],[78.6462,11.9511],[78.6107,11.911],[78.5996,11.9118],[78.5909,11.895],[78.5763,11.8894],[78.5763,11.8739],[78.5473,11.8313],[78.5439,11.822],[78.5516,11.8185],[78.5452,11.8055],[78.526,11.7965],[78.5342,11.8118],[78.5119,11.7941],[78.4864,11.7567],[78.4453,11.7396],[78.424,11.7476],[78.4248,11.7654],[78.3763,11.7284],[78.3639,11.7353],[78.3501,11.7302],[78.3328,11.7529],[78.3229,11.739],[78.302,11.7519],[78.3853,11.8711],[78.3879,11.9026],[78.4163,11.9136],[78.4466,11.948],[78.454,11.9716],[78.4757,11.9664],[78.4855,11.9778],[78.5461,11.9941],[78.5492,12.0044],[78.5728,12.0157],[78.5965,12.0614],[78.5769,12.0782],[78.5984,12.1132],[78.6191,12.0996],[78.6289,12.0757],[78.6425,12.0672],[78.6406,12.0213],[78.6281,12.0059]]],[[[78.3737,11.6848],[78.3624,11.6665],[78.3224,11.672],[78.3073,11.6858],[78.3119,11.6977],[78.348,11.7126],[78.3714,11.6971],[78.3737,11.6848]]]]}},{"type":"Feature","properties":{"name":"Kambalakonda Hills","kind":"mountain range","wikidata":"Q12060948","area_km2":126,"source":"GMBA Mountain Inventory v2.0 (CC BY 4.0)"},"geometry":{"type":"MultiPolygon","coordinates":[[[[83.3271,17.8844],[83.3661,17.8815],[83.3693,17.8495],[83.3204,17.8246],[83.3166,17.8103],[83.3079,17.8118],[83.2832,17.8522],[83.2958,17.8675],[83.3086,17.8703],[83.298,17.894],[83.3279,17.9035],[83.3271,17.8844]]],[[[83.2706,17.8092],[83.3038,17.7962],[83.3027,17.7785],[83.3253,17.7659],[83.3256,17.7414],[83.2733,17.73],[83.246,17.7461],[83.2255,17.7387],[83.2114,17.7528],[83.2239,17.7675],[83.2244,17.7779],[83.209,17.7635],[83.2223,17.7957],[83.2391,17.8088],[83.2452,17.802],[83.2706,17.8092]]]]}},{"type":"Feature","properties":{"name":"Kanaka Hills","kind":"mountain range","wikidata":null,"area_km2":1541,"source":"GMBA Mountain Inventory v2.0 (CC BY 4.0)"},"geometry":{"type":"MultiPolygon","coordinates":[[[[85.799,20.7052],[85.8042,20.6941],[85.8238,20.6949],[85.8214,20.668],[85.828,20.6584],[85.8206,20.6447],[85.7892,20.6579],[85.7702,20.6549],[85.7561,20.6332],[85.7302,20.646],[85.7298,20.6861],[85.7618,20.7053],[85.7934,20.7103],[85.799,20.7052]]],[[[85.5874,20.5708],[85.5837,20.554],[85.5703,20.5556],[85.5378,20.5395],[85.5238,20.569],[85.5107,20.5745],[85.506,20.595],[85.5154,20.6067],[85.5402,20.6049],[85.5707,20.5936],[85.5874,20.5708]]],[[[84.8885,20.7233],[84.9015,20.7155],[84.9224,20.7321],[84.941,20.7223],[84.9517,20.7342],[84.9822,20.7048],[84.9935,20.7052],[84.9973,20.7172],[85.0067,20.7196],[85.0179,20.711],[85.0198,20.6904],[85.0525,20.6867],[85.0722,20.6468],[85.0975,20.6613],[85.1096,20.6482],[85.1287,20.6506],[85.1701,20.6235],[85.1759,20.6104],[85.164,20.5949],[85.1156,20.5906],[85.105,20.582],[85.105,20.5731],[85.138,20.55],[85.1556,20.5559],[85.1724,20.5919],[85.1829,20.5972],[85.1959,20.5966],[85.2138,20.5723],[85.2129,20.5957],[85.2203,20.5988],[85.2437,20.5801],[85.2377,20.6113],[85.267,20.5981],[85.2697,20.5762],[85.2593,20.5548],[85.3113,20.5363],[85.3413,20.5384],[85.3551,20.5234],[85.3981,20.5147],[85.4014,20.5007],[85.4137,20.5009],[85.413,20.4849],[85.3939,20.4587],[85.3667,20.4598],[85.3562,20.4711],[85.3448,20.4596],[85.3179,20.462],[85.3085,20.453],[85.2799,20.4614],[85.2582,20.4499],[85.2386,20.4507],[85.1901,20.4673],[85.1746,20.4768],[85.1714,20.4901],[85.0924,20.5365],[85.0756,20.5404],[85.04,20.5261],[84.9953,20.5675],[85.012,20.5614],[85.0155,20.571],[84.9799,20.5714],[84.9579,20.5946],[84.9568,20.5634],[84.9027,20.576],[84.9035,20.5959],[84.9157,20.5988],[84.9,20.6064],[84.8902,20.6318],[84.8487,20.649],[84.8484,20.6967],[84.8252,20.6907],[84.8093,20.7201],[84.8239,20.7384],[84.8259,20.7655],[84.8415,20.7875],[84.8789,20.7818],[84.8941,20.7654],[84.8967,20.7437],[84.8885,20.7233]]],[[[85.3925,20.6862],[85.4039,20.6746],[85.3811,20.6644],[85.3531,20.6751],[85.3609,20.6871],[85.3845,20.6919],[85.3925,20.6862]]],[[[84.9114,20.8343],[84.9569,20.8293],[84.9705,20.8209],[84.9749,20.8088],[84.9642,20.7823],[84.9261,20.7786],[84.9157,20.7875],[84.8993,20.8129],[84.8985,20.8231],[84.9114,20.8343]]],[[[84.551,20.8634],[84.5513,20.8427],[84.5998,20.823],[84.6145,20.8027],[84.6414,20.7997],[84.6639,20.7813],[84.7274,20.693],[84.7508,20.6882],[84.762,20.696],[84.7881,20.6754],[84.812,20.6763],[84.8175,20.6661],[84.8079,20.6387],[84.8129,20.6294],[84.7968,20.622],[84.8005,20.6136],[84.8181,20.6206],[84.8351,20.6121],[84.8461,20.5915],[84.8881,20.5645],[84.9001,20.5128],[84.8895,20.501],[84.8631,20.5131],[84.7638,20.6117],[84.7294,20.6172],[84.7186,20.6124],[84.6963,20.6404],[84.6538,20.633],[84.6402,20.6857],[84.6193,20.6967],[84.6116,20.7173],[84.5957,20.7198],[84.572,20.7378],[84.556,20.7745],[84.5223,20.7713],[84.4739,20.8132],[84.451,20.8159],[84.4532,20.8408],[84.4687,20.8455],[84.4798,20.8633],[84.5091,20.8594],[84.5288,20.8741],[84.551,20.8634]]],[[[84.7624,20.8915],[84.7649,20.9172],[84.7844,20.9177],[84.8115,20.8989],[84.8321,20.8964],[84.8302,20.8737],[84.8062,20.8489],[84.783,20.8642],[84.7624,20.8915]]],[[[84.7624,20.8915],[84.7637,20.8572],[84.7223,20.8606],[84.7138,20.8805],[84.7272,20.9071],[84.7624,20.8915]]],[[[84.2684,20.951],[84.2644,20.9325],[84.2227,20.9251],[84.2039,20.954],[84.2039,20.9748],[84.2128,20.9813],[84.2282,20.976],[84.2684,20.951]]],[[[84.0198,21.1409],[84.0168,21.1343],[84.0021,21.1396],[83.976,21.1709],[83.9984,21.19],[84.0058,21.2084],[84.0251,21.2039],[84.0352,21.1909],[84.0363,21.1663],[84.0198,21.1409]]],[[[83.9529,21.2031],[83.9478,21.1874],[83.9323,21.198],[83.9526,21.2464],[83.9612,21.2471],[83.9529,21.2031]]],[[[83.9236,21.1135],[83.9166,21.104],[83.9043,21.105],[83.8868,21.1173],[83.8844,21.1362],[83.9177,21.1779],[83.9394,21.1662],[83.9236,21.1135]]]]}},{"type":"Feature","properties":{"name":"Kangri Garpo","kind":"mountain range","wikidata":"Q1723738","area_km2":13097,"source":"GMBA Mountain Inventory v2.0 (CC BY 4.0)"},"geometry":{"type":"Polygon","coordinates":[[[96.7603,29.4957],[96.7885,29.4739],[96.7947,29.4529],[96.8196,29.4259],[96.8194,29.4116],[96.8364,29.3923],[96.8353,29.3626],[96.8466,29.3447],[96.8715,29.3513],[96.8742,29.3679],[96.8895,29.3755],[96.9061,29.367],[96.9145,29.3714],[96.9197,29.3617],[96.9147,29.3516],[96.9463,29.3313],[96.953,29.2771],[97.0216,29.2737],[97.0197,29.2529],[97.0447,29.2238],[97.0662,29.2246],[97.1426,29.1989],[97.1632,29.1782],[97.1821,29.1739],[97.187,29.164],[97.2131,29.1512],[97.2215,29.1365],[97.2589,29.1179],[97.2788,29.0845],[97.3468,29.053],[97.383,29.0267],[97.4176,28.9697],[97.4324,28.9267],[97.4593,28.9072],[97.4885,28.853],[97.4906,28.8012],[97.4738,28.7822],[97.4635,28.7076],[97.4729,28.6842],[97.4536,28.6533],[97.4322,28.6489],[97.3877,28.6202],[97.3363,28.6239],[97.2546,28.5995],[97.2166,28.6078],[97.178,28.603],[97.1625,28.5915],[97.1046,28.5818],[97.0905,28.5655],[97.0795,28.5182],[97.0702,28.5138],[97.0478,28.4624],[97.0426,28.4634],[97.0283,28.4754],[97.0176,28.5114],[96.995,28.5403],[96.9833,28.5313],[96.9756,28.5366],[96.9621,28.5642],[96.9131,28.6033],[96.9051,28.6405],[96.8881,28.6679],[96.8625,28.683],[96.8176,28.6884],[96.788,28.7159],[96.7788,28.735],[96.7589,28.7449],[96.7343,28.7864],[96.7216,28.7947],[96.7191,28.8211],[96.6996,28.86],[96.662,28.8916],[96.6551,28.9197],[96.6121,28.994],[96.5822,29.005],[96.5474,29.0447],[96.5004,29.0784],[96.4705,29.1184],[96.3444,29.2304],[96.3448,29.2395],[96.3214,29.2575],[96.303,29.2821],[96.301,29.2989],[96.2789,29.3225],[96.2061,29.3714],[96.1838,29.3655],[96.1717,29.3717],[96.1406,29.4008],[96.1092,29.3792],[96.0412,29.3656],[96.0194,29.3991],[95.9983,29.401],[95.9989,29.4171],[95.9609,29.4592],[95.9013,29.4465],[95.8276,29.4717],[95.7614,29.4698],[95.638,29.4364],[95.5467,29.4675],[95.5109,29.5076],[95.4988,29.5071],[95.4776,29.5259],[95.4539,29.5096],[95.4395,29.4749],[95.4259,29.48],[95.4051,29.4949],[95.4197,29.513],[95.4091,29.526],[95.3676,29.5333],[95.3914,29.5493],[95.3948,29.5595],[95.3946,29.5687],[95.373,29.5722],[95.3835,29.6058],[95.3947,29.6115],[95.3835,29.6311],[95.3619,29.6282],[95.3593,29.6365],[95.3801,29.6697],[95.3583,29.7064],[95.3395,29.713],[95.3217,29.7072],[95.2988,29.7571],[95.2966,29.7936],[95.2843,29.8113],[95.2549,29.8134],[95.2404,29.7944],[95.1911,29.7769],[95.1846,29.7597],[95.172,29.7675],[95.1531,29.7509],[95.1257,29.7446],[95.0738,29.7426],[95.0665,29.7691],[95.0518,29.7717],[95.0283,29.7488],[94.9945,29.7717],[94.9488,29.7572],[94.9325,29.7431],[94.93,29.7227],[94.8952,29.6974],[94.8926,29.6847],[94.9163,29.6818],[94.9197,29.672],[94.9017,29.6516],[94.8778,29.6424],[94.8781,29.6292],[94.9256,29.6302],[94.9363,29.6029],[94.8994,29.5804],[94.8808,29.5515],[94.8868,29.537],[94.8793,29.5221],[94.8488,29.5155],[94.824,29.4973],[94.8192,29.4645],[94.809,29.4613],[94.7653,29.4759],[94.7132,29.4613],[94.687,29.4704],[94.6353,29.4707],[94.6124,29.4832],[94.6496,29.5686],[94.6667,29.5769],[94.6993,29.6119],[94.7301,29.6134],[94.7363,29.6359],[94.7301,29.6942],[94.7363,29.7067],[94.726,29.7442],[94.753,29.7942],[94.7393,29.8259],[94.746,29.8392],[94.7653,29.8485],[94.809,29.9527],[94.8182,29.9591],[94.8296,29.953],[94.8695,29.9735],[94.8745,29.9891],[94.894,30.0063],[94.9098,29.9963],[94.932,29.9965],[94.9651,30.0134],[94.9906,30.0134],[95.0155,30.0278],[95.0152,30.0401],[95.0293,30.0428],[95.063,30.0983],[95.0818,30.105],[95.1026,30.105],[95.1115,30.0805],[95.1364,30.0696],[95.1707,30.0703],[95.208,30.0565],[95.2216,30.0364],[95.2635,30.0364],[95.2872,30.0232],[95.2941,30.0062],[95.3157,29.9903],[95.3374,29.9953],[95.3571,29.9864],[95.3609,29.9646],[95.4118,29.9316],[95.4173,29.9199],[95.4572,29.9029],[95.4831,29.904],[95.5061,29.892],[95.5212,29.8969],[95.5392,29.8835],[95.6197,29.8925],[95.6352,29.9059],[95.6454,29.8989],[95.675,29.8996],[95.703,29.8779],[95.7343,29.878],[95.7756,29.8554],[95.7898,29.8346],[95.7884,29.8134],[95.8213,29.803],[95.8389,29.8134],[95.8493,29.8107],[95.8546,29.7995],[95.8651,29.805],[95.8747,29.7926],[95.9118,29.7858],[95.9259,29.7634],[95.9843,29.753],[96.0166,29.7367],[96.0249,29.7411],[96.0457,29.7325],[96.0943,29.7509],[96.1166,29.744],[96.1426,29.7134],[96.1658,29.7111],[96.1759,29.6967],[96.2044,29.6944],[96.2113,29.6701],[96.2051,29.6576],[96.2134,29.6509],[96.2418,29.6475],[96.2619,29.6276],[96.275,29.6328],[96.3297,29.6155],[96.3531,29.6212],[96.366,29.6114],[96.377,29.6172],[96.4009,29.5842],[96.4863,29.5451],[96.5169,29.5446],[96.5437,29.5547],[96.5495,29.5375],[96.5822,29.5113],[96.6008,29.5117],[96.6197,29.4904],[96.6458,29.4821],[96.7234,29.5009],[96.7603,29.4957]]]}},{"type":"Feature","properties":{"name":"Karnataka Plateau","kind":"mountain range","wikidata":null,"area_km2":2214,"source":"GMBA Mountain Inventory v2.0 (CC BY 4.0)"},"geometry":{"type":"MultiPolygon","coordinates":[[[[78.8569,13.7195],[78.8983,13.6999],[78.892,13.6618],[78.9085,13.6562],[78.9217,13.6302],[78.9041,13.6082],[78.8594,13.6229],[78.8775,13.6406],[78.879,13.6633],[78.8591,13.6537],[78.8349,13.6615],[78.8253,13.6737],[78.8333,13.6977],[78.8453,13.7035],[78.845,13.7168],[78.8569,13.7195]]],[[[78.6869,14.0332],[78.7009,14.0244],[78.6835,13.9833],[78.6884,13.9689],[78.6811,13.9558],[78.6297,13.942],[78.6537,13.918],[78.6491,13.8972],[78.6364,13.8921],[78.6443,13.8853],[78.6566,13.8898],[78.6634,13.8814],[78.6625,13.8428],[78.6526,13.8242],[78.6355,13.8191],[78.6293,13.7997],[78.5978,13.7874],[78.5606,13.8008],[78.5475,13.7969],[78.5448,13.8179],[78.5618,13.8278],[78.6092,13.8309],[78.6047,13.839],[78.5669,13.8471],[78.5603,13.8643],[78.5692,13.8796],[78.5617,13.893],[78.5632,13.9347],[78.5479,13.9415],[78.5321,13.9842],[78.5372,14.0139],[78.5487,14.0175],[78.5634,14.0005],[78.5974,13.9981],[78.6055,13.9843],[78.6154,13.9875],[78.6085,14.0],[78.6146,14.0087],[78.6292,14.012],[78.6384,14.0015],[78.6302,13.988],[78.6419,13.9828],[78.6565,13.9868],[78.6474,13.9984],[78.6491,14.0194],[78.6651,14.0332],[78.6869,14.0332]]],[[[78.6232,13.6302],[78.6425,13.6262],[78.6404,13.6038],[78.6315,13.5997],[78.6362,13.5775],[78.6124,13.5603],[78.603,13.5613],[78.5879,13.5683],[78.5888,13.5837],[78.574,13.5872],[78.5813,13.6244],[78.5594,13.6728],[78.5735,13.7008],[78.596,13.6966],[78.6073,13.6706],[78.6258,13.6562],[78.6232,13.6302]]],[[[78.5092,13.8202],[78.502,13.8103],[78.4882,13.8179],[78.4701,13.8145],[78.4508,13.8327],[78.4239,13.8829],[78.4327,13.9041],[78.4487,13.9071],[78.4665,13.8916],[78.4699,13.8698],[78.5068,13.8544],[78.4997,13.8338],[78.5092,13.8202]]],[[[78.4605,13.3822],[78.4508,13.3737],[78.4263,13.3922],[78.4306,13.4108],[78.4242,13.4215],[78.4408,13.4384],[78.4355,13.4455],[78.4469,13.4525],[78.4768,13.4464],[78.4829,13.4362],[78.4848,13.4236],[78.4605,13.3822]]],[[[78.4361,13.7408],[78.4593,13.7322],[78.4675,13.7087],[78.4562,13.6915],[78.4126,13.6993],[78.4052,13.7098],[78.4131,13.7297],[78.4361,13.7408]]],[[[78.4362,13.6125],[78.4073,13.5832],[78.4342,13.5643],[78.4315,13.5412],[78.3969,13.5304],[78.3938,13.5072],[78.4023,13.5153],[78.43,13.5187],[78.4274,13.497],[78.4436,13.5028],[78.4521,13.4872],[78.4457,13.4679],[78.4283,13.4658],[78.4207,13.4478],[78.3927,13.4488],[78.3652,13.4832],[78.3658,13.4944],[78.3387,13.5125],[78.343,13.5361],[78.3637,13.545],[78.3662,13.605],[78.3432,13.5885],[78.3376,13.605],[78.3144,13.5822],[78.3031,13.5956],[78.3204,13.6271],[78.3135,13.637],[78.3543,13.6468],[78.3588,13.6566],[78.3813,13.6637],[78.393,13.682],[78.4135,13.6801],[78.4483,13.6645],[78.4562,13.6466],[78.4362,13.6125]]],[[[78.3673,14.0241],[78.3576,14.0179],[78.3508,14.0423],[78.3348,14.0546],[78.3332,14.0652],[78.358,14.0625],[78.3695,14.049],[78.3673,14.0241]]],[[[78.3029,13.7697],[78.2898,13.7702],[78.2752,13.7989],[78.2935,13.8205],[78.3119,13.8172],[78.3258,13.8034],[78.3287,13.7873],[78.3029,13.7697]]],[[[78.2655,13.9984],[78.2741,13.9844],[78.2883,13.9921],[78.3089,13.9738],[78.3004,13.9475],[78.273,13.9431],[78.2666,13.9311],[78.2512,13.9322],[78.2318,13.9615],[78.2286,13.9805],[78.2655,13.9984]]],[[[78.2446,12.7405],[78.2228,12.7407],[78.2135,12.758],[78.216,12.7779],[78.2487,12.7616],[78.2525,12.7475],[78.2446,12.7405]]],[[[78.1802,14.251],[78.1899,14.2434],[78.2021,14.2559],[78.2244,14.2525],[78.2402,14.2332],[78.2483,14.2151],[78.2443,14.2042],[78.2264,14.2002],[78.2207,14.1769],[78.1892,14.1818],[78.1733,14.2202],[78.1651,14.2195],[78.1702,14.1889],[78.1647,14.1822],[78.1273,14.2018],[78.1219,14.2356],[78.1269,14.2539],[78.1566,14.2706],[78.1802,14.251]]],[[[77.9634,14.2029],[77.9879,14.1961],[77.9912,14.1754],[77.986,14.1606],[77.9582,14.1415],[77.9442,14.1479],[77.9395,14.1625],[77.9246,14.1573],[77.9114,14.202],[77.9417,14.2199],[77.9606,14.2147],[77.9634,14.2029]]],[[[77.93,13.7591],[77.9485,13.7341],[77.9457,13.7269],[77.9206,13.7588],[77.8917,13.7516],[77.8865,13.7599],[77.913,13.769],[77.9267,13.767],[77.93,13.7591]]],[[[77.9223,13.7884],[77.8937,13.7707],[77.8727,13.7814],[77.8692,13.8016],[77.8861,13.8383],[77.9166,13.8372],[77.9258,13.8286],[77.9187,13.8183],[77.9317,13.7986],[77.9223,13.7884]]],[[[77.9094,13.9198],[77.9103,13.9144],[77.9014,13.9213],[77.8761,13.9635],[77.9024,13.9904],[77.9242,13.9578],[77.9195,13.9365],[77.9054,13.9307],[77.9094,13.9198]]],[[[77.8492,14.2838],[77.8394,14.2754],[77.8441,14.243],[77.8655,14.2341],[77.8903,14.2356],[77.8909,14.2281],[77.868,14.2308],[77.8723,14.223],[77.8617,14.1667],[77.8437,14.154],[77.8279,14.1675],[77.816,14.1945],[77.8179,14.2195],[77.7927,14.2668],[77.8027,14.2755],[77.8279,14.2784],[77.8029,14.2851],[77.7712,14.3117],[77.7826,14.3567],[77.8039,14.3675],[77.838,14.3556],[77.834,14.3323],[77.8529,14.2975],[77.8492,14.2838]]],[[[77.8656,14.1221],[77.8821,14.1081],[77.8658,14.0945],[77.8582,14.0749],[77.8499,14.0763],[77.8427,14.089],[77.8453,14.1143],[77.8656,14.1221]]],[[[77.6899,13.5334],[77.7134,13.5262],[77.722,13.4951],[77.6968,13.4578],[77.7045,13.439],[77.6906,13.3908],[77.7051,13.3796],[77.7024,13.3661],[77.677,13.3311],[77.651,13.3382],[77.6427,13.3724],[77.65,13.3977],[77.6654,13.409],[77.6609,13.4234],[77.6511,13.4265],[77.6442,13.4696],[77.6634,13.5005],[77.6406,13.515],[77.6397,13.5368],[77.6513,13.5666],[77.6648,13.5738],[77.678,13.5615],[77.6804,13.547],[77.6967,13.5439],[77.6899,13.5334]]],[[[77.6543,13.6163],[77.6422,13.6115],[77.6354,13.6231],[77.6358,13.6558],[77.6177,13.67],[77.6469,13.7057],[77.6706,13.6939],[77.6783,13.679],[77.6543,13.6163]]],[[[77.4508,13.3948],[77.4198,13.4038],[77.4223,13.4169],[77.4509,13.4248],[77.4649,13.4209],[77.4673,13.4046],[77.4508,13.3948]]],[[[77.3071,12.9031],[77.302,12.8957],[77.2795,12.8974],[77.2729,12.9122],[77.2802,12.9409],[77.3018,12.9445],[77.315,12.9292],[77.3175,12.9157],[77.3071,12.9031]]],[[[77.3094,14.2383],[77.302,14.2269],[77.2727,14.2337],[77.2579,14.2451],[77.2545,14.2544],[77.263,14.2653],[77.2556,14.2786],[77.2724,14.2925],[77.2943,14.289],[77.2938,14.2737],[77.3124,14.2519],[77.3094,14.2383]]],[[[77.2302,13.3983],[77.2445,13.3918],[77.2332,13.3644],[77.2037,13.3813],[77.2073,13.3948],[77.1976,13.3948],[77.1923,13.4195],[77.1698,13.4261],[77.2096,13.4383],[77.2151,13.4263],[77.2405,13.4165],[77.2302,13.3983]]],[[[77.1783,13.6592],[77.1988,13.6387],[77.1996,13.6282],[77.1674,13.5776],[77.1552,13.5786],[77.1589,13.5451],[77.1338,13.5259],[77.1033,13.5442],[77.1022,13.5581],[77.127,13.5776],[77.1052,13.59],[77.1032,13.6152],[77.1468,13.6546],[77.1567,13.6475],[77.1783,13.6592]]],[[[77.0966,14.1823],[77.0845,14.191],[77.0869,14.2025],[77.0962,14.2043],[77.0966,14.1823]]],[[[77.0868,14.1266],[77.0805,14.1242],[77.0594,14.1563],[77.0707,14.1736],[77.0923,14.1758],[77.0868,14.1266]]],[[[76.7909,15.1106],[76.8221,15.107],[76.8615,15.0821],[76.849,15.0533],[76.828,15.0516],[76.809,15.0675],[76.7893,15.0551],[76.7909,15.1106]]],[[[76.5512,15.1717],[76.5702,15.171],[76.5988,15.1443],[76.5947,15.1258],[76.6403,15.1261],[76.6511,15.1195],[76.6615,15.0902],[76.6596,15.0512],[76.6718,15.0342],[76.6572,15.0223],[76.6656,15.0113],[76.6509,14.982],[76.6274,14.9825],[76.6103,14.9686],[76.5458,14.9776],[76.5323,14.9942],[76.5195,14.9968],[76.4973,15.0522],[76.4689,15.0731],[76.3947,15.1972],[76.4132,15.215],[76.4218,15.2321],[76.4176,15.2409],[76.4335,15.2467],[76.4523,15.2309],[76.5057,15.2141],[76.5276,15.2],[76.5382,15.1742],[76.5512,15.1717]]],[[[76.546,13.8019],[76.5474,13.791],[76.5403,13.7869],[76.5171,13.7959],[76.5082,13.779],[76.5023,13.7807],[76.4866,13.8059],[76.4847,13.8476],[76.4971,13.855],[76.5126,13.8526],[76.5271,13.81],[76.546,13.8019]]],[[[76.4389,14.1769],[76.4284,14.1638],[76.414,14.1962],[76.399,14.1996],[76.3985,14.2068],[76.4092,14.2128],[76.434,14.1973],[76.4389,14.1769]]],[[[76.3014,13.435],[76.3151,13.4173],[76.3236,13.418],[76.3309,13.3943],[76.3187,13.3589],[76.3073,13.3598],[76.3107,13.3506],[76.2969,13.33],[76.2895,13.3207],[76.274,13.3218],[76.2501,13.3623],[76.2644,13.3914],[76.2567,13.4022],[76.2594,13.4253],[76.2651,13.4381],[76.277,13.4425],[76.3014,13.435]]],[[[76.1258,12.4385],[76.099,12.4573],[76.1095,12.4779],[76.1247,12.4752],[76.1362,12.4522],[76.1258,12.4385]]]]}},{"type":"Feature","properties":{"name":"Kharagpur Hills","kind":"mountain range","wikidata":null,"area_km2":24,"source":"GMBA Mountain Inventory v2.0 (CC BY 4.0)"},"geometry":{"type":"Polygon","coordinates":[[[86.2598,25.008],[86.2407,25.0072],[86.2261,25.0176],[86.2234,25.0293],[86.2271,25.0495],[86.2493,25.0737],[86.2659,25.031],[86.2779,25.021],[86.2598,25.008]]]}},{"type":"Feature","properties":{"name":"Kharandamalai Hills","kind":"mountain range","wikidata":null,"area_km2":1019,"source":"GMBA Mountain Inventory v2.0 (CC BY 4.0)"},"geometry":{"type":"MultiPolygon","coordinates":[[[[78.4668,10.2439],[78.4541,10.229],[78.4278,10.2434],[78.4062,10.2312],[78.3948,10.252],[78.4147,10.282],[78.438,10.2835],[78.4681,10.2602],[78.4668,10.2439]]],[[[78.2966,10.4838],[78.3116,10.4742],[78.3278,10.4763],[78.355,10.4489],[78.3401,10.437],[78.3105,10.4363],[78.3052,10.4426],[78.3111,10.4622],[78.2866,10.4668],[78.2966,10.4838]]],[[[78.3137,10.3618],[78.266,10.37],[78.2647,10.3826],[78.2889,10.4087],[78.321,10.4205],[78.3243,10.4093],[78.3488,10.3951],[78.3446,10.3803],[78.3137,10.3618]]],[[[78.2957,10.229],[78.3038,10.2529],[78.3319,10.2587],[78.3397,10.2447],[78.3331,10.2245],[78.3208,10.2168],[78.2957,10.229]]],[[[78.2957,10.229],[78.2855,10.2161],[78.2788,10.2379],[78.2849,10.2391],[78.2957,10.229]]],[[[78.3175,10.2771],[78.3041,10.2707],[78.2886,10.2749],[78.3133,10.2841],[78.3175,10.2771]]],[[[78.2886,10.2987],[78.2812,10.2832],[78.2686,10.2958],[78.2851,10.3112],[78.2886,10.2987]]],[[[78.2771,10.1759],[78.2901,10.1609],[78.2658,10.0907],[78.2434,10.0721],[78.1876,10.0596],[78.1799,10.079],[78.2019,10.1374],[78.2236,10.1551],[78.2593,10.1632],[78.2591,10.1695],[78.2771,10.1759]]],[[[78.2445,10.4966],[78.2831,10.4753],[78.2817,10.4527],[78.2743,10.4531],[78.2821,10.4419],[78.2776,10.4336],[78.2689,10.4367],[78.2577,10.4288],[78.2549,10.4142],[78.2355,10.4045],[78.2232,10.4071],[78.2156,10.392],[78.2409,10.3903],[78.2399,10.3519],[78.2682,10.3205],[78.2666,10.294],[78.2149,10.2447],[78.2012,10.2522],[78.1641,10.2448],[78.1478,10.2752],[78.155,10.308],[78.1497,10.3228],[78.1595,10.3449],[78.1988,10.3598],[78.1936,10.3694],[78.1762,10.3614],[78.1649,10.3769],[78.1593,10.408],[78.1908,10.485],[78.2192,10.4981],[78.2445,10.4966]]],[[[78.268,10.531],[78.245,10.5278],[78.226,10.5347],[78.2234,10.5606],[78.2601,10.5934],[78.2767,10.5627],[78.268,10.531]]],[[[78.1666,10.5561],[78.1726,10.5757],[78.1902,10.5725],[78.1725,10.549],[78.1666,10.5561]]],[[[78.1666,10.5561],[78.13,10.5259],[78.1151,10.5375],[78.098,10.5322],[78.0885,10.5504],[78.1343,10.6259],[78.128,10.6387],[78.1647,10.6534],[78.169,10.6622],[78.1797,10.651],[78.226,10.6362],[78.23,10.6084],[78.2125,10.6027],[78.1932,10.6071],[78.1731,10.5929],[78.1652,10.5794],[78.1666,10.5561]]],[[[78.1198,10.201],[78.1303,10.1971],[78.1618,10.2179],[78.1646,10.207],[78.1744,10.2179],[78.1858,10.2034],[78.1831,10.1599],[78.1595,10.1465],[78.1419,10.1479],[78.1367,10.1364],[78.1116,10.1505],[78.1087,10.1374],[78.0898,10.1322],[78.0782,10.1362],[78.0713,10.1508],[78.0532,10.1268],[78.0138,10.1242],[77.9707,10.1061],[77.9607,10.1074],[77.9505,10.1371],[77.9309,10.151],[77.9318,10.1897],[77.9094,10.2283],[77.9121,10.2427],[77.9321,10.2593],[77.9546,10.2634],[77.9701,10.2981],[77.994,10.3092],[78.0076,10.2887],[78.0233,10.2851],[78.0264,10.2712],[78.054,10.2592],[78.0749,10.2229],[78.1198,10.201]]],[[[78.0711,10.1163],[78.08,10.1035],[78.0583,10.0667],[78.0102,10.0581],[78.0031,10.0682],[78.0123,10.0979],[78.0331,10.113],[78.0711,10.1163]]]]}},{"type":"Feature","properties":{"name":"Khasi Hills","kind":"mountain range","wikidata":"Q3182012","area_km2":6179,"source":"GMBA Mountain Inventory v2.0 (CC BY 4.0)"},"geometry":{"type":"MultiPolygon","coordinates":[[[[91.1541,25.6207],[91.1674,25.626],[91.1634,25.6618],[91.1335,25.684],[91.1212,25.6718],[91.1128,25.6809],[91.1134,25.7073],[91.0735,25.6864],[91.0561,25.6983],[91.0531,25.7058],[91.0823,25.7466],[91.0755,25.7571],[91.0258,25.7111],[91.005,25.705],[90.984,25.7095],[90.9763,25.7257],[91.0017,25.7463],[91.0158,25.7723],[91.0049,25.7925],[91.0026,25.7822],[90.984,25.7904],[90.9799,25.7716],[90.9679,25.7676],[90.9593,25.7754],[90.9904,25.7984],[90.9854,25.805],[90.9499,25.7882],[90.9069,25.7256],[90.8943,25.7218],[90.8423,25.7554],[90.8307,25.755],[90.8357,25.7407],[90.8257,25.7259],[90.8062,25.746],[90.8023,25.7626],[90.7835,25.7572],[90.7593,25.7745],[90.7773,25.8025],[90.7695,25.8092],[90.7506,25.7864],[90.7509,25.8219],[90.7344,25.8213],[90.7195,25.8342],[90.7088,25.8116],[90.682,25.7968],[90.6714,25.8114],[90.6716,25.8352],[90.6871,25.8666],[90.697,25.8696],[90.7056,25.8572],[90.7127,25.8752],[90.7232,25.8779],[90.7868,25.828],[90.7947,25.8366],[90.7879,25.8429],[90.803,25.8506],[90.7926,25.8634],[90.7911,25.897],[90.8198,25.9284],[90.8412,25.9306],[90.8615,25.9216],[90.8772,25.93],[90.8933,25.9205],[90.911,25.9329],[90.9157,25.9471],[90.9436,25.9517],[90.9656,25.9301],[90.9743,25.8963],[90.9926,25.8863],[91.0039,25.8822],[91.023,25.8889],[91.0544,25.8798],[91.068,25.8572],[91.0824,25.8613],[91.0826,25.853],[91.1022,25.8685],[91.1294,25.8716],[91.1435,25.8619],[91.1356,25.8489],[91.1566,25.8598],[91.1631,25.8734],[91.1803,25.8697],[91.1939,25.8884],[91.2041,25.8814],[91.2433,25.8936],[91.2746,25.9342],[91.324,25.9281],[91.3298,25.9218],[91.3298,25.8771],[91.301,25.8584],[91.329,25.8408],[91.3558,25.8578],[91.3967,25.8597],[91.3909,25.8706],[91.4078,25.8762],[91.4759,25.8739],[91.4973,25.8655],[91.498,25.839],[91.5347,25.7993],[91.5313,25.7641],[91.553,25.7627],[91.5804,25.7482],[91.6052,25.7758],[91.6219,25.7739],[91.6562,25.7255],[91.6623,25.7037],[91.6881,25.6942],[91.6943,25.7069],[91.7041,25.7075],[91.732,25.6922],[91.7356,25.6493],[91.7417,25.646],[91.7529,25.6538],[91.7905,25.6526],[91.7974,25.6603],[91.8265,25.6551],[91.8499,25.6894],[91.8633,25.6758],[91.8875,25.6723],[91.8894,25.6595],[91.9249,25.6707],[91.9856,25.651],[92.0033,25.6565],[92.0241,25.6319],[92.0161,25.625],[92.0395,25.6074],[92.0936,25.5955],[92.1148,25.5679],[92.1236,25.5672],[92.1324,25.604],[92.1401,25.6195],[92.1482,25.6202],[92.1603,25.6124],[92.1585,25.6001],[92.1696,25.5949],[92.1621,25.5797],[92.1675,25.5641],[92.1536,25.5388],[92.1357,25.5338],[92.1393,25.4429],[92.1551,25.4313],[92.1529,25.4122],[92.1384,25.4015],[92.1322,25.3659],[92.1506,25.3276],[92.1409,25.304],[92.1505,25.2989],[92.1547,25.3055],[92.1531,25.3547],[92.1859,25.3821],[92.1945,25.3784],[92.1993,25.3666],[92.1906,25.343],[92.2107,25.3467],[92.2196,25.3403],[92.2164,25.3225],[92.2353,25.3144],[92.201,25.2697],[92.2074,25.2296],[92.226,25.2239],[92.2404,25.1965],[92.226,25.1674],[92.2437,25.1613],[92.2458,25.1331],[92.2378,25.1273],[92.2103,25.1311],[92.1471,25.1593],[92.0561,25.1839],[91.9874,25.1712],[91.9302,25.1792],[91.7839,25.1652],[91.7524,25.1717],[91.7168,25.1635],[91.6281,25.179],[91.6146,25.1733],[91.5387,25.1799],[91.5024,25.1925],[91.437,25.1827],[91.3567,25.2144],[91.3107,25.1935],[91.2958,25.2022],[91.2774,25.1968],[91.2522,25.2071],[91.2288,25.1947],[91.1749,25.1915],[91.1436,25.2374],[91.1592,25.2421],[91.1342,25.2695],[91.1153,25.2717],[91.1058,25.282],[91.0956,25.2751],[91.0669,25.2803],[91.0459,25.3679],[91.0061,25.3841],[90.9978,25.3749],[90.9853,25.3978],[91.0009,25.4122],[90.9676,25.4763],[90.9716,25.4906],[91.0389,25.5321],[91.0588,25.5234],[91.0681,25.5089],[91.1075,25.5095],[91.1166,25.5217],[91.1197,25.51],[91.1051,25.4914],[91.117,25.4855],[91.112,25.4499],[91.1219,25.4468],[91.1218,25.4553],[91.1363,25.4626],[91.126,25.4784],[91.1446,25.5067],[91.1583,25.51],[91.1803,25.5009],[91.1909,25.473],[91.2003,25.4697],[91.209,25.496],[91.2473,25.5071],[91.2592,25.484],[91.2426,25.4641],[91.2523,25.4406],[91.2485,25.4225],[91.2274,25.4093],[91.2062,25.4252],[91.1874,25.4099],[91.1906,25.3944],[91.2012,25.3949],[91.2076,25.4071],[91.2155,25.3986],[91.2228,25.4064],[91.2645,25.3639],[91.2762,25.4012],[91.2982,25.398],[91.3139,25.3695],[91.3445,25.3937],[91.3731,25.39],[91.3972,25.3967],[91.4053,25.3924],[91.4059,25.3602],[91.4481,25.3408],[91.4647,25.3535],[91.4941,25.3524],[91.5164,25.3723],[91.5121,25.3803],[91.5203,25.394],[91.5453,25.4134],[91.5672,25.399],[91.5614,25.386],[91.5759,25.3838],[91.5605,25.3686],[91.5618,25.3572],[91.5734,25.3633],[91.5853,25.3542],[91.6489,25.3903],[91.6759,25.3872],[91.6961,25.3974],[91.7174,25.4176],[91.7349,25.4197],[91.7692,25.455],[91.8022,25.4197],[91.8313,25.4345],[91.8408,25.4341],[91.8464,25.4221],[91.853,25.4265],[91.849,25.4452],[91.8963,25.4696],[91.9092,25.4597],[91.9178,25.4657],[91.9309,25.5023],[91.928,25.5263],[91.8832,25.5342],[91.8239,25.5263],[91.8297,25.5373],[91.8124,25.5188],[91.7971,25.5151],[91.793,25.4977],[91.7494,25.4718],[91.7384,25.4884],[91.7364,25.5174],[91.7656,25.5488],[91.7676,25.5718],[91.7787,25.5872],[91.7732,25.5976],[91.7216,25.5926],[91.7031,25.5727],[91.7178,25.5766],[91.7175,25.5688],[91.6922,25.5677],[91.6929,25.586],[91.6755,25.6175],[91.6443,25.6219],[91.6406,25.6305],[91.6586,25.6596],[91.6353,25.6867],[91.6101,25.6946],[91.5838,25.6807],[91.5587,25.6842],[91.5593,25.669],[91.583,25.6699],[91.5798,25.6606],[91.5593,25.6548],[91.5844,25.6552],[91.5973,25.6456],[91.6009,25.6293],[91.5919,25.6123],[91.5694,25.6048],[91.5592,25.5751],[91.5096,25.5735],[91.4999,25.5809],[91.475,25.5648],[91.4584,25.5696],[91.4531,25.5498],[91.4759,25.5445],[91.451,25.5398],[91.4592,25.517],[91.4028,25.5238],[91.3952,25.532],[91.4078,25.5582],[91.3841,25.5825],[91.3851,25.6094],[91.3725,25.6094],[91.3625,25.6321],[91.3374,25.6176],[91.3404,25.6437],[91.2986,25.6489],[91.2991,25.6624],[91.2902,25.6666],[91.2784,25.6603],[91.2926,25.6391],[91.288,25.628],[91.2779,25.6334],[91.2534,25.6204],[91.2424,25.6259],[91.2156,25.6009],[91.2084,25.5989],[91.2044,25.6116],[91.1847,25.6115],[91.1672,25.5947],[91.1542,25.6077],[91.1541,25.6207]]],[[[91.1541,25.6207],[91.133,25.6137],[91.1266,25.6537],[91.1421,25.6526],[91.1541,25.6207]]],[[[91.1513,25.5464],[91.1416,25.5332],[91.1344,25.5353],[91.1434,25.5591],[91.1513,25.5464]]],[[[90.5343,26.0009],[90.501,25.9872],[90.5092,25.975],[90.5041,25.9665],[90.4746,25.9709],[90.4572,26.0026],[90.4814,26.02],[90.4937,26.0399],[90.526,26.0488],[90.5373,26.0633],[90.5595,26.0655],[90.578,26.0334],[90.5689,26.0184],[90.5343,26.0009]]]]}},{"type":"Feature","properties":{"name":"Khondmal Hills","kind":"mountain range","wikidata":null,"area_km2":17917,"source":"GMBA Mountain Inventory v2.0 (CC BY 4.0)"},"geometry":{"type":"MultiPolygon","coordinates":[[[[85.251,20.0052],[85.2776,20.0217],[85.2848,20.0185],[85.2803,20.0099],[85.2983,20.0069],[85.3014,19.9972],[85.3201,19.9892],[85.3482,19.9988],[85.3599,19.9728],[85.3365,19.9551],[85.3075,19.9615],[85.276,19.9552],[85.2761,19.9345],[85.2659,19.9238],[85.251,19.9273],[85.2415,19.8986],[85.2119,19.8948],[85.2063,19.8718],[85.1704,19.868],[85.1759,19.8574],[85.1388,19.8447],[85.1278,19.8342],[85.1281,19.8198],[85.1159,19.8115],[85.0885,19.8154],[85.0771,19.8544],[85.0821,19.8695],[85.1186,19.876],[85.131,19.8676],[85.128,19.8944],[85.143,19.9189],[85.1757,19.9342],[85.1931,19.9287],[85.2111,19.9655],[85.2238,19.9653],[85.2365,19.9773],[85.2366,19.9988],[85.2177,19.9906],[85.1228,19.9056],[85.0758,19.8926],[85.0583,19.8752],[85.0658,19.8473],[85.0391,19.819],[85.0401,19.7856],[85.0141,19.7331],[84.9996,19.718],[84.9739,19.7105],[84.9741,19.693],[84.9518,19.6765],[84.9478,19.6642],[84.9218,19.6777],[84.9257,19.6918],[84.9004,19.703],[84.8804,19.6843],[84.8661,19.6974],[84.8602,19.7145],[84.8739,19.7239],[84.8619,19.7533],[84.874,19.7658],[84.906,19.7717],[84.9238,19.7664],[84.9238,19.7531],[84.933,19.7468],[84.9427,19.7466],[84.9567,19.7612],[84.9817,19.7633],[85.0226,19.8329],[85.0153,19.844],[84.9821,19.8301],[84.9516,19.8053],[84.9238,19.813],[84.9033,19.7926],[84.8722,19.8196],[84.8644,19.8425],[84.8789,19.8356],[84.8863,19.8509],[84.9007,19.8468],[84.9326,19.8572],[84.9509,19.8757],[84.9404,19.8978],[84.9716,19.923],[84.9859,19.9279],[84.9992,19.9178],[85.0137,19.9225],[85.0373,19.9513],[85.0369,19.9838],[85.0873,20.003],[85.1043,20.0],[85.1166,19.9769],[85.0987,19.9549],[85.1918,20.0124],[85.2485,20.0596],[85.2981,20.071],[85.3073,20.0385],[85.2791,20.0266],[85.251,20.0052]]],[[[85.2634,20.1467],[85.2717,20.136],[85.2683,20.0992],[85.2354,20.0802],[85.1982,20.0784],[85.1823,20.1056],[85.2026,20.1442],[85.2247,20.1517],[85.2397,20.1438],[85.2532,20.155],[85.2634,20.1467]]],[[[85.1679,19.6763],[85.1323,19.6876],[85.1485,19.7123],[85.1518,19.7342],[85.1842,19.6912],[85.1679,19.6763]]],[[[85.0698,20.2879],[85.0823,20.2758],[85.1204,20.2885],[85.1484,20.2875],[85.1527,20.2313],[85.1366,20.2249],[85.141,20.2121],[85.1332,20.1957],[85.1093,20.1967],[85.0985,20.21],[85.0758,20.2072],[85.0423,20.2447],[85.0333,20.2242],[85.0049,20.2491],[85.0051,20.2594],[85.0183,20.2593],[85.0142,20.2714],[85.0306,20.3141],[85.0281,20.3345],[85.0661,20.35],[85.1128,20.3356],[85.1155,20.3223],[85.1061,20.31],[85.0698,20.2879]]],[[[85.0514,20.089],[85.0395,20.0677],[85.029,20.0737],[84.9749,20.054],[84.9512,20.0639],[84.953,20.1061],[85.0055,20.1466],[85.0528,20.1186],[85.0514,20.089]]],[[[84.9989,19.9696],[84.9672,19.9723],[84.9621,19.9887],[84.9831,20.0175],[85.0095,19.9942],[84.9989,19.9696]]],[[[84.9713,20.3985],[84.98,20.3916],[84.9478,20.3874],[84.9198,20.3979],[84.9253,20.411],[84.9444,20.4154],[84.9656,20.4123],[84.9713,20.3985]]],[[[84.3259,20.7258],[84.3503,20.7199],[84.3697,20.6736],[84.4093,20.6447],[84.4035,20.6271],[84.4115,20.6154],[84.4305,20.6087],[84.4301,20.5883],[84.4133,20.5842],[84.414,20.5562],[84.4354,20.552],[84.4433,20.571],[84.4608,20.58],[84.4719,20.5716],[84.5158,20.5767],[84.5331,20.5885],[84.5555,20.5833],[84.5822,20.5884],[84.5992,20.603],[84.6346,20.5861],[84.6426,20.5694],[84.626,20.5535],[84.6128,20.5208],[84.6176,20.5084],[84.6092,20.4801],[84.6148,20.4689],[84.627,20.472],[84.6234,20.4861],[84.6323,20.5094],[84.674,20.5238],[84.6956,20.5514],[84.6865,20.6055],[84.7294,20.6172],[84.7638,20.6117],[84.8631,20.5131],[84.8775,20.5071],[84.8721,20.5018],[84.8786,20.4896],[84.9321,20.4856],[84.9509,20.4567],[84.928,20.4348],[84.8935,20.4322],[84.8902,20.4462],[84.8648,20.4491],[84.8436,20.4647],[84.8352,20.4875],[84.814,20.4942],[84.8108,20.5075],[84.7897,20.5113],[84.7801,20.4785],[84.7991,20.463],[84.8037,20.4486],[84.8125,20.449],[84.8134,20.4168],[84.8035,20.4134],[84.7901,20.4238],[84.776,20.4108],[84.8051,20.409],[84.7641,20.3936],[84.7565,20.3393],[84.7684,20.3142],[84.7656,20.2866],[84.7631,20.2771],[84.7506,20.2731],[84.7571,20.2333],[84.7434,20.2207],[84.7105,20.2342],[84.7042,20.2098],[84.7348,20.1922],[84.7344,20.1699],[84.7235,20.1485],[84.7088,20.1488],[84.6946,20.1345],[84.6779,20.0776],[84.6395,20.0577],[84.6356,20.07],[84.6187,20.0765],[84.6155,20.1037],[84.6018,20.1164],[84.6166,20.1434],[84.5742,20.1738],[84.5804,20.1585],[84.5752,20.1233],[84.5581,20.1125],[84.5401,20.1199],[84.5251,20.1467],[84.5297,20.1597],[84.5216,20.1634],[84.501,20.1348],[84.5209,20.1207],[84.5183,20.0949],[84.5042,20.0818],[84.4776,20.0759],[84.4604,20.0921],[84.4468,20.0913],[84.4538,20.0812],[84.4447,20.063],[84.4591,20.0399],[84.4477,20.0201],[84.4612,20.0],[84.4415,19.9921],[84.4153,19.9967],[84.4093,19.9717],[84.3885,19.9529],[84.3965,19.9489],[84.4115,19.9615],[84.4371,19.9654],[84.4466,19.9432],[84.4721,19.9275],[84.4718,19.913],[84.5031,19.9071],[84.5082,19.9214],[84.5157,19.9174],[84.5253,19.8926],[84.5079,19.9018],[84.5052,19.892],[84.5322,19.8599],[84.5253,19.8432],[84.4896,19.8196],[84.4926,19.7943],[84.4623,19.7759],[84.4498,19.805],[84.4456,19.779],[84.437,19.7759],[84.421,19.7869],[84.4134,19.8159],[84.401,19.8274],[84.399,19.846],[84.4061,19.8564],[84.3942,19.8592],[84.3878,19.8429],[84.3732,19.8394],[84.3672,19.8488],[84.3581,19.844],[84.3463,19.8502],[84.3385,19.8629],[84.3494,19.8872],[84.327,19.8983],[84.3148,19.8601],[84.3217,19.8424],[84.2972,19.8322],[84.2944,19.8438],[84.2739,19.8458],[84.2826,19.8316],[84.2791,19.815],[84.2999,19.8154],[84.3137,19.8048],[84.3258,19.757],[84.3468,19.7497],[84.3556,19.7544],[84.363,19.7387],[84.3484,19.6968],[84.2864,19.7192],[84.2904,19.6936],[84.3238,19.6712],[84.313,19.6373],[84.3026,19.6277],[84.2829,19.6309],[84.2801,19.6206],[84.3003,19.6149],[84.3218,19.6194],[84.3525,19.6696],[84.3768,19.6625],[84.3867,19.6301],[84.4069,19.6446],[84.4345,19.6278],[84.4401,19.616],[84.487,19.5934],[84.4847,19.5301],[84.5098,19.5613],[84.5472,19.5464],[84.5606,19.4949],[84.555,19.4736],[84.5176,19.4529],[84.4985,19.4511],[84.4887,19.4663],[84.4526,19.4717],[84.4179,19.4544],[84.4114,19.4273],[84.4217,19.3971],[84.4069,19.3789],[84.3721,19.3728],[84.403,19.3512],[84.3927,19.3352],[84.4141,19.3383],[84.4306,19.3296],[84.4363,19.2857],[84.4302,19.2645],[84.4762,19.2755],[84.4884,19.2538],[84.477,19.2362],[84.4648,19.2365],[84.452,19.2159],[84.4385,19.2093],[84.4415,19.1961],[84.4343,19.1852],[84.3801,19.1788],[84.3905,19.1405],[84.4194,19.147],[84.4321,19.1301],[84.4471,19.1334],[84.4736,19.1238],[84.4662,19.1363],[84.4716,19.1364],[84.4865,19.1266],[84.5094,19.0806],[84.4697,19.0463],[84.4729,19.0405],[84.5132,19.0675],[84.5404,19.0635],[84.5447,19.0464],[84.5301,19.0325],[84.549,19.0159],[84.5113,18.9745],[84.4801,18.9694],[84.4863,18.9882],[84.4602,19.0175],[84.4364,19.0144],[84.458,18.9949],[84.4694,18.9652],[84.4636,18.9531],[84.4459,18.9571],[84.439,18.9491],[84.4447,18.9325],[84.4345,18.9074],[84.4069,18.8899],[84.4021,18.8751],[84.3652,18.8522],[84.3602,18.8367],[84.3414,18.8303],[84.2947,18.833],[84.303,18.8199],[84.2968,18.797],[84.3158,18.7898],[84.3238,18.7742],[84.3135,18.7426],[84.2916,18.7521],[84.2566,18.728],[84.2436,18.7349],[84.2356,18.7544],[84.2525,18.7758],[84.2408,18.7718],[84.2308,18.7811],[84.2265,18.8019],[84.2391,18.8059],[84.2498,18.8223],[84.2902,18.8413],[84.3065,18.864],[84.2822,18.8791],[84.2379,18.8651],[84.2283,18.8551],[84.2133,18.8571],[84.16,18.8916],[84.1532,18.9016],[84.1534,18.968],[84.135,18.9967],[84.13,18.9761],[84.1366,18.9387],[84.1267,18.9257],[84.1426,18.8837],[84.1336,18.8688],[84.1405,18.8554],[84.125,18.8613],[84.1448,18.826],[84.1323,18.8073],[84.1016,18.8078],[84.0904,18.8216],[84.0907,18.834],[84.0508,18.8633],[84.0448,18.8509],[84.022,18.855],[84.0096,18.8323],[83.9924,18.8247],[83.9756,18.8383],[83.9637,18.8259],[83.9375,18.8416],[83.9221,18.8363],[83.9201,18.8614],[83.9401,18.8858],[83.9186,18.8951],[83.8885,18.928],[83.8744,18.9186],[83.8614,18.9439],[83.8643,18.951],[83.8759,18.9508],[83.8837,18.97],[83.8521,18.9954],[83.8468,19.0113],[83.8177,19.0216],[83.8072,19.0389],[83.823,19.0475],[83.8188,19.0597],[83.8432,19.0992],[83.8673,19.1113],[83.8945,19.0884],[83.9044,19.0948],[83.8968,19.1171],[83.9172,19.1305],[83.9323,19.1552],[83.9301,19.1943],[83.9363,19.209],[83.908,19.1926],[83.8869,19.1951],[83.874,19.2035],[83.8737,19.2169],[83.8903,19.2379],[83.8822,19.2497],[83.8981,19.2821],[83.9238,19.2844],[83.9306,19.2976],[83.8765,19.3296],[83.8739,19.3406],[83.8552,19.3464],[83.8448,19.359],[83.8428,19.3841],[83.8177,19.3932],[83.8201,19.423],[83.8074,19.4425],[83.7956,19.4222],[83.7724,19.4199],[83.7448,19.4531],[83.7414,19.4464],[83.7581,19.4201],[83.7646,19.3904],[83.7462,19.3396],[83.7586,19.2949],[83.7417,19.2782],[83.726,19.2751],[83.7322,19.2615],[83.7246,19.2284],[83.6949,19.2321],[83.6801,19.2245],[83.6693,19.2317],[83.6469,19.1927],[83.6324,19.1946],[83.6135,19.1657],[83.6405,19.1552],[83.6425,19.137],[83.655,19.133],[83.6426,19.053],[83.6228,19.0156],[83.6374,19.0041],[83.6285,18.9655],[83.6426,18.9656],[83.6426,18.9569],[83.6833,18.9543],[83.6926,18.9407],[83.6908,18.9012],[83.6784,18.8864],[83.7002,18.862],[83.6952,18.8362],[83.709,18.8362],[83.7155,18.872],[83.7243,18.8804],[83.725,18.9141],[83.7404,18.9216],[83.7165,18.953],[83.7279,18.9801],[83.7422,18.9848],[83.7591,18.9719],[83.7756,18.939],[83.7977,18.9294],[83.8008,18.9012],[83.8184,18.8984],[83.8272,18.8867],[83.853,18.8253],[83.8289,18.7785],[83.8478,18.7405],[83.8571,18.7441],[83.8571,18.7592],[83.8843,18.747],[83.8697,18.7303],[83.8862,18.7209],[83.9085,18.6678],[83.8961,18.6458],[83.9009,18.6365],[83.8906,18.6104],[83.8936,18.5746],[83.9051,18.5636],[83.9026,18.5381],[83.8874,18.5274],[83.876,18.5333],[83.8617,18.5259],[83.8328,18.539],[83.7907,18.5851],[83.7801,18.6153],[83.8011,18.6446],[83.8007,18.6591],[83.8183,18.6836],[83.8321,18.6903],[83.8323,18.7007],[83.8262,18.7071],[83.8093,18.7017],[83.8145,18.6854],[83.7679,18.6405],[83.7331,18.6439],[83.7213,18.6709],[83.6918,18.6757],[83.6528,18.705],[83.6304,18.6988],[83.6216,18.7315],[83.6412,18.758],[83.6028,18.8203],[83.6058,18.8881],[83.5924,18.8925],[83.5898,18.8822],[83.5685,18.8911],[83.5537,18.8843],[83.5282,18.8909],[83.5203,18.9033],[83.5006,18.9074],[83.4883,18.9373],[83.456,18.9707],[83.4429,19.0592],[83.4609,19.0697],[83.4727,19.0909],[83.4709,19.0988],[83.4489,19.0908],[83.4307,19.0974],[83.4312,19.1941],[83.4511,19.2164],[83.4825,19.2072],[83.4946,19.2411],[83.4843,19.2517],[83.4906,19.2724],[83.5112,19.2846],[83.5135,19.3065],[83.5319,19.3293],[83.5037,19.3574],[83.4901,19.3572],[83.4909,19.3714],[83.4712,19.3763],[83.4624,19.404],[83.4957,19.4561],[83.5078,19.4498],[83.5078,19.4343],[83.5204,19.4542],[83.5455,19.4356],[83.5523,19.4392],[83.555,19.4505],[83.5345,19.4996],[83.5418,19.5061],[83.5611,19.5106],[83.5733,19.504],[83.5777,19.4804],[83.5962,19.4655],[83.6185,19.4974],[83.5802,19.5476],[83.5781,19.5669],[83.5967,19.5703],[83.5919,19.5792],[83.5992,19.5939],[83.616,19.6056],[83.6141,19.6441],[83.6354,19.6518],[83.6406,19.6675],[83.6249,19.669],[83.6054,19.685],[83.6036,19.7073],[83.5709,19.7085],[83.566,19.7191],[83.5518,19.7224],[83.5489,19.7331],[83.5592,19.753],[83.578,19.7713],[83.5386,19.8092],[83.5199,19.7929],[83.5079,19.8008],[83.493,19.7926],[83.4807,19.8022],[83.4747,19.8197],[83.4913,19.8643],[83.4864,19.8732],[83.473,19.8821],[83.4572,19.8764],[83.4379,19.8848],[83.4021,19.934],[83.4055,19.9611],[83.4217,19.9714],[83.4134,19.9821],[83.4119,20.0062],[83.4227,20.0217],[83.4656,20.0152],[83.4677,20.0766],[83.4839,20.0804],[83.5024,20.0835],[83.5145,20.0751],[83.5235,20.0814],[83.5268,20.071],[83.5373,20.0767],[83.5647,20.0708],[83.5629,20.0522],[83.5714,20.0405],[83.5907,20.0959],[83.6264,20.1324],[83.6346,20.1319],[83.6697,20.0585],[83.6818,20.0634],[83.6811,20.0859],[83.6866,20.0883],[83.6922,20.0761],[83.6846,20.0653],[83.6938,20.0433],[83.6804,20.0186],[83.6932,20.0064],[83.6996,19.9545],[83.7108,19.9494],[83.7174,19.9675],[83.7386,19.9553],[83.7473,19.9365],[83.773,19.9295],[83.7813,19.934],[83.7904,19.9135],[83.7957,19.9769],[83.802,19.9666],[83.81,19.9678],[83.8088,19.9762],[83.8277,19.9862],[83.84,19.9814],[83.8536,19.9539],[83.8584,19.9146],[83.8708,19.9238],[83.8575,19.9854],[83.8738,20.0239],[83.8561,20.0375],[83.8435,20.0155],[83.8334,20.0224],[83.8176,20.0178],[83.8225,20.0272],[83.7925,20.0491],[83.7926,20.0579],[83.8093,20.0667],[83.8029,20.076],[83.7908,20.0758],[83.7886,20.1104],[83.7715,20.1072],[83.7582,20.126],[83.7445,20.1281],[83.7403,20.1592],[83.7145,20.1321],[83.6903,20.1259],[83.6771,20.1349],[83.6659,20.1291],[83.6759,20.1049],[83.6587,20.114],[83.653,20.126],[83.6613,20.1376],[83.6437,20.1411],[83.6281,20.1919],[83.6069,20.2118],[83.603,20.224],[83.6171,20.2454],[83.6049,20.2617],[83.5717,20.2698],[83.5717,20.2887],[83.5609,20.299],[83.5614,20.3219],[83.5969,20.3506],[83.5868,20.3744],[83.6103,20.3844],[83.6387,20.38],[83.6405,20.3364],[83.651,20.3218],[83.6691,20.3446],[83.688,20.3364],[83.6834,20.3541],[83.7146,20.3799],[83.7324,20.3842],[83.7424,20.3739],[83.7468,20.3816],[83.7299,20.3971],[83.7302,20.4095],[83.7519,20.4493],[83.7879,20.4687],[83.776,20.5146],[83.7905,20.5675],[83.798,20.5775],[83.8368,20.5718],[83.8533,20.6054],[83.8907,20.6239],[83.8905,20.6335],[83.8741,20.6367],[83.8718,20.6533],[83.8865,20.6781],[83.919,20.6821],[83.9658,20.6737],[83.9985,20.6438],[83.9934,20.6241],[84.0107,20.6076],[84.0428,20.6115],[84.048,20.6222],[84.038,20.6505],[84.0406,20.6761],[84.0557,20.6834],[84.0898,20.6661],[84.0866,20.6462],[84.095,20.6384],[84.1119,20.6556],[84.1797,20.6634],[84.2008,20.6313],[84.2158,20.6218],[84.2422,20.6354],[84.2447,20.6656],[84.2615,20.6738],[84.2786,20.6972],[84.2748,20.7082],[84.2865,20.7406],[84.3036,20.7403],[84.3259,20.7258]]],[[[84.9011,20.1693],[84.8936,20.1603],[84.8712,20.1675],[84.8722,20.177],[84.8624,20.1813],[84.8642,20.203],[84.9027,20.2133],[84.9231,20.211],[84.93,20.1838],[84.9011,20.1693]]],[[[84.9069,20.2434],[84.8853,20.2311],[84.8514,20.2436],[84.8535,20.2752],[84.8682,20.2785],[84.8806,20.3007],[84.8916,20.3029],[84.9154,20.2814],[84.9069,20.2434]]],[[[84.8696,19.9093],[84.8669,19.8943],[84.8228,19.854],[84.8028,19.8674],[84.8003,19.8836],[84.8125,19.9092],[84.8267,19.9034],[84.8472,19.9315],[84.859,19.9358],[84.8714,19.9251],[84.8696,19.9093]]],[[[84.8253,19.8477],[84.8488,19.8476],[84.8631,19.8334],[84.8664,19.8101],[84.8311,19.7915],[84.8214,19.7932],[84.8089,19.8236],[84.8118,19.8369],[84.8253,19.8477]]],[[[84.8384,20.1364],[84.8344,20.1358],[84.8366,20.1633],[84.8446,20.1595],[84.8384,20.1364]]],[[[84.8092,20.1197],[84.8041,20.1061],[84.7973,20.1082],[84.7923,20.1454],[84.7975,20.1626],[84.8237,20.1701],[84.8255,20.1485],[84.8092,20.1197]]],[[[84.6738,19.3675],[84.6979,19.3695],[84.7195,19.3539],[84.7217,19.3298],[84.6955,19.3084],[84.6991,19.2985],[84.7195,19.2876],[84.7231,19.2719],[84.6989,19.2408],[84.6968,19.2336],[84.7139,19.2184],[84.7131,19.2039],[84.6957,19.179],[84.6754,19.1828],[84.6555,19.2111],[84.647,19.1953],[84.6235,19.1948],[84.6241,19.2033],[84.6068,19.2096],[84.5927,19.2292],[84.5652,19.2302],[84.5557,19.251],[84.564,19.2674],[84.608,19.2913],[84.6183,19.3125],[84.6114,19.3265],[84.6162,19.3353],[84.6505,19.3485],[84.6622,19.3717],[84.6738,19.3675]]],[[[84.6838,19.8174],[84.6533,19.8244],[84.6447,19.8453],[84.65,19.8547],[84.6742,19.8606],[84.6965,19.845],[84.7009,19.8367],[84.6838,19.8174]]],[[[84.6205,19.7086],[84.6166,19.6999],[84.6084,19.7009],[84.5865,19.7269],[84.5958,19.7346],[84.5936,19.7689],[84.6018,19.7736],[84.6335,19.76],[84.6381,19.7394],[84.6193,19.7202],[84.6205,19.7086]]],[[[84.5336,19.1238],[84.5204,19.122],[84.5182,19.1609],[84.5602,19.1772],[84.568,19.1594],[84.556,19.1385],[84.5336,19.1238]]],[[[84.5363,20.6929],[84.5522,20.6899],[84.5676,20.6597],[84.5648,20.6415],[84.5543,20.6343],[84.526,20.6485],[84.5446,20.6272],[84.5334,20.6026],[84.4881,20.6002],[84.476,20.616],[84.4926,20.6484],[84.487,20.6598],[84.4915,20.6834],[84.5363,20.6929]]],[[[84.5552,19.5656],[84.5561,19.5603],[84.5368,19.5669],[84.5326,19.5777],[84.5444,19.5791],[84.5552,19.5656]]],[[[84.5316,19.1788],[84.5217,19.1659],[84.4948,19.1639],[84.5095,19.1942],[84.5262,19.2008],[84.5341,19.1903],[84.5316,19.1788]]],[[[84.5031,19.7427],[84.4981,19.7391],[84.4873,19.7612],[84.496,19.7582],[84.5031,19.7427]]],[[[84.4717,19.6906],[84.4516,19.7014],[84.4427,19.736],[84.4543,19.7539],[84.493,19.7379],[84.5008,19.7196],[84.4954,19.6994],[84.4717,19.6906]]],[[[84.4635,19.6265],[84.4781,19.6133],[84.4696,19.6112],[84.4427,19.627],[84.449,19.6321],[84.4635,19.6265]]],[[[83.7332,19.0561],[83.7421,19.1151],[83.7496,19.1193],[83.7577,19.1032],[83.7769,19.0931],[83.7722,19.0724],[83.7515,19.0571],[83.7332,19.0561]]],[[[83.7332,19.0561],[83.7255,19.0407],[83.712,19.0382],[83.7195,19.0276],[83.7002,19.0072],[83.695,19.0101],[83.6922,19.0276],[83.7039,19.0609],[83.722,19.0737],[83.7258,19.0659],[83.7177,19.0545],[83.7332,19.0561]]],[[[83.7654,19.974],[83.7543,19.9745],[83.7448,19.9873],[83.7468,20.0065],[83.7585,20.0154],[83.766,20.0042],[83.7654,19.974]]],[[[83.6944,19.1968],[83.7107,19.1968],[83.7259,19.1795],[83.7262,19.1621],[83.7198,19.1489],[83.6753,19.1388],[83.6635,19.1533],[83.6701,19.195],[83.6778,19.203],[83.6944,19.1968]]],[[[83.6717,19.0718],[83.6573,19.0721],[83.6736,19.0879],[83.6741,19.0827],[83.6717,19.0718]]],[[[83.5621,20.1323],[83.5562,20.1179],[83.5291,20.1019],[83.5092,20.1097],[83.5024,20.1271],[83.516,20.1504],[83.539,20.1663],[83.5549,20.1619],[83.5621,20.1323]]],[[[83.5482,19.7108],[83.5352,19.6929],[83.5157,19.6887],[83.5063,19.6518],[83.4978,19.6436],[83.4871,19.6456],[83.4812,19.6772],[83.4961,19.7071],[83.5092,19.707],[83.4989,19.7173],[83.5067,19.7381],[83.5253,19.743],[83.538,19.7368],[83.5509,19.7201],[83.5482,19.7108]]]]}},{"type":"Feature","properties":{"name":"Kinnaur Kailash Range","kind":"mountain range","wikidata":"Q3634666","area_km2":14375,"source":"GMBA Mountain Inventory v2.0 (CC BY 4.0)"},"geometry":{"type":"Polygon","coordinates":[[[79.9436,31.3374],[79.9249,31.304],[79.8936,31.3046],[79.8852,31.2869],[79.8677,31.2829],[79.8034,31.3013],[79.7956,31.3154],[79.7603,31.2936],[79.745,31.3113],[79.7101,31.2814],[79.6036,31.2347],[79.5926,31.1779],[79.5842,31.1676],[79.4441,31.1572],[79.4048,31.1696],[79.4072,31.1478],[79.3697,31.1301],[79.3364,31.0967],[79.2901,31.1009],[79.2613,31.0946],[79.2278,31.1053],[79.1874,31.0992],[79.1135,31.1239],[79.0693,31.13],[79.0463,31.1195],[78.978,31.1114],[78.9264,31.0513],[78.8947,31.0447],[78.8822,31.0342],[78.8657,31.0319],[78.8193,31.0509],[78.7869,31.0401],[78.7774,31.0466],[78.7574,31.0363],[78.7302,31.0425],[78.7093,31.0234],[78.7155,31.0109],[78.6818,30.9356],[78.676,30.8946],[78.6197,30.828],[78.624,30.8113],[78.6153,30.7819],[78.5447,30.7425],[78.5239,30.7384],[78.5089,30.7364],[78.4619,30.758],[78.4417,30.7272],[78.3613,30.7425],[78.3648,30.7598],[78.3507,30.7761],[78.2517,30.8295],[78.1707,30.7993],[78.1603,30.8046],[78.1244,30.7905],[78.1133,30.799],[78.0716,30.8803],[78.0165,30.9228],[77.9718,30.978],[77.9283,30.9741],[77.9114,30.9592],[77.8713,30.9454],[77.8405,30.9821],[77.8218,31.0655],[77.8121,31.0808],[77.7633,31.1114],[77.7354,31.163],[77.7242,31.1572],[77.6999,31.1744],[77.6937,31.1712],[77.6289,31.2012],[77.6111,31.2325],[77.6066,31.2673],[77.5843,31.301],[77.5822,31.3777],[77.5499,31.3874],[77.6024,31.4009],[77.6134,31.3925],[77.6323,31.3947],[77.6218,31.4324],[77.6286,31.4513],[77.6709,31.4636],[77.6907,31.4928],[77.7114,31.5074],[77.7655,31.5259],[77.7835,31.5486],[77.8114,31.5509],[77.852,31.5808],[77.8772,31.5669],[77.896,31.5787],[77.9199,31.5655],[77.9428,31.5717],[77.9885,31.5655],[78.0155,31.5405],[78.0291,31.5452],[78.0572,31.5238],[78.1241,31.5155],[78.1428,31.5217],[78.1822,31.4988],[78.2222,31.4996],[78.2793,31.5245],[78.2822,31.5532],[78.276,31.567],[78.303,31.5988],[78.3345,31.605],[78.3759,31.5842],[78.4408,31.5823],[78.4404,31.6118],[78.4308,31.6306],[78.4493,31.6664],[78.4553,31.6717],[78.4666,31.6659],[78.528,31.705],[78.5801,31.7565],[78.6212,31.753],[78.6382,31.7642],[78.6488,31.7947],[78.6878,31.8357],[78.7361,31.8425],[78.7759,31.805],[78.8291,31.8119],[78.8656,31.7863],[78.8928,31.8092],[78.9587,31.7863],[78.9835,31.8183],[79.0221,31.8459],[79.0207,31.8603],[79.0337,31.8696],[79.059,31.8613],[79.1102,31.8635],[79.1353,31.8796],[79.1696,31.8693],[79.1593,31.83],[79.1042,31.8105],[79.1002,31.6968],[79.1385,31.6947],[79.1611,31.6742],[79.2448,31.6779],[79.2937,31.6373],[79.3499,31.6385],[79.3633,31.6156],[79.4204,31.5933],[79.4383,31.5531],[79.5339,31.4989],[79.6037,31.4996],[79.6259,31.4884],[79.6697,31.4821],[79.7166,31.4952],[79.7588,31.4781],[79.782,31.4925],[79.834,31.4822],[79.8484,31.4883],[79.8601,31.4794],[79.8683,31.4836],[79.8884,31.4728],[79.8843,31.449],[79.9036,31.4442],[79.9198,31.4259],[79.9274,31.3663],[79.9436,31.3374]]]}},{"type":"Feature","properties":{"name":"Kishtwar Himalaya","kind":"mountain range","wikidata":"Q6416659","area_km2":5070,"source":"GMBA Mountain Inventory v2.0 (CC BY 4.0)"},"geometry":{"type":"Polygon","coordinates":[[[76.3978,33.8457],[76.451,33.7906],[76.4795,33.7285],[76.517,33.7201],[76.5719,33.6948],[76.6025,33.6787],[76.6371,33.6468],[76.6802,33.6323],[76.7166,33.6059],[76.7883,33.5258],[76.8164,33.5115],[76.875,33.5031],[76.8948,33.505],[76.9132,33.5215],[76.9332,33.5186],[76.9002,33.4934],[76.8843,33.4617],[76.8984,33.4189],[76.93,33.3979],[76.9284,33.3552],[76.9631,33.3471],[76.976,33.3322],[76.9701,33.3141],[77.0135,33.2947],[77.0551,33.255],[77.0831,33.2409],[77.1206,33.2415],[77.145,33.2318],[77.1572,33.1967],[77.2195,33.1203],[77.2075,33.0908],[77.1405,33.0697],[77.1239,33.055],[77.0009,33.0467],[76.9823,33.0487],[76.9497,33.0681],[76.9343,33.0884],[76.8343,33.1174],[76.793,33.1384],[76.7618,33.1322],[76.7656,33.1509],[76.7234,33.1655],[76.6843,33.1947],[76.6551,33.1967],[76.5884,33.2425],[76.5426,33.2864],[76.4261,33.3487],[76.3843,33.4072],[76.3536,33.4174],[76.3363,33.4155],[76.2947,33.3842],[76.2243,33.3554],[76.2033,33.3323],[76.1924,33.2981],[76.1645,33.2707],[76.1457,33.2654],[76.0427,33.328],[75.9978,33.3211],[75.9231,33.3505],[75.8946,33.3488],[75.852,33.3631],[75.8409,33.3571],[75.807,33.3623],[75.7649,33.3883],[75.7438,33.3795],[75.7482,33.3714],[75.7402,33.361],[75.7297,33.3617],[75.7129,33.3847],[75.6937,33.3957],[75.7363,33.4694],[75.726,33.4847],[75.728,33.5176],[75.7843,33.5488],[75.7868,33.5591],[75.8135,33.5613],[75.8238,33.5739],[75.8488,33.5822],[75.9031,33.5884],[75.9322,33.6155],[75.9832,33.6453],[76.013,33.6445],[76.1145,33.6755],[76.1374,33.67],[76.1751,33.6845],[76.1848,33.6996],[76.2289,33.7285],[76.2478,33.7277],[76.2933,33.7435],[76.304,33.7728],[76.3593,33.8238],[76.3673,33.8444],[76.3978,33.8457]]]}},{"type":"Feature","properties":{"name":"Kolli Hills","kind":"mountain range","wikidata":"Q3521516","area_km2":458,"source":"GMBA Mountain Inventory v2.0 (CC BY 4.0)"},"geometry":{"type":"MultiPolygon","coordinates":[[[[78.5673,11.4777],[78.552,11.4665],[78.5419,11.4754],[78.5163,11.4677],[78.4963,11.4839],[78.5154,11.5208],[78.5005,11.5249],[78.4907,11.5448],[78.5341,11.5635],[78.5367,11.5786],[78.5555,11.5838],[78.5726,11.5574],[78.5779,11.5227],[78.5636,11.5113],[78.5737,11.4924],[78.5673,11.4777]]],[[[78.4962,11.6117],[78.5216,11.5935],[78.5223,11.5851],[78.4999,11.5686],[78.4909,11.5713],[78.4781,11.6041],[78.4828,11.6117],[78.4962,11.6117]]],[[[78.1896,11.6545],[78.2408,11.6442],[78.3142,11.6487],[78.3259,11.6135],[78.3104,11.6002],[78.2911,11.5947],[78.2723,11.6029],[78.2698,11.5952],[78.2733,11.5864],[78.2823,11.5928],[78.3234,11.585],[78.3346,11.5492],[78.3513,11.5355],[78.3368,11.487],[78.3207,11.4822],[78.3047,11.4925],[78.3041,11.479],[78.296,11.4815],[78.2906,11.4889],[78.3007,11.4976],[78.2733,11.5139],[78.2302,11.496],[78.1683,11.5035],[78.1701,11.5598],[78.2156,11.5717],[78.2259,11.5819],[78.2085,11.5925],[78.1746,11.5713],[78.1523,11.5874],[78.1534,11.6173],[78.1896,11.6545]]],[[[78.1322,11.4405],[78.1136,11.4406],[78.1011,11.4587],[78.1005,11.4731],[78.1153,11.4935],[78.099,11.5086],[78.0986,11.5194],[78.1186,11.53],[78.1513,11.495],[78.1587,11.4708],[78.1322,11.4405]]],[[[78.0758,11.6362],[78.0923,11.6333],[78.0954,11.6163],[78.0802,11.6029],[78.0562,11.5915],[78.0199,11.6019],[78.018,11.6211],[78.0327,11.6327],[78.0628,11.6418],[78.0758,11.6362]]]]}},{"type":"Feature","properties":{"name":"Kondapalli Hills","kind":"mountain range","wikidata":null,"area_km2":141,"source":"GMBA Mountain Inventory v2.0 (CC BY 4.0)"},"geometry":{"type":"MultiPolygon","coordinates":[[[[80.6239,16.9509],[80.6061,16.9311],[80.5805,16.9412],[80.569,16.9816],[80.583,16.9923],[80.6096,16.99],[80.6253,16.9754],[80.6239,16.9509]]],[[[80.4959,16.7417],[80.5208,16.7225],[80.5196,16.6892],[80.5031,16.6788],[80.5143,16.6685],[80.513,16.6531],[80.5272,16.6633],[80.5445,16.6597],[80.5478,16.6389],[80.5311,16.5999],[80.5161,16.6011],[80.484,16.6353],[80.4455,16.6469],[80.4346,16.6623],[80.447,16.6803],[80.4452,16.7033],[80.4567,16.7185],[80.4595,16.7435],[80.4689,16.7487],[80.4959,16.7417]]]]}},{"type":"Feature","properties":{"name":"Kumaon Siwalik Hills","kind":"mountain range","wikidata":null,"area_km2":7755,"source":"GMBA Mountain Inventory v2.0 (CC BY 4.0)"},"geometry":{"type":"MultiPolygon","coordinates":[[[[78.3718,30.0742],[78.3865,30.0614],[78.4041,30.0661],[78.4207,30.0606],[78.4465,30.0157],[78.4728,30.0045],[78.4809,30.0087],[78.5194,29.9592],[78.5071,29.9447],[78.5194,29.9302],[78.5113,29.9197],[78.5157,29.9018],[78.5505,29.8905],[78.5709,29.9023],[78.5967,29.8784],[78.6034,29.863],[78.5968,29.8367],[78.6091,29.8072],[78.6341,29.8321],[78.6781,29.8229],[78.7072,29.7985],[78.6948,29.7934],[78.7025,29.7687],[78.7394,29.7501],[78.7509,29.7607],[78.7533,29.7759],[78.7906,29.7593],[78.7843,29.7501],[78.82,29.7361],[78.8551,29.7011],[78.8533,29.6725],[78.8634,29.6675],[78.9593,29.6405],[79.0007,29.603],[79.0209,29.6052],[79.0271,29.6176],[79.0218,29.6276],[79.0338,29.6289],[79.0866,29.5947],[79.0924,29.6071],[79.1176,29.603],[79.1571,29.5386],[79.2016,29.5255],[79.2236,29.5256],[79.2573,29.5529],[79.2818,29.5035],[79.3363,29.4746],[79.327,29.4601],[79.3409,29.4489],[79.3801,29.453],[79.4525,29.4259],[79.4812,29.4505],[79.4872,29.4387],[79.5071,29.4313],[79.51,29.4036],[79.5621,29.378],[79.5676,29.3823],[79.57,29.3721],[79.6039,29.3468],[79.6218,29.3447],[79.6508,29.3261],[79.653,29.2988],[79.6726,29.2752],[79.7055,29.2925],[79.7507,29.2927],[79.7532,29.3111],[79.8468,29.3364],[79.8779,29.2885],[79.9364,29.2479],[79.9719,29.2091],[79.9943,29.2134],[80.0147,29.1998],[80.0217,29.2073],[80.0304,29.2006],[80.0916,29.195],[80.1558,29.2174],[80.1755,29.2072],[80.1901,29.2134],[80.2332,29.1992],[80.2436,29.204],[80.2593,29.1864],[80.2615,29.1589],[80.277,29.1478],[80.2246,29.1195],[80.2099,29.0997],[80.1416,29.079],[80.1506,29.1134],[80.0841,29.1049],[80.0786,29.0936],[80.0346,29.0677],[80.0199,29.0796],[79.9926,29.0634],[79.931,29.0509],[79.9199,29.0584],[79.859,29.051],[79.8396,29.0735],[79.7646,29.087],[79.7498,29.0822],[79.7237,29.099],[79.707,29.1405],[79.692,29.133],[79.6634,29.1384],[79.5775,29.1998],[79.5463,29.257],[79.5197,29.2363],[79.4709,29.2327],[79.4364,29.2634],[79.3944,29.2635],[79.3818,29.2828],[79.3346,29.2994],[79.3239,29.3428],[79.3301,29.3566],[79.3172,29.3814],[79.304,29.3949],[79.2713,29.4033],[79.2556,29.4165],[79.2462,29.4388],[79.2162,29.4592],[79.1855,29.4669],[79.1665,29.4572],[79.1712,29.4663],[79.1508,29.4821],[79.1422,29.4647],[79.1457,29.4543],[79.1328,29.4458],[79.1011,29.4556],[79.0843,29.4697],[79.0027,29.4802],[78.9653,29.5053],[78.9487,29.5417],[78.9217,29.5582],[78.9154,29.5802],[78.8664,29.5978],[78.8517,29.6124],[78.8048,29.6072],[78.7924,29.6198],[78.7663,29.6221],[78.7614,29.6199],[78.776,29.603],[78.7757,29.5877],[78.7604,29.573],[78.7363,29.578],[78.7157,29.5855],[78.6706,29.6441],[78.6471,29.6656],[78.6359,29.6654],[78.6301,29.6591],[78.6729,29.6254],[78.6881,29.5971],[78.7167,29.5766],[78.7392,29.539],[78.7547,29.536],[78.7463,29.4965],[78.7225,29.497],[78.6747,29.5333],[78.6363,29.5489],[78.6292,29.5714],[78.6192,29.5662],[78.5799,29.5864],[78.5564,29.6207],[78.5383,29.6281],[78.5229,29.6529],[78.5267,29.679],[78.5196,29.7238],[78.528,29.747],[78.511,29.7633],[78.4943,29.7551],[78.4728,29.7606],[78.4414,29.7828],[78.4216,29.7801],[78.4061,29.7906],[78.3699,29.7945],[78.332,29.8241],[78.3142,29.8545],[78.3011,29.9106],[78.2831,29.9252],[78.2787,29.9387],[78.2874,29.9501],[78.2731,29.9743],[78.2926,30.0425],[78.2918,30.0871],[78.3119,30.1222],[78.3389,30.1384],[78.376,30.1197],[78.3863,30.1046],[78.3843,30.0858],[78.3718,30.0742]]],[[[78.8373,29.5112],[78.9032,29.4831],[78.9181,29.4518],[78.9103,29.4353],[78.8289,29.4596],[78.8214,29.4687],[78.8229,29.4842],[78.8373,29.5112]]],[[[78.8052,29.501],[78.8082,29.4811],[78.7949,29.4825],[78.7929,29.5154],[78.8021,29.5124],[78.8052,29.501]]],[[[78.0511,30.0301],[78.0728,30.0109],[78.1301,29.9969],[78.1576,30.0284],[78.1674,30.0278],[78.1791,30.0187],[78.1821,29.9917],[78.1695,29.9642],[78.1582,29.9582],[78.1236,29.9635],[78.1085,29.9767],[78.083,29.9764],[78.0697,30.0056],[78.0423,30.0197],[77.9993,30.0723],[78.0113,30.0995],[77.9969,30.1409],[78.0097,30.1402],[78.0326,30.1067],[78.0549,30.0982],[78.0613,30.0782],[78.0468,30.0599],[78.0675,30.0494],[78.0511,30.0301]]],[[[77.6261,30.4324],[77.664,30.432],[77.6885,30.4238],[77.7115,30.4048],[77.7197,30.3736],[77.7012,30.3515],[77.6984,30.3255],[77.7106,30.3072],[77.7167,30.3228],[77.7319,30.3176],[77.7749,30.289],[77.8413,30.2621],[77.8469,30.2508],[77.8826,30.244],[77.9179,30.2153],[77.9513,30.2112],[77.9661,30.2011],[77.984,30.1676],[77.9745,30.1725],[77.9698,30.1534],[77.9465,30.1451],[77.9283,30.1623],[77.8819,30.1803],[77.8622,30.1801],[77.817,30.2202],[77.7641,30.2305],[77.7609,30.247],[77.6824,30.262],[77.6717,30.3046],[77.655,30.3114],[77.6551,30.333],[77.6278,30.3363],[77.6133,30.3596],[77.6167,30.3835],[77.6259,30.3928],[77.6261,30.4324]]],[[[76.4155,31.6176],[76.4686,31.5081],[76.4909,31.4799],[76.519,31.4748],[76.5614,31.422],[76.5653,31.4057],[76.5515,31.401],[76.5178,31.4092],[76.5214,31.397],[76.5421,31.3822],[76.5777,31.405],[76.6788,31.3051],[76.6863,31.3079],[76.6716,31.3427],[76.6715,31.3694],[76.6846,31.38],[76.6964,31.3739],[76.6978,31.3874],[76.7491,31.349],[76.7751,31.385],[76.8089,31.3771],[76.8238,31.3071],[76.8525,31.2815],[76.8948,31.1923],[76.92,31.1596],[76.9341,31.1563],[76.9385,31.1238],[76.917,31.0976],[76.9244,31.0741],[76.9341,31.0737],[76.972,31.1088],[76.9967,31.0559],[76.9892,31.0168],[77.0113,31.0177],[77.033,30.9969],[77.059,30.9887],[77.0664,30.979],[77.057,30.9569],[77.0782,30.9502],[77.1266,30.9134],[77.1485,30.9058],[77.1902,30.9074],[77.2301,30.8655],[77.2623,30.803],[77.2767,30.8087],[77.2885,30.7947],[77.3298,30.724],[77.3567,30.711],[77.3757,30.6905],[77.4155,30.7135],[77.4758,30.6844],[77.5067,30.6598],[77.5142,30.6501],[77.5102,30.6427],[77.5335,30.6483],[77.6129,30.6059],[77.6177,30.5863],[77.6104,30.5679],[77.6301,30.5655],[77.6489,30.5497],[77.6543,30.5684],[77.6667,30.5745],[77.7169,30.5676],[77.7552,30.57],[77.7625,30.5772],[77.7715,30.5615],[77.7935,30.5544],[77.8187,30.5631],[77.8273,30.5338],[77.8176,30.5212],[77.8207,30.5124],[77.8045,30.5007],[77.7596,30.5007],[77.6916,30.5092],[77.6721,30.5236],[77.6589,30.5136],[77.6314,30.5212],[77.6187,30.5029],[77.6013,30.4954],[77.5137,30.5196],[77.4615,30.5218],[77.4403,30.5165],[77.4187,30.4905],[77.324,30.53],[77.2812,30.5143],[77.2731,30.5227],[77.2629,30.5158],[77.2398,30.5567],[77.2153,30.5634],[77.1798,30.6113],[77.1566,30.5963],[77.1137,30.5937],[77.0656,30.6158],[77.0089,30.6903],[76.991,30.6718],[76.9765,30.6715],[76.9551,30.6864],[76.9329,30.69],[76.9396,30.7067],[76.965,30.7033],[76.9877,30.7458],[76.9342,30.8134],[76.9318,30.838],[76.87,30.8963],[76.8628,30.9162],[76.8456,30.923],[76.8354,30.9492],[76.804,30.9594],[76.7714,31.011],[76.757,31.0138],[76.7427,31.0363],[76.7176,31.0465],[76.7268,31.065],[76.6988,31.0968],[76.6885,31.1256],[76.694,31.145],[76.6573,31.1946],[76.6433,31.1993],[76.6314,31.2152],[76.597,31.2278],[76.5627,31.2635],[76.5101,31.2765],[76.4691,31.3367],[76.4406,31.3528],[76.4321,31.3761],[76.3245,31.5022],[76.3135,31.5236],[76.323,31.5442],[76.3309,31.5483],[76.3425,31.5363],[76.3866,31.5213],[76.4375,31.4535],[76.4455,31.4327],[76.4385,31.4157],[76.4625,31.4111],[76.4958,31.3895],[76.5111,31.3679],[76.5266,31.3654],[76.5621,31.3331],[76.6027,31.2842],[76.6155,31.2811],[76.6156,31.2877],[76.604,31.2915],[76.5028,31.4184],[76.478,31.4349],[76.4433,31.4771],[76.3923,31.5448],[76.3698,31.5905],[76.3589,31.585],[76.3468,31.5942],[76.3364,31.5863],[76.2933,31.5847],[76.2834,31.578],[76.2733,31.6],[76.253,31.6091],[76.2321,31.6488],[76.2395,31.6636],[76.2592,31.6635],[76.2969,31.6425],[76.3165,31.6402],[76.353,31.6138],[76.3128,31.6872],[76.3189,31.6991],[76.3115,31.71],[76.3227,31.7175],[76.4155,31.6176]]],[[[76.0697,31.9282],[76.0963,31.9277],[76.1673,31.8853],[76.1955,31.8569],[76.1988,31.8361],[76.2467,31.7932],[76.2488,31.781],[76.2332,31.7749],[76.2121,31.7827],[76.1945,31.8157],[76.174,31.8158],[76.1634,31.8239],[76.1455,31.8189],[76.1364,31.8265],[76.138,31.8474],[76.1158,31.8465],[76.0987,31.8654],[76.091,31.853],[76.0798,31.8616],[76.0465,31.857],[76.047,31.8455],[76.1072,31.7789],[76.0731,31.7866],[76.0696,31.8015],[76.0155,31.855],[76.011,31.8941],[76.0187,31.9111],[76.0333,31.906],[76.0387,31.9199],[76.0697,31.9282]]]]}},{"type":"Feature","properties":{"name":"Kumaun Lesser Himalayas","kind":"mountain range","wikidata":null,"area_km2":22302,"source":"GMBA Mountain Inventory v2.0 (CC BY 4.0)"},"geometry":{"type":"Polygon","coordinates":[[[77.3853,31.3624],[77.3888,31.3573],[77.4001,31.3624],[77.4313,31.3415],[77.4846,31.359],[77.5199,31.3507],[77.5311,31.356],[77.5499,31.3874],[77.5822,31.3777],[77.5843,31.301],[77.6066,31.2673],[77.6111,31.2325],[77.6289,31.2012],[77.6937,31.1712],[77.6999,31.1744],[77.7242,31.1572],[77.7354,31.163],[77.7633,31.1114],[77.8121,31.0808],[77.8218,31.0655],[77.8405,30.9821],[77.8713,30.9454],[77.9114,30.9592],[77.9283,30.9741],[77.9718,30.978],[78.0165,30.9228],[78.0716,30.8803],[78.1133,30.799],[78.1244,30.7905],[78.1603,30.8046],[78.1707,30.7993],[78.2517,30.8295],[78.3507,30.7761],[78.3648,30.7598],[78.3613,30.7425],[78.4417,30.7272],[78.4567,30.7416],[78.4582,30.754],[78.5697,30.6446],[78.6348,30.6184],[78.6488,30.5865],[78.6362,30.5698],[78.6494,30.5413],[78.6822,30.5405],[78.7241,30.4968],[78.7072,30.476],[78.7023,30.4516],[78.7791,30.4284],[78.7903,30.4342],[78.8114,30.428],[78.8507,30.4051],[78.8708,30.4022],[78.8789,30.3828],[78.9185,30.3627],[78.934,30.3677],[78.978,30.3525],[78.9696,30.3404],[78.9693,30.3178],[78.9822,30.3114],[78.976,30.299],[78.9841,30.2905],[78.9925,30.3029],[79.028,30.305],[79.039,30.3134],[79.0547,30.2996],[79.1171,30.3052],[79.1201,30.293],[79.138,30.2864],[79.1654,30.2949],[79.1718,30.2822],[79.1676,30.274],[79.2186,30.2665],[79.2198,30.2553],[79.2343,30.253],[79.2552,30.2405],[79.2575,30.2304],[79.2707,30.2273],[79.2777,30.2054],[79.3255,30.1888],[79.3339,30.1742],[79.3523,30.1745],[79.3783,30.1392],[79.405,30.1217],[79.4243,30.1194],[79.4361,30.0969],[79.4885,30.0864],[79.5615,30.0319],[79.5872,30.0537],[79.6711,30.0231],[79.6811,29.9991],[79.6746,29.9666],[79.7254,29.9472],[79.7344,29.928],[79.7314,29.91],[79.7617,29.8986],[79.7824,29.8739],[79.8005,29.9026],[79.8155,29.9114],[79.843,29.9217],[79.882,29.9196],[79.8957,29.9171],[79.9121,29.8703],[79.9774,29.8883],[79.9866,29.8703],[80.026,29.8426],[80.0567,29.8449],[80.0735,29.855],[80.1413,29.8276],[80.1323,29.7682],[80.1238,29.7572],[80.1321,29.7411],[80.1196,29.7155],[80.137,29.6723],[80.1515,29.6588],[80.1895,29.6673],[80.2128,29.657],[80.2251,29.6666],[80.2738,29.6777],[80.3153,29.6752],[80.323,29.6839],[80.3337,29.678],[80.377,29.704],[80.3919,29.6661],[80.4136,29.6531],[80.4192,29.6339],[80.4058,29.6134],[80.4094,29.5987],[80.379,29.5624],[80.345,29.5567],[80.3434,29.5438],[80.3557,29.5328],[80.3403,29.513],[80.3158,29.5015],[80.3124,29.4874],[80.2913,29.4809],[80.2885,29.4717],[80.3013,29.4569],[80.2858,29.4538],[80.2769,29.4602],[80.2427,29.4437],[80.2481,29.4342],[80.2427,29.4109],[80.2713,29.3974],[80.2821,29.3446],[80.2938,29.3262],[80.311,29.3237],[80.32,29.3129],[80.2987,29.2613],[80.3011,29.2446],[80.2903,29.2322],[80.2987,29.2041],[80.2863,29.1991],[80.2621,29.2093],[80.2505,29.2237],[80.2436,29.204],[80.2332,29.1992],[80.1901,29.2134],[80.1755,29.2072],[80.1558,29.2174],[80.0916,29.195],[80.0304,29.2006],[80.0217,29.2073],[80.0147,29.1998],[79.9943,29.2134],[79.9719,29.2091],[79.9364,29.2479],[79.8779,29.2885],[79.8468,29.3364],[79.7532,29.3111],[79.7507,29.2927],[79.7055,29.2925],[79.6726,29.2752],[79.653,29.2988],[79.6508,29.3261],[79.6218,29.3447],[79.6039,29.3468],[79.57,29.3721],[79.5676,29.3823],[79.5621,29.378],[79.51,29.4036],[79.5071,29.4313],[79.4872,29.4387],[79.4812,29.4505],[79.4525,29.4259],[79.3801,29.453],[79.3409,29.4489],[79.327,29.4601],[79.3363,29.4746],[79.2818,29.5035],[79.2573,29.5529],[79.2236,29.5256],[79.1571,29.5386],[79.1176,29.603],[79.0924,29.6071],[79.0866,29.5947],[79.0338,29.6289],[79.0218,29.6276],[79.0271,29.6176],[79.0209,29.6052],[79.0007,29.603],[78.9593,29.6405],[78.8533,29.6725],[78.8551,29.7011],[78.82,29.7361],[78.8009,29.7384],[78.7843,29.7501],[78.7906,29.7593],[78.7533,29.7759],[78.7509,29.7607],[78.7394,29.7501],[78.7025,29.7687],[78.6948,29.7934],[78.7072,29.7985],[78.6781,29.8229],[78.6341,29.8321],[78.6091,29.8072],[78.5968,29.8367],[78.6034,29.863],[78.5967,29.8784],[78.5709,29.9023],[78.5505,29.8905],[78.5157,29.9018],[78.5113,29.9197],[78.5194,29.9302],[78.5071,29.9447],[78.5194,29.9592],[78.4809,30.0087],[78.4728,30.0045],[78.4465,30.0157],[78.4207,30.0606],[78.4041,30.0661],[78.3865,30.0614],[78.3718,30.0742],[78.3843,30.0858],[78.3863,30.1046],[78.376,30.1197],[78.3389,30.1384],[78.3119,30.1222],[78.3082,30.1103],[78.2554,30.1305],[78.2279,30.18],[78.2221,30.2213],[78.1535,30.2498],[78.1166,30.2957],[78.1127,30.3127],[78.0885,30.3235],[78.0995,30.3376],[78.0996,30.3736],[78.0568,30.3904],[78.0576,30.38],[78.0415,30.3626],[78.0189,30.3593],[78.01,30.3643],[78.007,30.384],[77.9715,30.393],[77.947,30.4119],[77.918,30.4095],[77.8847,30.4534],[77.8611,30.4516],[77.8405,30.4684],[77.8385,30.5006],[77.8466,30.5161],[77.8197,30.5134],[77.8273,30.5338],[77.8187,30.5631],[77.7935,30.5544],[77.7715,30.5615],[77.7625,30.5772],[77.7552,30.57],[77.7169,30.5676],[77.6667,30.5745],[77.6543,30.5684],[77.6489,30.5497],[77.6301,30.5655],[77.6104,30.5679],[77.6177,30.5863],[77.6129,30.6059],[77.5335,30.6483],[77.5102,30.6427],[77.5142,30.6501],[77.5067,30.6598],[77.4758,30.6844],[77.4155,30.7135],[77.3757,30.6905],[77.3567,30.711],[77.3298,30.724],[77.2885,30.7947],[77.2767,30.8087],[77.2623,30.803],[77.2301,30.8655],[77.1902,30.9074],[77.1485,30.9058],[77.1266,30.9134],[77.0782,30.9502],[77.057,30.9569],[77.0664,30.979],[77.059,30.9887],[77.033,30.9969],[77.0113,31.0177],[76.9892,31.0168],[76.9967,31.0559],[76.972,31.1088],[76.9341,31.0737],[76.9244,31.0741],[76.917,31.0976],[76.9385,31.1238],[76.9341,31.1563],[76.92,31.1596],[76.8948,31.1923],[76.8525,31.2815],[76.8238,31.3071],[76.8089,31.3771],[76.7751,31.385],[76.7491,31.349],[76.7229,31.3641],[76.7283,31.3807],[76.7515,31.3887],[76.7631,31.407],[76.8014,31.4066],[76.8003,31.4237],[76.8312,31.4249],[76.8543,31.4114],[76.8724,31.4171],[76.8821,31.4048],[76.8799,31.3835],[76.8656,31.3846],[76.8727,31.3552],[76.9245,31.3649],[76.9462,31.3369],[77.03,31.2758],[77.0552,31.2697],[77.08,31.2508],[77.1189,31.2508],[77.1332,31.2282],[77.1656,31.2342],[77.1873,31.254],[77.2073,31.2467],[77.2259,31.2633],[77.2439,31.2542],[77.2707,31.2748],[77.281,31.2668],[77.3005,31.2694],[77.3212,31.2941],[77.3336,31.297],[77.3577,31.3556],[77.3853,31.3624]]]}},{"type":"Feature","properties":{"name":"Kumon Bum Range","kind":"mountain range","wikidata":"Q26786299","area_km2":5560,"source":"GMBA Mountain Inventory v2.0 (CC BY 4.0)"},"geometry":{"type":"Polygon","coordinates":[[[96.9249,27.8874],[96.9735,27.8657],[96.9904,27.8468],[96.9969,27.8113],[96.9883,27.7925],[97.0346,27.7382],[97.0349,27.6961],[97.0593,27.6614],[97.0614,27.6343],[97.0721,27.6335],[97.0818,27.6676],[97.1339,27.6832],[97.1509,27.6563],[97.1392,27.6217],[97.1491,27.6012],[97.1632,27.598],[97.1601,27.5844],[97.1991,27.5589],[97.1948,27.5197],[97.2303,27.5491],[97.2801,27.5657],[97.3235,27.5242],[97.3156,27.5127],[97.3194,27.491],[97.3374,27.4788],[97.3426,27.464],[97.3327,27.4224],[97.3225,27.4114],[97.2926,27.4247],[97.2957,27.4169],[97.3458,27.371],[97.3494,27.3518],[97.3767,27.3387],[97.3842,27.3245],[97.3781,27.3055],[97.4045,27.2951],[97.4049,27.2594],[97.4264,27.2508],[97.453,27.2241],[97.4739,27.1843],[97.4703,27.172],[97.4546,27.1614],[97.4154,27.1884],[97.4072,27.1844],[97.4066,27.1683],[97.4155,27.1597],[97.4124,27.1369],[97.3905,27.1322],[97.3673,27.1155],[97.3517,27.1215],[97.3365,27.1122],[97.3019,27.1163],[97.2717,27.084],[97.239,27.0655],[97.2264,27.0717],[97.1953,27.0572],[97.1705,27.0665],[97.1207,27.0311],[97.0968,27.0657],[97.1112,27.0859],[97.1176,27.1396],[97.1102,27.1504],[97.091,27.1447],[97.0799,27.1761],[97.0256,27.2033],[96.9674,27.2072],[96.9508,27.2155],[96.9457,27.2314],[96.9241,27.2393],[96.9218,27.249],[96.9343,27.2676],[96.9078,27.2849],[96.9031,27.3049],[96.8338,27.3762],[96.7703,27.3974],[96.758,27.4236],[96.7383,27.4365],[96.7047,27.4406],[96.6508,27.4656],[96.6049,27.4613],[96.576,27.4822],[96.5334,27.4953],[96.4857,27.4862],[96.45,27.4911],[96.4185,27.475],[96.3949,27.4964],[96.3916,27.5186],[96.4044,27.5305],[96.4384,27.5387],[96.4233,27.555],[96.4073,27.5438],[96.3897,27.5501],[96.3712,27.5706],[96.363,27.5661],[96.3344,27.5741],[96.3011,27.6156],[96.2976,27.654],[96.3192,27.7051],[96.3136,27.736],[96.3467,27.7628],[96.325,27.8088],[96.3326,27.8552],[96.346,27.8772],[96.3353,27.8894],[96.3434,27.8922],[96.3661,27.878],[96.4001,27.9012],[96.4173,27.9276],[96.4643,27.9044],[96.5008,27.9073],[96.5358,27.8943],[96.5675,27.8613],[96.5865,27.8528],[96.6559,27.8593],[96.6807,27.8834],[96.6807,27.8999],[96.6573,27.9185],[96.6481,27.9586],[96.6599,27.9675],[96.6738,27.9571],[96.7084,27.962],[96.7596,27.9385],[96.7878,27.936],[96.801,27.8944],[96.8255,27.8949],[96.8463,27.8801],[96.8796,27.8779],[96.8947,27.8864],[96.9249,27.8874]]]}},{"type":"Feature","properties":{"name":"Ladakh Range","kind":"mountain range","wikidata":"Q2578947","area_km2":13714,"source":"GMBA Mountain Inventory v2.0 (CC BY 4.0)"},"geometry":{"type":"Polygon","coordinates":[[[76.4187,35.1832],[76.4676,35.1405],[76.4728,35.0915],[76.5051,35.0572],[76.5113,35.0154],[76.538,34.9784],[76.5959,34.9525],[76.5996,34.9371],[76.7034,34.9235],[76.7457,34.9371],[76.7559,34.9301],[76.7809,34.9384],[76.7947,34.9242],[76.7885,34.9076],[76.8153,34.8867],[76.8242,34.854],[76.8968,34.8405],[76.9218,34.8322],[76.9407,34.8155],[76.9645,34.8214],[76.976,34.8155],[76.9785,34.7947],[77.0234,34.805],[77.0448,34.7987],[77.0893,34.8141],[77.1046,34.8105],[77.1161,34.7697],[77.1593,34.7739],[77.1879,34.7555],[77.1913,34.7412],[77.208,34.7357],[77.2205,34.7178],[77.2698,34.6867],[77.422,34.6445],[77.4293,34.6291],[77.4436,34.6235],[77.4895,34.5729],[77.6621,34.5202],[77.6759,34.5262],[77.6737,34.5342],[77.6885,34.5322],[77.7238,34.5],[77.7237,34.4686],[77.7466,34.4553],[77.757,34.4423],[77.7571,34.426],[77.7829,34.41],[77.7926,34.3947],[77.7966,34.3573],[77.8283,34.3364],[77.9007,34.3113],[77.9236,34.3217],[77.9416,34.3049],[77.9687,34.3003],[77.9839,34.3055],[77.9872,34.3191],[78.014,34.33],[78.019,34.3215],[78.0093,34.3087],[78.051,34.2988],[78.0575,34.2809],[78.0915,34.2648],[78.1133,34.224],[78.142,34.2151],[78.152,34.1769],[78.1502,34.1496],[78.1083,34.1483],[78.0927,34.1018],[78.1131,34.0175],[78.1459,34.0153],[78.1548,33.9907],[78.1736,33.9866],[78.1825,33.963],[78.2301,33.9572],[78.2842,33.9229],[78.278,33.8905],[78.287,33.8708],[78.3259,33.8425],[78.3668,33.8361],[78.3829,33.7833],[78.4593,33.7322],[78.5239,33.678],[78.5236,33.6697],[78.5335,33.6748],[78.5654,33.6475],[78.5777,33.6314],[78.5779,33.6177],[78.6207,33.5936],[78.6314,33.5614],[78.6417,33.5685],[78.6377,33.5798],[78.6456,33.5871],[78.664,33.5904],[78.6869,33.5567],[78.7292,33.5204],[78.7322,33.5047],[78.7505,33.4863],[78.7437,33.5019],[78.7548,33.4924],[78.7866,33.4391],[78.8068,33.422],[78.8074,33.4138],[78.7882,33.3979],[78.8001,33.3531],[78.8368,33.3569],[78.8802,33.3072],[78.8987,33.2708],[78.8979,33.2506],[78.8802,33.2298],[78.8874,33.2164],[78.8716,33.199],[78.8696,33.1844],[78.8463,33.1713],[78.8164,33.167],[78.8134,33.1593],[78.7453,33.149],[78.7193,33.1675],[78.7035,33.1614],[78.6837,33.1742],[78.6611,33.1743],[78.6301,33.1989],[78.591,33.1947],[78.5717,33.205],[78.5635,33.228],[78.5385,33.2489],[78.5068,33.2634],[78.4976,33.2585],[78.4553,33.2719],[78.4005,33.2991],[78.4009,33.3229],[78.3867,33.3263],[78.3788,33.3475],[78.3585,33.3621],[78.3077,33.3572],[78.284,33.3699],[78.2742,33.3901],[78.2423,33.399],[78.2331,33.4151],[78.2176,33.4175],[78.1314,33.4808],[78.1531,33.5152],[78.1565,33.5431],[78.1422,33.5596],[78.1135,33.578],[78.0784,33.5873],[78.076,33.6046],[78.0843,33.6155],[78.0672,33.6346],[78.0007,33.6615],[77.9587,33.7263],[77.9325,33.7392],[77.9296,33.7513],[77.886,33.7576],[77.8422,33.7951],[77.7923,33.8637],[77.7533,33.885],[77.751,33.903],[77.6676,34.0364],[77.6547,34.0513],[77.6075,34.0767],[77.5922,34.1013],[77.5384,34.1134],[77.4859,34.1384],[77.4255,34.1239],[77.4068,34.1425],[77.3975,34.1376],[77.3801,34.153],[77.3435,34.1585],[77.3337,34.166],[77.3357,34.1847],[77.3247,34.1982],[77.2841,34.2071],[77.2772,34.1931],[77.263,34.1905],[77.2176,34.2155],[77.1842,34.2175],[77.16,34.2462],[77.131,34.2335],[77.0986,34.2554],[77.0822,34.2529],[77.0467,34.2675],[77.0327,34.2747],[77.0298,34.2929],[76.9884,34.3009],[76.9668,34.3162],[76.9266,34.3046],[76.8961,34.322],[76.8646,34.3208],[76.8426,34.33],[76.8079,34.3541],[76.7958,34.3854],[76.7714,34.3822],[76.7551,34.3921],[76.7635,34.403],[76.759,34.4095],[76.7135,34.4322],[76.6963,34.4286],[76.6788,34.46],[76.6676,34.4659],[76.6717,34.4844],[76.6228,34.5094],[76.628,34.5201],[76.6218,34.5364],[76.5943,34.5634],[76.5783,34.5572],[76.5551,34.5739],[76.5342,34.5759],[76.5246,34.5975],[76.451,34.6364],[76.4026,34.6425],[76.3751,34.6366],[76.3426,34.6614],[76.3217,34.6634],[76.2673,34.7033],[76.2499,34.7315],[76.2074,34.7596],[76.1988,34.7863],[76.203,34.8039],[76.1902,34.8284],[76.194,34.8471],[76.1843,34.8617],[76.1988,34.903],[76.2302,34.9363],[76.2036,34.9695],[76.1684,34.9668],[76.1534,34.9795],[76.1503,34.9992],[76.1297,35.0221],[76.1135,35.0322],[76.0743,35.0372],[76.0642,35.0629],[76.0453,35.0572],[76.0425,35.0896],[75.9827,35.0967],[75.9636,35.1407],[75.9157,35.172],[75.9053,35.2011],[75.9153,35.2131],[75.9124,35.2311],[75.9293,35.237],[75.9616,35.203],[75.9762,35.2092],[76.0259,35.1884],[76.061,35.1925],[76.0759,35.18],[76.0991,35.178],[76.1303,35.2074],[76.1448,35.2071],[76.1516,35.1934],[76.1713,35.1864],[76.1926,35.2113],[76.1996,35.2394],[76.2095,35.2425],[76.2926,35.203],[76.3081,35.1844],[76.347,35.1738],[76.3728,35.1838],[76.3991,35.1738],[76.4187,35.1832]]]}},{"type":"Feature","properties":{"name":"Letha Range","kind":"mountain range","wikidata":"Q26786364","area_km2":7296,"source":"GMBA Mountain Inventory v2.0 (CC BY 4.0)"},"geometry":{"type":"Polygon","coordinates":[[[94.377,24.3832],[94.3842,24.3767],[94.3795,24.3661],[94.3378,24.3301],[94.3173,24.3321],[94.308,24.3425],[94.2991,24.339],[94.2927,24.315],[94.3192,24.3142],[94.3306,24.2709],[94.3158,24.2509],[94.3005,24.2485],[94.2943,24.2349],[94.2675,24.2239],[94.2521,24.1626],[94.2152,24.1069],[94.2118,24.0788],[94.1892,24.047],[94.1979,24.0098],[94.1758,23.9604],[94.1645,23.9532],[94.1673,23.9076],[94.1535,23.8908],[94.1325,23.775],[94.1454,23.7457],[94.1142,23.5894],[94.0978,23.5548],[94.087,23.5489],[94.0341,23.5678],[94.0093,23.5471],[94.0196,23.5328],[94.0069,23.4989],[94.0308,23.5071],[94.0404,23.5002],[94.0328,23.3809],[94.0172,23.3738],[93.9963,23.3988],[93.9823,23.3857],[94.0008,23.2893],[93.9992,23.2315],[93.9906,23.2175],[93.9645,23.2137],[93.9696,23.1897],[93.9564,23.1788],[93.9727,23.1029],[93.9805,23.0906],[93.9999,23.0881],[94.0097,23.0562],[94.004,22.9814],[94.0259,22.9732],[94.0222,22.9427],[94.0012,22.943],[93.9977,22.9334],[94.0113,22.9139],[94.0049,22.8948],[94.0188,22.8649],[93.9927,22.8416],[93.9919,22.8136],[93.9788,22.8106],[94.0009,22.7767],[93.9909,22.756],[93.9999,22.7374],[93.9073,22.6946],[93.899,22.6926],[93.8968,22.7119],[93.8541,22.6978],[93.8403,22.7159],[93.813,22.7156],[93.7732,22.7397],[93.7839,22.7566],[93.8155,22.7753],[93.8051,22.7907],[93.8092,22.8026],[93.7474,22.8044],[93.7133,22.7926],[93.7054,22.8089],[93.7074,22.8649],[93.7488,22.8838],[93.7369,22.8986],[93.7111,22.9009],[93.6803,22.8916],[93.6592,22.9457],[93.6717,22.9728],[93.6573,22.9763],[93.6405,23.149],[93.626,23.1949],[93.637,23.2319],[93.6693,23.2343],[93.6488,23.2613],[93.653,23.2863],[93.6864,23.305],[93.6869,23.3584],[93.6801,23.375],[93.6989,23.3906],[93.6986,23.4079],[93.6535,23.4595],[93.6711,23.4682],[93.677,23.4801],[93.6656,23.54],[93.6949,23.5491],[93.7315,23.6237],[93.7031,23.631],[93.6967,23.6592],[93.7238,23.7217],[93.6885,23.7657],[93.7163,23.8076],[93.7058,23.8348],[93.7385,23.8821],[93.752,23.9426],[93.7385,24.0115],[93.778,24.1032],[93.7718,24.1199],[93.7875,24.1481],[93.8073,24.1573],[93.8287,24.185],[93.8561,24.1936],[93.8612,24.1731],[93.8489,24.1494],[93.8798,24.1926],[93.8941,24.1959],[93.909,24.258],[93.8942,24.2806],[93.8938,24.3141],[93.8985,24.3337],[93.9101,24.3418],[93.9169,24.3849],[93.9525,24.4487],[93.9953,24.4439],[94.0168,24.4197],[94.052,24.4665],[94.0843,24.4656],[94.1147,24.4501],[94.1329,24.4618],[94.1652,24.4611],[94.1755,24.4449],[94.2099,24.4337],[94.2204,24.4159],[94.2302,24.4272],[94.2563,24.4194],[94.2705,24.4024],[94.3071,24.4081],[94.303,24.3946],[94.377,24.3832]]]}},{"type":"Feature","properties":{"name":"Lushai Hills","kind":"mountain range","wikidata":"Q3317337","area_km2":29880,"source":"GMBA Mountain Inventory v2.0 (CC BY 4.0)"},"geometry":{"type":"MultiPolygon","coordinates":[[[[93.9923,25.4317],[94.0612,25.4113],[94.0732,25.3884],[94.0487,25.3363],[94.0449,25.3066],[94.0011,25.2216],[93.9862,25.2198],[93.9672,25.2012],[93.9779,25.1791],[93.9699,25.1397],[93.9547,25.0962],[93.9425,25.0927],[93.9264,25.0554],[93.9321,25.0458],[93.9136,24.9945],[93.8839,24.9812],[93.8668,24.9541],[93.8472,24.9401],[93.8337,24.8942],[93.805,24.8572],[93.79,24.7992],[93.7996,24.7768],[93.7739,24.7248],[93.7726,24.6477],[93.748,24.6206],[93.7345,24.5674],[93.7391,24.5295],[93.7073,24.4487],[93.6262,24.48],[93.5968,24.4777],[93.5995,24.4614],[93.6107,24.4615],[93.6245,24.4482],[93.6181,24.4325],[93.6211,24.3829],[93.5903,24.3528],[93.5843,24.303],[93.5644,24.2509],[93.5635,24.2071],[93.5598,24.1938],[93.5489,24.1885],[93.5516,24.1767],[93.5184,24.1627],[93.485,24.1809],[93.46,24.2253],[93.4176,24.2022],[93.4281,24.1707],[93.4541,24.1618],[93.4634,24.1666],[93.4424,24.1225],[93.4031,24.0885],[93.4238,24.0632],[93.4035,24.0535],[93.3739,24.0196],[93.3455,24.0055],[93.3322,23.9863],[93.3532,23.9476],[93.3634,23.9427],[93.3572,23.8863],[93.3681,23.8646],[93.3575,23.8595],[93.3488,23.8363],[93.3572,23.8199],[93.3481,23.8003],[93.3531,23.7844],[93.3034,23.7325],[93.3028,23.7048],[93.3268,23.6851],[93.289,23.6284],[93.2572,23.6113],[93.2718,23.5947],[93.2597,23.5758],[93.283,23.5451],[93.2718,23.4988],[93.2556,23.4804],[93.2613,23.4446],[93.2776,23.4218],[93.2656,23.3926],[93.2356,23.392],[93.2197,23.3738],[93.2026,23.3233],[93.2031,23.3028],[93.1906,23.2781],[93.1781,23.2718],[93.1883,23.2489],[93.2217,23.2118],[93.228,23.1908],[93.2212,23.1635],[93.2405,23.1296],[93.2385,23.1217],[93.2239,23.1189],[93.226,23.0905],[93.2094,23.0536],[93.2322,23.0134],[93.2238,23.003],[93.2217,22.968],[93.1976,22.9489],[93.1871,22.9182],[93.1967,22.9135],[93.1934,22.883],[93.1727,22.888],[93.1676,22.8782],[93.1788,22.8287],[93.1974,22.8146],[93.1871,22.7849],[93.1737,22.7816],[93.1603,22.7516],[93.1967,22.7401],[93.1926,22.7114],[93.1697,22.7072],[93.1675,22.6852],[93.1572,22.6802],[93.1568,22.6577],[93.1656,22.6403],[93.1593,22.5988],[93.1468,22.5753],[93.1865,22.5651],[93.1885,22.5287],[93.2124,22.4938],[93.1747,22.4431],[93.1856,22.4263],[93.1863,22.3613],[93.1968,22.3322],[93.1905,22.3238],[93.201,22.2655],[93.1926,22.2551],[93.2147,22.2214],[93.2092,22.2134],[93.2223,22.1831],[93.2102,22.1752],[93.2322,22.1282],[93.226,22.1157],[93.2362,22.1002],[93.2141,22.0682],[93.2156,21.9925],[93.2072,21.9885],[93.2062,21.9301],[93.1905,21.8779],[93.194,21.842],[93.1727,21.7884],[93.1995,21.7266],[93.2155,21.7125],[93.2059,21.6971],[93.2155,21.6657],[93.2051,21.6324],[93.2468,21.5947],[93.2477,21.5634],[93.2613,21.542],[93.2564,21.514],[93.2718,21.5072],[93.2772,21.4838],[93.2697,21.4738],[93.2844,21.4489],[93.2767,21.4388],[93.2822,21.4282],[93.2737,21.4153],[93.278,21.3907],[93.2718,21.3738],[93.2615,21.3573],[93.2303,21.3441],[93.2403,21.3245],[93.2385,21.2821],[93.2301,21.2712],[93.2364,21.251],[93.2247,21.2495],[93.2206,21.2368],[93.2097,21.2424],[93.1906,21.2302],[93.1974,21.2189],[93.1822,21.1988],[93.1905,21.1878],[93.1806,21.1635],[93.1916,21.1661],[93.2075,21.1545],[93.1933,21.1306],[93.1978,21.0894],[93.1635,21.0836],[93.174,21.0761],[93.1636,21.0228],[93.1696,20.9882],[93.1635,20.9488],[93.1559,20.9276],[93.1355,20.9093],[93.1134,20.9038],[93.0938,20.9215],[93.0637,20.9239],[93.0132,21.0654],[93.0122,21.0938],[93.0307,21.1357],[93.0668,21.1446],[93.0882,21.1339],[93.0919,21.1771],[93.0832,21.1818],[93.0602,21.1489],[93.0357,21.1675],[93.0325,21.1491],[93.0114,21.1342],[92.9992,21.129],[92.9803,21.1402],[92.9764,21.1617],[92.9174,21.255],[92.9093,21.2511],[92.9196,21.2411],[92.9134,21.2368],[92.9018,21.255],[92.8905,21.2363],[92.876,21.2822],[92.853,21.3196],[92.8127,21.4481],[92.7903,21.4426],[92.7967,21.4895],[92.7863,21.5363],[92.799,21.5467],[92.7653,21.6355],[92.7743,21.6706],[92.783,21.6784],[92.7803,21.7039],[92.8009,21.7618],[92.805,21.7983],[92.7917,21.827],[92.793,21.8486],[92.8091,21.8868],[92.795,21.8933],[92.7731,21.9743],[92.7808,22.0773],[92.7764,22.1359],[92.7615,22.1863],[92.7565,22.1476],[92.7219,22.1288],[92.7007,22.1731],[92.6833,22.1852],[92.6771,22.2324],[92.6797,22.3382],[92.6468,22.478],[92.6236,22.5332],[92.6291,22.5683],[92.6519,22.5957],[92.6487,22.6225],[92.6001,22.7154],[92.6033,22.7336],[92.5928,22.7883],[92.6074,22.7989],[92.5722,22.8088],[92.5697,22.8325],[92.5448,22.8705],[92.5486,22.8923],[92.5385,22.9322],[92.5043,22.9909],[92.4981,23.0369],[92.468,23.1101],[92.4385,23.2364],[92.4158,23.2664],[92.3988,23.3217],[92.3978,23.3457],[92.4386,23.363],[92.4571,23.438],[92.4482,23.4495],[92.453,23.4859],[92.4352,23.496],[92.415,23.6895],[92.4207,23.7332],[92.4463,23.7134],[92.447,23.7192],[92.4258,23.8079],[92.4281,23.9234],[92.443,23.9566],[92.4427,23.9995],[92.4551,24.0111],[92.4865,24.1443],[92.5201,24.1737],[92.5423,24.1659],[92.5529,24.138],[92.5443,24.1186],[92.5348,23.9593],[92.5405,23.9591],[92.5375,23.9788],[92.5535,24.0224],[92.5831,24.0369],[92.6034,24.028],[92.6274,24.0397],[92.6676,24.1621],[92.6445,24.2012],[92.6469,24.239],[92.6541,24.2664],[92.6672,24.2755],[92.6777,24.3231],[92.7027,24.3672],[92.7371,24.38],[92.7589,24.3627],[92.7244,24.2807],[92.7233,24.2286],[92.7343,24.2093],[92.7365,24.1801],[92.7726,24.3168],[92.7905,24.3634],[92.8192,24.3954],[92.8216,24.4215],[92.8341,24.4317],[92.8673,24.4313],[92.8629,24.4229],[92.8879,24.4013],[92.8902,24.376],[92.9168,24.3994],[92.9632,24.4897],[92.9684,24.5445],[92.985,24.5809],[92.9886,24.6478],[92.9976,24.6711],[93.0172,24.6988],[93.0282,24.7014],[93.0277,24.7152],[93.0503,24.7279],[93.0842,24.7013],[93.076,24.6696],[93.0556,24.6471],[93.0595,24.5792],[93.0448,24.5031],[93.0187,24.4444],[93.0169,24.3996],[93.0325,24.3655],[93.0739,24.5346],[93.1285,24.6214],[93.1454,24.6685],[93.1327,24.6855],[93.1411,24.7284],[93.1571,24.7381],[93.2311,24.8776],[93.2401,24.8729],[93.2592,24.8855],[93.2468,24.9053],[93.2488,24.9197],[93.2919,24.9149],[93.301,24.9281],[93.2936,24.9426],[93.305,24.9696],[93.316,24.9662],[93.3352,24.9975],[93.3437,24.9918],[93.3576,25.003],[93.3592,24.9832],[93.4001,24.9697],[93.4181,24.9718],[93.4489,25.0237],[93.4486,25.0382],[93.4629,25.0425],[93.4758,25.0696],[93.4991,25.053],[93.5196,25.0555],[93.5288,25.0854],[93.5655,25.1113],[93.5927,25.1134],[93.6115,25.1347],[93.6367,25.1197],[93.6476,25.1224],[93.6697,25.1469],[93.6593,25.1682],[93.6618,25.1851],[93.6754,25.1895],[93.6931,25.2258],[93.7041,25.2201],[93.7217,25.2697],[93.7398,25.2836],[93.7575,25.2746],[93.8051,25.3064],[93.7893,25.3252],[93.8214,25.3197],[93.8417,25.3477],[93.8197,25.3822],[93.8298,25.3984],[93.8724,25.3712],[93.9306,25.3966],[93.948,25.3931],[93.9622,25.4286],[93.9799,25.4197],[93.9923,25.4317]]],[[[92.5738,24.1801],[92.5553,24.1824],[92.5392,24.1947],[92.5654,24.3156],[92.5706,24.3293],[92.5854,24.3375],[92.6171,24.3253],[92.6193,24.2977],[92.5975,24.1991],[92.591,24.1845],[92.5738,24.1801]]]]}},{"type":"Feature","properties":{"name":"Madugula Konda Range","kind":"mountain range","wikidata":"Q26819646","area_km2":6853,"source":"GMBA Mountain Inventory v2.0 (CC BY 4.0)"},"geometry":{"type":"MultiPolygon","coordinates":[[[[83.2696,18.636],[83.281,18.6272],[83.2896,18.632],[83.3012,18.6005],[83.3119,18.5957],[83.3064,18.5718],[83.2962,18.5775],[83.2912,18.5662],[83.2728,18.5582],[83.257,18.5657],[83.2489,18.5813],[83.2604,18.5959],[83.2243,18.6034],[83.2207,18.615],[83.2459,18.6446],[83.2696,18.636]]],[[[83.1249,18.6082],[83.1549,18.6053],[83.1663,18.5773],[83.1569,18.5279],[83.1477,18.5232],[83.1394,18.5288],[83.0885,18.4972],[83.0923,18.4829],[83.0843,18.4595],[83.0971,18.4485],[83.1246,18.4526],[83.1425,18.4218],[83.1716,18.4224],[83.1896,18.4425],[83.1836,18.4542],[83.194,18.4774],[83.2289,18.4921],[83.2509,18.4844],[83.2554,18.4573],[83.2426,18.445],[83.2655,18.4308],[83.2657,18.4199],[83.2562,18.3986],[83.261,18.3893],[83.2472,18.3822],[83.2316,18.3892],[83.2156,18.3829],[83.2105,18.3537],[83.1958,18.3461],[83.1866,18.3509],[83.155,18.3245],[83.1408,18.3197],[83.1242,18.328],[83.1135,18.3179],[83.1161,18.2988],[83.1551,18.3113],[83.1744,18.3319],[83.225,18.3381],[83.2302,18.3232],[83.2195,18.2884],[83.2311,18.2932],[83.2674,18.2743],[83.2683,18.2138],[83.2609,18.21],[83.2403,18.2217],[83.2154,18.1946],[83.2157,18.1823],[83.2034,18.1759],[83.2031,18.1863],[83.178,18.1913],[83.1881,18.2196],[83.1772,18.2174],[83.1501,18.1951],[83.1801,18.1877],[83.1775,18.1676],[83.1625,18.1759],[83.1441,18.1634],[83.1201,18.1863],[83.1219,18.1513],[83.1124,18.1349],[83.1384,18.1032],[83.1267,18.0907],[83.0739,18.0747],[83.1051,18.0718],[83.1093,18.0555],[83.1035,18.0426],[83.0604,18.0304],[83.0555,18.0204],[83.017,18.0062],[83.003,18.0154],[83.0093,18.0545],[82.9959,18.0472],[82.9614,18.0218],[82.9569,18.008],[82.9239,18.001],[82.9279,17.9721],[82.9446,17.9689],[82.9451,17.9451],[82.9387,17.9385],[82.9056,17.9378],[82.875,17.9473],[82.8705,17.9613],[82.8561,17.9488],[82.8611,17.9392],[82.8409,17.9372],[82.8079,17.9118],[82.782,17.9218],[82.7649,17.9392],[82.7368,17.9343],[82.7184,17.8976],[82.7051,17.8933],[82.7238,17.8532],[82.7095,17.8571],[82.7051,17.8494],[82.7454,17.8522],[82.7611,17.8363],[82.7831,17.8592],[82.8012,17.8571],[82.8217,17.8406],[82.8156,17.8219],[82.8048,17.8145],[82.7697,17.8238],[82.7615,17.801],[82.7468,17.7988],[82.7414,17.7824],[82.726,17.7785],[82.6887,17.7946],[82.6738,17.7674],[82.6395,17.7633],[82.6146,17.7717],[82.592,17.7583],[82.5722,17.7634],[82.559,17.755],[82.5595,17.7326],[82.5472,17.7104],[82.5262,17.6947],[82.4929,17.7074],[82.4507,17.6775],[82.4201,17.6689],[82.4163,17.6572],[82.378,17.6797],[82.3904,17.7015],[82.3774,17.7113],[82.3729,17.6977],[82.3505,17.6878],[82.3385,17.6919],[82.3386,17.6764],[82.3239,17.6728],[82.3238,17.6656],[82.3635,17.6385],[82.3675,17.6009],[82.3779,17.6113],[82.3881,17.608],[82.3939,17.5905],[82.4013,17.6122],[82.43,17.6163],[82.4327,17.6384],[82.4471,17.6209],[82.4865,17.6593],[82.5386,17.6548],[82.5497,17.6377],[82.5673,17.6467],[82.5782,17.6279],[82.5595,17.6011],[82.5447,17.5935],[82.5207,17.613],[82.4592,17.6029],[82.4479,17.6088],[82.4408,17.5984],[82.453,17.5795],[82.443,17.5499],[82.4489,17.5316],[82.3926,17.4634],[82.3698,17.4197],[82.3067,17.3891],[82.2837,17.4113],[82.2809,17.4037],[82.2931,17.3837],[82.2891,17.3551],[82.2785,17.3345],[82.2578,17.3238],[82.2266,17.3442],[82.208,17.3473],[82.1928,17.3136],[82.1696,17.2927],[82.1311,17.2975],[82.1245,17.3072],[82.1386,17.3655],[82.1175,17.3608],[82.1178,17.3488],[82.1053,17.3528],[82.0993,17.3644],[82.1059,17.3773],[82.0948,17.403],[82.0759,17.3826],[82.0346,17.3933],[82.0354,17.417],[82.0573,17.4242],[82.0571,17.4341],[82.0863,17.4424],[82.0865,17.4484],[82.083,17.4592],[82.0732,17.4594],[82.0649,17.4468],[82.0469,17.4507],[82.0395,17.4605],[82.048,17.4994],[82.0377,17.5101],[82.0323,17.4988],[82.02,17.5047],[82.0137,17.514],[82.0174,17.5341],[82.0251,17.538],[82.054,17.5144],[82.0635,17.5176],[82.0831,17.5051],[82.0987,17.5052],[82.1049,17.4657],[82.1123,17.4586],[82.101,17.4417],[82.128,17.4451],[82.1176,17.4324],[82.1549,17.4164],[82.1676,17.3949],[82.162,17.3738],[82.1869,17.3865],[82.2197,17.4217],[82.2383,17.4554],[82.2239,17.4693],[82.2223,17.4893],[82.2279,17.5008],[82.274,17.5294],[82.2761,17.5493],[82.3049,17.5816],[82.3081,17.6263],[82.302,17.6385],[82.2538,17.6471],[82.2322,17.6718],[82.2002,17.6541],[82.1781,17.6615],[82.1675,17.651],[82.1678,17.6386],[82.1426,17.6208],[82.1674,17.63],[82.1784,17.6124],[82.1449,17.5573],[82.0945,17.5413],[82.0806,17.5458],[82.0754,17.5695],[82.0637,17.5634],[82.0572,17.5718],[82.0523,17.5496],[82.0258,17.5451],[82.0261,17.5572],[82.0027,17.5791],[82.0029,17.6133],[82.0217,17.6191],[82.0236,17.6418],[82.003,17.6571],[81.9988,17.678],[82.0075,17.6953],[82.0332,17.7218],[82.0548,17.7216],[82.103,17.7738],[82.1506,17.797],[82.1988,17.8468],[82.2208,17.8494],[82.2447,17.8676],[82.2653,17.8673],[82.3239,17.9042],[82.3457,17.9061],[82.3297,17.8906],[82.3304,17.8818],[82.359,17.8571],[82.4039,17.8355],[82.4103,17.8391],[82.4341,17.8194],[82.4767,17.8115],[82.4801,17.8263],[82.5113,17.8496],[82.5134,17.8712],[82.5027,17.8888],[82.4958,17.8882],[82.4894,17.872],[82.4685,17.8697],[82.4481,17.8857],[82.4449,17.9146],[82.4579,17.9258],[82.4452,17.9539],[82.4503,17.9802],[82.4207,18.004],[82.4594,18.0904],[82.4675,18.1364],[82.4781,18.1425],[82.491,18.2069],[82.5183,18.2197],[82.5241,18.2397],[82.5353,18.2425],[82.5484,18.2329],[82.5632,18.2591],[82.6064,18.259],[82.6222,18.2857],[82.6244,18.3078],[82.6483,18.3239],[82.6836,18.3253],[82.6933,18.3433],[82.7334,18.3509],[82.7189,18.3578],[82.7011,18.4004],[82.7156,18.4279],[82.7245,18.4705],[82.7371,18.4699],[82.7434,18.4868],[82.7583,18.4945],[82.7754,18.4933],[82.7779,18.5062],[82.7621,18.5237],[82.7561,18.5057],[82.7453,18.5031],[82.7365,18.5524],[82.7445,18.5733],[82.7832,18.5764],[82.8051,18.5682],[82.8226,18.5737],[82.8321,18.5366],[82.8146,18.5302],[82.799,18.5077],[82.8244,18.4849],[82.8451,18.4958],[82.8743,18.4914],[82.8929,18.4635],[82.9216,18.4828],[82.9241,18.4943],[82.9514,18.5041],[82.9686,18.529],[83.0117,18.5114],[83.0506,18.5339],[83.0847,18.5345],[83.0946,18.5469],[83.0802,18.5566],[83.0862,18.5739],[83.1044,18.6025],[83.1249,18.6082]]],[[[82.9427,18.5656],[82.9556,18.5635],[82.9529,18.5364],[82.9378,18.5396],[82.9076,18.5135],[82.9104,18.5358],[82.9236,18.5387],[82.9313,18.5565],[82.927,18.5707],[82.9427,18.5656]]],[[[82.8738,17.6447],[82.8636,17.6453],[82.8629,17.6712],[82.8903,17.6827],[82.8795,17.6626],[82.8838,17.651],[82.8738,17.6447]]],[[[82.8509,17.6635],[82.8247,17.6703],[82.8206,17.689],[82.8505,17.7135],[82.8506,17.727],[82.8647,17.7342],[82.8769,17.7308],[82.8846,17.7104],[82.8509,17.6635]]],[[[82.5332,17.3811],[82.5249,17.3984],[82.5532,17.438],[82.5682,17.4379],[82.5798,17.4514],[82.5999,17.4499],[82.6089,17.4196],[82.5672,17.3682],[82.5388,17.37],[82.5332,17.3811]]],[[[82.5332,17.3811],[82.5296,17.3684],[82.499,17.3617],[82.5169,17.3783],[82.5332,17.3811]]],[[[82.5999,17.4499],[82.5929,17.4612],[82.6069,17.484],[82.6488,17.4933],[82.6412,17.5075],[82.6533,17.5358],[82.6793,17.5529],[82.7031,17.5445],[82.7733,17.5952],[82.7922,17.6238],[82.8233,17.6081],[82.8401,17.6262],[82.8732,17.6286],[82.8801,17.6222],[82.8197,17.5653],[82.8342,17.5532],[82.8291,17.5299],[82.7784,17.5174],[82.7593,17.4946],[82.7256,17.4821],[82.695,17.4423],[82.6645,17.4334],[82.6539,17.4507],[82.5999,17.4499]]],[[[82.7882,17.668],[82.7918,17.647],[82.7478,17.6249],[82.7326,17.6283],[82.7198,17.6459],[82.7233,17.6589],[82.7486,17.669],[82.7706,17.6656],[82.7784,17.6779],[82.7882,17.668]]]]}},{"type":"Feature","properties":{"name":"Mahadeo Hills","kind":"mountain range","wikidata":"Q26783754","area_km2":1906,"source":"GMBA Mountain Inventory v2.0 (CC BY 4.0)"},"geometry":{"type":"MultiPolygon","coordinates":[[[[78.8967,22.7549],[78.9136,22.7403],[78.9259,22.707],[78.8985,22.6905],[78.8695,22.6988],[78.8635,22.6508],[78.8301,22.5839],[78.8447,22.5501],[78.8263,22.5038],[78.8114,22.4935],[78.8262,22.4801],[78.8469,22.4842],[78.8533,22.4711],[78.8559,22.4221],[78.8362,22.4032],[78.8112,22.3965],[78.7868,22.3746],[78.7187,22.364],[78.653,22.33],[78.5951,22.324],[78.5646,22.3117],[78.5592,22.3008],[78.5055,22.2741],[78.5011,22.2471],[78.4622,22.2519],[78.4154,22.2276],[78.4354,22.1923],[78.4172,22.1653],[78.3431,22.1569],[78.3321,22.1614],[78.3218,22.1823],[78.3025,22.1631],[78.282,22.1635],[78.2684,22.1818],[78.2645,22.1737],[78.2213,22.1741],[78.2032,22.1921],[78.2009,22.2124],[78.1852,22.2163],[78.182,22.2423],[78.1632,22.245],[78.1691,22.2822],[78.1762,22.2884],[78.182,22.2674],[78.1908,22.2676],[78.1906,22.2881],[78.2053,22.2988],[78.2158,22.2884],[78.2361,22.3021],[78.318,22.3029],[78.3309,22.2968],[78.3586,22.3049],[78.3613,22.3135],[78.3462,22.3157],[78.3419,22.3503],[78.3071,22.3885],[78.2952,22.3883],[78.2865,22.4079],[78.2946,22.4291],[78.253,22.4333],[78.2549,22.4469],[78.226,22.4488],[78.1777,22.4699],[78.1262,22.4653],[78.0758,22.4822],[78.0677,22.5207],[78.0953,22.5472],[78.1259,22.5528],[78.1428,22.5382],[78.1868,22.5295],[78.2634,22.5425],[78.3076,22.5646],[78.3548,22.5569],[78.3949,22.5676],[78.4279,22.567],[78.4801,22.5553],[78.5002,22.5409],[78.5104,22.5155],[78.525,22.5254],[78.5329,22.5214],[78.5405,22.5048],[78.528,22.481],[78.5455,22.4453],[78.5259,22.4195],[78.4924,22.4071],[78.4887,22.3871],[78.4571,22.3759],[78.446,22.3863],[78.4416,22.3727],[78.4279,22.3675],[78.4281,22.3575],[78.4019,22.3527],[78.3989,22.3404],[78.4155,22.3257],[78.4052,22.2957],[78.4585,22.294],[78.5035,22.3218],[78.5281,22.3259],[78.5418,22.3402],[78.5637,22.3428],[78.5858,22.3641],[78.6254,22.361],[78.6463,22.368],[78.6534,22.4037],[78.6819,22.412],[78.6772,22.4211],[78.7009,22.4345],[78.6929,22.4425],[78.7078,22.4374],[78.728,22.4673],[78.764,22.4612],[78.7841,22.4668],[78.771,22.4911],[78.7907,22.5052],[78.8009,22.5512],[78.7863,22.5968],[78.7637,22.6119],[78.7593,22.6344],[78.7218,22.7032],[78.7661,22.7303],[78.8388,22.7446],[78.8547,22.7392],[78.8967,22.7549]]],[[[78.6559,22.6864],[78.6422,22.6463],[78.6145,22.6353],[78.5586,22.6514],[78.5552,22.6649],[78.5765,22.6946],[78.5971,22.6822],[78.5991,22.6993],[78.6412,22.7091],[78.6559,22.6864]]],[[[78.2093,22.1114],[78.219,22.1039],[78.2362,22.111],[78.2576,22.1047],[78.2829,22.1082],[78.305,22.0949],[78.2982,22.0721],[78.2603,22.063],[78.2002,22.063],[78.1799,22.0263],[78.162,22.0155],[78.1525,22.0383],[78.1428,22.035],[78.1474,22.0224],[78.1397,22.0032],[78.0937,21.9936],[78.0656,22.0069],[78.0763,22.0173],[78.0797,22.0484],[78.1023,22.0612],[78.1229,22.0551],[78.1388,22.0675],[78.1528,22.0527],[78.1659,22.0996],[78.1855,22.1133],[78.2093,22.1114]]],[[[77.8778,22.2183],[77.877,22.2082],[77.8526,22.2174],[77.8655,22.2165],[77.8778,22.2183]]],[[[77.7893,22.2856],[77.7957,22.2683],[77.7895,22.2499],[77.7824,22.251],[77.7699,22.2815],[77.7893,22.2856]]]]}},{"type":"Feature","properties":{"name":"Mahadeo Range","kind":"mountain range","wikidata":"Q26783755","area_km2":1323,"source":"GMBA Mountain Inventory v2.0 (CC BY 4.0)"},"geometry":{"type":"MultiPolygon","coordinates":[[[[74.422,17.8717],[74.4635,17.8646],[74.4801,17.8494],[74.4702,17.8364],[74.4122,17.8297],[74.3916,17.8103],[74.357,17.8113],[74.3252,17.8356],[74.3135,17.8574],[74.3295,17.8675],[74.3385,17.8539],[74.3802,17.8322],[74.3871,17.8464],[74.4079,17.8543],[74.422,17.8717]]],[[[74.2082,17.9017],[74.2293,17.9014],[74.2404,17.8918],[74.227,17.8707],[74.1885,17.883],[74.1964,17.9008],[74.2082,17.9017]]],[[[74.13,17.7635],[74.1094,17.769],[74.1119,17.7815],[74.138,17.787],[74.1415,17.778],[74.13,17.7635]]],[[[73.6551,18.1655],[73.6674,18.1556],[73.6896,18.1632],[73.7103,18.1228],[73.6929,18.1072],[73.664,18.1053],[73.6468,18.0845],[73.7212,18.0864],[73.7376,18.0988],[73.7629,18.0919],[73.7709,18.1002],[73.7821,18.0948],[73.7926,18.0667],[73.7801,18.0448],[73.7903,18.0444],[73.8021,18.063],[73.7924,18.1006],[73.8039,18.1371],[73.8257,18.1467],[73.8488,18.1283],[73.8516,18.117],[73.8398,18.0968],[73.8441,18.0613],[73.8511,18.0643],[73.855,18.0985],[73.8719,18.1141],[73.8715,18.132],[73.884,18.1363],[73.9061,18.1251],[73.8955,18.1095],[73.903,18.095],[73.8938,18.0748],[73.9056,18.0581],[73.9223,18.0538],[73.9332,18.0621],[73.9623,18.0447],[73.9828,18.0499],[73.9963,18.0331],[74.017,18.0289],[74.0365,18.0373],[74.0801,18.0204],[74.0779,18.0018],[74.0642,17.991],[74.0474,17.9975],[74.024,17.9611],[74.0238,17.9468],[74.0494,17.926],[74.0457,17.9113],[74.0552,17.8988],[74.0548,17.8826],[74.0672,17.8697],[74.082,17.8738],[74.0843,17.8407],[74.0626,17.8479],[74.0738,17.8229],[74.058,17.8093],[74.0418,17.8224],[74.0223,17.8208],[74.0203,17.848],[74.0344,17.861],[74.0156,17.864],[74.0156,17.8858],[74.003,17.8989],[73.9885,17.8986],[73.976,17.9194],[73.9831,17.9482],[73.9986,17.9534],[74.0066,17.9739],[73.9969,17.9867],[74.0072,18.0018],[73.9989,18.0067],[73.9869,17.9976],[73.9667,18.0092],[73.9572,18.0056],[73.9635,17.9803],[73.9564,17.9573],[73.941,17.957],[73.9003,17.9988],[73.8791,17.9737],[73.8597,17.9736],[73.8344,18.0004],[73.8181,17.9894],[73.7754,18.0033],[73.753,18.0031],[73.7761,17.9986],[73.7863,17.9812],[73.768,17.953],[73.7899,17.9497],[73.7975,17.9679],[73.8227,17.9821],[73.8513,17.9482],[73.8652,17.953],[73.903,17.9302],[73.9033,17.9156],[73.8949,17.9113],[73.8721,17.9196],[73.8939,17.8869],[73.9185,17.8964],[73.9397,17.8898],[73.9468,17.8762],[73.9429,17.8636],[73.9346,17.858],[73.9241,17.8634],[73.9136,17.8468],[73.9013,17.8426],[73.8699,17.8717],[73.826,17.8778],[73.8299,17.87],[73.8629,17.8671],[73.8692,17.8134],[73.886,17.8217],[73.904,17.8084],[73.9161,17.8175],[73.9253,17.8142],[73.9334,17.8024],[73.9239,17.7899],[73.9323,17.7822],[73.9634,17.7927],[73.9672,17.753],[73.945,17.7571],[73.9304,17.7405],[73.9045,17.7456],[73.8969,17.7612],[73.843,17.7777],[73.816,17.8105],[73.7878,17.8287],[73.7419,17.8932],[73.705,17.9133],[73.6885,17.9364],[73.6436,17.9322],[73.6133,17.9383],[73.5874,17.9694],[73.5506,17.9656],[73.5364,18.001],[73.5185,18.0155],[73.4938,18.0175],[73.4812,18.0103],[73.4911,18.0501],[73.523,18.0593],[73.5466,18.0856],[73.5642,18.0911],[73.5606,18.1195],[73.5791,18.1415],[73.591,18.1322],[73.6173,18.1415],[73.6244,18.161],[73.6551,18.1655]]]]}},{"type":"Feature","properties":{"name":"Maharastra Plateau","kind":"mountain range","wikidata":null,"area_km2":305,"source":"GMBA Mountain Inventory v2.0 (CC BY 4.0)"},"geometry":{"type":"MultiPolygon","coordinates":[[[[75.5915,20.5503],[75.5954,20.5382],[75.6108,20.5385],[75.6066,20.5264],[75.5676,20.4988],[75.5387,20.505],[75.5109,20.4824],[75.4963,20.4801],[75.4748,20.4946],[75.4507,20.4697],[75.4409,20.4747],[75.4149,20.4695],[75.3873,20.4509],[75.3757,20.4588],[75.3572,20.4425],[75.3187,20.4315],[75.309,20.4176],[75.2859,20.4293],[75.2633,20.4171],[75.2634,20.4008],[75.2533,20.3959],[75.2293,20.4009],[75.2195,20.3841],[75.2079,20.3844],[75.2044,20.3735],[75.1904,20.369],[75.1907,20.352],[75.1776,20.3456],[75.1696,20.3237],[75.1462,20.3142],[75.1339,20.3184],[75.1237,20.3113],[75.1067,20.324],[75.0502,20.3218],[75.0461,20.3344],[75.0306,20.3341],[75.0141,20.3176],[75.0104,20.3401],[75.0441,20.3727],[75.0626,20.3533],[75.0834,20.3509],[75.1283,20.3718],[75.1458,20.3613],[75.1716,20.4061],[75.1857,20.4095],[75.1979,20.429],[75.2101,20.4249],[75.2199,20.4323],[75.2304,20.4535],[75.2438,20.4571],[75.2554,20.4493],[75.2614,20.4614],[75.3341,20.4549],[75.3471,20.4744],[75.372,20.4907],[75.3969,20.4801],[75.4028,20.4923],[75.4422,20.5054],[75.4595,20.5239],[75.5053,20.5121],[75.5552,20.5426],[75.5613,20.5572],[75.5915,20.5503]]],[[[74.9716,20.2865],[74.9553,20.2892],[74.9577,20.2973],[74.982,20.2965],[74.9716,20.2865]]],[[[74.9073,20.282],[74.8719,20.2779],[74.8766,20.312],[74.8902,20.32],[74.9273,20.3185],[74.9335,20.308],[74.9292,20.293],[74.9106,20.2898],[74.9073,20.282]]]]}},{"type":"Feature","properties":{"name":"Maikala Range","kind":"mountain range","wikidata":"Q6735630","area_km2":1714,"source":"GMBA Mountain Inventory v2.0 (CC BY 4.0)"},"geometry":{"type":"MultiPolygon","coordinates":[[[[81.6698,23.0342],[81.705,22.9742],[81.7198,22.932],[81.7345,22.9321],[81.8,22.8954],[81.8005,22.848],[81.7905,22.8318],[81.8031,22.8198],[81.8271,22.7609],[81.8194,22.7419],[81.8007,22.7362],[81.8134,22.7064],[81.7928,22.6813],[81.7924,22.6484],[81.7696,22.6233],[81.7397,22.6239],[81.7326,22.6363],[81.7252,22.6166],[81.7042,22.6076],[81.6918,22.616],[81.6788,22.6108],[81.6883,22.5466],[81.6737,22.537],[81.6741,22.5163],[81.6529,22.4862],[81.6131,22.4883],[81.5693,22.5092],[81.5614,22.4925],[81.578,22.4923],[81.5706,22.4744],[81.5346,22.472],[81.5286,22.4426],[81.5099,22.4508],[81.5072,22.434],[81.4907,22.4176],[81.4602,22.4093],[81.4465,22.4175],[81.4074,22.4026],[81.3238,22.4187],[81.2902,22.4028],[81.26,22.4028],[81.2099,22.358],[81.1434,22.3332],[81.1385,22.3279],[81.1657,22.3133],[81.1697,22.2922],[81.1536,22.2543],[81.1615,22.2468],[81.1615,22.228],[81.1101,22.1955],[81.1161,22.1807],[81.0989,22.1604],[81.1176,22.1125],[81.1066,22.0981],[81.0805,22.0851],[81.0749,22.0603],[81.057,22.0739],[81.0634,22.1089],[81.0897,22.1437],[81.076,22.1568],[81.0719,22.2056],[81.0782,22.2178],[81.1322,22.257],[81.1385,22.2761],[81.1325,22.3272],[81.139,22.3462],[81.1622,22.3857],[81.1906,22.3927],[81.2219,22.4448],[81.2574,22.4675],[81.2723,22.4575],[81.3044,22.4863],[81.3269,22.4739],[81.3301,22.4969],[81.3584,22.5115],[81.3835,22.5041],[81.4001,22.4468],[81.4192,22.4545],[81.4242,22.4724],[81.4504,22.473],[81.4693,22.487],[81.4907,22.5261],[81.5238,22.553],[81.5361,22.555],[81.5579,22.5405],[81.5866,22.5571],[81.6115,22.5426],[81.6239,22.5657],[81.6416,22.5716],[81.6494,22.5849],[81.6447,22.6095],[81.651,22.6241],[81.6924,22.6459],[81.7215,22.6811],[81.7341,22.6842],[81.7597,22.6634],[81.7676,22.6774],[81.7537,22.7157],[81.7594,22.7522],[81.7705,22.7688],[81.7655,22.7968],[81.7759,22.8026],[81.758,22.8286],[81.7615,22.8664],[81.7542,22.8771],[81.7361,22.8801],[81.7119,22.9065],[81.69,22.9031],[81.6628,22.9581],[81.6665,22.9653],[81.6323,22.9844],[81.6177,22.9841],[81.5885,23.0075],[81.5973,23.0247],[81.6262,23.0155],[81.6344,23.0197],[81.6341,23.0332],[81.6519,23.0419],[81.6698,23.0342]]],[[[81.5615,23.082],[81.5542,23.0664],[81.5582,23.0515],[81.5436,23.0269],[81.5119,23.0367],[81.5058,23.0499],[81.4387,23.0343],[81.4254,23.0452],[81.3954,23.047],[81.3673,23.0704],[81.3722,23.0934],[81.3867,23.0903],[81.394,23.076],[81.4102,23.0842],[81.4382,23.0777],[81.4518,23.0882],[81.4823,23.0904],[81.5158,23.1067],[81.5518,23.0967],[81.5615,23.082]]],[[[81.2721,23.2213],[81.2788,23.2011],[81.3122,23.1877],[81.3155,23.1735],[81.3367,23.1675],[81.3482,23.1481],[81.358,23.1094],[81.352,23.0853],[81.3274,23.0858],[81.2915,23.0995],[81.2843,23.1234],[81.2966,23.1427],[81.284,23.1529],[81.2706,23.1307],[81.2517,23.128],[81.2155,23.151],[81.204,23.1429],[81.1955,23.1475],[81.1927,23.1583],[81.2092,23.1539],[81.2117,23.1775],[81.2295,23.162],[81.2418,23.1758],[81.2607,23.1809],[81.2239,23.2231],[81.2661,23.2279],[81.2721,23.2213]]],[[[80.918,23.321],[80.9417,23.3106],[80.9744,23.3196],[80.9856,23.3075],[80.9974,23.2584],[81.0569,23.2533],[81.0742,23.238],[81.0852,23.2073],[81.0985,23.212],[81.1405,23.1892],[81.1328,23.178],[81.1519,23.156],[81.1733,23.1535],[81.1944,23.1373],[81.2113,23.11],[81.2053,23.0919],[81.1895,23.0811],[81.1749,23.0824],[81.1026,23.1283],[81.0712,23.1287],[81.0532,23.1439],[81.0424,23.1825],[81.0209,23.1817],[81.0014,23.1697],[80.9859,23.1816],[80.973,23.2313],[80.962,23.2421],[80.9676,23.2532],[80.9525,23.2565],[80.9358,23.28],[80.8933,23.2572],[80.8827,23.2645],[80.8823,23.2886],[80.9045,23.3168],[80.918,23.321]]],[[[81.0781,21.9717],[81.0666,21.9582],[81.0599,21.9602],[81.0567,21.9808],[81.0709,22.0216],[81.0904,22.0096],[81.0915,21.9955],[81.0781,21.9717]]],[[[80.8154,21.4703],[80.8129,21.4552],[80.8003,21.4654],[80.7844,21.4471],[80.7948,21.4778],[80.8006,21.4814],[80.8154,21.4703]]],[[[80.7023,21.5558],[80.7173,21.5513],[80.7187,21.5269],[80.7033,21.5192],[80.6958,21.5248],[80.6862,21.5135],[80.6787,21.4725],[80.6575,21.4568],[80.6464,21.4304],[80.6355,21.4273],[80.627,21.4124],[80.6101,21.4181],[80.6016,21.4295],[80.6183,21.4816],[80.6499,21.5008],[80.6482,21.5128],[80.6698,21.5162],[80.6858,21.5293],[80.689,21.5505],[80.7023,21.5558]]],[[[80.3405,21.8154],[80.3452,21.8093],[80.3657,21.8177],[80.3836,21.8202],[80.394,21.8134],[80.4243,21.8217],[80.4413,21.7995],[80.4765,21.8196],[80.5033,21.8175],[80.5099,21.7918],[80.4926,21.7534],[80.5157,21.7507],[80.4923,21.6979],[80.4987,21.6656],[80.51,21.6469],[80.5272,21.6445],[80.5491,21.6215],[80.5685,21.6216],[80.5784,21.5822],[80.5941,21.5905],[80.6054,21.6325],[80.622,21.6512],[80.6304,21.6508],[80.6299,21.6374],[80.6429,21.6226],[80.6403,21.5711],[80.6207,21.5457],[80.5964,21.5529],[80.5734,21.5489],[80.5553,21.5638],[80.5508,21.5844],[80.532,21.5886],[80.5234,21.6071],[80.5087,21.6009],[80.479,21.6186],[80.4618,21.648],[80.4576,21.7093],[80.4827,21.7657],[80.4751,21.7654],[80.466,21.7432],[80.4433,21.7369],[80.4359,21.7408],[80.4365,21.7552],[80.4064,21.7491],[80.3857,21.7618],[80.3822,21.7751],[80.3901,21.7865],[80.2959,21.7801],[80.2885,21.8065],[80.3011,21.824],[80.301,21.8386],[80.3409,21.8592],[80.3499,21.8545],[80.3467,21.8424],[80.3301,21.8347],[80.3405,21.8154]]]]}},{"type":"Feature","properties":{"name":"Mainpat","kind":"mountain range","wikidata":"Q26783781","area_km2":746,"source":"GMBA Mountain Inventory v2.0 (CC BY 4.0)"},"geometry":{"type":"MultiPolygon","coordinates":[[[[83.747,22.8172],[83.7472,22.7926],[83.7634,22.8013],[83.7579,22.8118],[83.7699,22.8177],[83.7696,22.825],[83.7889,22.8236],[83.7881,22.804],[83.805,22.7606],[83.8163,22.7533],[83.8206,22.7262],[83.8095,22.6872],[83.7957,22.6811],[83.782,22.6821],[83.7568,22.7012],[83.76,22.7277],[83.7392,22.7485],[83.7236,22.7447],[83.7141,22.7594],[83.7177,22.7842],[83.6947,22.8018],[83.7289,22.8011],[83.7402,22.819],[83.7167,22.8249],[83.6991,22.8512],[83.7361,22.8675],[83.7509,22.8439],[83.7429,22.8288],[83.747,22.8172]]],[[[83.6008,22.7823],[83.5825,22.7841],[83.5836,22.8049],[83.6112,22.7923],[83.6008,22.7823]]],[[[83.5512,22.9053],[83.5647,22.9011],[83.5682,22.9164],[83.5754,22.9124],[83.5779,22.9001],[83.5603,22.8728],[83.5414,22.873],[83.5211,22.8922],[83.4971,22.9018],[83.497,22.9346],[83.5048,22.9425],[83.5274,22.9159],[83.5512,22.9053]]],[[[83.343,22.9653],[83.3496,22.9582],[83.3697,22.9658],[83.3761,22.9588],[83.4054,22.9561],[83.4362,22.9285],[83.4305,22.8868],[83.3956,22.8468],[83.3994,22.827],[83.4101,22.8197],[83.4253,22.8313],[83.4397,22.8245],[83.4588,22.8102],[83.4655,22.794],[83.4621,22.7845],[83.4093,22.7658],[83.4144,22.7467],[83.4054,22.7115],[83.3817,22.7175],[83.3722,22.7072],[83.341,22.7097],[83.3269,22.6989],[83.3106,22.7145],[83.2885,22.7208],[83.2988,22.7026],[83.2775,22.6669],[83.2815,22.6554],[83.2674,22.6525],[83.2285,22.6865],[83.2107,22.7386],[83.1826,22.7432],[83.177,22.7374],[83.133,22.7626],[83.1228,22.7582],[83.0965,22.8571],[83.1255,22.8693],[83.1287,22.8858],[83.1551,22.8944],[83.1581,22.9071],[83.1681,22.8937],[83.1617,22.8781],[83.1695,22.8778],[83.2068,22.9319],[83.2539,22.9312],[83.2949,22.9611],[83.3348,22.9706],[83.343,22.9653]]]]}},{"type":"Feature","properties":{"name":"Male Mahadeshwara Hills","kind":"mountain range","wikidata":"Q12061451","area_km2":3224,"source":"GMBA Mountain Inventory v2.0 (CC BY 4.0)"},"geometry":{"type":"MultiPolygon","coordinates":[[[[78.2671,12.4584],[78.2808,12.4489],[78.2956,12.4529],[78.3045,12.4429],[78.3081,12.4197],[78.2978,12.4103],[78.2573,12.4172],[78.2675,12.4316],[78.2323,12.4432],[78.2351,12.4689],[78.2671,12.4584]]],[[[78.1322,12.4718],[78.148,12.4581],[78.1568,12.4675],[78.168,12.4358],[78.1649,12.4257],[78.153,12.4258],[78.1497,12.4363],[78.1332,12.3894],[78.1132,12.3929],[78.1102,12.4112],[78.1217,12.4111],[78.1112,12.4213],[78.1145,12.4433],[78.1077,12.4531],[78.1245,12.4759],[78.1322,12.4718]]],[[[78.1395,12.357],[78.1122,12.3501],[78.0927,12.3624],[78.1432,12.3862],[78.1487,12.3727],[78.1395,12.357]]],[[[78.0232,12.1981],[78.002,12.1728],[77.9797,12.173],[77.9711,12.1868],[77.9719,12.1971],[77.9834,12.1969],[77.9827,12.2272],[78.0098,12.2367],[78.0118,12.2773],[78.0423,12.2883],[78.0569,12.2572],[78.0232,12.1981]]],[[[77.9551,12.4446],[77.9759,12.4097],[77.9681,12.3716],[77.9988,12.3698],[77.9965,12.3307],[77.9786,12.3278],[77.974,12.3135],[77.9613,12.3093],[77.9675,12.3033],[77.9674,12.2718],[77.9811,12.2656],[77.978,12.2526],[77.9531,12.2258],[77.9188,12.2108],[77.9014,12.2168],[77.8933,12.1869],[77.879,12.176],[77.851,12.1802],[77.8511,12.1657],[77.8364,12.1459],[77.8182,12.1365],[77.7999,12.1361],[77.7775,12.1501],[77.7782,12.1842],[77.7562,12.1819],[77.753,12.1884],[77.73,12.1731],[77.7221,12.1344],[77.7051,12.1261],[77.7081,12.1043],[77.7207,12.0917],[77.6918,12.0482],[77.703,12.022],[77.7007,12.0098],[77.6899,11.983],[77.6635,11.9726],[77.6823,11.9529],[77.676,11.9074],[77.6905,11.8865],[77.6793,11.8737],[77.668,11.874],[77.6614,11.8532],[77.667,11.8468],[77.6839,11.8634],[77.6987,11.8637],[77.7042,11.853],[77.6905,11.8136],[77.704,11.8165],[77.7134,11.8075],[77.7132,11.7823],[77.7289,11.7759],[77.7423,11.82],[77.757,11.8425],[77.7653,11.8427],[77.778,11.8333],[77.7697,11.8096],[77.7894,11.8155],[77.7972,11.7971],[77.776,11.7292],[77.7837,11.7302],[77.7992,11.7558],[77.8205,11.7615],[77.8557,11.7967],[77.8717,11.7934],[77.8721,11.775],[77.8552,11.7286],[77.8159,11.7165],[77.8094,11.6968],[77.7863,11.6928],[77.7472,11.6509],[77.7299,11.6485],[77.7183,11.6333],[77.7008,11.6262],[77.6801,11.6568],[77.6988,11.6986],[77.6878,11.7164],[77.7009,11.7528],[77.6782,11.7301],[77.6644,11.7359],[77.6438,11.699],[77.6125,11.6759],[77.593,11.6784],[77.5864,11.6947],[77.5844,11.6802],[77.5698,11.6737],[77.5401,11.7729],[77.5196,11.7925],[77.4946,11.8655],[77.4988,11.8758],[77.4863,11.8904],[77.495,11.9441],[77.477,11.9644],[77.479,11.9789],[77.4961,11.9871],[77.5082,12.0203],[77.4998,12.0327],[77.516,12.0876],[77.5038,12.1193],[77.5341,12.1821],[77.5362,12.1655],[77.5528,12.1613],[77.5502,12.1842],[77.5751,12.1841],[77.5843,12.2048],[77.5652,12.212],[77.5435,12.207],[77.5345,12.1885],[77.5016,12.1883],[77.4593,12.2091],[77.4605,12.258],[77.4652,12.282],[77.4759,12.2923],[77.4758,12.3113],[77.4972,12.3083],[77.53,12.3175],[77.5815,12.3556],[77.614,12.3363],[77.6482,12.3517],[77.6587,12.3892],[77.651,12.3966],[77.6778,12.3968],[77.6784,12.4071],[77.6625,12.4047],[77.6591,12.4319],[77.6886,12.4545],[77.6883,12.4405],[77.7008,12.4406],[77.7066,12.4322],[77.7013,12.417],[77.7228,12.4201],[77.7361,12.4137],[77.7488,12.3888],[77.7332,12.3725],[77.724,12.3821],[77.724,12.3719],[77.7013,12.3487],[77.6771,12.3462],[77.6655,12.3113],[77.6779,12.2926],[77.706,12.3071],[77.731,12.3002],[77.7299,12.2323],[77.7387,12.2264],[77.7551,12.2421],[77.7502,12.2524],[77.7613,12.2631],[77.7468,12.2623],[77.752,12.2829],[77.7438,12.2937],[77.7634,12.318],[77.7447,12.3527],[77.7562,12.3755],[77.799,12.3779],[77.8111,12.3905],[77.8162,12.378],[77.8293,12.3964],[77.8526,12.3884],[77.8685,12.4245],[77.88,12.4365],[77.8926,12.4362],[77.8914,12.4762],[77.8994,12.5005],[77.936,12.4976],[77.9447,12.4571],[77.9551,12.4446]]],[[[77.8062,12.1292],[77.8163,12.1003],[77.8093,12.0921],[77.7957,12.0932],[77.783,12.0743],[77.7904,12.0541],[77.7802,12.0188],[77.7863,12.0079],[77.7798,11.9998],[77.7705,12.005],[77.7541,11.9707],[77.7322,11.9744],[77.701,12.0022],[77.7345,12.0423],[77.7455,12.0774],[77.7634,12.0959],[77.752,12.1063],[77.7561,12.1245],[77.7893,12.1362],[77.8062,12.1292]]],[[[77.524,12.5795],[77.5343,12.5722],[77.5477,12.58],[77.5669,12.5328],[77.5624,12.5163],[77.5457,12.5061],[77.5012,12.514],[77.4813,12.5312],[77.4781,12.5487],[77.4953,12.5763],[77.524,12.5795]]],[[[77.5573,12.3529],[77.5437,12.3374],[77.5309,12.3387],[77.5342,12.3532],[77.5467,12.3524],[77.5466,12.3612],[77.5592,12.362],[77.5573,12.3529]]],[[[77.2656,12.4093],[77.3014,12.407],[77.3287,12.3878],[77.3623,12.3836],[77.3801,12.3916],[77.3953,12.3839],[77.4121,12.3322],[77.4375,12.3384],[77.4402,12.3084],[77.4104,12.2941],[77.401,12.2778],[77.4165,12.2705],[77.4243,12.254],[77.4431,12.2488],[77.4425,12.234],[77.4223,12.2393],[77.4103,12.2269],[77.3959,12.2284],[77.3599,12.2525],[77.3759,12.271],[77.3367,12.2825],[77.3207,12.3032],[77.2867,12.3059],[77.2531,12.3243],[77.2592,12.3372],[77.2302,12.4057],[77.2472,12.4157],[77.2656,12.4093]]],[[[77.3343,12.2718],[77.3367,12.2588],[77.3488,12.2595],[77.3448,12.2475],[77.3774,12.2334],[77.3863,12.2104],[77.3835,12.1907],[77.3552,12.1887],[77.3494,12.1761],[77.3215,12.1833],[77.2977,12.1727],[77.2852,12.2029],[77.3007,12.1973],[77.3092,12.2162],[77.2984,12.2694],[77.3171,12.274],[77.3209,12.2863],[77.3319,12.2833],[77.3343,12.2718]]],[[[77.2704,12.4559],[77.2645,12.4478],[77.2535,12.4512],[77.2442,12.4772],[77.2465,12.4946],[77.2595,12.4885],[77.2704,12.4559]]],[[[77.2427,12.2727],[77.2589,12.2571],[77.2352,12.2079],[77.2166,12.1978],[77.2085,12.2154],[77.1809,12.201],[77.1624,12.2105],[77.1642,12.2316],[77.1811,12.2586],[77.1925,12.2612],[77.2102,12.2468],[77.2183,12.2642],[77.2158,12.2696],[77.204,12.2603],[77.1918,12.2705],[77.1896,12.2915],[77.2082,12.3186],[77.2409,12.3103],[77.2543,12.287],[77.2427,12.2727]]]]}},{"type":"Feature","properties":{"name":"Meghalaya","kind":"mountain range","wikidata":"Q1195","area_km2":18031,"source":"GMBA Mountain Inventory v2.0 (CC BY 4.0)"},"geometry":{"type":"MultiPolygon","coordinates":[[[[93.3945,26.5843],[93.455,26.5844],[93.466,26.5488],[93.4862,26.5608],[93.5227,26.5488],[93.5447,26.5655],[93.6127,26.5762],[93.6343,26.5614],[93.629,26.5402],[93.5891,26.5368],[93.5718,26.5239],[93.5864,26.4988],[93.5888,26.4697],[93.5987,26.4722],[93.6014,26.4946],[93.6197,26.4842],[93.6329,26.5165],[93.6526,26.5363],[93.6712,26.5341],[93.7059,26.4281],[93.7379,26.4284],[93.7926,26.4066],[93.7571,26.3638],[93.7573,26.351],[93.7112,26.3161],[93.7115,26.3009],[93.701,26.2908],[93.704,26.2842],[93.7216,26.2845],[93.7279,26.2718],[93.7551,26.2718],[93.7676,26.2595],[93.7642,26.2418],[93.7424,26.2215],[93.7386,26.1847],[93.6906,26.1635],[93.6923,26.1277],[93.6819,26.1043],[93.6491,26.0768],[93.6177,26.0197],[93.5741,25.9947],[93.5535,25.9943],[93.5136,26.0028],[93.5067,26.0175],[93.4673,26.0132],[93.4238,26.0196],[93.3885,26.0528],[93.403,26.0735],[93.3821,26.0828],[93.369,26.1191],[93.3455,26.1245],[93.3093,26.1198],[93.3059,26.1065],[93.3385,26.0904],[93.3436,26.0669],[93.3355,26.0474],[93.3262,26.0426],[93.3181,26.0542],[93.2841,26.0576],[93.2674,26.0896],[93.2677,26.1048],[93.2345,26.1167],[93.2323,26.1425],[93.2016,26.136],[93.1741,26.1403],[93.1552,26.1608],[93.1549,26.1757],[93.2169,26.2109],[93.1982,26.2676],[93.2102,26.2917],[93.199,26.3071],[93.1055,26.2697],[93.0969,26.2863],[93.0766,26.2782],[93.0659,26.2854],[93.0484,26.274],[93.0142,26.2763],[93.0064,26.2895],[93.0155,26.3015],[93.01,26.3035],[92.9825,26.28],[92.9718,26.2802],[92.9606,26.2541],[92.9676,26.2437],[92.9638,26.2263],[92.9383,26.2103],[92.9362,26.1675],[92.9013,26.1343],[92.7943,26.1366],[92.7594,26.1529],[92.747,26.1828],[92.7841,26.2048],[92.8328,26.2865],[92.8483,26.2945],[92.8866,26.2933],[92.8915,26.3184],[92.9068,26.3263],[92.9198,26.3509],[92.934,26.3986],[92.9713,26.4201],[92.9743,26.4294],[93.0229,26.4513],[93.0417,26.4487],[93.0603,26.4237],[93.0738,26.4238],[93.1033,26.4394],[93.1214,26.4654],[93.1405,26.4775],[93.1467,26.4695],[93.177,26.4894],[93.1894,26.4876],[93.2002,26.5041],[93.2301,26.5004],[93.2251,26.4805],[93.2331,26.4764],[93.2446,26.482],[93.2461,26.5038],[93.263,26.5153],[93.299,26.5113],[93.3216,26.4823],[93.3803,26.4911],[93.4019,26.4769],[93.4231,26.4824],[93.399,26.5363],[93.3722,26.5301],[93.351,26.535],[93.3584,26.5228],[93.3518,26.5165],[93.3606,26.5081],[93.3512,26.5017],[93.318,26.5047],[93.3053,26.5204],[93.3049,26.5362],[93.3197,26.5569],[93.301,26.5647],[93.3007,26.5798],[93.3132,26.5883],[93.3945,26.5843]]],[[[91.1541,25.6207],[91.1674,25.626],[91.1634,25.6618],[91.1335,25.684],[91.1212,25.6718],[91.1128,25.6809],[91.1134,25.7073],[91.0735,25.6864],[91.0561,25.6983],[91.0531,25.7058],[91.0823,25.7466],[91.0755,25.7571],[91.0258,25.7111],[91.005,25.705],[90.984,25.7095],[90.9763,25.7257],[91.0017,25.7463],[91.0158,25.7723],[91.0049,25.7925],[91.0026,25.7822],[90.984,25.7904],[90.9799,25.7716],[90.9679,25.7676],[90.9593,25.7754],[90.9904,25.7984],[90.9854,25.805],[90.9499,25.7882],[90.9069,25.7256],[90.8943,25.7218],[90.8423,25.7554],[90.8307,25.755],[90.8357,25.7407],[90.8257,25.7259],[90.8062,25.746],[90.8023,25.7626],[90.7835,25.7572],[90.7593,25.7745],[90.7773,25.8025],[90.7695,25.8092],[90.7506,25.7864],[90.7509,25.8219],[90.7344,25.8213],[90.7195,25.8342],[90.7088,25.8116],[90.682,25.7968],[90.6714,25.8114],[90.6716,25.8352],[90.6871,25.8666],[90.697,25.8696],[90.7056,25.8572],[90.7127,25.8752],[90.7232,25.8779],[90.7868,25.828],[90.7947,25.8366],[90.7879,25.8429],[90.803,25.8506],[90.7926,25.8634],[90.7911,25.897],[90.8198,25.9284],[90.8412,25.9306],[90.8615,25.9216],[90.8772,25.93],[90.8933,25.9205],[90.911,25.9329],[90.9157,25.9471],[90.9436,25.9517],[90.9656,25.9301],[90.9743,25.8963],[91.0039,25.8822],[91.023,25.8889],[91.0544,25.8798],[91.068,25.8572],[91.0824,25.8613],[91.0826,25.853],[91.1022,25.8685],[91.1294,25.8716],[91.1435,25.8619],[91.1356,25.8489],[91.1566,25.8598],[91.1631,25.8734],[91.1803,25.8697],[91.1939,25.8884],[91.2041,25.8814],[91.2433,25.8936],[91.2746,25.9342],[91.3298,25.9218],[91.3298,25.8771],[91.301,25.8584],[91.329,25.8408],[91.3558,25.8578],[91.3967,25.8597],[91.3909,25.8706],[91.4078,25.8762],[91.4832,25.8686],[91.5176,25.8946],[91.4949,25.9054],[91.4781,25.9263],[91.4778,25.9418],[91.4924,25.9514],[91.4947,25.9657],[91.5112,25.9822],[91.5389,25.9892],[91.5635,26.0141],[91.5633,26.0252],[91.5797,26.0376],[91.5884,26.0332],[91.5848,26.0456],[91.6188,26.0574],[91.6236,26.0673],[91.6652,26.0763],[91.6684,26.0924],[91.7382,26.0864],[91.7634,26.0755],[91.7364,26.0645],[91.7282,26.0302],[91.6864,26.0342],[91.6734,26.0446],[91.669,26.0348],[91.678,26.0261],[91.6491,26.0107],[91.6394,25.996],[91.6292,26.003],[91.6219,25.9984],[91.6257,25.977],[91.6356,25.9722],[91.6278,25.9497],[91.6177,25.9448],[91.6173,25.9259],[91.6301,25.9291],[91.6303,25.9158],[91.6177,25.9135],[91.6115,25.8905],[91.599,25.9071],[91.5903,25.8466],[91.5671,25.8393],[91.5593,25.824],[91.5732,25.8223],[91.5779,25.8321],[91.6405,25.8236],[91.654,25.8378],[91.682,25.8445],[91.7114,25.8656],[91.7263,25.8652],[91.7488,25.8841],[91.7363,25.8989],[91.7122,25.8941],[91.6772,25.9104],[91.6676,25.934],[91.6699,25.9621],[91.6794,25.9686],[91.6944,25.953],[91.7067,25.957],[91.7103,25.9426],[91.7636,25.9434],[91.7731,25.9497],[91.7655,25.9569],[91.7926,25.9612],[91.7758,26.0127],[91.8297,26.055],[91.8655,26.0543],[91.8617,26.0372],[91.8815,26.039],[91.9089,26.0255],[91.9123,26.0113],[91.9394,26.027],[91.9763,26.017],[91.9821,26.0051],[92.053,26.0382],[92.0348,26.0504],[92.0248,26.0885],[92.0765,26.1008],[92.1273,26.1018],[92.1396,26.0978],[92.1517,26.0718],[92.1694,26.0719],[92.1763,26.0576],[92.2026,26.0431],[92.1594,26.0303],[92.1551,26.0179],[92.1885,26.0267],[92.2049,26.0155],[92.2248,26.022],[92.2199,26.0316],[92.2588,26.0386],[92.2799,26.0634],[92.316,26.0754],[92.3378,26.0647],[92.3568,26.0771],[92.3527,26.0941],[92.3405,26.0981],[92.3426,26.1115],[92.3627,26.1397],[92.3908,26.1498],[92.4108,26.1422],[92.4249,26.1253],[92.4453,26.1384],[92.4617,26.1253],[92.4861,26.0952],[92.4892,26.0614],[92.4697,26.0711],[92.4699,26.0572],[92.4563,26.0634],[92.4574,26.0555],[92.4947,26.0252],[92.5223,26.0304],[92.532,26.0405],[92.5459,26.0361],[92.5676,26.0115],[92.5655,25.9944],[92.5405,25.9705],[92.58,25.9598],[92.5911,25.9673],[92.6064,25.9483],[92.5803,25.9156],[92.5598,25.9157],[92.5564,25.9018],[92.5362,25.906],[92.51,25.8895],[92.4924,25.8904],[92.4805,25.878],[92.4685,25.8839],[92.4426,25.825],[92.4705,25.8072],[92.505,25.8343],[92.5375,25.8443],[92.5566,25.7953],[92.528,25.7873],[92.5188,25.7921],[92.4802,25.7613],[92.4649,25.7578],[92.4365,25.7879],[92.4308,25.8197],[92.4186,25.8197],[92.3993,25.7989],[92.374,25.8071],[92.3739,25.7964],[92.3517,25.7697],[92.3371,25.7694],[92.325,25.7988],[92.3156,25.7929],[92.3188,25.782],[92.3052,25.7823],[92.3004,25.7675],[92.2804,25.7572],[92.2686,25.7837],[92.2473,25.7768],[92.2375,25.7536],[92.2205,25.7516],[92.2024,25.7365],[92.1845,25.7361],[92.1739,25.7492],[92.1755,25.782],[92.1557,25.7844],[92.1427,25.8135],[92.126,25.8052],[92.1488,25.7678],[92.1362,25.7445],[92.1072,25.7415],[92.0762,25.7611],[92.0666,25.78],[92.0158,25.7863],[92.0034,25.77],[91.9923,25.7775],[91.9828,25.7683],[91.9864,25.7613],[91.9597,25.7078],[91.9227,25.6771],[91.9506,25.6598],[91.9856,25.651],[92.0033,25.6565],[92.0241,25.6319],[92.0161,25.625],[92.0557,25.6002],[92.0936,25.5955],[92.1148,25.5679],[92.1236,25.5672],[92.1401,25.6195],[92.1541,25.6165],[92.1631,25.6404],[92.1905,25.6357],[92.166,25.6323],[92.1585,25.6001],[92.1696,25.5949],[92.1621,25.5797],[92.1675,25.5641],[92.1536,25.5388],[92.1357,25.5338],[92.1393,25.4429],[92.1551,25.4313],[92.1529,25.4122],[92.1384,25.4015],[92.1322,25.3659],[92.1506,25.3276],[92.1409,25.304],[92.1505,25.2989],[92.1547,25.3055],[92.1531,25.3547],[92.1859,25.3821],[92.1993,25.3666],[92.1906,25.343],[92.2107,25.3467],[92.2196,25.3403],[92.2164,25.3225],[92.2324,25.3176],[92.2383,25.303],[92.2479,25.308],[92.2638,25.2947],[92.2713,25.3065],[92.3018,25.3077],[92.3113,25.2887],[92.3089,25.2784],[92.2947,25.2749],[92.2946,25.2661],[92.324,25.2766],[92.3236,25.2963],[92.3362,25.3156],[92.3581,25.3079],[92.3694,25.3196],[92.3802,25.3171],[92.3864,25.2884],[92.3327,25.2372],[92.3543,25.1905],[92.3621,25.2062],[92.3946,25.209],[92.3988,25.2173],[92.3964,25.2375],[92.3802,25.2415],[92.3857,25.2604],[92.4072,25.2659],[92.3905,25.287],[92.3961,25.2965],[92.451,25.3008],[92.4779,25.3195],[92.4826,25.3365],[92.5019,25.34],[92.5154,25.3155],[92.5299,25.3384],[92.5354,25.3358],[92.5216,25.2926],[92.5341,25.2956],[92.5375,25.3166],[92.5628,25.3359],[92.5679,25.3543],[92.5968,25.3696],[92.576,25.3923],[92.603,25.3939],[92.6295,25.3721],[92.6862,25.3656],[92.6904,25.3509],[92.7344,25.3655],[92.7736,25.344],[92.7757,25.3135],[92.7939,25.3065],[92.8134,25.3195],[92.8136,25.3842],[92.8012,25.3801],[92.7949,25.3912],[92.7945,25.4071],[92.8051,25.4173],[92.7785,25.4065],[92.7753,25.3968],[92.7573,25.4196],[92.701,25.4331],[92.7032,25.4555],[92.7204,25.472],[92.7265,25.4957],[92.7447,25.5043],[92.7508,25.5359],[92.7098,25.5473],[92.7035,25.5633],[92.6572,25.5524],[92.6575,25.5959],[92.683,25.6199],[92.7155,25.6192],[92.7112,25.6484],[92.7238,25.6632],[92.6989,25.6706],[92.6887,25.686],[92.6412,25.6809],[92.618,25.6988],[92.5969,25.6968],[92.5886,25.6823],[92.5782,25.6821],[92.551,25.7476],[92.5737,25.7696],[92.5969,25.7742],[92.5996,25.7949],[92.6505,25.7986],[92.6574,25.8102],[92.6931,25.7896],[92.7028,25.7946],[92.7139,25.7464],[92.7342,25.7325],[92.7434,25.7128],[92.7439,25.6984],[92.726,25.6615],[92.7321,25.655],[92.7406,25.6608],[92.7404,25.6468],[92.753,25.6346],[92.7425,25.6238],[92.7378,25.595],[92.7581,25.5303],[92.7945,25.5446],[92.8026,25.5421],[92.8084,25.5241],[92.8215,25.5197],[92.8631,25.5425],[92.888,25.5364],[92.9048,25.5446],[92.9354,25.541],[92.9427,25.5196],[92.9418,25.4768],[92.9588,25.4565],[92.9729,25.4117],[93.0217,25.3718],[93.0369,25.3821],[93.0655,25.3656],[93.0547,25.3442],[93.0593,25.3222],[93.0468,25.3024],[93.0463,25.2782],[93.0522,25.2752],[93.0842,25.2945],[93.0841,25.3132],[93.1049,25.3321],[93.1134,25.3282],[93.1085,25.3161],[93.1257,25.2995],[93.1177,25.2877],[93.1585,25.2776],[93.1654,25.2634],[93.1749,25.2665],[93.1757,25.2469],[93.134,25.2384],[93.0961,25.2056],[93.0948,25.1925],[93.0364,25.1596],[93.0325,25.117],[93.0054,25.0971],[93.0062,25.0762],[92.9827,25.0735],[92.9797,25.054],[92.9126,25.0059],[92.8978,24.9853],[92.8932,24.9937],[92.843,24.9724],[92.8005,24.9655],[92.7833,24.9742],[92.7338,24.9787],[92.7277,24.991],[92.6959,24.9987],[92.6517,24.9699],[92.6262,24.9676],[92.6107,24.9807],[92.6115,25.0007],[92.577,25.0089],[92.5334,25.0052],[92.4905,25.017],[92.4316,25.016],[92.4155,25.0227],[92.3739,25.0636],[92.2512,25.0944],[92.2034,25.1384],[92.0561,25.1839],[91.9874,25.1712],[91.9302,25.1792],[91.7839,25.1652],[91.7524,25.1717],[91.7168,25.1635],[91.6281,25.179],[91.6146,25.1733],[91.5387,25.1799],[91.5024,25.1925],[91.437,25.1827],[91.3567,25.2144],[91.3107,25.1935],[91.2958,25.2022],[91.2774,25.1968],[91.2522,25.2071],[91.2288,25.1947],[91.1374,25.1902],[91.0197,25.1969],[91.0009,25.1875],[90.9738,25.1925],[90.9612,25.2032],[90.9609,25.2175],[90.949,25.2112],[90.9468,25.192],[90.9367,25.1827],[90.9065,25.1801],[90.8674,25.1946],[90.8625,25.1843],[90.8195,25.1826],[90.7978,25.1976],[90.7728,25.2491],[90.7269,25.2545],[90.7024,25.272],[90.6874,25.2881],[90.6831,25.329],[90.677,25.3224],[90.6465,25.326],[90.6469,25.337],[90.6245,25.3616],[90.6061,25.3615],[90.6018,25.3523],[90.5799,25.3551],[90.5751,25.3653],[90.5486,25.3572],[90.5491,25.3686],[90.5347,25.3837],[90.5227,25.3773],[90.4973,25.3873],[90.4852,25.4148],[90.4413,25.4259],[90.4106,25.4147],[90.3879,25.4217],[90.376,25.411],[90.4122,25.4002],[90.4487,25.4069],[90.4834,25.3939],[90.4923,25.3676],[90.5074,25.3779],[90.5023,25.3573],[90.5176,25.334],[90.4854,25.3218],[90.4508,25.3427],[90.411,25.3467],[90.3783,25.3675],[90.3247,25.3739],[90.2987,25.3995],[90.299,25.4086],[90.2641,25.4235],[90.2585,25.4434],[90.2125,25.4734],[90.1919,25.5152],[90.2158,25.5478],[90.2182,25.5716],[90.2289,25.566],[90.2459,25.5832],[90.2746,25.576],[90.2671,25.6023],[90.2749,25.6137],[90.2744,25.6398],[90.263,25.6713],[90.2687,25.7075],[90.302,25.7224],[90.3245,25.7109],[90.3448,25.7117],[90.3694,25.7324],[90.3724,25.7482],[90.4041,25.7571],[90.4113,25.7526],[90.401,25.7422],[90.4057,25.7059],[90.4207,25.7023],[90.4049,25.6551],[90.3814,25.6826],[90.3546,25.6815],[90.3456,25.6659],[90.3246,25.6696],[90.2933,25.6612],[90.2906,25.6459],[90.3142,25.6313],[90.3104,25.602],[90.3225,25.5876],[90.3575,25.5927],[90.3572,25.6052],[90.3962,25.6175],[90.4029,25.5994],[90.4268,25.5927],[90.4356,25.6071],[90.4584,25.5939],[90.457,25.5578],[90.4717,25.55],[90.4628,25.5354],[90.4676,25.5194],[90.4773,25.5197],[90.4805,25.5365],[90.5035,25.5445],[90.5212,25.5225],[90.572,25.4966],[90.5876,25.4739],[90.6363,25.4618],[90.6387,25.4465],[90.65,25.4576],[90.6843,25.4547],[90.7084,25.4421],[90.7119,25.4274],[90.7287,25.4166],[90.7385,25.4232],[90.7804,25.4038],[90.8047,25.4217],[90.8074,25.3945],[90.814,25.3947],[90.8138,25.4308],[90.8256,25.4425],[90.8295,25.3956],[90.8426,25.3829],[90.8351,25.4127],[90.8387,25.4571],[90.846,25.4613],[90.8612,25.3678],[90.8844,25.365],[90.8926,25.3547],[90.8831,25.3458],[90.8802,25.3234],[90.9182,25.3319],[90.9424,25.3214],[90.9467,25.3105],[90.9352,25.3068],[90.9407,25.2965],[90.9823,25.2783],[90.9888,25.2863],[91.0099,25.2782],[91.0337,25.2433],[91.0428,25.2405],[91.0561,25.2544],[91.1106,25.228],[91.1592,25.2421],[91.1342,25.2695],[91.1153,25.2717],[91.1058,25.282],[91.0956,25.2751],[91.0669,25.2803],[91.0636,25.3031],[91.0335,25.3294],[91.0144,25.3347],[90.9948,25.3857],[90.9839,25.374],[90.9782,25.3824],[90.9866,25.4047],[91.0009,25.4122],[90.9676,25.4763],[90.9716,25.4906],[91.0389,25.5321],[91.0588,25.5234],[91.0681,25.5089],[91.1075,25.5095],[91.1166,25.5217],[91.1197,25.51],[91.1051,25.4914],[91.117,25.4855],[91.112,25.4499],[91.1219,25.4468],[91.1218,25.4553],[91.1363,25.4626],[91.126,25.4784],[91.1446,25.5067],[91.1583,25.51],[91.1803,25.5009],[91.1909,25.473],[91.2003,25.4697],[91.209,25.496],[91.2473,25.5071],[91.2592,25.484],[91.2426,25.4641],[91.2523,25.4406],[91.2485,25.4225],[91.2274,25.4093],[91.2062,25.4252],[91.1874,25.4099],[91.1906,25.3944],[91.2012,25.3949],[91.2076,25.4071],[91.2155,25.3986],[91.2228,25.4064],[91.2645,25.3639],[91.2762,25.4012],[91.2982,25.398],[91.3139,25.3695],[91.3445,25.3937],[91.3731,25.39],[91.3972,25.3967],[91.4053,25.3924],[91.4059,25.3602],[91.4481,25.3408],[91.4647,25.3535],[91.4941,25.3524],[91.5046,25.3605],[91.5164,25.3723],[91.5121,25.3803],[91.5203,25.394],[91.5382,25.4113],[91.558,25.4089],[91.5672,25.399],[91.5614,25.386],[91.5759,25.3838],[91.5605,25.3686],[91.5618,25.3572],[91.5734,25.3633],[91.5853,25.3542],[91.6489,25.3903],[91.6759,25.3872],[91.6961,25.3974],[91.7174,25.4176],[91.7349,25.4197],[91.7692,25.455],[91.8022,25.4197],[91.8313,25.4345],[91.8408,25.4341],[91.8464,25.4221],[91.853,25.4265],[91.849,25.4452],[91.8963,25.4696],[91.9092,25.4597],[91.9284,25.4823],[91.928,25.5263],[91.8832,25.5342],[91.8239,25.5263],[91.8297,25.5373],[91.8124,25.5188],[91.7971,25.5151],[91.793,25.4977],[91.7494,25.4718],[91.7384,25.4884],[91.7364,25.5174],[91.7656,25.5488],[91.7676,25.5718],[91.7787,25.5872],[91.7732,25.5976],[91.7216,25.5926],[91.7031,25.5727],[91.7178,25.5766],[91.7175,25.5688],[91.6922,25.5677],[91.6929,25.586],[91.6755,25.6175],[91.6443,25.6219],[91.6406,25.6305],[91.6586,25.6596],[91.6353,25.6867],[91.6101,25.6946],[91.5838,25.6807],[91.5587,25.6842],[91.5593,25.669],[91.583,25.6699],[91.5798,25.6606],[91.5593,25.6548],[91.5844,25.6552],[91.5973,25.6456],[91.6009,25.6293],[91.5919,25.6123],[91.5694,25.6048],[91.5592,25.5751],[91.5096,25.5735],[91.4999,25.5809],[91.475,25.5648],[91.4584,25.5696],[91.4531,25.5498],[91.4759,25.5445],[91.451,25.5398],[91.4592,25.517],[91.4028,25.5238],[91.3952,25.532],[91.4078,25.5582],[91.3841,25.5825],[91.3851,25.6094],[91.3725,25.6094],[91.3625,25.6321],[91.3374,25.6176],[91.3404,25.6437],[91.2986,25.6489],[91.2991,25.6624],[91.2902,25.6666],[91.2784,25.6603],[91.2926,25.6391],[91.288,25.628],[91.2779,25.6334],[91.2534,25.6204],[91.2424,25.6259],[91.2156,25.6009],[91.2084,25.5989],[91.2044,25.6116],[91.1847,25.6115],[91.1672,25.5947],[91.1542,25.6077],[91.1541,25.6207]]],[[[91.1541,25.6207],[91.133,25.6137],[91.1266,25.6537],[91.1421,25.6526],[91.1541,25.6207]]],[[[93.0508,26.5719],[93.0745,26.5714],[93.0891,26.5628],[93.1437,26.5686],[93.1561,26.5582],[93.1698,26.5599],[93.1758,26.5358],[93.1662,26.5317],[93.1628,26.516],[93.1357,26.4816],[93.1303,26.4888],[93.1145,26.479],[93.0969,26.4902],[93.0568,26.4875],[93.0462,26.4953],[93.0341,26.5363],[93.0118,26.5384],[93.0085,26.5501],[93.0462,26.5841],[93.0633,26.5765],[93.0508,26.5719]]],[[[92.6851,25.8957],[92.6836,25.8814],[92.6963,25.883],[92.7248,25.8685],[92.7323,25.8531],[92.7362,25.8289],[92.723,25.8158],[92.7001,25.8204],[92.6839,25.8119],[92.6732,25.8503],[92.6821,25.8764],[92.6611,25.8888],[92.6413,25.8876],[92.6337,25.9041],[92.6581,25.9287],[92.67,25.9152],[92.6689,25.9058],[92.6851,25.8957]]],[[[92.5557,25.4958],[92.5551,25.4799],[92.5113,25.4551],[92.4936,25.4332],[92.4801,25.4388],[92.4838,25.4529],[92.4722,25.4468],[92.4608,25.4556],[92.4614,25.4727],[92.473,25.4878],[92.5113,25.4924],[92.5306,25.5073],[92.5557,25.4958]]],[[[92.4841,25.6429],[92.4853,25.6311],[92.4683,25.6407],[92.4752,25.6487],[92.4841,25.6429]]],[[[92.484,25.5274],[92.4811,25.5207],[92.4577,25.5332],[92.4521,25.5587],[92.4835,25.5451],[92.484,25.5274]]],[[[92.4205,25.5592],[92.4468,25.5342],[92.4213,25.5242],[92.3865,25.5244],[92.3561,25.5019],[92.3437,25.5036],[92.3203,25.5306],[92.3189,25.555],[92.3464,25.5603],[92.3712,25.5468],[92.3858,25.549],[92.3896,25.5613],[92.4205,25.5592]]],[[[91.9623,26.225],[91.966,26.1676],[91.9544,26.1531],[91.9311,26.1457],[91.9046,26.1511],[91.8859,26.1979],[91.8961,26.2224],[91.9506,26.2342],[91.9623,26.225]]],[[[91.9511,26.0368],[91.9478,26.0311],[91.9302,26.0324],[91.9339,26.0401],[91.9571,26.0436],[91.9511,26.0368]]],[[[91.7947,26.0426],[91.7684,26.0475],[91.7615,26.0606],[91.772,26.0643],[91.8051,26.0511],[91.7947,26.0426]]],[[[91.1513,25.5464],[91.1416,25.5332],[91.1344,25.5353],[91.1434,25.5591],[91.1513,25.5464]]],[[[90.8419,25.48],[90.8161,25.4637],[90.7999,25.4743],[90.7874,25.5124],[90.7968,25.5537],[90.8155,25.5727],[90.8275,25.5694],[90.8343,25.5409],[90.8529,25.5336],[90.8654,25.5152],[90.8635,25.4984],[90.8419,25.48]]],[[[90.6904,25.5135],[90.6546,25.5062],[90.6377,25.5203],[90.6348,25.5433],[90.674,25.5695],[90.6836,25.5674],[90.6972,25.5464],[90.6981,25.5167],[90.6904,25.5135]]],[[[90.5546,25.6625],[90.619,25.6494],[90.6279,25.6391],[90.6127,25.6358],[90.6082,25.6249],[90.5441,25.6325],[90.5408,25.6557],[90.5546,25.6625]]],[[[90.5343,26.0009],[90.501,25.9872],[90.5092,25.975],[90.5041,25.9665],[90.4746,25.9709],[90.4572,26.0026],[90.4814,26.02],[90.4937,26.0399],[90.526,26.0488],[90.5373,26.0633],[90.5595,26.0655],[90.578,26.0334],[90.5689,26.0184],[90.5343,26.0009]]],[[[90.1551,25.5843],[90.1947,25.5782],[90.1921,25.5494],[90.1641,25.5449],[90.152,25.5353],[90.1067,25.5454],[90.0737,25.596],[90.0815,25.6126],[90.0957,25.6199],[90.1126,25.5969],[90.1551,25.5843]]]]}},{"type":"Feature","properties":{"name":"Mikir Hills","kind":"mountain range","wikidata":"Q3313744","area_km2":3592,"source":"GMBA Mountain Inventory v2.0 (CC BY 4.0)"},"geometry":{"type":"MultiPolygon","coordinates":[[[[93.3945,26.5843],[93.455,26.5844],[93.466,26.5488],[93.4862,26.5608],[93.5227,26.5488],[93.5447,26.5655],[93.6127,26.5762],[93.6343,26.5614],[93.629,26.5402],[93.5891,26.5368],[93.5718,26.5239],[93.5864,26.4988],[93.5888,26.4697],[93.5987,26.4722],[93.6014,26.4946],[93.6197,26.4842],[93.6329,26.5165],[93.6526,26.5363],[93.6712,26.5341],[93.7059,26.4281],[93.7379,26.4284],[93.7926,26.4066],[93.7571,26.3638],[93.7573,26.351],[93.7112,26.3161],[93.7115,26.3009],[93.701,26.2908],[93.704,26.2842],[93.7216,26.2845],[93.7279,26.2718],[93.7551,26.2718],[93.7676,26.2595],[93.7642,26.2418],[93.7424,26.2215],[93.7386,26.1847],[93.6906,26.1635],[93.6923,26.1277],[93.6819,26.1043],[93.6491,26.0768],[93.6177,26.0197],[93.5741,25.9947],[93.5535,25.9943],[93.5136,26.0028],[93.5067,26.0175],[93.4673,26.0132],[93.4238,26.0196],[93.3885,26.0528],[93.403,26.0735],[93.3821,26.0828],[93.369,26.1191],[93.3455,26.1245],[93.3093,26.1198],[93.3059,26.1065],[93.3385,26.0904],[93.3436,26.0669],[93.3355,26.0474],[93.3262,26.0426],[93.3181,26.0542],[93.2841,26.0576],[93.2674,26.0896],[93.2677,26.1048],[93.2345,26.1167],[93.2323,26.1425],[93.2016,26.136],[93.1741,26.1403],[93.1552,26.1608],[93.1549,26.1757],[93.2169,26.2109],[93.1982,26.2676],[93.2102,26.2917],[93.199,26.3071],[93.1055,26.2697],[93.0969,26.2863],[93.0766,26.2782],[93.0659,26.2854],[93.0484,26.274],[93.0142,26.2763],[93.0064,26.2895],[93.0155,26.3015],[93.01,26.3035],[92.9825,26.28],[92.9718,26.2802],[92.9606,26.2541],[92.9676,26.2437],[92.9638,26.2263],[92.9383,26.2103],[92.9362,26.1675],[92.9013,26.1343],[92.7943,26.1366],[92.7594,26.1529],[92.747,26.1828],[92.7841,26.2048],[92.8328,26.2865],[92.8483,26.2945],[92.8866,26.2933],[92.8915,26.3184],[92.9068,26.3263],[92.9198,26.3509],[92.934,26.3986],[92.9713,26.4201],[92.9743,26.4294],[93.0229,26.4513],[93.0417,26.4487],[93.0603,26.4237],[93.0738,26.4238],[93.1033,26.4394],[93.1214,26.4654],[93.1405,26.4775],[93.1467,26.4695],[93.177,26.4894],[93.1894,26.4876],[93.2002,26.5041],[93.2301,26.5004],[93.2251,26.4805],[93.2331,26.4764],[93.2446,26.482],[93.2461,26.5038],[93.263,26.5153],[93.299,26.5113],[93.3216,26.4823],[93.3803,26.4911],[93.4019,26.4769],[93.4231,26.4824],[93.399,26.5363],[93.3722,26.5301],[93.351,26.535],[93.3584,26.5228],[93.3518,26.5165],[93.3606,26.5081],[93.3512,26.5017],[93.318,26.5047],[93.3053,26.5204],[93.3049,26.5362],[93.3197,26.5569],[93.301,26.5647],[93.3007,26.5798],[93.3132,26.5883],[93.3945,26.5843]]],[[[93.0508,26.5719],[93.0745,26.5714],[93.0891,26.5628],[93.1437,26.5686],[93.1561,26.5582],[93.1698,26.5599],[93.1758,26.5358],[93.1662,26.5317],[93.1628,26.516],[93.1357,26.4816],[93.1303,26.4888],[93.1145,26.479],[93.0969,26.4902],[93.0568,26.4875],[93.0462,26.4953],[93.0341,26.5363],[93.0118,26.5384],[93.0085,26.5501],[93.0462,26.5841],[93.0633,26.5765],[93.0508,26.5719]]]]}},{"type":"Feature","properties":{"name":"Miri Hills","kind":"mountain range","wikidata":"Q26782303","area_km2":6602,"source":"GMBA Mountain Inventory v2.0 (CC BY 4.0)"},"geometry":{"type":"Polygon","coordinates":[[[94.2291,27.9915],[94.2092,27.9715],[94.1283,27.9264],[94.13,27.8956],[94.1476,27.8873],[94.1863,27.8282],[94.1755,27.8197],[94.1551,27.8322],[94.1385,27.7942],[94.1436,27.7749],[94.1341,27.7642],[94.096,27.7504],[94.0056,27.7612],[93.9476,27.7974],[93.9259,27.8203],[93.9026,27.8005],[93.8467,27.783],[93.825,27.7871],[93.795,27.7737],[93.7531,27.7653],[93.744,27.7717],[93.7211,27.757],[93.6878,27.758],[93.6578,27.7489],[93.6223,27.7567],[93.6047,27.7973],[93.5903,27.8092],[93.5571,27.8072],[93.5168,27.7851],[93.5073,27.7717],[93.4696,27.7697],[93.4447,27.7527],[93.4247,27.7579],[93.4147,27.7501],[93.3946,27.753],[93.3332,27.7283],[93.301,27.7344],[93.2826,27.7222],[93.2701,27.6991],[93.216,27.6808],[93.2137,27.6699],[93.1895,27.6533],[93.1245,27.6239],[93.113,27.6271],[93.0865,27.6567],[93.0756,27.6491],[93.0566,27.6545],[93.0405,27.6364],[93.0299,27.6017],[92.977,27.5624],[92.8963,27.6116],[92.8527,27.6508],[92.8436,27.6462],[92.8163,27.662],[92.8113,27.678],[92.8112,27.7032],[92.845,27.7778],[92.8666,27.7828],[92.9114,27.7759],[92.9487,27.7986],[92.951,27.8051],[92.9281,27.8263],[92.9726,27.8684],[92.976,27.8828],[93.0272,27.871],[93.0795,27.8974],[93.0905,27.9276],[93.0801,27.9472],[93.0884,27.955],[93.1405,27.9517],[93.126,28.0067],[93.1297,28.0154],[93.1626,28.0156],[93.1977,28.0342],[93.2151,28.0176],[93.215,28.0442],[93.2552,28.078],[93.2576,28.1279],[93.2673,28.1283],[93.2989,28.1028],[93.3185,28.113],[93.3425,28.113],[93.353,28.1489],[93.3947,28.1634],[93.4155,28.1626],[93.4084,28.1975],[93.4363,28.2155],[93.477,28.2259],[93.4884,28.2217],[93.5153,28.2444],[93.5234,28.2777],[93.5571,28.2841],[93.5966,28.3059],[93.6065,28.3297],[93.5988,28.3488],[93.6033,28.3703],[93.6199,28.3696],[93.6572,28.3947],[93.7979,28.4137],[93.88,28.3841],[93.9561,28.3668],[94.0245,28.3691],[94.0753,28.291],[94.0898,28.2861],[94.1217,28.2508],[94.159,28.2359],[94.1594,28.1904],[94.1515,28.1804],[94.1574,28.1099],[94.1469,28.0965],[94.1488,28.0862],[94.1927,28.0406],[94.2036,28.004],[94.2291,27.9915]]]}},{"type":"Feature","properties":{"name":"Mishmi Hills","kind":"mountain range","wikidata":"Q6875597","area_km2":25858,"source":"GMBA Mountain Inventory v2.0 (CC BY 4.0)"},"geometry":{"type":"Polygon","coordinates":[[[97.0478,28.4624],[97.0343,28.3911],[97.0385,28.3822],[97.0257,28.3392],[97.0152,28.3284],[97.0154,28.3071],[97.028,28.2924],[97.0196,28.2738],[97.0359,28.2302],[97.026,28.216],[97.0363,28.1869],[97.0344,28.1613],[97.026,28.1321],[96.9857,28.0817],[96.9734,28.0442],[96.9637,28.0064],[96.9719,27.9947],[96.9643,27.9551],[96.9688,27.9467],[96.9249,27.8874],[96.8947,27.8864],[96.8796,27.8779],[96.8463,27.8801],[96.8255,27.8949],[96.801,27.8944],[96.7878,27.936],[96.7596,27.9385],[96.7084,27.962],[96.6738,27.9571],[96.6599,27.9675],[96.6481,27.9586],[96.6573,27.9185],[96.6848,27.8914],[96.6559,27.8593],[96.5865,27.8528],[96.5675,27.8613],[96.5358,27.8943],[96.5008,27.9073],[96.4643,27.9044],[96.4173,27.9276],[96.4001,27.9012],[96.3661,27.878],[96.3434,27.8922],[96.2966,27.8896],[96.2318,27.9208],[96.2239,27.9345],[96.23,27.9464],[96.2087,27.987],[96.157,28.0031],[96.1479,28.0215],[96.1063,28.0129],[96.0486,28.0427],[95.9981,28.0428],[95.9757,28.0634],[95.9574,28.0452],[95.9298,28.053],[95.8841,28.0881],[95.8449,28.0955],[95.8382,28.1545],[95.7837,28.172],[95.7575,28.198],[95.7231,28.2602],[95.7006,28.288],[95.6902,28.2905],[95.6665,28.2797],[95.6363,28.28],[95.6317,28.2661],[95.6004,28.2469],[95.5623,28.2488],[95.5476,28.2023],[95.5087,28.1923],[95.5045,28.1703],[95.4825,28.166],[95.4609,28.1443],[95.4276,28.1445],[95.4064,28.1662],[95.393,28.1696],[95.3202,28.1125],[95.2966,28.1176],[95.2841,28.1469],[95.2361,28.1717],[95.2241,28.1655],[95.2092,28.1781],[95.2,28.1617],[95.1916,28.1661],[95.1254,28.1363],[95.0551,28.1592],[95.0196,28.1947],[95.0051,28.199],[95.0072,28.2291],[94.9904,28.2436],[94.9864,28.2752],[94.9765,28.2883],[94.9647,28.2794],[94.9535,28.2822],[94.951,28.3038],[94.9613,28.3155],[94.9951,28.3158],[94.9948,28.3437],[95.0071,28.3467],[95.0292,28.328],[95.0381,28.3527],[95.0716,28.3642],[95.078,28.4004],[95.068,28.4135],[95.0881,28.4308],[95.0902,28.4486],[95.1027,28.4633],[95.0926,28.4796],[95.1034,28.4936],[95.1002,28.5028],[95.0772,28.5141],[95.0822,28.5409],[95.0712,28.5817],[95.0612,28.5948],[95.0382,28.599],[95.0071,28.653],[95.0133,28.6736],[94.9913,28.6787],[94.9801,28.6696],[94.9718,28.6796],[94.9825,28.6935],[94.98,28.7053],[94.9488,28.7323],[94.9256,28.7388],[94.8988,28.7635],[94.8661,28.7531],[94.8635,28.7709],[94.8707,28.7815],[94.9025,28.7967],[94.9177,28.7864],[94.928,28.7964],[94.9172,28.8096],[94.8806,28.8258],[94.8532,28.8153],[94.8309,28.8259],[94.8111,28.804],[94.7943,28.8243],[94.7728,28.8309],[94.803,28.8547],[94.791,28.8694],[94.7571,28.8738],[94.7726,28.8912],[94.7874,28.9314],[94.816,28.9284],[94.8252,28.9444],[94.8448,28.9467],[94.884,28.9683],[94.8871,28.9814],[94.9071,28.9911],[94.8968,29.0286],[94.9038,29.0484],[94.9295,29.0584],[94.962,29.122],[95.0238,29.1255],[94.9906,29.1801],[94.9985,29.1842],[95.0161,29.1739],[95.0519,29.1881],[95.088,29.1866],[95.0913,29.2111],[95.1156,29.2133],[95.1446,29.2405],[95.1626,29.2427],[95.178,29.2572],[95.202,29.2595],[95.199,29.2727],[95.2207,29.2699],[95.2698,29.2925],[95.2894,29.3103],[95.2773,29.3246],[95.2849,29.33],[95.2995,29.3239],[95.3239,29.3383],[95.3494,29.3619],[95.3833,29.4148],[95.4059,29.423],[95.3989,29.4387],[95.4214,29.461],[95.444,29.4675],[95.4447,29.4905],[95.4632,29.5196],[95.4776,29.5259],[95.4988,29.5071],[95.5109,29.5076],[95.5467,29.4675],[95.638,29.4364],[95.7614,29.4698],[95.8276,29.4717],[95.9013,29.4465],[95.9609,29.4592],[95.9989,29.4171],[95.9983,29.401],[96.0194,29.3991],[96.0412,29.3656],[96.1092,29.3792],[96.1406,29.4008],[96.1717,29.3717],[96.1838,29.3655],[96.2061,29.3714],[96.2789,29.3225],[96.301,29.2989],[96.303,29.2821],[96.3214,29.2575],[96.3448,29.2395],[96.3444,29.2304],[96.4705,29.1184],[96.5004,29.0784],[96.5474,29.0447],[96.5822,29.005],[96.6121,28.994],[96.6551,28.9197],[96.662,28.8916],[96.6996,28.86],[96.7191,28.8211],[96.7216,28.7947],[96.7343,28.7864],[96.7589,28.7449],[96.7788,28.735],[96.788,28.7159],[96.8176,28.6884],[96.8625,28.683],[96.8881,28.6679],[96.9051,28.6405],[96.9131,28.6033],[96.9621,28.5642],[96.9756,28.5366],[96.9833,28.5313],[96.995,28.5403],[97.0176,28.5114],[97.0283,28.4754],[97.0478,28.4624]]]}},{"type":"Feature","properties":{"name":"Naga Hills","kind":"mountain range","wikidata":"Q3109835","area_km2":21073,"source":"GMBA Mountain Inventory v2.0 (CC BY 4.0)"},"geometry":{"type":"Polygon","coordinates":[[[95.552,26.4874],[95.5758,26.4729],[95.5635,26.4384],[95.5246,26.3969],[95.496,26.382],[95.5038,26.3616],[95.4848,26.3202],[95.4453,26.2976],[95.4308,26.2712],[95.4468,26.2446],[95.4301,26.2258],[95.4447,26.215],[95.4403,26.2069],[95.3778,26.1902],[95.3789,26.126],[95.4051,26.1197],[95.413,26.0975],[95.3822,26.0863],[95.34,26.1044],[95.3228,26.0505],[95.3633,26.0345],[95.3661,26.0265],[95.3467,26.0009],[95.3642,25.9793],[95.4309,25.9877],[95.446,25.9928],[95.4507,26.0029],[95.4615,25.9936],[95.4655,25.9738],[95.5163,25.9434],[95.5244,25.9262],[95.5462,25.918],[95.5528,25.8832],[95.5462,25.8702],[95.5306,25.8632],[95.5174,25.833],[95.4959,25.8232],[95.4707,25.7845],[95.4443,25.7798],[95.4379,25.7585],[95.423,25.7468],[95.3908,25.7535],[95.3925,25.7371],[95.3511,25.7194],[95.3481,25.6997],[95.3134,25.6808],[95.2928,25.6805],[95.2399,25.5417],[95.2201,25.5293],[95.1773,25.4715],[95.1535,25.4578],[95.1452,25.4371],[95.1177,25.4152],[95.0727,25.3038],[95.0531,25.293],[95.0571,25.2725],[95.0235,25.2523],[95.021,25.2247],[95.028,25.2149],[94.994,25.1877],[94.9423,25.097],[94.9031,25.0861],[94.901,25.0588],[94.8683,25.0272],[94.8701,25.0045],[94.8485,24.9895],[94.8367,24.9543],[94.8239,24.9504],[94.8088,24.929],[94.805,24.9016],[94.7814,24.8687],[94.7237,24.7352],[94.7031,24.716],[94.6739,24.6663],[94.6624,24.6285],[94.6322,24.6336],[94.6041,24.6262],[94.5749,24.6374],[94.5836,24.6725],[94.5989,24.6941],[94.6008,24.7265],[94.5647,24.7362],[94.5478,24.7026],[94.5477,24.6508],[94.5295,24.6331],[94.5155,24.5919],[94.4965,24.5866],[94.4806,24.5676],[94.4619,24.5642],[94.4552,24.5383],[94.4334,24.5062],[94.4348,24.4889],[94.4231,24.4752],[94.4097,24.4763],[94.4048,24.4609],[94.3823,24.4571],[94.4059,24.4229],[94.3994,24.4058],[94.3753,24.3939],[94.377,24.3832],[94.303,24.3946],[94.3071,24.4081],[94.2705,24.4024],[94.2563,24.4194],[94.2302,24.4272],[94.2204,24.4159],[94.2099,24.4337],[94.1755,24.4449],[94.1652,24.4611],[94.1329,24.4618],[94.1147,24.4501],[94.0843,24.4656],[94.052,24.4665],[94.0525,24.4811],[94.0409,24.4746],[94.0285,24.4907],[94.026,24.5175],[94.0411,24.5348],[94.0659,24.5328],[94.0729,24.5646],[94.0988,24.5691],[94.0891,24.5827],[94.0909,24.6209],[94.097,24.6377],[94.1071,24.6422],[94.1093,24.6693],[94.1217,24.6851],[94.1093,24.7521],[94.1363,24.7954],[94.0981,24.7993],[94.0885,24.8233],[94.1113,24.8843],[94.1279,24.8963],[94.1453,24.8885],[94.1445,24.9105],[94.1187,24.9258],[94.1071,24.9046],[94.0809,24.8843],[94.0634,24.9013],[94.0559,24.9312],[94.0272,24.9749],[94.0425,25.0123],[94.0248,25.0232],[94.0218,25.0427],[94.0268,24.9925],[94.02,24.9679],[94.0109,24.9525],[93.9923,24.9468],[93.966,24.9244],[93.9483,24.888],[93.9149,24.8985],[93.9174,24.9318],[93.9142,24.9362],[93.8993,24.926],[93.8968,24.9439],[93.9321,25.0458],[93.9264,25.0554],[93.9425,25.0927],[93.9547,25.0962],[93.9636,25.1154],[93.9779,25.1791],[93.9672,25.2012],[93.9862,25.2198],[94.0011,25.2216],[94.0449,25.3066],[94.0487,25.3363],[94.0732,25.3884],[94.0612,25.4113],[94.0365,25.4134],[94.0291,25.4228],[94.0654,25.4817],[94.0572,25.5007],[94.0602,25.5268],[94.1113,25.5718],[94.1777,25.5848],[94.1676,25.5945],[94.1947,25.6302],[94.1811,25.6801],[94.1843,25.7113],[94.1738,25.7322],[94.1783,25.7509],[94.2043,25.7703],[94.2157,25.7616],[94.2258,25.782],[94.269,25.8147],[94.2869,25.803],[94.2926,25.8113],[94.3197,25.8695],[94.326,25.9238],[94.3197,25.9322],[94.3612,25.9927],[94.3572,26.0238],[94.3895,26.0842],[94.3801,26.1028],[94.3841,26.1113],[94.4146,26.1138],[94.4141,26.1265],[94.4343,26.1488],[94.427,26.1584],[94.4429,26.1717],[94.4878,26.1282],[94.503,26.1279],[94.5191,26.1415],[94.5488,26.1491],[94.5468,26.1593],[94.5093,26.1862],[94.5135,26.1988],[94.4968,26.2223],[94.5257,26.257],[94.5463,26.2568],[94.5674,26.2905],[94.5965,26.3059],[94.5994,26.318],[94.631,26.3349],[94.6376,26.3314],[94.6604,26.3601],[94.6955,26.3441],[94.7097,26.355],[94.7241,26.3488],[94.7675,26.368],[94.8009,26.4157],[94.8095,26.4111],[94.8567,26.4195],[94.8757,26.4363],[94.8989,26.4384],[94.9032,26.4613],[94.8926,26.4817],[94.8979,26.4884],[94.916,26.478],[94.9317,26.493],[94.9413,26.4864],[94.9889,26.4883],[95.0008,26.5011],[95.0342,26.511],[95.0493,26.5279],[95.0576,26.5145],[95.0786,26.524],[95.0753,26.5363],[95.1005,26.5322],[95.128,26.5385],[95.1384,26.53],[95.1518,26.5444],[95.1719,26.5466],[95.2285,26.5743],[95.2737,26.5672],[95.2877,26.5892],[95.3073,26.5989],[95.3456,26.5951],[95.3852,26.6394],[95.4163,26.6189],[95.4638,26.6233],[95.4766,26.6083],[95.4734,26.5737],[95.4994,26.5413],[95.4852,26.5134],[95.4954,26.475],[95.5061,26.4667],[95.552,26.4874]]]}},{"type":"Feature","properties":{"name":"Nagari Hills","kind":"mountain range","wikidata":"Q26782365","area_km2":354,"source":"GMBA Mountain Inventory v2.0 (CC BY 4.0)"},"geometry":{"type":"MultiPolygon","coordinates":[[[[79.7342,13.6389],[79.7133,13.6147],[79.7135,13.6041],[79.7417,13.5891],[79.7401,13.5647],[79.7216,13.5466],[79.7112,13.5468],[79.6988,13.5864],[79.6743,13.5788],[79.6718,13.5631],[79.678,13.5361],[79.6895,13.5248],[79.6866,13.5113],[79.7085,13.5174],[79.7113,13.5034],[79.6978,13.4731],[79.6553,13.4227],[79.6395,13.4144],[79.6254,13.4183],[79.5945,13.4448],[79.5864,13.4618],[79.6113,13.4898],[79.5751,13.4971],[79.5706,13.5108],[79.5507,13.5072],[79.5445,13.5136],[79.5387,13.5316],[79.5489,13.5531],[79.5697,13.574],[79.6051,13.5703],[79.6144,13.5766],[79.6114,13.5613],[79.621,13.5614],[79.6266,13.5814],[79.6156,13.5991],[79.6567,13.6548],[79.6741,13.6363],[79.6908,13.6449],[79.6995,13.663],[79.7252,13.6654],[79.7342,13.6389]]],[[[79.667,13.4001],[79.662,13.3685],[79.6374,13.3519],[79.6011,13.3588],[79.5851,13.3509],[79.5677,13.3733],[79.5785,13.3996],[79.5977,13.4041],[79.6318,13.3973],[79.6476,13.4054],[79.667,13.4001]]]]}},{"type":"Feature","properties":{"name":"Nallamala Hills","kind":"mountain range","wikidata":"Q1579454","area_km2":3977,"source":"GMBA Mountain Inventory v2.0 (CC BY 4.0)"},"geometry":{"type":"MultiPolygon","coordinates":[[[[79.2073,16.155],[79.2105,16.1402],[79.1885,16.1212],[79.2161,16.1159],[79.2262,16.1238],[79.2217,16.082],[79.2101,16.0821],[79.207,16.0667],[79.1969,16.06],[79.1769,16.0562],[79.1663,16.0382],[79.1474,16.0386],[79.1342,16.0279],[79.1343,16.0216],[79.1595,16.0187],[79.1855,16.0032],[79.1801,15.9928],[79.2072,15.9697],[79.2043,15.9514],[79.1727,15.9448],[79.1405,15.9509],[79.1223,15.9553],[79.1164,15.9696],[79.0332,15.9413],[79.0097,15.9453],[79.0029,15.9382],[79.0033,15.9166],[78.9625,15.898],[78.9258,15.8946],[78.9148,15.8753],[78.8949,15.8714],[78.8921,15.8463],[78.8763,15.836],[78.8971,15.8218],[78.9098,15.835],[78.9239,15.8364],[78.9165,15.8405],[78.9225,15.8525],[78.9598,15.8635],[78.9873,15.8831],[78.9985,15.8746],[79.0155,15.8937],[79.0408,15.9009],[79.091,15.863],[79.0905,15.8089],[79.0763,15.7949],[79.088,15.7794],[79.0839,15.7598],[79.0614,15.7199],[79.02,15.7115],[79.0006,15.7283],[78.9804,15.7566],[78.9654,15.8031],[78.9522,15.8029],[78.9347,15.7767],[78.977,15.7498],[78.974,15.7268],[79.0135,15.703],[79.0012,15.6955],[78.9909,15.7008],[78.9638,15.6905],[78.9277,15.7261],[78.8589,15.7177],[78.8301,15.7298],[78.8668,15.6848],[78.8776,15.6904],[78.9249,15.6667],[78.9302,15.6444],[78.9343,15.6236],[78.9153,15.607],[78.9027,15.5476],[78.8861,15.5345],[78.8796,15.4886],[78.8554,15.4901],[78.8365,15.5164],[78.8343,15.5324],[78.8644,15.5871],[78.822,15.6125],[78.8263,15.6516],[78.8217,15.6724],[78.8113,15.68],[78.7983,15.6585],[78.7675,15.6551],[78.7612,15.6677],[78.7334,15.6578],[78.73,15.6154],[78.705,15.5902],[78.7051,15.584],[78.7156,15.5843],[78.7219,15.6031],[78.7429,15.6029],[78.7742,15.5857],[78.7927,15.5487],[78.7947,15.5024],[78.7687,15.4665],[78.7467,15.4719],[78.7383,15.5405],[78.7272,15.5235],[78.6985,15.5155],[78.6863,15.5218],[78.6865,15.5335],[78.6737,15.5385],[78.6644,15.555],[78.651,15.537],[78.6377,15.5451],[78.6285,15.5547],[78.6334,15.5689],[78.6489,15.5841],[78.661,15.6268],[78.6825,15.6467],[78.6802,15.6709],[78.7022,15.6957],[78.6855,15.7036],[78.6801,15.7261],[78.7017,15.7906],[78.722,15.7948],[78.7218,15.8095],[78.7444,15.8323],[78.7748,15.8408],[78.7711,15.8479],[78.7969,15.8824],[78.7967,15.8947],[78.8253,15.9134],[78.8408,15.8968],[78.8786,15.9422],[78.912,15.9598],[78.9365,15.9593],[78.9469,16.0031],[78.9904,16.0195],[79.0035,16.0414],[79.0648,16.0624],[79.0717,16.0887],[79.0507,16.1041],[79.0468,16.1258],[79.0597,16.1363],[79.113,16.1313],[79.1459,16.1446],[79.1583,16.1363],[79.132,16.1717],[79.1109,16.1488],[79.0993,16.1635],[79.1128,16.1903],[79.1691,16.1872],[79.176,16.153],[79.1898,16.1729],[79.2068,16.1762],[79.2098,16.1888],[79.2419,16.1967],[79.2468,16.1897],[79.238,16.1752],[79.2036,16.162],[79.2073,16.155]]],[[[79.0124,16.2643],[79.0378,16.2406],[79.0651,16.2306],[79.0671,16.2032],[79.0158,16.2067],[78.999,16.1929],[78.9634,16.1905],[78.9312,16.1772],[78.9323,16.1591],[78.9696,16.1415],[78.9591,16.1279],[78.9714,16.1257],[78.9936,16.0962],[78.9909,16.0792],[78.9991,16.0719],[78.9699,16.0466],[78.9471,16.0429],[78.9444,16.0255],[78.9298,16.0173],[78.9126,15.9908],[78.834,15.9792],[78.7891,15.9849],[78.7562,15.9707],[78.7374,15.972],[78.7107,15.991],[78.7119,16.0107],[78.6896,16.0249],[78.6802,16.0697],[78.6586,16.0804],[78.6561,16.0967],[78.6323,16.0732],[78.638,16.0626],[78.5925,16.0283],[78.5793,16.026],[78.5673,16.0303],[78.5628,16.0488],[78.5529,16.0376],[78.5213,16.0469],[78.4868,16.0951],[78.5012,16.1033],[78.4885,16.1277],[78.5071,16.1515],[78.4832,16.1765],[78.4866,16.1956],[78.5069,16.2024],[78.5094,16.1735],[78.5246,16.169],[78.5683,16.1979],[78.5874,16.1907],[78.6011,16.232],[78.6185,16.2342],[78.6157,16.1887],[78.6429,16.1862],[78.6499,16.172],[78.674,16.1695],[78.6821,16.162],[78.6739,16.1493],[78.706,16.1356],[78.7257,16.0885],[78.7515,16.1071],[78.7849,16.076],[78.813,16.0816],[78.8175,16.0856],[78.7934,16.0912],[78.7921,16.1181],[78.7596,16.1181],[78.744,16.1404],[78.7335,16.1301],[78.7198,16.1546],[78.7093,16.1473],[78.6886,16.1534],[78.6864,16.1684],[78.6914,16.1717],[78.6994,16.1591],[78.7071,16.1684],[78.6906,16.1991],[78.7137,16.2126],[78.7363,16.1953],[78.7319,16.2213],[78.743,16.243],[78.7808,16.2425],[78.8031,16.2257],[78.8273,16.2255],[78.8419,16.2102],[78.8589,16.2245],[78.8814,16.2232],[78.9093,16.2342],[78.9201,16.2408],[78.9196,16.249],[78.9401,16.255],[78.9481,16.2423],[78.9596,16.2424],[78.959,16.2517],[78.9916,16.2604],[79.0024,16.2566],[79.0124,16.2643]]],[[[79.0613,15.4968],[79.027,15.4603],[79.0064,15.4616],[78.9971,15.4751],[79.0015,15.5179],[79.0411,15.5478],[79.0614,15.5346],[79.0676,15.5137],[79.0613,15.4968]]],[[[78.9673,14.7035],[78.9826,14.6283],[79.0178,14.5485],[79.0345,14.5466],[79.0531,14.5051],[79.0551,14.4931],[79.0291,14.4582],[78.9916,14.4735],[78.977,14.4676],[78.9521,14.4771],[78.9442,14.4826],[78.9393,14.5067],[78.8931,14.5093],[78.8441,14.5707],[78.8239,14.5807],[78.8447,14.6199],[78.8574,14.6219],[78.8447,14.649],[78.8556,14.6486],[78.8547,14.6843],[78.8803,14.7059],[78.909,14.7094],[78.9304,14.703],[78.9372,14.7174],[78.9487,14.7196],[78.9673,14.7035]]],[[[78.9784,15.6546],[79.0039,15.6537],[79.0166,15.6384],[79.0336,15.6359],[79.0371,15.6239],[79.0023,15.5638],[78.9853,15.5603],[78.9644,15.5638],[78.961,15.5979],[78.9406,15.6015],[78.9478,15.6361],[78.9568,15.6388],[78.9602,15.6505],[78.9784,15.6546]]],[[[78.7759,15.353],[78.7614,15.3248],[78.7659,15.3096],[78.7842,15.3095],[78.7849,15.2969],[78.7678,15.2933],[78.7526,15.305],[78.7423,15.2572],[78.7603,15.2542],[78.7835,15.2636],[78.7921,15.2807],[78.7885,15.3121],[78.7987,15.3207],[78.8252,15.3172],[78.8285,15.2988],[78.8262,15.2603],[78.8156,15.2377],[78.8259,15.2181],[78.8128,15.0978],[78.8186,15.0783],[78.8056,15.0503],[78.804,15.0223],[78.8196,15.0083],[78.821,14.9844],[78.8129,14.9888],[78.8061,14.9781],[78.7728,14.9644],[78.7623,14.9664],[78.7475,14.993],[78.7244,15.0733],[78.7093,15.0861],[78.6891,15.0888],[78.6848,15.1007],[78.6815,15.155],[78.7001,15.1759],[78.6953,15.1848],[78.7065,15.1899],[78.7026,15.2026],[78.6906,15.2063],[78.6935,15.2233],[78.7034,15.2508],[78.7077,15.2405],[78.7196,15.2498],[78.7175,15.267],[78.7085,15.2698],[78.7132,15.3321],[78.706,15.3106],[78.6728,15.2739],[78.6512,15.2896],[78.658,15.3022],[78.6486,15.345],[78.6514,15.3626],[78.679,15.3806],[78.6741,15.3896],[78.696,15.3988],[78.7129,15.3913],[78.7175,15.3633],[78.7267,15.3554],[78.749,15.43],[78.7661,15.428],[78.7901,15.4102],[78.7946,15.3976],[78.7927,15.38],[78.7759,15.353]]],[[[78.7248,14.8942],[78.7187,14.8874],[78.7001,14.8932],[78.6543,14.9747],[78.6465,15.0481],[78.6646,15.0633],[78.6821,15.0611],[78.6935,14.9931],[78.7378,14.926],[78.7413,14.9127],[78.7248,14.8942]]]]}},{"type":"Feature","properties":{"name":"Namcha Barwa Himal","kind":"mountain range","wikidata":"Q6961438","area_km2":5894,"source":"GMBA Mountain Inventory v2.0 (CC BY 4.0)"},"geometry":{"type":"Polygon","coordinates":[[[95.4395,29.4749],[95.444,29.4675],[95.4214,29.461],[95.3989,29.4387],[95.4059,29.423],[95.3833,29.4148],[95.3494,29.3619],[95.3114,29.33],[95.2773,29.3246],[95.2894,29.3103],[95.2698,29.2925],[95.2207,29.2699],[95.199,29.2727],[95.202,29.2595],[95.178,29.2572],[95.1626,29.2427],[95.1446,29.2405],[95.1156,29.2133],[95.0913,29.2111],[95.088,29.1866],[95.0519,29.1881],[95.0161,29.1739],[94.9985,29.1842],[94.9906,29.1801],[95.0238,29.1255],[94.962,29.122],[94.9295,29.0584],[94.9038,29.0484],[94.8968,29.0286],[94.9071,28.9911],[94.8871,28.9814],[94.884,28.9683],[94.8448,28.9467],[94.8252,28.9444],[94.816,28.9284],[94.7874,28.9314],[94.7726,28.8912],[94.7571,28.8738],[94.7581,28.8618],[94.7034,28.8406],[94.6427,28.8613],[94.6355,28.8735],[94.603,28.8821],[94.5718,28.9113],[94.5576,28.9137],[94.5544,28.9268],[94.5197,28.9592],[94.5135,28.9947],[94.4866,29.061],[94.4121,29.1168],[94.3157,29.1113],[94.3238,29.1307],[94.3077,29.132],[94.2747,29.1521],[94.2635,29.13],[94.2272,29.1226],[94.1791,29.1999],[94.2193,29.2275],[94.2446,29.2572],[94.2541,29.262],[94.2828,29.2551],[94.3071,29.2802],[94.3022,29.2918],[94.3321,29.3156],[94.3582,29.3207],[94.3695,29.3135],[94.3959,29.3314],[94.4138,29.3609],[94.4355,29.3707],[94.4737,29.4253],[94.4999,29.4347],[94.5382,29.4356],[94.563,29.4571],[94.5987,29.4725],[94.687,29.4704],[94.7132,29.4613],[94.7653,29.4759],[94.809,29.4613],[94.8192,29.4645],[94.824,29.4973],[94.8488,29.5155],[94.8793,29.5221],[94.8868,29.537],[94.8808,29.5515],[94.8994,29.5804],[94.9363,29.6029],[94.9256,29.6302],[94.8781,29.6292],[94.8778,29.6424],[94.9017,29.6516],[94.9197,29.672],[94.9163,29.6818],[94.8926,29.6847],[94.8952,29.6974],[94.93,29.7227],[94.9325,29.7431],[94.9488,29.7572],[94.9945,29.7717],[95.0283,29.7488],[95.0518,29.7717],[95.0665,29.7691],[95.0738,29.7426],[95.1257,29.7446],[95.1531,29.7509],[95.172,29.7675],[95.1846,29.7597],[95.1911,29.7769],[95.2404,29.7944],[95.2549,29.8134],[95.2843,29.8113],[95.2966,29.7936],[95.2988,29.7571],[95.3217,29.7072],[95.3395,29.713],[95.3583,29.7064],[95.3801,29.6697],[95.3593,29.6365],[95.3619,29.6282],[95.3835,29.6311],[95.3947,29.6115],[95.3835,29.6058],[95.373,29.5722],[95.3946,29.5687],[95.3948,29.5595],[95.3914,29.5493],[95.3676,29.5333],[95.4091,29.526],[95.4197,29.513],[95.4078,29.4891],[95.4395,29.4749]]]}},{"type":"Feature","properties":{"name":"Nanga Parbat","kind":"mountain range","wikidata":"Q130736","area_km2":11903,"source":"GMBA Mountain Inventory v2.0 (CC BY 4.0)"},"geometry":{"type":"Polygon","coordinates":[[[75.4624,35.4374],[75.4385,35.4319],[75.4465,35.403],[75.432,35.4092],[75.4045,35.4032],[75.3812,35.413],[75.3613,35.4072],[75.3405,35.378],[75.3447,35.3321],[75.3155,35.3175],[75.2708,35.3135],[75.2294,35.2766],[75.2058,35.2431],[75.1132,35.2113],[75.0843,35.2238],[75.034,35.23],[74.9478,35.1959],[74.9637,35.1778],[75.0087,35.1554],[75.0116,35.1434],[75.0532,35.1111],[75.101,35.0363],[75.0926,34.9861],[75.0988,34.9573],[75.0572,34.903],[75.103,34.8403],[75.0853,34.7915],[75.0596,34.7967],[75.0404,34.7737],[74.9947,34.7488],[74.9779,34.7341],[74.978,34.7237],[74.9091,34.6778],[74.8871,34.6452],[74.8468,34.7051],[74.7759,34.7175],[74.7363,34.7343],[74.7079,34.7275],[74.6676,34.753],[74.622,34.7632],[74.6051,34.778],[74.5155,34.7905],[74.5051,34.7988],[74.3885,34.8238],[74.3291,34.8201],[74.3153,34.8259],[74.2715,34.8113],[74.2268,34.8267],[74.2086,34.8057],[74.1508,34.7778],[74.1353,34.7509],[74.1398,34.7254],[74.1114,34.7029],[74.0182,34.7342],[73.9882,34.7111],[73.953,34.6697],[73.9518,34.6514],[73.9301,34.6444],[73.9343,34.6197],[73.9168,34.5888],[73.8968,34.5819],[73.9011,34.5736],[73.8925,34.5654],[73.8491,34.5553],[73.8385,34.4946],[73.8218,34.4571],[73.7987,34.4153],[73.7697,34.3884],[73.7326,34.378],[73.7199,34.388],[73.7176,34.4072],[73.6913,34.435],[73.668,34.4467],[73.6249,34.4424],[73.5832,34.4619],[73.5548,34.4489],[73.5155,34.453],[73.4843,34.4324],[73.4893,34.414],[73.4739,34.4104],[73.4822,34.3962],[73.4614,34.3844],[73.4724,34.3605],[73.4448,34.3437],[73.4446,34.3384],[73.4666,34.3386],[73.4813,34.3092],[73.477,34.2894],[73.4604,34.275],[73.4421,34.3222],[73.4287,34.3288],[73.4193,34.3492],[73.4045,34.3538],[73.3802,34.3989],[73.3571,34.4238],[73.3592,34.4512],[73.3468,34.4661],[73.3573,34.4887],[73.3488,34.5405],[73.3655,34.5947],[73.3877,34.619],[73.4365,34.6448],[73.4456,34.6606],[73.4624,34.6661],[73.515,34.6568],[73.5586,34.6765],[73.5782,34.697],[73.5759,34.7218],[73.5624,34.7286],[73.5183,34.721],[73.5051,34.7341],[73.528,34.7657],[73.5103,34.8092],[73.5155,34.8197],[73.553,34.8488],[73.5905,34.855],[73.6318,34.8842],[73.6678,34.9322],[73.722,34.9467],[73.7438,34.9358],[73.7734,34.9425],[73.7914,34.9219],[73.8157,34.9198],[73.8218,34.9322],[73.903,34.9508],[73.9253,34.9641],[73.9447,35.0112],[73.9385,35.0738],[73.9281,35.0895],[73.9754,35.108],[74.0231,35.2314],[74.0669,35.2808],[74.0973,35.2972],[74.1088,35.2942],[74.1298,35.313],[74.1447,35.3824],[74.1394,35.3926],[74.1499,35.4082],[74.1902,35.4028],[74.2181,35.4082],[74.2736,35.4383],[74.305,35.4133],[74.4062,35.4127],[74.4328,35.42],[74.4997,35.4872],[74.5277,35.4732],[74.6163,35.5037],[74.6344,35.528],[74.6237,35.553],[74.6295,35.565],[74.6446,35.5706],[74.626,35.5924],[74.6362,35.6052],[74.6106,35.627],[74.619,35.6426],[74.6135,35.6546],[74.6382,35.6724],[74.6511,35.7071],[74.6219,35.7289],[74.627,35.7457],[74.6441,35.7522],[74.6529,35.7685],[74.6498,35.7777],[74.6219,35.7858],[74.6334,35.8063],[74.6654,35.8323],[74.7031,35.8383],[74.7353,35.854],[74.7385,35.8071],[74.7301,35.7962],[74.7613,35.7674],[74.7447,35.747],[74.7385,35.7242],[74.7489,35.7154],[74.8002,35.7112],[74.8223,35.7217],[74.9051,35.6989],[74.9176,35.6928],[74.9144,35.6801],[74.9298,35.6533],[74.9534,35.6364],[75.0041,35.6279],[75.051,35.6364],[75.0621,35.6309],[75.0757,35.5947],[75.1506,35.6033],[75.179,35.5909],[75.2039,35.5995],[75.2755,35.5822],[75.2943,35.5884],[75.334,35.5804],[75.3425,35.568],[75.3488,35.5071],[75.3593,35.4947],[75.3617,35.4697],[75.4051,35.478],[75.4542,35.461],[75.4624,35.4374]]]}},{"type":"Feature","properties":{"name":"Nganglong Kangri","kind":"mountain range","wikidata":"Q4062402","area_km2":38263,"source":"GMBA Mountain Inventory v2.0 (CC BY 4.0)"},"geometry":{"type":"MultiPolygon","coordinates":[[[[79.2468,33.7405],[79.2756,33.7291],[79.2805,33.6905],[79.2886,33.6948],[79.2889,33.7202],[79.2973,33.7238],[79.3229,33.7137],[79.3877,33.7133],[79.3929,33.679],[79.3998,33.6827],[79.3962,33.7066],[79.4056,33.7243],[79.427,33.7374],[79.5103,33.7298],[79.6353,33.6624],[79.6551,33.6175],[79.6225,33.5962],[79.5804,33.5532],[79.5914,33.5263],[79.599,33.5302],[79.5927,33.5537],[79.6224,33.5827],[79.6414,33.5799],[79.6447,33.5459],[79.6225,33.5138],[79.6277,33.5037],[79.6449,33.4982],[79.6447,33.4883],[79.6342,33.4884],[79.6278,33.4738],[79.6139,33.48],[79.6093,33.4726],[79.6386,33.4421],[79.6384,33.4236],[79.6342,33.4154],[79.6216,33.4155],[79.6218,33.4049],[79.6423,33.4053],[79.6825,33.3903],[79.7013,33.3697],[79.7363,33.3782],[79.7268,33.3874],[79.7449,33.4178],[79.7711,33.4284],[79.8114,33.43],[79.8327,33.4727],[79.8465,33.4771],[79.8831,33.4662],[79.8976,33.4737],[79.9384,33.5178],[79.9311,33.5353],[79.9701,33.503],[80.0489,33.5321],[80.0675,33.5489],[80.1063,33.544],[80.1181,33.5529],[80.1591,33.5369],[80.1722,33.5141],[80.1997,33.5243],[80.2904,33.5073],[80.2895,33.486],[80.2471,33.4505],[80.2301,33.4083],[80.2465,33.4096],[80.2491,33.423],[80.2778,33.4384],[80.3149,33.4338],[80.3237,33.4009],[80.3828,33.4289],[80.4343,33.3925],[80.4883,33.3698],[80.5077,33.342],[80.5027,33.3134],[80.5671,33.3196],[80.6698,33.2905],[80.6883,33.2765],[80.7089,33.2799],[80.7265,33.2931],[80.7964,33.2833],[80.811,33.2884],[80.8134,33.2769],[80.8426,33.2607],[80.826,33.2573],[80.8425,33.2366],[80.8428,33.1948],[80.8115,33.1903],[80.7726,33.2035],[80.7376,33.1967],[80.7282,33.1823],[80.7051,33.1739],[80.705,33.1676],[80.7419,33.1657],[80.751,33.1466],[80.7863,33.1302],[80.7815,33.1042],[80.7072,33.1259],[80.6655,33.128],[80.5608,33.1686],[80.551,33.183],[80.5542,33.2108],[80.5843,33.2265],[80.5797,33.2441],[80.5667,33.2529],[80.5247,33.2489],[80.5175,33.2382],[80.5207,33.2146],[80.5116,33.2051],[80.4635,33.2043],[80.4661,33.1864],[80.54,33.1658],[80.5812,33.1303],[80.6217,33.1239],[80.647,33.1113],[80.6797,33.0739],[80.6722,33.0925],[80.6804,33.0927],[80.6966,33.0732],[80.7259,33.0774],[80.7225,33.0678],[80.7055,33.0634],[80.6822,33.0718],[80.647,33.0571],[80.6068,33.052],[80.5959,33.0576],[80.5552,33.0478],[80.4097,33.059],[80.3905,33.0699],[80.3995,33.0845],[80.4613,33.1276],[80.4441,33.1455],[80.3854,33.1257],[80.3511,33.13],[80.3074,33.1485],[80.2989,33.1738],[80.278,33.1607],[80.2881,33.1493],[80.2887,33.1227],[80.2748,33.1051],[80.2449,33.1134],[80.1974,33.0989],[80.1229,33.1069],[80.0855,33.12],[80.0548,33.1509],[80.0405,33.1451],[80.0612,33.1333],[80.0638,33.1125],[80.0747,33.1051],[80.1159,33.0965],[80.176,33.0989],[80.1923,33.0905],[80.2516,33.1059],[80.3102,33.0962],[80.3363,33.076],[80.3362,33.0613],[80.3545,33.0794],[80.3797,33.0827],[80.3868,33.0606],[80.4116,33.0415],[80.4134,33.0196],[80.4445,32.9843],[80.4197,33.0262],[80.4347,33.0434],[80.4968,33.0405],[80.5311,33.0205],[80.5072,32.9824],[80.555,33.001],[80.5842,32.9802],[80.5892,32.9572],[80.6019,32.9655],[80.6469,32.9404],[80.6356,32.9596],[80.6039,32.9689],[80.5871,32.988],[80.5973,32.9913],[80.605,33.007],[80.6374,33.009],[80.6532,33.0302],[80.6864,33.0321],[80.6966,33.0399],[80.7084,33.0359],[80.7385,33.049],[80.7668,33.0484],[80.7703,33.0592],[80.7884,33.051],[80.7822,33.0448],[80.7986,33.0287],[80.7888,32.9951],[80.7697,32.9823],[80.7696,32.9759],[80.7882,32.9755],[80.7967,33.0028],[80.8234,33.0181],[80.8331,33.0329],[80.8236,33.065],[80.8361,33.0821],[80.846,33.079],[80.854,33.0551],[80.8668,33.0622],[80.8914,33.0468],[80.8961,33.0496],[80.8864,33.0589],[80.9028,33.0711],[80.9314,33.0742],[80.9424,33.0995],[80.9355,33.1162],[80.9054,33.1484],[80.8994,33.1712],[80.8658,33.1784],[80.8529,33.2371],[80.8704,33.2592],[80.8946,33.2553],[80.9321,33.1987],[81.0507,33.153],[81.0671,33.1652],[81.0859,33.1656],[81.0986,33.1594],[81.0864,33.1442],[81.0919,33.142],[81.1036,33.1509],[81.1164,33.1426],[81.1196,33.1566],[81.1653,33.1675],[81.2021,33.1644],[81.2443,33.1717],[81.2689,33.1649],[81.2801,33.1337],[81.2538,33.1329],[81.2381,33.1197],[81.2072,33.1205],[81.2227,33.0949],[81.2879,33.0831],[81.2934,33.0634],[81.3134,33.0758],[81.3039,33.1001],[81.3178,33.1213],[81.3376,33.1093],[81.3507,33.1155],[81.3795,33.1127],[81.4455,33.0917],[81.4583,33.0759],[81.4441,33.0507],[81.4133,33.0441],[81.4093,33.0261],[81.4155,33.007],[81.4362,32.9863],[81.4573,32.9842],[81.4956,32.9614],[81.5441,32.9553],[81.5666,32.9651],[81.5862,32.9587],[81.6486,32.9015],[81.6554,32.8779],[81.738,32.8366],[81.741,32.8212],[81.7521,32.8249],[81.7619,32.8147],[81.7706,32.8192],[81.7861,32.803],[81.8666,32.762],[81.9347,32.6663],[81.9842,32.63],[82.0282,32.6175],[82.0808,32.6147],[82.0954,32.6007],[82.0917,32.5901],[82.1025,32.5679],[82.1219,32.5836],[82.1598,32.5776],[82.2054,32.5587],[82.2104,32.5432],[82.2352,32.5301],[82.2599,32.544],[82.3113,32.5217],[82.3518,32.5137],[82.3893,32.5235],[82.4071,32.5143],[82.4271,32.5166],[82.4381,32.5051],[82.4734,32.5236],[82.5733,32.5138],[82.6082,32.4691],[82.6238,32.4716],[82.6184,32.5037],[82.6277,32.5134],[82.6609,32.5094],[82.7032,32.4926],[82.769,32.4477],[82.7751,32.4387],[82.7512,32.3859],[82.7652,32.3613],[82.7926,32.3845],[82.7843,32.4018],[82.8007,32.4196],[82.8315,32.4],[82.8458,32.3755],[82.8737,32.3636],[82.8906,32.3238],[82.8865,32.2905],[82.876,32.2906],[82.8837,32.2822],[82.922,32.3074],[82.9444,32.3048],[82.9539,32.3113],[82.982,32.2926],[82.9974,32.3122],[82.9934,32.3199],[83.0009,32.331],[82.9945,32.3425],[82.9838,32.3238],[82.9527,32.339],[82.9343,32.3652],[82.956,32.3977],[82.977,32.4037],[82.9865,32.428],[82.9471,32.4423],[82.9273,32.467],[82.9238,32.4942],[82.9372,32.5141],[83.0041,32.5242],[83.0302,32.5154],[83.0836,32.5135],[83.1335,32.4963],[83.1382,32.4866],[83.1861,32.4639],[83.1882,32.439],[83.1179,32.4282],[83.1093,32.42],[83.1169,32.4155],[83.1638,32.4296],[83.183,32.4218],[83.2032,32.4379],[83.2233,32.4242],[83.2321,32.3772],[83.2258,32.3468],[83.2712,32.3533],[83.3051,32.3392],[83.3179,32.3219],[83.3561,32.3528],[83.3365,32.3674],[83.3289,32.4016],[83.3058,32.4128],[83.2874,32.434],[83.2631,32.4412],[83.2509,32.4653],[83.258,32.5418],[83.2926,32.553],[83.3337,32.5185],[83.3371,32.5011],[83.3815,32.5157],[83.3919,32.5462],[83.4046,32.5548],[83.4146,32.548],[83.4284,32.5592],[83.4411,32.5343],[83.4508,32.5341],[83.4566,32.553],[83.4634,32.5531],[83.4604,32.5294],[83.4716,32.4969],[83.4955,32.4794],[83.5304,32.4886],[83.559,32.4857],[83.563,32.4939],[83.6154,32.4739],[83.62,32.4473],[83.6141,32.4382],[83.5816,32.4365],[83.6051,32.4095],[83.5721,32.356],[83.6022,32.3482],[83.6123,32.328],[83.6301,32.3162],[83.6243,32.3408],[83.634,32.3509],[83.6902,32.3636],[83.7095,32.3566],[83.7301,32.3337],[83.7139,32.2989],[83.7362,32.299],[83.7845,32.2757],[83.8939,32.2682],[83.9174,32.2447],[83.9694,32.236],[83.9707,32.1999],[83.9614,32.198],[83.964,32.1431],[83.9365,32.1219],[83.9325,32.0822],[83.9503,32.0912],[84.0024,32.0619],[84.0499,32.0207],[84.0346,32.0115],[84.0397,31.9959],[84.0345,31.9885],[84.0436,31.9832],[84.0446,31.9654],[84.0689,31.9258],[84.0699,31.9097],[84.0468,31.8717],[84.0088,31.8566],[83.9803,31.8261],[83.9902,31.8133],[83.9765,31.7972],[83.9813,31.7884],[83.9593,31.7328],[83.9759,31.7175],[84.0041,31.7137],[84.0298,31.6807],[83.9864,31.5881],[83.9756,31.5887],[83.9651,31.6154],[83.9527,31.5948],[83.9309,31.5923],[83.9167,31.5582],[83.9259,31.5265],[83.9187,31.5164],[83.8948,31.511],[83.8902,31.4879],[83.8513,31.4789],[83.8397,31.451],[83.8244,31.4571],[83.7841,31.4413],[83.7346,31.4407],[83.7255,31.4471],[83.7174,31.4858],[83.6869,31.5],[83.6745,31.4856],[83.6383,31.4721],[83.6276,31.4805],[83.6253,31.5002],[83.6422,31.5159],[83.6671,31.5678],[83.6606,31.5872],[83.6654,31.601],[83.6783,31.6093],[83.6585,31.6511],[83.6597,31.7074],[83.7094,31.7973],[83.7242,31.8112],[83.7622,31.8188],[83.7747,31.8084],[83.7887,31.8408],[83.7827,31.8529],[83.7486,31.8449],[83.7205,31.8601],[83.7052,31.8459],[83.709,31.8325],[83.7025,31.8232],[83.6416,31.7629],[83.646,31.7551],[83.6218,31.6942],[83.5922,31.6585],[83.586,31.6078],[83.5705,31.5891],[83.5723,31.5664],[83.5612,31.553],[83.5988,31.5079],[83.605,31.4834],[83.5959,31.456],[83.5463,31.4322],[83.5354,31.4448],[83.4422,31.4445],[83.4245,31.4159],[83.3363,31.4592],[83.2979,31.4916],[83.2713,31.5463],[83.2797,31.5967],[83.2669,31.5899],[83.2408,31.6008],[83.2246,31.5787],[83.1727,31.5657],[83.1562,31.5744],[83.1477,31.5944],[83.151,31.6201],[83.1677,31.6363],[83.1607,31.6522],[83.17,31.6993],[83.1856,31.6986],[83.1991,31.709],[83.2516,31.6954],[83.2716,31.7023],[83.3068,31.7467],[83.3269,31.7601],[83.3616,31.7675],[83.3688,31.7489],[83.3759,31.7584],[83.3585,31.8161],[83.3507,31.8196],[83.3392,31.803],[83.3143,31.8093],[83.2995,31.8333],[83.3109,31.8438],[83.3038,31.8711],[83.3116,31.8824],[83.3347,31.876],[83.3516,31.9014],[83.3721,31.901],[83.3759,31.9097],[83.3637,31.9209],[83.263,31.9613],[83.2561,31.9688],[83.2697,32.0005],[83.2589,32.0071],[83.2403,31.9798],[83.2118,31.9578],[83.1425,31.9464],[83.1064,31.9511],[83.0566,31.9851],[83.0347,31.9802],[83.0201,31.9914],[83.0114,32.011],[83.0223,32.0244],[83.0221,32.1348],[83.0151,32.1578],[83.0197,32.1888],[82.9984,32.2245],[82.9885,32.2234],[82.9953,32.2106],[82.9921,32.1709],[82.9797,32.1655],[82.9688,32.1713],[82.9404,32.152],[82.9156,32.0922],[82.9303,32.0527],[82.9327,32.0188],[82.9321,32.0037],[82.9114,31.9831],[82.9391,31.9691],[82.9648,31.9436],[82.9681,31.9299],[82.9798,31.9303],[82.9822,31.9149],[82.9736,31.8923],[82.9628,31.8872],[82.9493,31.8967],[82.9304,31.8831],[82.9405,31.8339],[82.9281,31.8139],[82.9386,31.7798],[82.9722,31.7595],[82.9845,31.7572],[82.9919,31.773],[83.0403,31.7779],[83.0536,31.7671],[83.0743,31.7675],[83.1051,31.753],[83.1216,31.7436],[83.115,31.7161],[83.1227,31.7061],[83.1132,31.6945],[83.076,31.6918],[83.0819,31.6698],[83.071,31.6534],[83.0324,31.6378],[83.0239,31.6469],[82.9876,31.6405],[82.9665,31.6479],[82.9572,31.6597],[82.9632,31.6819],[82.9842,31.6974],[82.9363,31.6905],[82.9148,31.6736],[82.8976,31.6742],[82.8832,31.6898],[82.8651,31.6948],[82.8569,31.7092],[82.8375,31.6847],[82.8503,31.6685],[82.8141,31.636],[82.7755,31.6408],[82.7594,31.6888],[82.7496,31.6967],[82.7114,31.6738],[82.6659,31.6596],[82.6334,31.6511],[82.5851,31.659],[82.5806,31.6489],[82.5341,31.6821],[82.4949,31.6687],[82.4951,31.6797],[82.4791,31.687],[82.4645,31.6811],[82.4697,31.7072],[82.501,31.7446],[82.5073,31.777],[82.3895,31.8186],[82.3761,31.8344],[82.3767,31.8674],[82.3603,31.8457],[82.3551,31.8507],[82.3223,31.8924],[82.2906,31.9684],[82.2895,31.9957],[82.3054,31.9902],[82.3073,31.9714],[82.3395,31.9476],[82.3343,31.932],[82.3846,31.913],[82.3965,31.8947],[82.4364,31.9384],[82.4488,31.9653],[82.438,31.9779],[82.405,31.9758],[82.3887,31.9884],[82.3633,31.9925],[82.3224,32.022],[82.3048,32.0262],[82.2993,32.0377],[82.2862,32.0343],[82.2813,32.0445],[82.2365,32.065],[82.1889,32.0083],[82.1568,31.9968],[82.1436,32.0059],[82.1387,32.0215],[82.1137,32.0352],[82.1089,32.0519],[82.0875,32.0405],[82.0618,32.0566],[82.0661,32.0812],[82.077,32.0912],[82.1034,32.0945],[82.1303,32.1188],[82.1214,32.1488],[82.0902,32.1256],[82.0772,32.1258],[82.0715,32.1109],[82.054,32.1112],[82.0549,32.0985],[82.0434,32.0931],[82.0146,32.1113],[81.9685,32.0922],[81.9522,32.0929],[81.9375,32.1166],[81.9132,32.1135],[81.9072,32.143],[81.9128,32.1535],[81.9044,32.1574],[81.8711,32.158],[81.8431,32.1461],[81.7938,32.1403],[81.7577,32.1464],[81.7505,32.1613],[81.7382,32.1257],[81.721,32.1202],[81.677,32.1353],[81.6622,32.1776],[81.628,32.1842],[81.5838,32.2216],[81.5508,32.2361],[81.5019,32.2342],[81.502,32.222],[81.4757,32.2072],[81.4589,32.2346],[81.3322,32.3155],[81.2707,32.304],[81.2672,32.3277],[81.2817,32.3443],[81.2602,32.3746],[81.2469,32.3736],[81.2213,32.3894],[81.2226,32.4065],[81.2004,32.4023],[81.201,32.3944],[81.2227,32.3854],[81.2278,32.3622],[81.216,32.3675],[81.2131,32.3578],[81.1905,32.3555],[81.1809,32.3721],[81.1553,32.3805],[81.1482,32.3964],[81.1009,32.3896],[81.0716,32.3952],[81.0437,32.4165],[81.0091,32.4232],[80.9846,32.4447],[80.9377,32.451],[80.9143,32.4461],[80.8489,32.4654],[80.8218,32.4905],[80.7718,32.5155],[80.753,32.5158],[80.7385,32.528],[80.6876,32.5453],[80.6398,32.5464],[80.603,32.53],[80.5619,32.528],[80.5332,32.5455],[80.5203,32.5363],[80.4903,32.5467],[80.4424,32.5405],[80.4195,32.5509],[80.3601,32.5377],[80.3501,32.5453],[80.3128,32.5365],[80.3012,32.5425],[80.2854,32.5292],[80.2751,32.537],[80.2499,32.5284],[80.1998,32.5453],[80.1675,32.5446],[80.1523,32.5142],[80.0897,32.5044],[80.0591,32.5282],[80.0691,32.5481],[80.0597,32.5592],[80.0311,32.5252],[79.9799,32.5134],[79.9108,32.5324],[79.8984,32.5452],[79.8675,32.5468],[79.8406,32.5825],[79.8468,32.5979],[79.8318,32.6272],[79.7965,32.6302],[79.7612,32.6531],[79.7273,32.6531],[79.6891,32.6759],[79.6685,32.6224],[79.6884,32.6185],[79.7097,32.628],[79.7395,32.6205],[79.7742,32.5838],[79.7738,32.5635],[79.7873,32.5477],[79.8115,32.5383],[79.8157,32.5252],[79.8565,32.4982],[79.8634,32.4835],[79.8372,32.4584],[79.8063,32.4488],[79.782,32.4593],[79.7581,32.4593],[79.7263,32.4806],[79.7084,32.508],[79.6442,32.5386],[79.6297,32.5626],[79.5611,32.6093],[79.4585,32.7141],[79.4244,32.7377],[79.409,32.7847],[79.3911,32.7931],[79.3677,32.8322],[79.327,32.8665],[79.3179,32.9048],[79.2969,32.9458],[79.2298,32.9991],[79.2316,33.0196],[79.1984,33.0218],[79.1777,33.0554],[79.1841,33.0835],[79.1713,33.0949],[79.1242,33.1022],[79.0789,33.1287],[79.047,33.1601],[79.0189,33.1751],[79.0129,33.1872],[78.9456,33.231],[78.9152,33.2788],[78.8895,33.2894],[78.8368,33.3569],[78.8001,33.3531],[78.7906,33.3744],[78.7882,33.3979],[78.8074,33.4138],[78.8068,33.422],[78.7866,33.4391],[78.7426,33.503],[78.7383,33.5201],[78.7385,33.5329],[78.7541,33.5521],[78.7768,33.5652],[78.7991,33.5717],[78.8493,33.5318],[78.858,33.5137],[78.9292,33.5051],[78.9666,33.5234],[79.0324,33.4947],[79.0449,33.505],[79.0735,33.474],[79.0843,33.4771],[79.0779,33.4865],[79.0812,33.5103],[79.0905,33.5405],[79.1058,33.557],[79.1053,33.5829],[79.117,33.5996],[79.1102,33.6185],[79.0915,33.6395],[79.069,33.6498],[79.0045,33.6447],[78.9884,33.6508],[78.9589,33.67],[78.9416,33.6936],[78.9406,33.7095],[78.9638,33.7093],[78.9633,33.7226],[78.9857,33.7373],[78.9986,33.7328],[79.0219,33.7489],[79.0391,33.7343],[79.0722,33.7488],[79.0977,33.7443],[79.1263,33.7235],[79.1572,33.7242],[79.151,33.7365],[79.1647,33.743],[79.1962,33.7332],[79.224,33.7504],[79.2468,33.7405]]],[[[80.74,33.0927],[80.7317,33.0823],[80.6927,33.093],[80.7049,33.1024],[80.702,33.1186],[80.7156,33.1203],[80.74,33.0927]]]]}},{"type":"Feature","properties":{"name":"Nilgiri Mountains","kind":"mountain range","wikidata":"Q10094","area_km2":5232,"source":"GMBA Mountain Inventory v2.0 (CC BY 4.0)"},"geometry":{"type":"MultiPolygon","coordinates":[[[[76.3853,11.4936],[76.3756,11.5201],[76.3828,11.5402],[76.4053,11.5587],[76.4223,11.5571],[76.439,11.5318],[76.436,11.5053],[76.4018,11.4897],[76.3853,11.4936]]],[[[76.3853,11.4936],[76.3917,11.4827],[76.4228,11.4804],[76.454,11.4453],[76.4654,11.4506],[76.463,11.485],[76.5655,11.5442],[76.5618,11.5688],[76.5868,11.5805],[76.6066,11.6335],[76.6264,11.6438],[76.6582,11.6428],[76.6765,11.6291],[76.7042,11.6383],[76.7204,11.6331],[76.7334,11.6487],[76.7624,11.6519],[76.788,11.6134],[76.8478,11.5961],[76.8763,11.5965],[76.8923,11.5739],[76.9062,11.5809],[76.9162,11.5739],[76.9411,11.5803],[76.9862,11.5448],[76.996,11.5234],[76.9864,11.5107],[77.0082,11.5058],[77.0405,11.4823],[77.0492,11.4612],[77.049,11.4303],[77.0407,11.4177],[76.9968,11.4041],[77.0072,11.3899],[76.9984,11.376],[76.9822,11.378],[76.9759,11.3558],[76.9453,11.3324],[76.8885,11.3287],[76.8889,11.3035],[76.8739,11.2887],[76.87,11.2564],[76.8449,11.2427],[76.8308,11.2221],[76.8073,11.2178],[76.7959,11.1867],[76.8008,11.1593],[76.8217,11.1562],[76.8425,11.1925],[76.855,11.1928],[76.859,11.1847],[76.8925,11.2008],[76.9083,11.2325],[76.9248,11.2381],[76.9461,11.2329],[76.9572,11.2192],[76.9539,11.21],[76.9421,11.201],[76.9239,11.201],[76.9173,11.1652],[76.8926,11.1517],[76.8985,11.1434],[76.9125,11.1506],[76.9175,11.1409],[76.92,11.1098],[76.9119,11.0907],[76.8537,11.0967],[76.8322,11.0782],[76.8881,11.0648],[76.8915,11.0516],[76.8677,11.0413],[76.8759,11.0292],[76.8712,11.0167],[76.8214,11.0167],[76.7904,11.0113],[76.7824,11.003],[76.7458,11.0064],[76.7343,10.9922],[76.7405,10.9771],[76.7348,10.968],[76.6989,10.9544],[76.751,10.9195],[76.7838,10.9155],[76.7891,10.9252],[76.8218,10.9417],[76.8626,10.9211],[76.8918,10.9341],[76.9167,10.9346],[76.9395,10.9116],[76.936,10.8971],[76.9147,10.8889],[76.898,10.8995],[76.8429,10.8697],[76.8262,10.878],[76.824,10.8345],[76.7344,10.807],[76.7173,10.857],[76.693,10.8545],[76.6574,10.878],[76.651,10.869],[76.6863,10.8367],[76.6719,10.8258],[76.6428,10.8305],[76.6267,10.8509],[76.5873,10.8511],[76.5539,10.879],[76.5419,10.8934],[76.5468,10.9194],[76.5141,10.9534],[76.519,10.9732],[76.5334,10.9842],[76.5481,10.9783],[76.5544,10.9939],[76.5157,10.9991],[76.5133,11.0215],[76.4867,11.028],[76.4601,11.0231],[76.4483,11.0349],[76.4254,11.0335],[76.4049,11.0155],[76.3844,11.0237],[76.3844,11.0434],[76.3302,11.0861],[76.3333,11.1043],[76.3465,11.1076],[76.3573,11.1218],[76.3575,11.1434],[76.3549,11.1539],[76.3265,11.1689],[76.3166,11.1954],[76.3447,11.2155],[76.3601,11.2638],[76.3863,11.307],[76.374,11.3694],[76.3447,11.3779],[76.353,11.4047],[76.3386,11.405],[76.3302,11.428],[76.2746,11.4152],[76.2366,11.4509],[76.2315,11.4465],[76.2405,11.3925],[76.2099,11.3303],[76.1843,11.3281],[76.1821,11.2897],[76.1696,11.2815],[76.17,11.2617],[76.1466,11.2324],[76.1509,11.224],[76.1322,11.2238],[76.1129,11.241],[76.0691,11.2428],[76.0585,11.278],[76.049,11.2778],[76.0434,11.2887],[76.0483,11.3032],[76.0343,11.3206],[76.0634,11.3199],[76.0635,11.326],[76.0471,11.3493],[76.0301,11.4122],[76.0347,11.4317],[76.012,11.4646],[76.0103,11.4874],[76.0224,11.5021],[76.027,11.5353],[76.0351,11.5304],[76.05,11.5599],[76.0902,11.5738],[76.1236,11.5631],[76.1415,11.5322],[76.156,11.5369],[76.1884,11.53],[76.2095,11.5448],[76.2346,11.5484],[76.2611,11.5055],[76.2825,11.5001],[76.3039,11.5196],[76.3292,11.5142],[76.3406,11.5033],[76.3445,11.4844],[76.3622,11.4987],[76.3853,11.4936]]],[[[76.5659,11.7513],[76.5861,11.7523],[76.6237,11.7064],[76.6273,11.6846],[76.5889,11.676],[76.5304,11.7002],[76.5307,11.7233],[76.5219,11.7352],[76.5324,11.7504],[76.5534,11.7577],[76.5659,11.7513]]],[[[76.2844,11.0135],[76.3102,11.013],[76.317,11.0014],[76.3128,10.9635],[76.2862,10.9591],[76.2366,10.9831],[76.2346,10.9997],[76.2428,11.0133],[76.2844,11.0135]]],[[[76.2154,11.0177],[76.1603,11.033],[76.1469,11.0556],[76.1502,11.0691],[76.1617,11.0755],[76.1972,11.073],[76.2123,11.0522],[76.2279,11.0452],[76.2256,11.0264],[76.2154,11.0177]]],[[[76.0959,11.6414],[76.121,11.6382],[76.136,11.6276],[76.1465,11.5836],[76.1353,11.5686],[76.0954,11.5836],[76.0874,11.5936],[76.0835,11.6238],[76.0959,11.6414]]],[[[76.0427,11.0758],[76.0374,11.0644],[76.0043,11.0665],[75.9844,11.0792],[75.9831,11.1015],[75.9923,11.1215],[76.0167,11.121],[76.0408,11.0978],[76.0427,11.0758]]]]}},{"type":"Feature","properties":{"name":"Niyamgiri Range","kind":"mountain range","wikidata":"Q17079802","area_km2":529,"source":"GMBA Mountain Inventory v2.0 (CC BY 4.0)"},"geometry":{"type":"Polygon","coordinates":[[[83.4957,19.4561],[83.4624,19.404],[83.4538,19.43],[83.4432,19.3805],[83.4114,19.3508],[83.4011,19.3489],[83.3881,19.3596],[83.3843,19.3886],[83.3686,19.3853],[83.3675,19.4012],[83.332,19.403],[83.3524,19.4179],[83.368,19.4177],[83.3677,19.4309],[83.3947,19.4247],[83.3988,19.431],[83.3869,19.4346],[83.3684,19.4813],[83.3543,19.4869],[83.3478,19.5146],[83.3293,19.5208],[83.3099,19.5525],[83.3116,19.6082],[83.316,19.6161],[83.3338,19.6151],[83.3441,19.651],[83.3334,19.6764],[83.3515,19.6942],[83.3603,19.6957],[83.3552,19.685],[83.3613,19.6837],[83.4164,19.7136],[83.4359,19.7404],[83.4503,19.7415],[83.4794,19.7249],[83.4639,19.7015],[83.4815,19.6428],[83.476,19.6329],[83.4862,19.6263],[83.4929,19.569],[83.485,19.5373],[83.472,19.5284],[83.4701,19.5096],[83.4575,19.4935],[83.4608,19.4766],[83.4768,19.481],[83.4957,19.4561]]]}},{"type":"Feature","properties":{"name":"Northeastern Ghats","kind":"mountain range","wikidata":null,"area_km2":47314,"source":"GMBA Mountain Inventory v2.0 (CC BY 4.0)"},"geometry":{"type":"MultiPolygon","coordinates":[[[[86.7717,21.4572],[86.7576,21.4586],[86.75,21.4726],[86.7548,21.4906],[86.7471,21.5092],[86.7563,21.5195],[86.78,21.5209],[86.7795,21.5025],[86.7925,21.4942],[86.7717,21.4572]]],[[[86.6688,21.4782],[86.695,21.4842],[86.7052,21.4736],[86.6946,21.4624],[86.6969,21.4321],[86.7038,21.4322],[86.7098,21.4581],[86.7407,21.4552],[86.7509,21.4443],[86.7447,21.4196],[86.7075,21.3885],[86.698,21.3574],[86.68,21.3508],[86.6572,21.3574],[86.6649,21.3952],[86.6599,21.4009],[86.5999,21.3478],[86.5807,21.356],[86.5403,21.3488],[86.5275,21.3622],[86.5146,21.3556],[86.5115,21.3774],[86.5427,21.3843],[86.5424,21.3978],[86.5941,21.4289],[86.6087,21.4239],[86.6122,21.4486],[86.6366,21.4834],[86.6526,21.4939],[86.6688,21.4782]]],[[[86.4021,22.1155],[86.4266,22.1092],[86.4333,22.0817],[86.3885,22.0498],[86.3919,22.0447],[86.4292,22.0685],[86.465,22.0736],[86.476,22.0299],[86.5121,22.0024],[86.5339,21.9981],[86.5637,22.026],[86.5741,22.0258],[86.5928,21.9859],[86.5927,21.9696],[86.576,21.9382],[86.6044,21.9298],[86.6125,21.913],[86.6021,21.8857],[86.6119,21.8809],[86.6094,21.8572],[86.5879,21.8392],[86.5925,21.8173],[86.5476,21.7922],[86.5384,21.7759],[86.5331,21.7412],[86.5135,21.7278],[86.5215,21.7122],[86.5164,21.6975],[86.496,21.6925],[86.4814,21.6666],[86.4891,21.6536],[86.4675,21.6197],[86.4653,21.5982],[86.4369,21.5632],[86.4217,21.5635],[86.3887,21.5238],[86.3768,21.521],[86.3739,21.4946],[86.3499,21.4661],[86.2861,21.4301],[86.2743,21.4362],[86.2633,21.4279],[86.2635,21.3986],[86.2384,21.3863],[86.2197,21.4074],[86.2535,21.4683],[86.2802,21.4802],[86.2801,21.4865],[86.2633,21.4864],[86.25,21.5071],[86.2301,21.4979],[86.2368,21.5077],[86.2402,21.561],[86.2495,21.5725],[86.213,21.5802],[86.2005,21.6058],[86.1593,21.6403],[86.1572,21.6614],[86.1428,21.676],[86.1314,21.6759],[86.1175,21.694],[86.1175,21.7135],[86.0899,21.7305],[86.0866,21.7795],[86.1038,21.7925],[86.1208,21.7822],[86.128,21.7908],[86.1073,21.7996],[86.105,21.8229],[86.0845,21.8436],[86.089,21.8566],[86.1155,21.9052],[86.1531,21.9217],[86.1465,21.9303],[86.152,21.9607],[86.1819,21.9745],[86.1674,21.999],[86.1381,22.001],[86.13,22.0095],[86.1363,22.0489],[86.0914,22.0552],[86.0885,22.0615],[86.0977,22.0801],[86.1183,22.0938],[86.1573,22.0968],[86.1656,22.1092],[86.1859,22.0486],[86.1736,22.0335],[86.1739,22.0207],[86.2041,22.0267],[86.2216,22.0444],[86.2408,22.047],[86.2404,22.0668],[86.2655,22.0863],[86.3315,22.1028],[86.3352,22.1142],[86.382,22.1091],[86.4021,22.1155]]],[[[86.5207,22.4308],[86.5405,22.4274],[86.5542,22.397],[86.5779,22.3858],[86.5759,22.3619],[86.5541,22.3519],[86.522,22.3605],[86.5156,22.3948],[86.4927,22.4202],[86.4991,22.4297],[86.5207,22.4308]]],[[[86.5009,21.3694],[86.476,21.3425],[86.4367,21.3388],[86.4334,21.3598],[86.4497,21.3831],[86.4858,21.391],[86.5009,21.3694]]],[[[86.4384,22.2822],[86.4301,22.2835],[86.441,22.2988],[86.4508,22.299],[86.4546,22.2916],[86.4384,22.2822]]],[[[86.4103,22.2665],[86.4073,22.2688],[86.4119,22.3091],[86.4232,22.2893],[86.4103,22.2665]]],[[[86.4103,22.2665],[86.434,22.2555],[86.447,22.2278],[86.432,22.1918],[86.4186,22.1966],[86.4036,22.1885],[86.3844,22.2006],[86.3819,22.2446],[86.4133,22.2479],[86.4103,22.2665]]],[[[86.3415,22.5696],[86.3649,22.492],[86.3512,22.4855],[86.3466,22.4693],[86.3299,22.4674],[86.3353,22.4428],[86.3582,22.442],[86.3648,22.4212],[86.3477,22.4009],[86.3784,22.3725],[86.4428,22.3422],[86.4426,22.336],[86.4083,22.3456],[86.388,22.3218],[86.3736,22.3294],[86.3609,22.3197],[86.3256,22.3425],[86.3301,22.3071],[86.3488,22.288],[86.321,22.2457],[86.2942,22.2427],[86.259,22.2574],[86.2449,22.2902],[86.2575,22.3253],[86.2912,22.3383],[86.3336,22.3837],[86.3298,22.3909],[86.3087,22.3906],[86.2791,22.4026],[86.2687,22.4199],[86.2395,22.4324],[86.2301,22.4476],[86.2344,22.4678],[86.2676,22.4742],[86.259,22.4935],[86.259,22.513],[86.2713,22.5313],[86.266,22.5413],[86.2859,22.5509],[86.3004,22.5405],[86.3216,22.5647],[86.3345,22.5593],[86.3415,22.5696]]],[[[86.4165,22.5384],[86.4023,22.5337],[86.3768,22.5815],[86.358,22.5878],[86.3552,22.5953],[86.3654,22.6022],[86.3552,22.6148],[86.3933,22.6093],[86.4074,22.5957],[86.4165,22.5384]]],[[[86.4048,21.3289],[86.4082,21.3137],[86.3917,21.2971],[86.3496,21.291],[86.3479,21.313],[86.3693,21.3108],[86.3844,21.3285],[86.4048,21.3289]]],[[[86.3302,22.6466],[86.3198,22.6435],[86.3218,22.6674],[86.3287,22.6716],[86.3347,22.6575],[86.3302,22.6466]]],[[[86.2712,21.3158],[86.2855,21.2947],[86.3005,21.3009],[86.3033,21.2688],[86.2784,21.2183],[86.2499,21.1978],[86.239,21.1993],[86.2239,21.209],[86.2173,21.2917],[86.2339,21.3153],[86.2712,21.3158]]],[[[86.2322,22.9346],[86.2433,22.9281],[86.252,22.9379],[86.2573,22.9184],[86.281,22.9063],[86.2733,22.8801],[86.262,22.8862],[86.2587,22.8684],[86.238,22.8652],[86.2311,22.8519],[86.2108,22.8541],[86.1968,22.8655],[86.1519,22.869],[86.1222,22.8987],[86.1198,22.9092],[86.1364,22.9279],[86.2039,22.9304],[86.2123,22.9399],[86.2322,22.9346]]],[[[85.7135,22.9738],[85.7652,22.976],[85.7775,22.9572],[85.7911,22.9675],[85.8154,22.9677],[85.8293,22.9597],[85.8335,22.9468],[85.8922,22.9596],[85.9167,22.9287],[85.9364,22.9203],[85.9538,22.9321],[85.9645,22.9276],[85.9801,22.9072],[85.9863,22.8825],[85.9535,22.8614],[85.8978,22.8684],[85.8758,22.8629],[85.8547,22.8464],[85.8072,22.8468],[85.7866,22.8384],[85.7728,22.8411],[85.7657,22.8654],[85.716,22.8815],[85.7056,22.8924],[85.6716,22.9031],[85.6288,22.9032],[85.6186,22.8978],[85.6236,22.8923],[85.6564,22.8735],[85.6967,22.8636],[85.6964,22.8313],[85.6809,22.8228],[85.6257,22.8236],[85.5971,22.7916],[85.5796,22.7843],[85.546,22.795],[85.5328,22.7889],[85.5378,22.7797],[85.531,22.7721],[85.5135,22.77],[85.5188,22.7556],[85.4865,22.7543],[85.4776,22.8042],[85.4871,22.8247],[85.4866,22.8653],[85.5131,22.8745],[85.5182,22.8857],[85.5408,22.897],[85.556,22.8961],[85.5686,22.9082],[85.5695,22.9298],[85.5841,22.9508],[85.6282,22.9752],[85.6398,22.9673],[85.6726,22.9649],[85.6798,22.9798],[85.7135,22.9738]]],[[[85.1814,21.853],[85.2065,21.8578],[85.2328,21.8946],[85.2542,21.8925],[85.2592,21.8822],[85.2897,21.8804],[85.3142,21.8598],[85.3216,21.8675],[85.3278,21.8385],[85.3384,21.8283],[85.3218,21.8085],[85.3216,21.7959],[85.3314,21.7908],[85.3393,21.815],[85.361,21.8211],[85.3655,21.8298],[85.3405,21.855],[85.3439,21.8619],[85.3539,21.8551],[85.3592,21.8758],[85.382,21.8821],[85.4,21.8152],[85.3646,21.7672],[85.336,21.7548],[85.2929,21.7507],[85.2765,21.7892],[85.2497,21.7678],[85.2199,21.7678],[85.1927,21.7541],[85.199,21.6833],[85.1866,21.6392],[85.1944,21.6273],[85.2251,21.6172],[85.23,21.6072],[85.2424,21.6175],[85.2603,21.6018],[85.2689,21.5759],[85.324,21.5804],[85.3407,21.563],[85.3668,21.5557],[85.3808,21.5453],[85.3841,21.5176],[85.4137,21.5276],[85.4289,21.5028],[85.453,21.5029],[85.4611,21.5113],[85.4665,21.501],[85.505,21.4906],[85.5154,21.466],[85.506,21.4535],[85.5093,21.4467],[85.5202,21.4655],[85.5279,21.447],[85.5445,21.4384],[85.5197,21.4923],[85.5258,21.5111],[85.5631,21.5384],[85.5767,21.5302],[85.5843,21.5414],[85.5739,21.5528],[85.5773,21.5602],[85.5905,21.5557],[85.5801,21.5673],[85.584,21.5759],[85.6054,21.5662],[85.619,21.5709],[85.6278,21.5538],[85.6258,21.5214],[85.5676,21.4698],[85.584,21.4678],[85.5864,21.4486],[85.5968,21.4386],[85.5843,21.4192],[85.603,21.3979],[85.5843,21.3948],[85.5869,21.3841],[85.6176,21.3573],[85.6251,21.3299],[85.6183,21.3195],[85.6052,21.3198],[85.5922,21.3093],[85.5789,21.3139],[85.576,21.338],[85.562,21.3579],[85.5435,21.3442],[85.5205,21.3463],[85.5147,21.3348],[85.5289,21.3093],[85.5545,21.3068],[85.5571,21.2905],[85.5818,21.2937],[85.5932,21.2801],[85.6028,21.2924],[85.6536,21.3196],[85.696,21.2936],[85.71,21.2984],[85.7248,21.2884],[85.7278,21.305],[85.7358,21.3052],[85.7433,21.2868],[85.7342,21.2697],[85.7443,21.275],[85.7426,21.2553],[85.7571,21.2427],[85.7675,21.1915],[85.7814,21.1739],[85.8047,21.1781],[85.8537,21.1602],[85.8717,21.1318],[85.8697,21.1112],[85.8593,21.1114],[85.8655,21.1019],[85.8749,21.1067],[85.8893,21.0993],[85.9297,21.1136],[85.9464,21.1054],[85.953,21.0884],[85.9776,21.0961],[85.9854,21.078],[85.9628,21.0391],[85.923,21.0239],[85.9019,21.0288],[85.7947,21.013],[85.7986,21.0417],[85.8572,21.0592],[85.8573,21.0654],[85.8121,21.0656],[85.7788,21.0553],[85.7311,21.0775],[85.7199,21.0718],[85.7009,21.0759],[85.6983,21.0574],[85.6386,21.059],[85.6324,21.0946],[85.6239,21.1027],[85.6374,21.1188],[85.6314,21.1369],[85.6156,21.1445],[85.615,21.1753],[85.6551,21.1984],[85.6324,21.2027],[85.6191,21.2252],[85.5901,21.2488],[85.563,21.2522],[85.5301,21.2335],[85.5094,21.2362],[85.499,21.2534],[85.5009,21.2739],[85.496,21.2687],[85.4727,21.2764],[85.4655,21.2903],[85.4715,21.34],[85.4863,21.3568],[85.4805,21.3696],[85.4515,21.3755],[85.4219,21.4049],[85.4111,21.4313],[85.3657,21.4676],[85.3387,21.4752],[85.3344,21.5032],[85.3208,21.5271],[85.303,21.5317],[85.2765,21.5136],[85.2467,21.5072],[85.2425,21.4756],[85.2424,21.4555],[85.2716,21.4428],[85.276,21.4281],[85.2699,21.4191],[85.305,21.3722],[85.3073,21.3428],[85.3001,21.3281],[85.2738,21.3113],[85.2684,21.2947],[85.2578,21.2977],[85.2349,21.321],[85.24,21.3309],[85.2273,21.3489],[85.1897,21.3539],[85.1801,21.3631],[85.1798,21.38],[85.2426,21.3881],[85.2155,21.4372],[85.2211,21.4604],[85.1983,21.4705],[85.1864,21.4943],[85.2134,21.5375],[85.1991,21.5534],[85.2093,21.5632],[85.193,21.5759],[85.1844,21.5721],[85.1905,21.5492],[85.1824,21.5351],[85.1728,21.54],[85.1533,21.5316],[85.1344,21.5113],[85.1034,21.5296],[85.0843,21.5611],[85.0864,21.5894],[85.1114,21.6196],[85.1173,21.6481],[85.0747,21.6514],[85.0536,21.6438],[85.0573,21.6035],[85.0495,21.5873],[85.038,21.5833],[85.0154,21.5926],[85.0156,21.6133],[84.9965,21.663],[84.9987,21.6819],[85.0174,21.705],[85.0321,21.6926],[85.0365,21.6966],[85.0421,21.7258],[85.0698,21.7176],[85.0843,21.6988],[85.1259,21.6981],[85.1236,21.711],[85.0763,21.7213],[85.0698,21.7309],[85.0692,21.7609],[85.09,21.7708],[85.0736,21.81],[85.0447,21.8403],[85.0601,21.8605],[85.096,21.8809],[85.1028,21.9087],[85.1253,21.9142],[85.1251,21.9459],[85.1603,21.9755],[85.1905,21.9621],[85.1819,21.9111],[85.1635,21.8887],[85.1814,21.853]]],[[[85.799,20.7052],[85.8042,20.6941],[85.8238,20.6949],[85.8214,20.668],[85.828,20.6584],[85.8206,20.6447],[85.7892,20.6579],[85.7702,20.6549],[85.7561,20.6332],[85.7302,20.646],[85.7298,20.6861],[85.7618,20.7053],[85.7934,20.7103],[85.799,20.7052]]],[[[85.7246,22.6329],[85.7446,22.6002],[85.7276,22.5595],[85.7142,22.5552],[85.6923,22.5625],[85.6811,22.5457],[85.6617,22.5518],[85.6503,22.5449],[85.6344,22.557],[85.6048,22.5455],[85.5865,22.5619],[85.592,22.5817],[85.6457,22.6028],[85.6507,22.6225],[85.6386,22.625],[85.6542,22.6376],[85.6628,22.6404],[85.666,22.6249],[85.6745,22.6262],[85.6915,22.663],[85.705,22.6654],[85.7261,22.6543],[85.7338,22.6443],[85.7246,22.6329]]],[[[85.6424,21.5614],[85.6436,21.5374],[85.6322,21.5527],[85.6345,21.5696],[85.6424,21.5614]]],[[[85.5874,20.5708],[85.5837,20.554],[85.5703,20.5556],[85.5378,20.5395],[85.5238,20.569],[85.5107,20.5745],[85.506,20.595],[85.5154,20.6067],[85.5402,20.6049],[85.5707,20.5936],[85.5874,20.5708]]],[[[85.4964,21.5946],[85.4887,21.593],[85.4762,21.6126],[85.4805,21.6523],[85.4739,21.6681],[85.4881,21.6946],[85.5021,21.6954],[85.5209,21.6647],[85.5314,21.6598],[85.5384,21.6392],[85.5321,21.6163],[85.4964,21.5946]]],[[[85.5259,21.0288],[85.5142,20.9943],[85.4957,20.9832],[85.4489,21.0147],[85.4689,21.0188],[85.4759,21.0314],[85.4689,21.0717],[85.4845,21.069],[85.4953,21.0597],[85.4943,21.0477],[85.5259,21.0288]]],[[[85.4843,22.653],[85.5068,22.6613],[85.5134,22.6324],[85.5044,22.6218],[85.4989,22.625],[85.5064,22.6361],[85.4416,22.6186],[85.4273,22.6385],[85.3844,22.6298],[85.3676,22.6511],[85.4029,22.6922],[85.4271,22.6979],[85.4367,22.7113],[85.4832,22.6932],[85.4843,22.653]]],[[[85.4477,22.0695],[85.4436,22.0624],[85.4321,22.0633],[85.4153,22.0776],[85.4175,22.1252],[85.43,22.1439],[85.456,22.1396],[85.4758,22.0947],[85.4633,22.073],[85.4477,22.0695]]],[[[85.3942,22.3061],[85.374,22.2867],[85.3635,22.262],[85.3915,22.2883],[85.4058,22.2904],[85.4178,22.2841],[85.4185,22.2487],[85.3895,22.2253],[85.382,22.1879],[85.3614,22.1636],[85.3339,22.1023],[85.2697,22.0342],[85.2517,22.0506],[85.2447,22.0784],[85.2572,22.0921],[85.2448,22.1263],[85.3088,22.1543],[85.317,22.1759],[85.3114,22.1952],[85.3278,22.2113],[85.3306,22.2316],[85.3135,22.2617],[85.3207,22.2754],[85.2965,22.259],[85.289,22.2342],[85.2666,22.2197],[85.2438,22.2323],[85.2316,22.2495],[85.2383,22.2659],[85.2295,22.2696],[85.219,22.2582],[85.2141,22.2686],[85.1984,22.2528],[85.1923,22.253],[85.1922,22.2696],[85.1764,22.2537],[85.1687,22.2577],[85.1698,22.2854],[85.1835,22.2887],[85.2035,22.3143],[85.2343,22.3175],[85.2757,22.3423],[85.2873,22.3334],[85.3002,22.3404],[85.3097,22.3339],[85.3283,22.3113],[85.3283,22.2989],[85.3679,22.345],[85.3833,22.3522],[85.3999,22.3275],[85.3942,22.3061]]],[[[84.8885,20.7233],[84.9015,20.7155],[84.9224,20.7321],[84.941,20.7223],[84.9517,20.7342],[84.9822,20.7048],[84.9935,20.7052],[84.9973,20.7172],[85.0067,20.7196],[85.0179,20.711],[85.0198,20.6904],[85.0525,20.6867],[85.0722,20.6468],[85.0975,20.6613],[85.1096,20.6482],[85.1287,20.6506],[85.1701,20.6235],[85.1759,20.6104],[85.164,20.5949],[85.1156,20.5906],[85.105,20.582],[85.105,20.5731],[85.138,20.55],[85.1556,20.5559],[85.1724,20.5919],[85.1829,20.5972],[85.1959,20.5966],[85.2138,20.5723],[85.2129,20.5957],[85.2203,20.5988],[85.2437,20.5801],[85.2377,20.6113],[85.267,20.5981],[85.2697,20.5762],[85.2593,20.5548],[85.3113,20.5363],[85.3413,20.5384],[85.3551,20.5234],[85.3981,20.5147],[85.4014,20.5007],[85.4137,20.5009],[85.413,20.4849],[85.3939,20.4587],[85.3667,20.4598],[85.3562,20.4711],[85.3448,20.4596],[85.3179,20.462],[85.3085,20.453],[85.2799,20.4614],[85.2582,20.4499],[85.2386,20.4507],[85.1901,20.4673],[85.1746,20.4768],[85.1714,20.4901],[85.0924,20.5365],[85.0756,20.5404],[85.04,20.5261],[84.9953,20.5675],[85.012,20.5614],[85.0155,20.571],[84.9799,20.5714],[84.9579,20.5946],[84.9568,20.5634],[84.9027,20.576],[84.9035,20.5959],[84.9157,20.5988],[84.9,20.6064],[84.8902,20.6318],[84.8487,20.649],[84.8484,20.6967],[84.8252,20.6907],[84.8093,20.7201],[84.8239,20.7384],[84.8259,20.7655],[84.8415,20.7875],[84.8789,20.7818],[84.8941,20.7654],[84.8967,20.7437],[84.8885,20.7233]]],[[[85.3925,20.6862],[85.4039,20.6746],[85.3811,20.6644],[85.3531,20.6751],[85.3609,20.6871],[85.3845,20.6919],[85.3925,20.6862]]],[[[85.3821,22.7739],[85.3678,22.7738],[85.3561,22.7873],[85.3536,22.8079],[85.3638,22.8154],[85.385,22.8065],[85.3967,22.7866],[85.3938,22.7765],[85.3821,22.7739]]],[[[85.3431,22.7538],[85.371,22.7429],[85.3819,22.6752],[85.366,22.6681],[85.3624,22.6561],[85.335,22.6618],[85.3165,22.6551],[85.2988,22.6709],[85.2823,22.6657],[85.2706,22.6749],[85.2722,22.7188],[85.2946,22.7195],[85.275,22.7491],[85.2782,22.7638],[85.3057,22.7722],[85.3431,22.7538]]],[[[85.3358,21.228],[85.3176,21.2242],[85.3047,21.2475],[85.2806,21.2645],[85.2851,21.288],[85.2739,21.298],[85.2844,21.3071],[85.2947,21.3046],[85.3106,21.2811],[85.3422,21.2762],[85.3645,21.2566],[85.3586,21.2375],[85.3358,21.228]]],[[[85.251,20.0052],[85.2776,20.0217],[85.2848,20.0185],[85.2803,20.0099],[85.2983,20.0069],[85.3014,19.9972],[85.3201,19.9892],[85.3482,19.9988],[85.3599,19.9728],[85.3365,19.9551],[85.3075,19.9615],[85.276,19.9552],[85.2761,19.9345],[85.2659,19.9238],[85.251,19.9273],[85.2415,19.8986],[85.2119,19.8948],[85.2063,19.8718],[85.1704,19.868],[85.1759,19.8574],[85.1388,19.8447],[85.1278,19.8342],[85.1281,19.8198],[85.1159,19.8115],[85.0885,19.8154],[85.0771,19.8544],[85.0821,19.8695],[85.1186,19.876],[85.131,19.8676],[85.128,19.8944],[85.143,19.9189],[85.1757,19.9342],[85.1931,19.9287],[85.2111,19.9655],[85.2238,19.9653],[85.2365,19.9773],[85.2366,19.9988],[85.2177,19.9906],[85.1228,19.9056],[85.0758,19.8926],[85.0583,19.8752],[85.0658,19.8473],[85.0391,19.819],[85.0401,19.7856],[85.0141,19.7331],[84.9996,19.718],[84.9739,19.7105],[84.9741,19.693],[84.9518,19.6765],[84.9478,19.6642],[84.9218,19.6777],[84.9257,19.6918],[84.9004,19.703],[84.8804,19.6843],[84.8661,19.6974],[84.8602,19.7145],[84.8739,19.7239],[84.8619,19.7533],[84.874,19.7658],[84.906,19.7717],[84.9238,19.7664],[84.9238,19.7531],[84.933,19.7468],[84.9427,19.7466],[84.9567,19.7612],[84.9817,19.7633],[85.0226,19.8329],[85.0153,19.844],[84.9821,19.8301],[84.9516,19.8053],[84.9238,19.813],[84.9033,19.7926],[84.8722,19.8196],[84.8644,19.8425],[84.8789,19.8356],[84.8863,19.8509],[84.9007,19.8468],[84.9326,19.8572],[84.9509,19.8757],[84.9404,19.8978],[84.9716,19.923],[84.9859,19.9279],[84.9992,19.9178],[85.0137,19.9225],[85.0373,19.9513],[85.0369,19.9838],[85.0873,20.003],[85.1043,20.0],[85.1166,19.9769],[85.0987,19.9549],[85.1918,20.0124],[85.2485,20.0596],[85.2981,20.071],[85.3073,20.0385],[85.2791,20.0266],[85.251,20.0052]]],[[[85.2728,22.6436],[85.2698,22.6348],[85.2815,22.6141],[85.2939,22.6104],[85.2918,22.601],[85.2811,22.6069],[85.2479,22.6019],[85.234,22.6138],[85.194,22.6166],[85.1557,22.5984],[85.1127,22.5985],[85.1047,22.6078],[85.1106,22.6543],[85.1227,22.6579],[85.139,22.6426],[85.1663,22.6742],[85.1907,22.6662],[85.2112,22.6853],[85.2141,22.6981],[85.237,22.6963],[85.2562,22.6744],[85.2547,22.6554],[85.2627,22.6442],[85.2728,22.6436]]],[[[85.2728,22.6436],[85.2961,22.6427],[85.3028,22.6381],[85.2923,22.6261],[85.2728,22.6436]]],[[[85.2634,20.1467],[85.2717,20.136],[85.2683,20.0992],[85.2354,20.0802],[85.1982,20.0784],[85.1823,20.1056],[85.2026,20.1442],[85.2247,20.1517],[85.2397,20.1438],[85.2532,20.155],[85.2634,20.1467]]],[[[85.1679,19.6763],[85.1323,19.6876],[85.1485,19.7123],[85.1518,19.7342],[85.1842,19.6912],[85.1679,19.6763]]],[[[85.1378,22.0926],[85.1135,22.0974],[85.1015,22.1212],[85.1,22.1314],[85.119,22.1486],[85.1273,22.1498],[85.1571,22.1052],[85.1509,22.0948],[85.1378,22.0926]]],[[[85.0698,20.2879],[85.0823,20.2758],[85.1204,20.2885],[85.1484,20.2875],[85.1527,20.2313],[85.1366,20.2249],[85.141,20.2121],[85.1332,20.1957],[85.1093,20.1967],[85.0985,20.21],[85.0758,20.2072],[85.0423,20.2447],[85.0333,20.2242],[85.0049,20.2491],[85.0051,20.2594],[85.0183,20.2593],[85.0142,20.2714],[85.0306,20.3141],[85.0281,20.3345],[85.0661,20.35],[85.1128,20.3356],[85.1155,20.3223],[85.1061,20.31],[85.0698,20.2879]]],[[[85.1291,22.1758],[85.1389,22.164],[85.1121,22.1553],[85.1109,22.1671],[85.1291,22.1758]]],[[[85.0514,20.089],[85.0395,20.0677],[85.029,20.0737],[84.9749,20.054],[84.9512,20.0639],[84.953,20.1061],[85.0055,20.1466],[85.0528,20.1186],[85.0514,20.089]]],[[[84.9989,19.9696],[84.9672,19.9723],[84.9621,19.9887],[84.9831,20.0175],[85.0095,19.9942],[84.9989,19.9696]]],[[[84.9713,20.3985],[84.98,20.3916],[84.9478,20.3874],[84.9198,20.3979],[84.9253,20.411],[84.9444,20.4154],[84.9656,20.4123],[84.9713,20.3985]]],[[[84.9114,20.8343],[84.9569,20.8293],[84.9705,20.8209],[84.9749,20.8088],[84.9642,20.7823],[84.9261,20.7786],[84.9157,20.7875],[84.8993,20.8129],[84.8985,20.8231],[84.9114,20.8343]]],[[[84.9723,21.5636],[84.9714,21.5545],[84.9561,21.5457],[84.8909,21.5606],[84.8877,21.5787],[84.9018,21.6316],[84.9653,21.6172],[84.9723,21.5636]]],[[[82.9895,18.8686],[83.0117,18.8908],[83.0293,18.8931],[83.0176,18.9474],[83.0273,18.9655],[83.0391,18.9742],[83.0643,18.9697],[83.0682,18.982],[83.1091,18.9882],[83.1384,19.0172],[83.1376,19.0595],[83.1822,19.1049],[83.2009,19.1746],[83.1412,19.1881],[83.1337,19.1998],[83.1285,19.2378],[83.1405,19.2638],[83.1351,19.2739],[83.1446,19.308],[83.1317,19.3121],[83.1228,19.3309],[83.1079,19.388],[83.1114,19.4368],[83.1231,19.4624],[83.1104,19.4741],[83.0952,19.5216],[83.121,19.5545],[83.1434,19.6039],[83.1383,19.6136],[83.1258,19.6135],[83.1191,19.63],[83.1075,19.6174],[83.0846,19.6178],[83.0356,19.5918],[83.0105,19.5949],[82.9946,19.6463],[82.9748,19.6537],[82.9674,19.6486],[82.9685,19.6218],[82.9569,19.6046],[82.9571,19.5847],[82.9239,19.5433],[82.9309,19.5332],[82.903,19.4968],[82.901,19.4788],[82.9133,19.4517],[82.8958,19.4056],[82.8797,19.4026],[82.8664,19.389],[82.8478,19.3874],[82.8186,19.4207],[82.8521,19.428],[82.8629,19.4467],[82.8508,19.4677],[82.851,19.496],[82.8679,19.5241],[82.8801,19.5236],[82.8905,19.5345],[82.8676,19.5632],[82.8808,19.5787],[82.9009,19.5779],[82.9155,19.5909],[82.9017,19.6072],[82.9126,19.6286],[82.8947,19.6597],[82.9092,19.6777],[82.9426,19.6849],[82.9322,19.7067],[82.9421,19.7195],[82.9343,19.736],[82.9485,19.7534],[82.9567,19.7592],[82.9687,19.75],[83.0025,19.7717],[83.0244,19.7489],[83.0347,19.76],[83.0509,19.7555],[83.0425,19.7714],[83.0532,19.7757],[83.0468,19.7888],[83.0666,19.8019],[83.0853,19.8342],[83.1061,19.8211],[83.1092,19.8059],[83.1019,19.7952],[83.1074,19.7905],[83.1163,19.8085],[83.1461,19.8046],[83.1579,19.7757],[83.1741,19.7863],[83.1886,19.7654],[83.1822,19.757],[83.2074,19.7364],[83.2125,19.7472],[83.2073,19.7577],[83.2217,19.7712],[83.1994,19.8088],[83.2035,19.8397],[83.1857,19.8826],[83.1894,19.8932],[83.2201,19.8962],[83.2405,19.884],[83.228,19.8988],[83.226,19.9226],[83.2432,19.9607],[83.2643,19.9749],[83.3018,19.9701],[83.3152,19.9599],[83.3179,19.9374],[83.3284,19.9343],[83.3604,19.9696],[83.3805,19.959],[83.3802,19.9355],[83.4004,19.9271],[83.3949,19.8729],[83.4324,19.8632],[83.4325,19.8445],[83.4119,19.8305],[83.4185,19.818],[83.4142,19.8055],[83.3976,19.8011],[83.3799,19.8073],[83.3707,19.8377],[83.3478,19.8464],[83.3176,19.8354],[83.3301,19.8148],[83.3247,19.7944],[83.2932,19.7743],[83.2906,19.7642],[83.3009,19.7463],[83.2936,19.7285],[83.2847,19.7203],[83.2747,19.7257],[83.2591,19.7174],[83.2592,19.6944],[83.2424,19.6903],[83.2287,19.6552],[83.2392,19.6318],[83.2567,19.632],[83.278,19.614],[83.2801,19.6016],[83.2618,19.5685],[83.2833,19.5181],[83.2754,19.5143],[83.28,19.4921],[83.2673,19.4803],[83.2683,19.456],[83.2807,19.4445],[83.2925,19.4449],[83.2967,19.4288],[83.2902,19.3948],[83.3044,19.3853],[83.3181,19.3992],[83.3302,19.3987],[83.3323,19.4075],[83.3452,19.4067],[83.3524,19.4179],[83.368,19.4177],[83.3677,19.4309],[83.3947,19.4247],[83.3988,19.431],[83.3869,19.4346],[83.3684,19.4813],[83.3543,19.4869],[83.3478,19.5146],[83.3293,19.5208],[83.3099,19.5525],[83.3149,19.5618],[83.3066,19.5834],[83.316,19.6161],[83.3338,19.6151],[83.3441,19.651],[83.324,19.6703],[83.3188,19.6875],[83.3258,19.697],[83.3188,19.7166],[83.3296,19.7591],[83.3406,19.7734],[83.3732,19.7702],[83.3769,19.7875],[83.3941,19.7767],[83.3956,19.7665],[83.3854,19.7624],[83.383,19.7316],[83.363,19.7153],[83.3552,19.685],[83.4164,19.7136],[83.4359,19.7404],[83.4503,19.7415],[83.4794,19.7249],[83.4639,19.7015],[83.4815,19.6428],[83.476,19.6329],[83.4862,19.6263],[83.4929,19.569],[83.485,19.5373],[83.472,19.5284],[83.4701,19.5096],[83.4575,19.4935],[83.4608,19.4766],[83.4822,19.4764],[83.4889,19.4601],[83.5078,19.4498],[83.5078,19.4343],[83.5204,19.4542],[83.5455,19.4356],[83.555,19.4505],[83.5345,19.4996],[83.5418,19.5061],[83.5611,19.5106],[83.5733,19.504],[83.5777,19.4804],[83.5962,19.4655],[83.6185,19.4974],[83.5802,19.5476],[83.5781,19.5669],[83.5967,19.5703],[83.5919,19.5792],[83.5992,19.5939],[83.616,19.6056],[83.6141,19.6441],[83.6354,19.6518],[83.6404,19.67],[83.6249,19.669],[83.6054,19.685],[83.6036,19.7073],[83.5709,19.7085],[83.566,19.7191],[83.5518,19.7224],[83.5489,19.7331],[83.5592,19.753],[83.578,19.7713],[83.5386,19.8092],[83.5199,19.7929],[83.5079,19.8008],[83.493,19.7926],[83.4807,19.8022],[83.4747,19.8197],[83.4913,19.8643],[83.4864,19.8732],[83.473,19.8821],[83.4572,19.8764],[83.4379,19.8848],[83.4021,19.934],[83.4055,19.9611],[83.4217,19.9714],[83.4134,19.9821],[83.4119,20.0062],[83.4227,20.0217],[83.4656,20.0152],[83.4677,20.0766],[83.4839,20.0804],[83.5024,20.0835],[83.5145,20.0751],[83.5235,20.0814],[83.5268,20.071],[83.5373,20.0767],[83.5647,20.0708],[83.5629,20.0522],[83.5714,20.0405],[83.5907,20.0959],[83.6264,20.1324],[83.6346,20.1319],[83.6697,20.0585],[83.6818,20.0634],[83.6811,20.0859],[83.6866,20.0883],[83.6922,20.0761],[83.6846,20.0653],[83.6938,20.0433],[83.6804,20.0186],[83.6932,20.0064],[83.6996,19.9545],[83.7108,19.9494],[83.7174,19.9675],[83.7386,19.9553],[83.7473,19.9365],[83.773,19.9295],[83.7813,19.934],[83.7904,19.9135],[83.7957,19.9769],[83.802,19.9666],[83.81,19.9678],[83.8088,19.9762],[83.8277,19.9862],[83.84,19.9814],[83.8536,19.9539],[83.8584,19.9146],[83.8708,19.9238],[83.8575,19.9854],[83.8738,20.0239],[83.8561,20.0375],[83.8435,20.0155],[83.8334,20.0224],[83.8176,20.0178],[83.8225,20.0272],[83.7925,20.0491],[83.7926,20.0579],[83.8093,20.0667],[83.8029,20.076],[83.7908,20.0758],[83.7886,20.1104],[83.7715,20.1072],[83.7582,20.126],[83.7445,20.1281],[83.7403,20.1592],[83.7145,20.1321],[83.6903,20.1259],[83.6771,20.1349],[83.6659,20.1291],[83.676,20.1094],[83.6673,20.1051],[83.653,20.126],[83.6613,20.1376],[83.6437,20.1411],[83.6281,20.1919],[83.6069,20.2118],[83.603,20.224],[83.6171,20.2454],[83.6049,20.2617],[83.5717,20.2698],[83.5614,20.3219],[83.5969,20.3506],[83.5868,20.3744],[83.5938,20.3812],[83.6387,20.38],[83.6405,20.3364],[83.651,20.3218],[83.6691,20.3446],[83.688,20.3364],[83.6834,20.3541],[83.7146,20.3799],[83.7324,20.3842],[83.7424,20.3739],[83.7468,20.3816],[83.7299,20.3971],[83.7302,20.4095],[83.7519,20.4493],[83.7879,20.4687],[83.776,20.5146],[83.7905,20.5675],[83.798,20.5775],[83.8368,20.5718],[83.8533,20.6054],[83.8907,20.6239],[83.8905,20.6335],[83.8741,20.6367],[83.8718,20.6533],[83.8865,20.6781],[83.919,20.6821],[83.9658,20.6737],[83.9985,20.6438],[83.9934,20.6241],[84.0107,20.6076],[84.0428,20.6115],[84.048,20.6222],[84.038,20.6505],[84.0406,20.6761],[84.0557,20.6834],[84.0898,20.6661],[84.0866,20.6462],[84.095,20.6384],[84.1119,20.6556],[84.1797,20.6634],[84.2008,20.6313],[84.2158,20.6218],[84.2422,20.6354],[84.2447,20.6656],[84.2615,20.6738],[84.2786,20.6972],[84.2748,20.7082],[84.2865,20.7406],[84.3036,20.7403],[84.3324,20.7196],[84.3503,20.7199],[84.3697,20.6736],[84.4093,20.6447],[84.4035,20.6271],[84.4115,20.6154],[84.4305,20.6087],[84.4301,20.5883],[84.4133,20.5842],[84.414,20.5562],[84.4354,20.552],[84.4433,20.571],[84.4608,20.58],[84.4719,20.5716],[84.5158,20.5767],[84.5331,20.5885],[84.5555,20.5833],[84.5822,20.5884],[84.5992,20.603],[84.6346,20.5861],[84.6426,20.5694],[84.626,20.5535],[84.6128,20.5208],[84.6176,20.5084],[84.6092,20.4801],[84.6148,20.4689],[84.627,20.472],[84.6234,20.4861],[84.6323,20.5094],[84.674,20.5238],[84.6956,20.5514],[84.6865,20.6055],[84.7176,20.6159],[84.6963,20.6404],[84.6538,20.633],[84.6402,20.6857],[84.6193,20.6967],[84.6116,20.7173],[84.5957,20.7198],[84.572,20.7378],[84.556,20.7745],[84.5223,20.7713],[84.4739,20.8132],[84.451,20.8159],[84.4532,20.8408],[84.4687,20.8455],[84.4798,20.8633],[84.5091,20.8594],[84.523,20.8737],[84.5465,20.8699],[84.5513,20.8427],[84.5998,20.823],[84.6145,20.8027],[84.6414,20.7997],[84.6639,20.7813],[84.7274,20.693],[84.7508,20.6882],[84.762,20.696],[84.7881,20.6754],[84.812,20.6763],[84.8175,20.6661],[84.8079,20.6387],[84.8129,20.6294],[84.7968,20.622],[84.8005,20.6136],[84.8181,20.6206],[84.8351,20.6121],[84.8461,20.5915],[84.8881,20.5645],[84.9001,20.5128],[84.8895,20.501],[84.8721,20.5018],[84.8786,20.4896],[84.9321,20.4856],[84.9511,20.4614],[84.9465,20.4484],[84.928,20.4348],[84.8935,20.4322],[84.8902,20.4462],[84.8648,20.4491],[84.8436,20.4647],[84.8352,20.4875],[84.814,20.4942],[84.8108,20.5075],[84.7897,20.5113],[84.7801,20.4785],[84.7991,20.463],[84.8037,20.4486],[84.8125,20.449],[84.8134,20.4168],[84.8035,20.4134],[84.7901,20.4238],[84.776,20.4108],[84.8051,20.409],[84.7641,20.3936],[84.7565,20.3393],[84.7684,20.3142],[84.7656,20.2866],[84.7631,20.2771],[84.7506,20.2731],[84.7571,20.2333],[84.7434,20.2207],[84.7105,20.2342],[84.7042,20.2098],[84.7348,20.1922],[84.7344,20.1699],[84.7235,20.1485],[84.7088,20.1488],[84.6946,20.1345],[84.6779,20.0776],[84.6395,20.0577],[84.6356,20.07],[84.6187,20.0765],[84.6155,20.1037],[84.6018,20.1164],[84.6166,20.1434],[84.5742,20.1738],[84.5804,20.1585],[84.5752,20.1233],[84.5581,20.1125],[84.5401,20.1199],[84.5251,20.1467],[84.5297,20.1597],[84.5216,20.1634],[84.501,20.1348],[84.5209,20.1207],[84.5183,20.0949],[84.5042,20.0818],[84.4776,20.0759],[84.4604,20.0921],[84.4468,20.0913],[84.4538,20.0812],[84.4447,20.063],[84.4591,20.0399],[84.4477,20.0201],[84.4612,20.0],[84.4415,19.9921],[84.4153,19.9967],[84.4093,19.9717],[84.3885,19.9529],[84.3965,19.9489],[84.4115,19.9615],[84.4371,19.9654],[84.4466,19.9432],[84.4721,19.9275],[84.4718,19.913],[84.5031,19.9071],[84.5082,19.9214],[84.5157,19.9174],[84.5253,19.8926],[84.5079,19.9018],[84.5052,19.892],[84.5322,19.8599],[84.5253,19.8432],[84.4896,19.8196],[84.4926,19.7943],[84.4623,19.7759],[84.4498,19.805],[84.4456,19.779],[84.437,19.7759],[84.421,19.7869],[84.4134,19.8159],[84.401,19.8274],[84.399,19.846],[84.4061,19.8564],[84.3942,19.8592],[84.3878,19.8429],[84.3732,19.8394],[84.3672,19.8488],[84.3581,19.844],[84.3463,19.8502],[84.3385,19.8629],[84.3494,19.8872],[84.327,19.8983],[84.3148,19.8601],[84.3217,19.8424],[84.2972,19.8322],[84.2944,19.8438],[84.2739,19.8458],[84.2826,19.8316],[84.2791,19.815],[84.2999,19.8154],[84.3137,19.8048],[84.3258,19.757],[84.3468,19.7497],[84.3556,19.7544],[84.363,19.7387],[84.3484,19.6968],[84.2864,19.7192],[84.2904,19.6936],[84.3238,19.6712],[84.313,19.6373],[84.3026,19.6277],[84.2829,19.6309],[84.2801,19.6206],[84.3003,19.6149],[84.3218,19.6194],[84.3525,19.6696],[84.3768,19.6625],[84.3867,19.6301],[84.4069,19.6446],[84.4345,19.6278],[84.4401,19.616],[84.487,19.5934],[84.4847,19.5301],[84.5098,19.5613],[84.5472,19.5464],[84.5606,19.4949],[84.555,19.4736],[84.5176,19.4529],[84.4985,19.4511],[84.4887,19.4663],[84.4526,19.4717],[84.4179,19.4544],[84.4114,19.4273],[84.4217,19.3971],[84.4069,19.3789],[84.3721,19.3728],[84.403,19.3512],[84.3927,19.3352],[84.4141,19.3383],[84.4306,19.3296],[84.4363,19.2857],[84.4302,19.2645],[84.4762,19.2755],[84.4884,19.2538],[84.477,19.2362],[84.4648,19.2365],[84.452,19.2159],[84.4385,19.2093],[84.4415,19.1961],[84.4343,19.1852],[84.3801,19.1788],[84.3905,19.1405],[84.4194,19.147],[84.4321,19.1301],[84.4471,19.1334],[84.4736,19.1238],[84.4662,19.1363],[84.4716,19.1364],[84.4865,19.1266],[84.5094,19.0806],[84.4697,19.0463],[84.4729,19.0405],[84.5132,19.0675],[84.5404,19.0635],[84.5447,19.0464],[84.5301,19.0325],[84.549,19.0159],[84.5113,18.9745],[84.4801,18.9694],[84.4863,18.9882],[84.4602,19.0175],[84.4364,19.0144],[84.458,18.9949],[84.4694,18.9652],[84.4636,18.9531],[84.4459,18.9571],[84.439,18.9491],[84.4447,18.9325],[84.4345,18.9074],[84.4069,18.8899],[84.4021,18.8751],[84.3652,18.8522],[84.3602,18.8367],[84.3414,18.8303],[84.2947,18.833],[84.303,18.8199],[84.2968,18.797],[84.3158,18.7898],[84.3238,18.7742],[84.3135,18.7426],[84.2916,18.7521],[84.2566,18.728],[84.2436,18.7349],[84.2356,18.7544],[84.2525,18.7758],[84.2408,18.7718],[84.2308,18.7811],[84.2265,18.8019],[84.2391,18.8059],[84.2498,18.8223],[84.2902,18.8413],[84.3065,18.864],[84.2822,18.8791],[84.2379,18.8651],[84.2283,18.8551],[84.2133,18.8571],[84.16,18.8916],[84.1532,18.9016],[84.1534,18.968],[84.135,18.9967],[84.13,18.9761],[84.1366,18.9387],[84.1267,18.9257],[84.1426,18.8837],[84.1336,18.8688],[84.1405,18.8554],[84.125,18.8613],[84.1448,18.826],[84.1323,18.8073],[84.1016,18.8078],[84.0904,18.8216],[84.0907,18.834],[84.0508,18.8633],[84.0448,18.8509],[84.022,18.855],[84.0096,18.8323],[83.9924,18.8247],[83.9756,18.8383],[83.9637,18.8259],[83.9375,18.8416],[83.9221,18.8363],[83.9201,18.8614],[83.9401,18.8858],[83.9186,18.8951],[83.8885,18.928],[83.8744,18.9186],[83.8614,18.9439],[83.8643,18.951],[83.8759,18.9508],[83.8837,18.97],[83.8521,18.9954],[83.8468,19.0113],[83.8177,19.0216],[83.8072,19.0389],[83.823,19.0475],[83.8188,19.0597],[83.8432,19.0992],[83.8673,19.1113],[83.8945,19.0884],[83.9044,19.0948],[83.8968,19.1171],[83.9172,19.1305],[83.9323,19.1552],[83.9301,19.1943],[83.9363,19.209],[83.908,19.1926],[83.8869,19.1951],[83.874,19.2035],[83.8737,19.2169],[83.8903,19.2379],[83.8822,19.2497],[83.8981,19.2821],[83.9238,19.2844],[83.9306,19.2976],[83.8765,19.3296],[83.8739,19.3406],[83.8552,19.3464],[83.8448,19.359],[83.8428,19.3841],[83.8177,19.3932],[83.8201,19.423],[83.8074,19.4425],[83.7956,19.4222],[83.7724,19.4199],[83.7448,19.4531],[83.7414,19.4464],[83.7581,19.4201],[83.7646,19.3904],[83.7462,19.3396],[83.7586,19.2949],[83.7417,19.2782],[83.726,19.2751],[83.7322,19.2615],[83.7246,19.2284],[83.6949,19.2321],[83.6801,19.2245],[83.6693,19.2317],[83.6469,19.1927],[83.6324,19.1946],[83.6135,19.1657],[83.6405,19.1552],[83.6425,19.137],[83.655,19.133],[83.6426,19.053],[83.6228,19.0156],[83.6374,19.0041],[83.6285,18.9655],[83.6426,18.9656],[83.6426,18.9569],[83.6833,18.9543],[83.6926,18.9407],[83.6908,18.9012],[83.6784,18.8864],[83.7002,18.862],[83.6952,18.8362],[83.709,18.8362],[83.7155,18.872],[83.7243,18.8804],[83.725,18.9141],[83.7404,18.9216],[83.7165,18.953],[83.7279,18.9801],[83.7422,18.9848],[83.7591,18.9719],[83.7756,18.939],[83.7977,18.9294],[83.8008,18.9012],[83.8184,18.8984],[83.8272,18.8867],[83.853,18.8253],[83.8289,18.7785],[83.8478,18.7405],[83.8571,18.7441],[83.8571,18.7592],[83.8843,18.747],[83.8697,18.7303],[83.8862,18.7209],[83.9085,18.6678],[83.8961,18.6458],[83.9009,18.6365],[83.8906,18.6104],[83.8936,18.5746],[83.9051,18.5636],[83.9026,18.5381],[83.8874,18.5274],[83.876,18.5333],[83.8513,18.5284],[83.7907,18.5851],[83.7801,18.6153],[83.8011,18.6446],[83.8007,18.6591],[83.8183,18.6836],[83.8321,18.6903],[83.8262,18.7071],[83.8093,18.7017],[83.8145,18.6854],[83.7679,18.6405],[83.7331,18.6439],[83.7213,18.6709],[83.6918,18.6757],[83.6528,18.705],[83.6304,18.6988],[83.6216,18.7315],[83.6412,18.758],[83.6028,18.8203],[83.6058,18.8881],[83.5924,18.8925],[83.5898,18.8822],[83.5685,18.8911],[83.5537,18.8843],[83.5282,18.8909],[83.5203,18.9033],[83.5006,18.9074],[83.4883,18.9373],[83.456,18.9707],[83.4429,19.0592],[83.4609,19.0697],[83.4727,19.0909],[83.4709,19.0988],[83.4489,19.0908],[83.4307,19.0974],[83.4312,19.1941],[83.4511,19.2164],[83.4825,19.2072],[83.4946,19.2411],[83.4843,19.2517],[83.4906,19.2724],[83.5112,19.2846],[83.5135,19.3065],[83.5319,19.3293],[83.5037,19.3574],[83.4901,19.3572],[83.4909,19.3714],[83.4712,19.3763],[83.4538,19.43],[83.4432,19.3805],[83.4238,19.3579],[83.4011,19.3489],[83.3881,19.3596],[83.3843,19.3886],[83.3686,19.3853],[83.3671,19.3498],[83.3542,19.3322],[83.3671,19.3211],[83.3946,19.2629],[83.3998,19.2304],[83.3939,19.2184],[83.4048,19.2052],[83.3824,19.1719],[83.3914,19.1604],[83.3875,19.131],[83.412,19.0969],[83.4135,19.0689],[83.4289,19.0322],[83.4242,19.0219],[83.398,19.0193],[83.3664,19.0362],[83.3651,19.0075],[83.3828,19.0054],[83.4321,18.9788],[83.4425,18.9642],[83.4488,18.91],[83.4275,18.8984],[83.4191,18.8834],[83.4224,18.8744],[83.3998,18.8469],[83.3942,18.8248],[83.3751,18.8168],[83.3404,18.7766],[83.3184,18.7892],[83.3032,18.7762],[83.2666,18.7764],[83.2356,18.7409],[83.2145,18.7434],[83.1885,18.7336],[83.1967,18.7212],[83.194,18.7101],[83.1651,18.6932],[83.1658,18.6838],[83.1365,18.6564],[83.1315,18.6394],[83.1367,18.6223],[83.1249,18.6082],[83.1549,18.6053],[83.1663,18.5773],[83.1569,18.5279],[83.1477,18.5232],[83.1394,18.5288],[83.0885,18.4972],[83.0923,18.4829],[83.0843,18.4595],[83.0971,18.4485],[83.1246,18.4526],[83.1425,18.4218],[83.1716,18.4224],[83.1831,18.4299],[83.194,18.4774],[83.2289,18.4921],[83.2509,18.4844],[83.2554,18.4573],[83.2426,18.445],[83.2655,18.4308],[83.2562,18.3986],[83.261,18.3893],[83.2472,18.3822],[83.2316,18.3892],[83.2156,18.3829],[83.2105,18.3537],[83.1958,18.3461],[83.1866,18.3509],[83.155,18.3245],[83.1408,18.3197],[83.1242,18.328],[83.1135,18.3179],[83.1161,18.2988],[83.1322,18.3009],[83.1715,18.3229],[83.1744,18.3319],[83.225,18.3381],[83.2302,18.3232],[83.2195,18.2884],[83.2311,18.2932],[83.2674,18.2743],[83.2638,18.2442],[83.2718,18.2282],[83.2609,18.21],[83.2403,18.2217],[83.2154,18.1946],[83.2157,18.1823],[83.2034,18.1759],[83.2031,18.1863],[83.178,18.1913],[83.1881,18.2196],[83.1772,18.2174],[83.1501,18.1951],[83.1801,18.1877],[83.1775,18.1676],[83.1625,18.1759],[83.1441,18.1634],[83.1201,18.1863],[83.1219,18.1513],[83.1124,18.1349],[83.1384,18.1032],[83.1267,18.0907],[83.0739,18.0747],[83.1051,18.0718],[83.1093,18.0555],[83.1035,18.0426],[83.0604,18.0304],[83.0555,18.0204],[83.017,18.0062],[83.003,18.0154],[83.0093,18.0545],[82.9959,18.0472],[82.9614,18.0218],[82.9569,18.008],[82.9239,18.001],[82.9279,17.9721],[82.9446,17.9689],[82.9451,17.9451],[82.9387,17.9385],[82.9056,17.9378],[82.875,17.9473],[82.8705,17.9613],[82.8561,17.9488],[82.8611,17.9392],[82.8409,17.9372],[82.8079,17.9118],[82.782,17.9218],[82.7649,17.9392],[82.7368,17.9343],[82.7184,17.8976],[82.7051,17.8933],[82.7238,17.8532],[82.7095,17.8571],[82.7051,17.8494],[82.7454,17.8522],[82.7611,17.8363],[82.7831,17.8592],[82.8012,17.8571],[82.8217,17.8406],[82.8156,17.8219],[82.8048,17.8145],[82.7697,17.8238],[82.7615,17.801],[82.7468,17.7988],[82.7414,17.7824],[82.7041,17.7827],[82.6887,17.7946],[82.6738,17.7674],[82.6395,17.7633],[82.6146,17.7717],[82.592,17.7583],[82.5722,17.7634],[82.559,17.755],[82.5595,17.7326],[82.5472,17.7104],[82.5262,17.6947],[82.4929,17.7074],[82.4507,17.6775],[82.4201,17.6689],[82.4163,17.6572],[82.378,17.6797],[82.3904,17.7015],[82.3774,17.7113],[82.3729,17.6977],[82.3505,17.6878],[82.3385,17.6919],[82.3386,17.6764],[82.3239,17.6728],[82.3238,17.6656],[82.3635,17.6385],[82.3675,17.6009],[82.3779,17.6113],[82.3881,17.608],[82.3939,17.5905],[82.4013,17.6122],[82.43,17.6163],[82.4327,17.6384],[82.4471,17.6209],[82.4865,17.6593],[82.5386,17.6548],[82.5497,17.6377],[82.5673,17.6467],[82.5782,17.6279],[82.5595,17.6011],[82.5447,17.5935],[82.5207,17.613],[82.4592,17.6029],[82.4479,17.6088],[82.4408,17.5984],[82.453,17.5795],[82.443,17.5499],[82.4489,17.5316],[82.3926,17.4634],[82.3698,17.4197],[82.3067,17.3891],[82.2837,17.4113],[82.2809,17.4037],[82.2931,17.3837],[82.2891,17.3551],[82.2785,17.3345],[82.2578,17.3238],[82.2266,17.3442],[82.208,17.3473],[82.1928,17.3136],[82.1696,17.2927],[82.1311,17.2975],[82.1245,17.3072],[82.1386,17.3655],[82.1175,17.3608],[82.1178,17.3488],[82.1053,17.3528],[82.0993,17.3644],[82.1059,17.3773],[82.0948,17.403],[82.0759,17.3826],[82.0346,17.3933],[82.0354,17.417],[82.0573,17.4242],[82.0571,17.4341],[82.0863,17.4424],[82.0865,17.4484],[82.083,17.4592],[82.0732,17.4594],[82.0649,17.4468],[82.0469,17.4507],[82.0395,17.4605],[82.048,17.4994],[82.0377,17.5101],[82.0323,17.4988],[82.0137,17.514],[82.0174,17.5341],[82.0251,17.538],[82.054,17.5144],[82.0635,17.5176],[82.0831,17.5051],[82.0987,17.5052],[82.1049,17.4657],[82.1123,17.4586],[82.101,17.4417],[82.128,17.4451],[82.1176,17.4324],[82.1549,17.4164],[82.1676,17.3949],[82.162,17.3738],[82.1869,17.3865],[82.2197,17.4217],[82.2383,17.4554],[82.2239,17.4693],[82.2223,17.4893],[82.2279,17.5008],[82.274,17.5294],[82.2761,17.5493],[82.3007,17.5734],[82.3081,17.6263],[82.302,17.6385],[82.2538,17.6471],[82.2322,17.6718],[82.2002,17.6541],[82.1781,17.6615],[82.1675,17.651],[82.1678,17.6386],[82.1426,17.6208],[82.1674,17.63],[82.1784,17.6124],[82.1449,17.5573],[82.0945,17.5413],[82.0806,17.5458],[82.0754,17.5695],[82.0637,17.5634],[82.0572,17.5718],[82.0523,17.5496],[82.0387,17.5426],[82.0258,17.5451],[82.0261,17.5572],[82.0027,17.5791],[82.0029,17.6133],[82.0217,17.6191],[82.0236,17.6418],[82.0162,17.6531],[82.0052,17.6528],[81.9999,17.6769],[81.9774,17.6596],[81.9657,17.6653],[81.9614,17.6821],[81.9551,17.6823],[81.955,17.674],[81.9627,17.5879],[81.9342,17.5653],[81.9094,17.5635],[81.9115,17.5182],[81.8968,17.4971],[81.8915,17.478],[81.8965,17.4682],[81.8859,17.4452],[81.8631,17.4301],[81.8218,17.4497],[81.8218,17.4592],[81.7792,17.4447],[81.7589,17.451],[81.762,17.4301],[81.7469,17.4303],[81.7427,17.418],[81.7541,17.4144],[81.7146,17.397],[81.6824,17.395],[81.6781,17.3867],[81.711,17.3808],[81.7215,17.3863],[81.7299,17.3715],[81.7303,17.3512],[81.6908,17.3134],[81.6161,17.3465],[81.6088,17.3641],[81.6125,17.375],[81.6004,17.3842],[81.5872,17.3499],[81.6113,17.328],[81.632,17.3254],[81.6343,17.2845],[81.625,17.2586],[81.6027,17.2476],[81.5732,17.256],[81.5677,17.2447],[81.5534,17.2444],[81.5421,17.2501],[81.5336,17.2696],[81.519,17.2456],[81.4994,17.2355],[81.4738,17.2571],[81.4691,17.2829],[81.4885,17.2992],[81.5008,17.3383],[81.5279,17.3487],[81.5363,17.3611],[81.526,17.3715],[81.5255,17.3914],[81.4908,17.3851],[81.4858,17.3653],[81.4545,17.3228],[81.4593,17.3136],[81.4468,17.3073],[81.44,17.2658],[81.4108,17.2363],[81.3807,17.2463],[81.3773,17.2604],[81.3641,17.2559],[81.3568,17.2917],[81.3718,17.3022],[81.3406,17.3216],[81.333,17.3587],[81.3153,17.3614],[81.3114,17.3467],[81.3024,17.3779],[81.2947,17.3781],[81.2913,17.3363],[81.2658,17.349],[81.2693,17.4037],[81.2804,17.4319],[81.2862,17.4259],[81.2906,17.4343],[81.2925,17.455],[81.3427,17.4808],[81.3779,17.4737],[81.3836,17.4848],[81.3562,17.5081],[81.3455,17.4905],[81.3081,17.5043],[81.2989,17.5131],[81.2995,17.5307],[81.3329,17.5568],[81.346,17.5431],[81.357,17.5488],[81.3831,17.5282],[81.4167,17.5254],[81.4286,17.5072],[81.4447,17.534],[81.4041,17.5389],[81.3907,17.5723],[81.3994,17.626],[81.4108,17.6258],[81.4229,17.6457],[81.4176,17.661],[81.4239,17.6741],[81.4581,17.705],[81.4797,17.7003],[81.523,17.7288],[81.5334,17.7494],[81.5905,17.782],[81.5459,17.7634],[81.5385,17.768],[81.5753,17.7964],[81.6146,17.8193],[81.6125,17.7991],[81.6356,17.8059],[81.6376,17.8254],[81.6545,17.8416],[81.6362,17.874],[81.6391,17.898],[81.6239,17.9181],[81.6297,17.932],[81.6423,17.9363],[81.6453,17.9176],[81.6613,17.9209],[81.6612,17.9335],[81.6822,17.9416],[81.6924,17.9363],[81.7032,17.9458],[81.7028,17.9624],[81.7253,17.9771],[81.733,17.9931],[81.7799,18.0028],[81.7966,18.0384],[81.8426,18.041],[81.8468,18.0601],[81.8285,18.069],[81.8181,18.098],[81.8536,18.1175],[81.8813,18.0855],[81.9709,18.1701],[82.0025,18.1842],[82.0282,18.1843],[82.0593,18.2155],[82.062,18.2295],[82.084,18.2384],[82.0904,18.2259],[82.1101,18.244],[82.1142,18.2729],[82.1418,18.3186],[82.1739,18.3467],[82.1821,18.3693],[82.1944,18.3821],[82.2072,18.382],[82.207,18.3944],[82.2252,18.4067],[82.2197,18.4173],[82.2278,18.4336],[82.2196,18.461],[82.2278,18.4779],[82.2482,18.4744],[82.2515,18.4913],[82.2775,18.5065],[82.2732,18.5317],[82.2889,18.5517],[82.2842,18.5963],[82.2984,18.6083],[82.2931,18.6185],[82.3251,18.6283],[82.3355,18.6412],[82.3613,18.6302],[82.3413,18.6188],[82.3357,18.608],[82.3447,18.5962],[82.3244,18.575],[82.3396,18.5647],[82.3487,18.5904],[82.3594,18.5957],[82.3591,18.6091],[82.3716,18.6175],[82.3924,18.6072],[82.403,18.6197],[82.4133,18.6195],[82.4248,18.6407],[82.4426,18.6403],[82.4556,18.6687],[82.4926,18.7092],[82.5063,18.742],[82.5385,18.7554],[82.5457,18.7991],[82.5563,18.817],[82.5818,18.8321],[82.6088,18.8194],[82.5929,18.8009],[82.5901,18.7809],[82.5765,18.7742],[82.5719,18.7552],[82.5408,18.7393],[82.5254,18.6913],[82.5093,18.6885],[82.5092,18.6717],[82.5176,18.6636],[82.4995,18.6223],[82.4761,18.5989],[82.4396,18.5856],[82.4096,18.5613],[82.401,18.5759],[82.3873,18.565],[82.4072,18.5448],[82.4044,18.527],[82.3926,18.5157],[82.4001,18.5072],[82.441,18.5425],[82.4712,18.53],[82.4769,18.4967],[82.4883,18.4892],[82.4938,18.4694],[82.478,18.4437],[82.4803,18.4377],[82.5007,18.4397],[82.5113,18.424],[82.5021,18.3769],[82.4827,18.3664],[82.4676,18.3428],[82.4736,18.3308],[82.4365,18.326],[82.432,18.3195],[82.4246,18.2885],[82.4342,18.2738],[82.4529,18.2842],[82.4556,18.2768],[82.4527,18.259],[82.4405,18.2531],[82.4469,18.2058],[82.4343,18.1708],[82.4447,18.1678],[82.4874,18.1915],[82.491,18.2069],[82.5246,18.2276],[82.5241,18.2397],[82.5353,18.2425],[82.5484,18.2329],[82.5632,18.2591],[82.6064,18.259],[82.6222,18.2857],[82.6244,18.3078],[82.6483,18.3239],[82.6836,18.3253],[82.6933,18.3433],[82.7334,18.3509],[82.7189,18.3578],[82.7011,18.4004],[82.7156,18.4279],[82.7245,18.4705],[82.7371,18.4699],[82.7434,18.4868],[82.7583,18.4945],[82.7754,18.4933],[82.7779,18.5062],[82.7621,18.5237],[82.7561,18.5057],[82.7453,18.5031],[82.7365,18.5524],[82.7445,18.5733],[82.7832,18.5764],[82.8051,18.5682],[82.8226,18.5737],[82.8321,18.5366],[82.8146,18.5302],[82.799,18.5077],[82.8244,18.4849],[82.8451,18.4958],[82.8743,18.4914],[82.8929,18.4635],[82.9216,18.4828],[82.9241,18.4943],[82.9514,18.5041],[82.9677,18.5258],[82.9649,18.5337],[82.9378,18.5396],[82.9076,18.5135],[82.9104,18.5358],[82.9236,18.5387],[82.9313,18.5565],[82.9253,18.5812],[82.9119,18.5852],[82.9094,18.5975],[82.9145,18.6068],[82.9363,18.6139],[82.9281,18.6282],[82.888,18.6355],[82.8784,18.6288],[82.8679,18.6446],[82.881,18.6867],[82.9,18.6976],[82.9463,18.7045],[82.9499,18.7205],[82.9358,18.7398],[82.9446,18.7906],[82.9895,18.8686]]],[[[82.9895,18.8686],[82.9724,18.866],[82.9671,18.8525],[82.948,18.8483],[82.9431,18.8344],[82.9263,18.8408],[82.9094,18.8625],[82.9381,18.9018],[82.9666,18.9184],[82.9946,18.8969],[82.9895,18.8686]]],[[[84.9011,20.1693],[84.8936,20.1603],[84.8712,20.1675],[84.8722,20.177],[84.8624,20.1813],[84.8642,20.203],[84.9027,20.2133],[84.9231,20.211],[84.93,20.1838],[84.9011,20.1693]]],[[[84.9069,20.2434],[84.8853,20.2311],[84.8514,20.2436],[84.8535,20.2752],[84.8682,20.2785],[84.8806,20.3007],[84.8916,20.3029],[84.9154,20.2814],[84.9069,20.2434]]],[[[84.7811,21.604],[84.7909,21.6593],[84.776,21.685],[84.7871,21.711],[84.8769,21.6727],[84.8927,21.6862],[84.8987,21.6807],[84.9017,21.6582],[84.8844,21.6446],[84.8666,21.6385],[84.8334,21.6445],[84.8292,21.637],[84.8377,21.6322],[84.8737,21.6369],[84.8558,21.6332],[84.8492,21.6114],[84.7955,21.6165],[84.7921,21.6051],[84.7811,21.604]]],[[[84.7811,21.604],[84.7966,21.5676],[84.813,21.5717],[84.8486,21.5383],[84.8433,21.5165],[84.8117,21.5157],[84.7701,21.5356],[84.7569,21.5286],[84.7455,21.5373],[84.6841,21.5342],[84.7176,21.5224],[84.7077,21.5159],[84.7075,21.4886],[84.6922,21.4805],[84.6693,21.4796],[84.6415,21.4925],[84.6366,21.5278],[84.6241,21.534],[84.6198,21.5571],[84.5438,21.5547],[84.5158,21.5646],[84.5153,21.5759],[84.5545,21.5869],[84.559,21.5965],[84.6436,21.59],[84.6616,21.5968],[84.6773,21.6165],[84.7083,21.6152],[84.7234,21.6259],[84.7811,21.604]]],[[[84.8696,19.9093],[84.8669,19.8943],[84.8228,19.854],[84.8028,19.8674],[84.8003,19.8836],[84.8125,19.9092],[84.8267,19.9034],[84.8472,19.9315],[84.859,19.9358],[84.8714,19.9251],[84.8696,19.9093]]],[[[84.8253,19.8477],[84.8488,19.8476],[84.8631,19.8334],[84.8664,19.8101],[84.8311,19.7915],[84.8214,19.7932],[84.8089,19.8236],[84.8118,19.8369],[84.8253,19.8477]]],[[[84.8619,21.341],[84.8416,21.3353],[84.8052,21.3427],[84.7869,21.3574],[84.7763,21.3799],[84.7809,21.3959],[84.8019,21.4082],[84.8404,21.396],[84.8642,21.3749],[84.8619,21.341]]],[[[84.5322,22.0753],[84.601,22.066],[84.6209,22.0407],[84.6461,22.0442],[84.6533,22.0131],[84.6947,21.9797],[84.7228,21.9932],[84.732,22.0474],[84.7841,22.0549],[84.8083,22.0398],[84.8136,22.0231],[84.8132,22.0115],[84.7844,21.9801],[84.7921,21.9759],[84.8071,21.9874],[84.838,21.9944],[84.8648,21.9709],[84.8633,21.9347],[84.8498,21.915],[84.8071,21.9184],[84.7558,21.9499],[84.6916,21.9383],[84.6885,21.9272],[84.7097,21.9126],[84.7092,21.9007],[84.6905,21.8907],[84.6925,21.8474],[84.6852,21.8368],[84.6735,21.8425],[84.6556,21.8187],[84.6462,21.7728],[84.609,21.7697],[84.6095,21.784],[84.5697,21.7903],[84.5372,21.8087],[84.5324,21.8533],[84.5024,21.8707],[84.4924,21.9022],[84.4928,21.9119],[84.5348,21.9428],[84.573,21.9498],[84.578,21.9678],[84.5521,21.9992],[84.5373,21.9989],[84.5401,22.0071],[84.495,21.9915],[84.4665,21.9994],[84.4656,22.0407],[84.4906,22.0466],[84.5048,22.0694],[84.5322,22.0753]]],[[[84.8384,20.1364],[84.8344,20.1358],[84.8366,20.1633],[84.8446,20.1595],[84.8384,20.1364]]],[[[84.7624,20.8915],[84.7649,20.9172],[84.7844,20.9177],[84.8115,20.8989],[84.8321,20.8964],[84.8302,20.8737],[84.8062,20.8489],[84.783,20.8642],[84.7624,20.8915]]],[[[84.7624,20.8915],[84.7637,20.8572],[84.7223,20.8606],[84.7138,20.8805],[84.7272,20.9071],[84.7624,20.8915]]],[[[84.8092,20.1197],[84.8041,20.1061],[84.7973,20.1082],[84.7923,20.1454],[84.7975,20.1626],[84.8237,20.1701],[84.8255,20.1485],[84.8092,20.1197]]],[[[84.6738,19.3675],[84.6979,19.3695],[84.7195,19.3539],[84.7217,19.3298],[84.6955,19.3084],[84.6991,19.2985],[84.7195,19.2876],[84.7231,19.2719],[84.6989,19.2408],[84.6968,19.2336],[84.7139,19.2184],[84.7131,19.2039],[84.6957,19.179],[84.6754,19.1828],[84.6555,19.2111],[84.647,19.1953],[84.6235,19.1948],[84.6241,19.2033],[84.6068,19.2096],[84.5927,19.2292],[84.5652,19.2302],[84.5557,19.251],[84.564,19.2674],[84.608,19.2913],[84.6183,19.3125],[84.6114,19.3265],[84.6162,19.3353],[84.6505,19.3485],[84.6622,19.3717],[84.6738,19.3675]]],[[[84.6838,19.8174],[84.6533,19.8244],[84.6447,19.8453],[84.65,19.8547],[84.6742,19.8606],[84.6965,19.845],[84.7009,19.8367],[84.6838,19.8174]]],[[[84.6205,19.7086],[84.6166,19.6999],[84.6084,19.7009],[84.5865,19.7269],[84.5958,19.7346],[84.5936,19.7689],[84.6018,19.7736],[84.6335,19.76],[84.6381,19.7394],[84.6193,19.7202],[84.6205,19.7086]]],[[[84.5656,21.6759],[84.5511,21.6728],[84.5261,21.6855],[84.5255,21.7007],[84.5398,21.7253],[84.5836,21.7487],[84.62,21.7484],[84.6205,21.7158],[84.5693,21.6877],[84.5656,21.6759]]],[[[84.4888,21.4426],[84.4962,21.4343],[84.5087,21.4404],[84.5834,21.4312],[84.5905,21.4211],[84.5848,21.3885],[84.6041,21.3725],[84.6108,21.38],[84.6138,21.3614],[84.6049,21.3338],[84.588,21.3199],[84.5675,21.3234],[84.5541,21.3026],[84.5103,21.2957],[84.4565,21.3063],[84.4052,21.3368],[84.3641,21.3511],[84.3511,21.3627],[84.347,21.3857],[84.337,21.3888],[84.3206,21.4233],[84.3336,21.4311],[84.3684,21.4126],[84.4124,21.4153],[84.4275,21.4057],[84.4419,21.3739],[84.4687,21.3946],[84.4962,21.378],[84.5049,21.3816],[84.5058,21.3966],[84.4598,21.4031],[84.4489,21.4128],[84.4381,21.4406],[84.438,21.4696],[84.4888,21.4426]]],[[[84.5336,19.1238],[84.5204,19.122],[84.5182,19.1609],[84.5602,19.1772],[84.568,19.1594],[84.556,19.1385],[84.5336,19.1238]]],[[[84.5363,20.6929],[84.5522,20.6899],[84.5676,20.6597],[84.5648,20.6415],[84.5543,20.6343],[84.526,20.6485],[84.5446,20.6272],[84.5334,20.6026],[84.4881,20.6002],[84.476,20.616],[84.4926,20.6484],[84.487,20.6598],[84.4915,20.6834],[84.5363,20.6929]]],[[[84.5552,19.5656],[84.5561,19.5603],[84.5368,19.5669],[84.5326,19.5777],[84.5444,19.5791],[84.5552,19.5656]]],[[[84.5316,19.1788],[84.5217,19.1659],[84.4948,19.1639],[84.5095,19.1942],[84.5262,19.2008],[84.5341,19.1903],[84.5316,19.1788]]],[[[84.5031,19.7427],[84.4981,19.7391],[84.4873,19.7612],[84.496,19.7582],[84.5031,19.7427]]],[[[84.4717,19.6906],[84.4516,19.7014],[84.4427,19.736],[84.4543,19.7539],[84.493,19.7379],[84.5008,19.7196],[84.4954,19.6994],[84.4717,19.6906]]],[[[84.4635,19.6265],[84.4781,19.6133],[84.4696,19.6112],[84.4427,19.627],[84.449,19.6321],[84.4635,19.6265]]],[[[84.353,21.4738],[84.3739,21.4655],[84.3335,21.4615],[84.326,21.4726],[84.3349,21.4784],[84.353,21.4738]]],[[[84.2684,20.951],[84.2644,20.9325],[84.2227,20.9251],[84.2039,20.954],[84.2039,20.9748],[84.2128,20.9813],[84.2282,20.976],[84.2684,20.951]]],[[[84.0198,21.1409],[84.0168,21.1343],[84.0021,21.1396],[83.976,21.1709],[83.9984,21.19],[84.0058,21.2084],[84.0251,21.2039],[84.0352,21.1909],[84.0363,21.1663],[84.0198,21.1409]]],[[[83.9529,21.2031],[83.9478,21.1874],[83.9323,21.198],[83.9526,21.2464],[83.9612,21.2471],[83.9529,21.2031]]],[[[83.9236,21.1135],[83.9166,21.104],[83.9043,21.105],[83.8868,21.1173],[83.8844,21.1362],[83.9177,21.1779],[83.9394,21.1662],[83.9236,21.1135]]],[[[83.7332,19.0561],[83.7421,19.1151],[83.7496,19.1193],[83.7577,19.1032],[83.7769,19.0931],[83.7722,19.0724],[83.7515,19.0571],[83.7332,19.0561]]],[[[83.7332,19.0561],[83.7255,19.0407],[83.712,19.0382],[83.7195,19.0276],[83.7002,19.0072],[83.695,19.0101],[83.6922,19.0276],[83.7039,19.0609],[83.722,19.0737],[83.7258,19.0659],[83.7177,19.0545],[83.7332,19.0561]]],[[[83.7654,19.974],[83.7543,19.9745],[83.7448,19.9873],[83.7468,20.0065],[83.7585,20.0154],[83.766,20.0042],[83.7654,19.974]]],[[[83.6944,19.1968],[83.7107,19.1968],[83.7259,19.1795],[83.7262,19.1621],[83.7198,19.1489],[83.6753,19.1388],[83.6635,19.1533],[83.6701,19.195],[83.6778,19.203],[83.6944,19.1968]]],[[[83.6717,19.0718],[83.6573,19.0721],[83.6736,19.0879],[83.6741,19.0827],[83.6717,19.0718]]],[[[83.5621,20.1323],[83.5562,20.1179],[83.5291,20.1019],[83.5092,20.1097],[83.5024,20.1271],[83.516,20.1504],[83.539,20.1663],[83.5549,20.1619],[83.5621,20.1323]]],[[[83.5482,19.7108],[83.5352,19.6929],[83.5157,19.6887],[83.5063,19.6518],[83.4978,19.6436],[83.4871,19.6456],[83.4812,19.6772],[83.4961,19.7071],[83.5092,19.707],[83.4989,19.7173],[83.5067,19.7381],[83.5253,19.743],[83.538,19.7368],[83.5509,19.7201],[83.5482,19.7108]]],[[[83.3271,17.8844],[83.3661,17.8815],[83.3693,17.8495],[83.3204,17.8246],[83.3166,17.8103],[83.3079,17.8118],[83.2832,17.8522],[83.2958,17.8675],[83.3086,17.8703],[83.298,17.894],[83.3279,17.9035],[83.3271,17.8844]]],[[[83.2706,17.8092],[83.3038,17.7962],[83.3027,17.7785],[83.3253,17.7659],[83.3256,17.7414],[83.2733,17.73],[83.246,17.7461],[83.2255,17.7387],[83.2114,17.7528],[83.2239,17.7675],[83.2244,17.7779],[83.209,17.7635],[83.2223,17.7957],[83.2391,17.8088],[83.2452,17.802],[83.2706,17.8092]]],[[[83.2696,18.636],[83.281,18.6272],[83.2896,18.632],[83.3012,18.6005],[83.3119,18.5957],[83.3064,18.5718],[83.2962,18.5775],[83.2912,18.5662],[83.2728,18.5582],[83.257,18.5657],[83.2489,18.5813],[83.2604,18.5959],[83.2243,18.6034],[83.2207,18.615],[83.2459,18.6446],[83.2696,18.636]]],[[[83.0917,19.025],[83.0499,18.9894],[83.0351,18.9905],[83.0312,18.9992],[83.0077,18.999],[83.0074,19.0241],[83.0166,19.0233],[83.0479,19.0516],[83.042,19.0599],[83.0568,19.0992],[83.083,19.1127],[83.1064,19.1023],[83.1092,19.0848],[83.0917,19.025]]],[[[83.056,19.3349],[83.0694,19.323],[83.0336,19.3155],[83.0244,19.3282],[83.0118,19.3275],[83.0074,19.3575],[83.0266,19.369],[83.061,19.3714],[83.0715,19.3641],[83.056,19.3349]]],[[[83.0469,19.8529],[83.0395,19.8415],[82.9976,19.8582],[82.9895,19.8719],[82.994,19.8877],[83.0048,19.8963],[83.0429,19.8793],[83.0499,19.8736],[83.0469,19.8529]]],[[[83.0016,19.3438],[82.9907,19.3406],[82.9887,19.3535],[82.9979,19.3758],[83.0076,19.3679],[83.0016,19.3438]]],[[[82.9656,19.3025],[82.9393,19.2979],[82.9165,19.3246],[82.9387,19.3901],[82.9697,19.3977],[82.9815,19.3821],[82.9656,19.3025]]],[[[82.9658,18.9615],[82.9624,18.9561],[82.9198,18.9626],[82.9363,18.9663],[82.9177,18.9893],[82.9269,19.0205],[82.9415,19.0258],[82.9647,19.0164],[82.9705,18.9917],[82.9542,18.9709],[82.9658,18.9615]]],[[[82.9152,19.0985],[82.9363,19.0815],[82.9333,19.0694],[82.8957,19.0499],[82.8649,19.0577],[82.8539,19.0836],[82.8635,19.0972],[82.9152,19.0985]]],[[[82.8738,17.6447],[82.8636,17.6453],[82.8629,17.6712],[82.8903,17.6827],[82.8795,17.6626],[82.8838,17.651],[82.8738,17.6447]]],[[[82.8509,17.6635],[82.8247,17.6703],[82.8206,17.689],[82.8505,17.7135],[82.8506,17.727],[82.8647,17.7342],[82.8769,17.7308],[82.8846,17.7104],[82.8509,17.6635]]],[[[82.8767,19.1268],[82.8575,19.1133],[82.8561,19.104],[82.8489,19.1063],[82.8515,19.1299],[82.8617,19.1245],[82.8755,19.1384],[82.8767,19.1268]]],[[[82.5332,17.3811],[82.5249,17.3984],[82.5532,17.438],[82.5682,17.4379],[82.5798,17.4514],[82.5999,17.4499],[82.6089,17.4196],[82.5672,17.3682],[82.5388,17.37],[82.5332,17.3811]]],[[[82.5332,17.3811],[82.5296,17.3684],[82.499,17.3617],[82.5169,17.3783],[82.5332,17.3811]]],[[[82.5999,17.4499],[82.5929,17.4612],[82.6069,17.484],[82.6488,17.4933],[82.6412,17.5075],[82.6533,17.5358],[82.6793,17.5529],[82.7031,17.5445],[82.7733,17.5952],[82.7922,17.6238],[82.8233,17.6081],[82.8401,17.6262],[82.8732,17.6286],[82.8801,17.6222],[82.8197,17.5653],[82.8342,17.5532],[82.8291,17.5299],[82.7784,17.5174],[82.7593,17.4946],[82.7256,17.4821],[82.695,17.4423],[82.6645,17.4334],[82.6539,17.4507],[82.5999,17.4499]]],[[[82.8344,19.0654],[82.8191,19.0576],[82.7975,19.0899],[82.792,19.1147],[82.7958,19.1313],[82.8242,19.1495],[82.8235,19.1591],[82.8445,19.1608],[82.8495,19.1356],[82.8388,19.111],[82.8454,19.091],[82.8344,19.0654]]],[[[82.7882,17.668],[82.7918,17.647],[82.7478,17.6249],[82.7326,17.6283],[82.7198,17.6459],[82.7233,17.6589],[82.7486,17.669],[82.7706,17.6656],[82.7784,17.6779],[82.7882,17.668]]],[[[82.7122,18.9592],[82.7142,18.9344],[82.703,18.9335],[82.6898,18.9487],[82.6812,18.9396],[82.6748,18.8871],[82.6551,18.8751],[82.6484,18.8524],[82.6311,18.8332],[82.6192,18.8344],[82.6074,18.8496],[82.6109,18.8737],[82.5781,18.9146],[82.6046,18.958],[82.649,18.9672],[82.6607,18.958],[82.6939,19.0312],[82.7202,19.0467],[82.7298,19.0443],[82.7445,19.0185],[82.7173,18.9894],[82.7122,18.9592]]],[[[81.7275,17.2761],[81.74,17.2766],[81.7571,17.2623],[81.7538,17.2494],[81.727,17.2374],[81.6935,17.2499],[81.7023,17.2938],[81.7278,17.2918],[81.7275,17.2761]]],[[[81.7154,18.0198],[81.6769,18.0246],[81.679,18.0545],[81.7012,18.0559],[81.7235,18.0381],[81.7154,18.0198]]],[[[80.6239,16.9509],[80.6061,16.9311],[80.5805,16.9412],[80.569,16.9816],[80.583,16.9923],[80.6096,16.99],[80.6253,16.9754],[80.6239,16.9509]]],[[[80.4959,16.7417],[80.5208,16.7225],[80.5196,16.6892],[80.5031,16.6788],[80.5143,16.6685],[80.513,16.6531],[80.5272,16.6633],[80.5445,16.6597],[80.5478,16.6389],[80.5311,16.5999],[80.5161,16.6011],[80.484,16.6353],[80.4455,16.6469],[80.4346,16.6623],[80.447,16.6803],[80.4452,16.7033],[80.4567,16.7185],[80.4595,16.7435],[80.4689,16.7487],[80.4959,16.7417]]]]}},{"type":"Feature","properties":{"name":"Northern Aravalli Range","kind":"mountain range","wikidata":null,"area_km2":289,"source":"GMBA Mountain Inventory v2.0 (CC BY 4.0)"},"geometry":{"type":"MultiPolygon","coordinates":[[[[75.9467,27.8239],[75.9222,27.8258],[75.9073,27.8364],[75.9063,27.8459],[75.9193,27.8561],[75.9569,27.8484],[75.9591,27.8267],[75.9467,27.8239]]],[[[75.9311,27.6925],[75.9215,27.6805],[75.9091,27.6879],[75.9041,27.679],[75.8907,27.6801],[75.8698,27.7325],[75.8735,27.7403],[75.9212,27.7215],[75.9342,27.703],[75.9311,27.6925]]],[[[75.6283,27.8383],[75.6467,27.795],[75.6337,27.7764],[75.6467,27.7534],[75.6346,27.7378],[75.6111,27.728],[75.5951,27.7485],[75.5979,27.7654],[75.5817,27.7566],[75.5711,27.7352],[75.5437,27.7324],[75.5369,27.7669],[75.5583,27.8123],[75.5971,27.8383],[75.6022,27.8272],[75.6283,27.8383]]],[[[75.5199,27.6485],[75.5187,27.6415],[75.5075,27.643],[75.5189,27.6866],[75.5583,27.6941],[75.5607,27.675],[75.5394,27.6543],[75.5199,27.6485]]],[[[75.4435,27.7085],[75.4473,27.6919],[75.4609,27.6927],[75.4633,27.6723],[75.4373,27.6561],[75.424,27.6334],[75.4294,27.6236],[75.417,27.5979],[75.3608,27.5848],[75.354,27.5997],[75.3357,27.5968],[75.3218,27.6265],[75.3451,27.6763],[75.431,27.7172],[75.4435,27.7085]]],[[[75.1873,27.52],[75.2075,27.5088],[75.1853,27.4707],[75.1544,27.4936],[75.1777,27.5192],[75.1873,27.52]]]]}},{"type":"Feature","properties":{"name":"Northern Western Ghats","kind":"mountain range","wikidata":null,"area_km2":18708,"source":"GMBA Mountain Inventory v2.0 (CC BY 4.0)"},"geometry":{"type":"MultiPolygon","coordinates":[[[[74.4487,20.8425],[74.4703,20.8474],[74.488,20.8419],[74.4904,20.8279],[74.5078,20.8257],[74.5154,20.8082],[74.4957,20.7957],[74.4815,20.7967],[74.4638,20.8108],[74.4561,20.8063],[74.4355,20.8162],[74.4339,20.8445],[74.4487,20.8425]]],[[[74.422,17.8717],[74.4635,17.8646],[74.4801,17.8494],[74.4702,17.8364],[74.4122,17.8297],[74.3916,17.8103],[74.357,17.8113],[74.3252,17.8356],[74.3135,17.8574],[74.3295,17.8675],[74.3385,17.8539],[74.3802,17.8322],[74.3871,17.8464],[74.4079,17.8543],[74.422,17.8717]]],[[[74.1726,20.8763],[74.1931,20.8694],[74.2521,20.8745],[74.2623,20.8676],[74.2899,20.8753],[74.3141,20.8626],[74.3236,20.8675],[74.3467,20.8598],[74.3473,20.8301],[74.3127,20.8247],[74.2914,20.832],[74.287,20.8228],[74.2658,20.83],[74.2718,20.8167],[74.2653,20.8111],[74.2373,20.8054],[74.2337,20.8199],[74.2126,20.8419],[74.1969,20.8445],[74.1918,20.8634],[74.1843,20.8635],[74.1785,20.8547],[74.1502,20.86],[74.1263,20.8441],[74.1225,20.8284],[74.1072,20.826],[74.1052,20.8051],[74.0972,20.8024],[74.0758,20.8087],[74.0649,20.8004],[74.0214,20.8175],[73.9976,20.8112],[73.9754,20.8217],[73.9647,20.8049],[73.9775,20.7964],[73.9831,20.7747],[73.9781,20.7593],[73.9676,20.7541],[73.9733,20.7509],[74.0236,20.7863],[74.0405,20.779],[74.0526,20.7852],[74.0947,20.7642],[74.0907,20.7263],[74.0739,20.6945],[74.0279,20.6863],[74.0139,20.6762],[74.0011,20.6448],[73.9804,20.6488],[73.9678,20.6367],[73.9652,20.6291],[73.9757,20.6241],[73.9621,20.605],[73.9354,20.5959],[73.8913,20.6133],[73.8933,20.6584],[73.8903,20.6709],[73.876,20.6778],[73.8843,20.7081],[73.8486,20.7064],[73.8557,20.6582],[73.851,20.649],[73.8614,20.6322],[73.8653,20.6011],[73.8835,20.5938],[73.8964,20.5644],[73.8515,20.542],[73.8094,20.5692],[73.8062,20.5819],[73.7886,20.5823],[73.7695,20.5686],[73.7656,20.5363],[73.7408,20.5405],[73.6885,20.5118],[73.7176,20.4892],[73.7127,20.4665],[73.7186,20.4578],[73.7062,20.4332],[73.6727,20.4475],[73.6468,20.4758],[73.6595,20.4928],[73.659,20.5149],[73.6844,20.5378],[73.6842,20.5508],[73.703,20.5633],[73.6989,20.5757],[73.7059,20.5952],[73.753,20.6165],[73.7447,20.6269],[73.7619,20.6425],[73.7707,20.632],[73.7987,20.6321],[73.8093,20.6422],[73.7818,20.6601],[73.7744,20.6789],[73.7787,20.6998],[73.7593,20.7196],[73.7758,20.753],[73.7894,20.7493],[73.8357,20.764],[73.899,20.7602],[73.9148,20.8586],[73.9258,20.867],[73.955,20.859],[73.9608,20.8707],[73.9924,20.878],[74.011,20.8683],[74.032,20.874],[74.0465,20.8593],[74.0522,20.8737],[74.0905,20.8685],[74.1295,20.8819],[74.1402,20.8747],[74.1519,20.8904],[74.1669,20.888],[74.1726,20.8763]]],[[[73.3291,18.8394],[73.3544,18.8491],[73.3626,18.8633],[73.3751,18.8563],[73.3852,18.8642],[73.4028,18.8628],[73.3996,18.8717],[73.3827,18.867],[73.3534,18.8823],[73.351,18.9054],[73.3729,18.9059],[73.3867,18.9459],[73.4055,18.9487],[73.4182,18.9281],[73.4423,18.9456],[73.4469,18.9811],[73.4666,18.9847],[73.4746,18.9993],[73.4866,18.9989],[73.4867,19.0126],[73.4957,19.0203],[73.5208,19.0103],[73.5259,19.0148],[73.5216,19.0305],[73.4702,19.0218],[73.46,19.0291],[73.4573,19.0645],[73.4663,19.0723],[73.5038,19.0635],[73.51,19.0832],[73.5052,19.0947],[73.5154,19.1284],[73.4962,19.1413],[73.4909,19.1591],[73.5014,19.1874],[73.5193,19.1859],[73.5264,19.2077],[73.5362,19.2121],[73.5562,19.2013],[73.5707,19.2137],[73.589,19.2159],[73.5999,19.2329],[73.6263,19.2323],[73.6476,19.2606],[73.6622,19.264],[73.6612,19.2763],[73.6491,19.2817],[73.6469,19.3008],[73.656,19.3214],[73.683,19.3309],[73.6903,19.3268],[73.7363,19.3551],[73.7375,19.3704],[73.7048,19.3783],[73.7007,19.396],[73.6752,19.4054],[73.6478,19.4469],[73.6509,19.4839],[73.6367,19.502],[73.5953,19.5136],[73.5921,19.5314],[73.6008,19.5617],[73.5923,19.561],[73.5849,19.5725],[73.5577,19.5745],[73.5496,19.5838],[73.5367,19.6287],[73.5031,19.675],[73.5075,19.7034],[73.5175,19.7089],[73.502,19.7144],[73.5089,19.7366],[73.4896,19.7515],[73.4803,19.7468],[73.4805,19.7626],[73.4933,19.7802],[73.5091,19.7799],[73.5189,19.79],[73.5363,19.7843],[73.5343,19.7657],[73.5627,19.7644],[73.565,19.7292],[73.5572,19.7332],[73.5735,19.7226],[73.574,19.6968],[73.5344,19.7087],[73.5341,19.6951],[73.553,19.6802],[73.5702,19.6451],[73.5861,19.6384],[73.5862,19.655],[73.6093,19.6318],[73.6293,19.6352],[73.6557,19.6226],[73.6696,19.6273],[73.6669,19.6114],[73.6728,19.6112],[73.6779,19.63],[73.7245,19.6465],[73.7336,19.6418],[73.755,19.6633],[73.7738,19.6654],[73.7843,19.6928],[73.8217,19.7298],[73.8101,19.7441],[73.8214,19.7586],[73.8171,19.771],[73.8252,19.7904],[73.8413,19.7874],[73.86,19.8009],[73.8746,19.7984],[73.9009,19.7676],[73.9463,19.7646],[73.9482,19.7343],[73.9364,19.7343],[73.9179,19.7156],[73.9074,19.7154],[73.8908,19.7321],[73.8655,19.7114],[73.8605,19.6806],[73.8463,19.6748],[73.822,19.6884],[73.8216,19.6823],[73.8338,19.6678],[73.8498,19.6172],[73.8576,19.6131],[73.9209,19.605],[73.9289,19.6215],[73.953,19.6345],[73.9926,19.632],[74.0118,19.6228],[74.0156,19.5844],[73.9783,19.5655],[73.9203,19.5772],[73.9036,19.5637],[73.8767,19.558],[73.8283,19.603],[73.7949,19.5697],[73.7718,19.581],[73.7615,19.5967],[73.7571,19.5698],[73.7634,19.5575],[73.7554,19.5447],[73.7324,19.5487],[73.7104,19.5713],[73.7022,19.5574],[73.6715,19.5387],[73.6842,19.5197],[73.6967,19.5342],[73.7151,19.5346],[73.7289,19.51],[73.7439,19.5009],[73.7551,19.5041],[73.7619,19.5403],[73.7834,19.5453],[73.8082,19.5247],[73.8127,19.5383],[73.8627,19.5335],[73.8654,19.5197],[73.8778,19.5251],[73.881,19.5035],[73.8556,19.4886],[73.8201,19.4806],[73.8054,19.4454],[73.8195,19.4239],[73.8947,19.4387],[74.0197,19.403],[74.0592,19.3724],[74.0585,19.3385],[74.0489,19.3383],[74.0427,19.3571],[74.022,19.3568],[74.0137,19.3655],[74.0163,19.3359],[74.0259,19.3232],[74.0011,19.3198],[73.9782,19.3029],[73.9492,19.3061],[73.9354,19.2968],[73.9219,19.3092],[73.9046,19.3042],[73.8827,19.3155],[73.8668,19.3124],[73.8471,19.3281],[73.8444,19.3445],[73.8128,19.3717],[73.8076,19.3687],[73.7947,19.3517],[73.8177,19.3258],[73.8236,19.3087],[73.8124,19.2979],[73.8203,19.2897],[73.8731,19.3053],[73.9112,19.2913],[73.9022,19.2666],[73.9106,19.2543],[73.9058,19.2345],[73.8929,19.2301],[73.8647,19.2327],[73.8451,19.2565],[73.8324,19.2524],[73.8295,19.2346],[73.8167,19.2314],[73.7641,19.2747],[73.7553,19.2655],[73.7244,19.2895],[73.703,19.286],[73.7571,19.2448],[73.7696,19.203],[73.8134,19.1928],[73.8069,19.1673],[73.7984,19.1632],[73.8154,19.1635],[73.8305,19.1477],[73.83,19.1239],[73.8456,19.118],[73.8543,19.1033],[73.8477,19.0869],[73.8267,19.0761],[73.7966,19.0823],[73.7635,19.0781],[73.778,19.0585],[73.7591,19.0085],[73.6805,19.0216],[73.6122,19.0457],[73.6051,19.055],[73.5952,19.0746],[73.6153,19.0946],[73.6477,19.0811],[73.6588,19.0847],[73.6633,19.0987],[73.6905,19.1079],[73.6758,19.1208],[73.628,19.1175],[73.5949,19.1425],[73.5733,19.107],[73.5615,19.1073],[73.5532,19.0951],[73.5529,19.078],[73.5716,19.0781],[73.5799,19.0701],[73.5844,19.0426],[73.5635,19.04],[73.5746,19.0222],[73.6002,19.0186],[73.6233,18.9903],[73.6469,18.9844],[73.6467,18.9738],[73.6821,18.9677],[73.6877,18.9509],[73.7111,18.9526],[73.7135,18.9381],[73.7426,18.9052],[73.7301,18.8831],[73.6973,18.8854],[73.6914,18.9138],[73.6736,18.9113],[73.6637,18.9009],[73.649,18.9066],[73.6509,18.9278],[73.6425,18.9374],[73.6324,18.9322],[73.6199,18.9506],[73.5875,18.9613],[73.5804,18.9477],[73.6041,18.9422],[73.6076,18.9285],[73.601,18.9187],[73.6232,18.9123],[73.6309,18.8905],[73.6465,18.8967],[73.6593,18.8654],[73.6696,18.8656],[73.6947,18.8425],[73.7212,18.8374],[73.7343,18.8149],[73.7255,18.8009],[73.6864,18.8124],[73.6865,18.8011],[73.6713,18.7933],[73.6531,18.832],[73.6302,18.8401],[73.6268,18.8571],[73.6074,18.8519],[73.5951,18.8579],[73.5635,18.9093],[73.533,18.9199],[73.5021,18.9476],[73.4816,18.9544],[73.4774,18.9246],[73.4573,18.9132],[73.4842,18.9017],[73.4864,18.8842],[73.478,18.8815],[73.4884,18.8699],[73.4722,18.8411],[73.4373,18.8181],[73.4232,18.7807],[73.3954,18.7688],[73.391,18.7604],[73.4007,18.7461],[73.3659,18.7268],[73.3757,18.7218],[73.3903,18.728],[73.4014,18.7182],[73.4079,18.6915],[73.4625,18.6835],[73.4605,18.6423],[73.4758,18.6113],[73.4926,18.6259],[73.507,18.657],[73.5237,18.657],[73.556,18.6759],[73.5736,18.6721],[73.5867,18.6383],[73.6028,18.6386],[73.6259,18.626],[73.6217,18.6073],[73.6322,18.5845],[73.6183,18.5534],[73.5885,18.5552],[73.5803,18.5408],[73.5466,18.5363],[73.5709,18.5329],[73.5883,18.5113],[73.606,18.5196],[73.6308,18.4959],[73.6485,18.505],[73.6634,18.5022],[73.6577,18.4895],[73.6677,18.4827],[73.7025,18.4934],[73.7259,18.476],[73.7083,18.406],[73.694,18.394],[73.6698,18.4049],[73.6695,18.3931],[73.7051,18.38],[73.7382,18.405],[73.7646,18.4054],[73.7684,18.4208],[73.7819,18.43],[73.7997,18.427],[73.8119,18.4363],[73.9049,18.4363],[73.9384,18.4247],[73.9388,18.4073],[73.9135,18.3946],[73.828,18.376],[73.7931,18.3426],[73.8068,18.3427],[73.8095,18.3289],[73.8511,18.2965],[73.8551,18.2761],[73.8331,18.2648],[73.7986,18.2884],[73.7471,18.278],[73.7249,18.2948],[73.6697,18.3073],[73.6763,18.2803],[73.7147,18.2689],[73.7325,18.2734],[73.7551,18.253],[73.7632,18.2571],[73.7655,18.2381],[73.6729,18.1947],[73.6436,18.2203],[73.5916,18.2351],[73.5824,18.2446],[73.5572,18.2424],[73.588,18.2093],[73.6186,18.2055],[73.678,18.1784],[73.6922,18.1892],[73.73,18.1923],[73.7362,18.205],[73.7592,18.2108],[73.7618,18.2217],[73.7882,18.1972],[73.7968,18.1805],[73.7944,18.1605],[73.7739,18.1538],[73.7822,18.1417],[73.7636,18.124],[73.7413,18.1146],[73.7103,18.1228],[73.6929,18.1072],[73.664,18.1053],[73.6468,18.0845],[73.7212,18.0864],[73.7376,18.0988],[73.7629,18.0919],[73.7709,18.1002],[73.7821,18.0948],[73.7926,18.0667],[73.7801,18.0448],[73.7903,18.0444],[73.8021,18.063],[73.7924,18.1006],[73.8039,18.1371],[73.8257,18.1467],[73.8488,18.1283],[73.8516,18.117],[73.8398,18.0968],[73.8441,18.0613],[73.8511,18.0643],[73.855,18.0985],[73.8719,18.1141],[73.8715,18.132],[73.884,18.1363],[73.9061,18.1251],[73.8955,18.1095],[73.903,18.095],[73.8938,18.0748],[73.9056,18.0581],[73.9223,18.0538],[73.9332,18.0621],[73.9623,18.0447],[73.9828,18.0499],[73.9963,18.0331],[74.017,18.0289],[74.0365,18.0373],[74.0801,18.0204],[74.0779,18.0018],[74.0642,17.991],[74.0474,17.9975],[74.024,17.9611],[74.0238,17.9468],[74.0494,17.926],[74.0457,17.9113],[74.0552,17.8988],[74.0548,17.8826],[74.0672,17.8697],[74.082,17.8738],[74.0843,17.8407],[74.0651,17.8509],[74.0738,17.8229],[74.058,17.8093],[74.0418,17.8224],[74.0223,17.8208],[74.0203,17.848],[74.0344,17.861],[74.0156,17.864],[74.0156,17.8858],[74.003,17.8989],[73.9885,17.8986],[73.976,17.9194],[73.9831,17.9482],[73.9986,17.9534],[74.0066,17.9739],[73.9969,17.9867],[74.0072,18.0018],[73.9989,18.0067],[73.9869,17.9976],[73.9667,18.0092],[73.9572,18.0056],[73.9635,17.9803],[73.9564,17.9573],[73.941,17.957],[73.9003,17.9988],[73.8791,17.9737],[73.8597,17.9736],[73.8344,18.0004],[73.8181,17.9894],[73.7754,18.0033],[73.753,18.0031],[73.7761,17.9986],[73.7863,17.9812],[73.768,17.953],[73.7899,17.9497],[73.7975,17.9679],[73.8227,17.9821],[73.8513,17.9482],[73.8652,17.953],[73.903,17.9302],[73.9033,17.9156],[73.8949,17.9113],[73.8721,17.9196],[73.8939,17.8869],[73.9185,17.8964],[73.9397,17.8898],[73.9468,17.8762],[73.9429,17.8636],[73.9346,17.858],[73.9241,17.8634],[73.9136,17.8468],[73.9013,17.8426],[73.8699,17.8717],[73.826,17.8778],[73.8299,17.87],[73.8629,17.8671],[73.8692,17.8134],[73.886,17.8217],[73.904,17.8084],[73.9161,17.8175],[73.9253,17.8142],[73.9334,17.8024],[73.9239,17.7899],[73.9323,17.7822],[73.9634,17.7927],[73.9672,17.753],[73.945,17.7571],[73.9304,17.7405],[73.9045,17.7456],[73.8969,17.7612],[73.843,17.7777],[73.8103,17.8124],[73.8216,17.7914],[73.8162,17.7765],[73.8403,17.7631],[73.8754,17.7588],[73.88,17.7321],[73.9089,17.7297],[73.9376,17.7105],[73.9536,17.7237],[73.9881,17.6864],[74.0036,17.6878],[74.0042,17.66],[73.9962,17.6555],[73.9776,17.6623],[73.9606,17.649],[73.9353,17.6603],[73.9285,17.6756],[73.8931,17.6739],[73.8768,17.6863],[73.8718,17.6793],[73.8958,17.6566],[73.9171,17.6675],[73.9257,17.6638],[73.93,17.6405],[73.9421,17.6283],[73.9539,17.6363],[73.9736,17.607],[73.9614,17.601],[73.9715,17.5872],[73.9807,17.5919],[73.9872,17.5856],[73.9916,17.5729],[73.9801,17.5615],[74.0175,17.5553],[74.0189,17.5308],[73.9678,17.5113],[73.9562,17.5183],[73.9301,17.5065],[73.9331,17.5013],[73.9445,17.5071],[73.9654,17.5031],[73.9696,17.4822],[73.9757,17.4821],[73.9861,17.4966],[74.009,17.5012],[74.0293,17.4723],[74.0218,17.4574],[74.0487,17.449],[74.0529,17.4259],[74.0655,17.4138],[74.0575,17.3968],[74.0367,17.3942],[74.0115,17.4155],[74.001,17.4121],[74.0008,17.401],[74.0384,17.385],[74.0364,17.3759],[74.032,17.3601],[73.9796,17.3328],[73.922,17.3863],[73.9103,17.3886],[73.894,17.4196],[73.8822,17.4011],[73.8988,17.3756],[73.8947,17.3634],[73.8268,17.3544],[73.8154,17.363],[73.801,17.3491],[73.8571,17.3468],[73.8643,17.3265],[73.853,17.3157],[73.8717,17.3255],[73.8842,17.316],[73.9111,17.3238],[73.951,17.3112],[73.9631,17.3238],[73.9934,17.2958],[73.9886,17.2759],[73.9148,17.2831],[73.8704,17.2665],[73.8968,17.228],[73.9096,17.1928],[73.9509,17.1785],[73.9633,17.1391],[73.9776,17.1297],[73.9782,17.0991],[73.966,17.0863],[73.9307,17.0861],[73.878,17.1218],[73.9092,17.0752],[73.9021,17.0474],[73.8768,17.0402],[73.8634,17.0185],[73.8507,17.0123],[73.8475,16.9806],[73.8179,16.9676],[73.7916,16.976],[73.7822,16.9604],[73.845,16.9592],[73.8641,16.9429],[73.878,16.8988],[73.9032,16.8716],[73.9413,16.8655],[73.9673,16.878],[73.984,16.874],[74.013,16.841],[74.0474,16.8613],[74.0616,16.8589],[74.0808,16.8396],[74.0863,16.8509],[74.0983,16.8485],[74.1231,16.8373],[74.1267,16.8226],[74.1571,16.803],[74.2051,16.7948],[74.2052,16.7884],[74.1932,16.7678],[74.1804,16.7634],[74.1643,16.766],[74.1615,16.7821],[74.1188,16.7719],[74.0875,16.7934],[74.0601,16.786],[74.0364,16.7961],[73.9973,16.7841],[73.9626,16.8057],[73.9431,16.7985],[73.9394,16.7868],[73.9265,16.7802],[73.8996,16.7832],[73.88,16.8136],[73.849,16.8174],[73.8339,16.8741],[73.8075,16.8736],[73.7914,16.8899],[73.7681,16.8946],[73.767,16.8855],[73.7842,16.8709],[73.7845,16.8541],[73.7802,16.8365],[73.7669,16.8226],[73.7551,16.8266],[73.755,16.8177],[73.7729,16.8135],[73.7998,16.781],[73.8152,16.7863],[73.8382,16.778],[73.8695,16.7864],[73.8865,16.7752],[73.8996,16.7386],[73.8949,16.7241],[73.8697,16.7003],[73.8792,16.6884],[73.9039,16.7155],[73.9239,16.7129],[73.9462,16.6952],[73.9448,16.6635],[73.9142,16.6451],[73.8739,16.6364],[73.877,16.5975],[73.8572,16.5906],[73.8615,16.5699],[73.8432,16.5481],[73.8613,16.5306],[73.8563,16.513],[73.8623,16.5009],[73.8753,16.5487],[73.9178,16.544],[73.9234,16.5332],[73.9194,16.4949],[73.9301,16.4894],[73.9425,16.5488],[73.9753,16.5494],[73.9884,16.5253],[73.9771,16.5208],[73.9697,16.4991],[73.9863,16.4969],[73.9837,16.4787],[73.9946,16.4644],[73.9949,16.4495],[73.9805,16.426],[73.9354,16.417],[73.8993,16.3906],[73.866,16.3885],[73.878,16.3708],[73.8676,16.35],[73.903,16.3756],[73.9174,16.4008],[73.983,16.4023],[74.007,16.3766],[74.0031,16.3488],[73.9748,16.331],[73.9638,16.3424],[73.9447,16.3428],[73.945,16.3244],[73.9143,16.3115],[73.8989,16.2859],[73.9024,16.2794],[73.9239,16.282],[73.9353,16.2938],[73.9695,16.2741],[73.978,16.2628],[73.9675,16.2322],[73.9821,16.2467],[73.9965,16.2197],[74.0133,16.2446],[74.0255,16.2471],[74.0356,16.2395],[74.0484,16.2439],[74.0529,16.2308],[74.0509,16.2132],[74.016,16.1724],[73.9993,16.1681],[73.9652,16.1837],[73.9379,16.1642],[73.9274,16.1341],[73.876,16.1142],[73.8789,16.1011],[73.8957,16.1007],[73.906,16.1139],[73.9382,16.107],[73.9588,16.1279],[74.006,16.1259],[74.0205,16.1148],[74.0299,16.1196],[74.0427,16.0948],[74.0386,16.0697],[74.0281,16.0698],[74.0218,16.0604],[74.0405,16.0511],[74.0447,16.0241],[74.0053,15.9805],[74.005,15.9655],[74.0172,15.9736],[74.0178,15.9449],[74.003,15.9234],[74.0322,15.8893],[74.0321,15.879],[74.0487,15.8681],[74.0641,15.8734],[74.0831,15.8552],[74.1044,15.8479],[74.1326,15.8613],[74.1884,15.851],[74.1986,15.8009],[74.2279,15.8105],[74.2248,15.8336],[74.2331,15.8379],[74.246,15.8219],[74.2624,15.8215],[74.2675,15.8321],[74.2988,15.8211],[74.2945,15.8135],[74.2676,15.8138],[74.2791,15.8019],[74.2698,15.7967],[74.2383,15.7971],[74.1955,15.7819],[74.1923,15.7677],[74.1684,15.7626],[74.1571,15.772],[74.103,15.7613],[74.0928,15.776],[74.1081,15.7935],[74.1003,15.7967],[74.0392,15.7799],[74.0455,15.7684],[74.0135,15.7376],[73.9693,15.7491],[73.9632,15.7876],[73.952,15.8025],[73.9214,15.8176],[73.9086,15.8464],[73.9159,15.8684],[73.9034,15.8902],[73.9301,15.9212],[73.9444,15.9696],[73.9616,15.9945],[73.9268,16.0235],[73.93,16.0565],[73.9231,16.0665],[73.8993,16.0601],[73.8875,16.0469],[73.8307,16.0395],[73.821,16.0429],[73.8133,16.0641],[73.7787,16.0859],[73.7809,16.1236],[73.7875,16.1359],[73.8071,16.1398],[73.8002,16.1497],[73.8144,16.1835],[73.8775,16.1739],[73.8806,16.1966],[73.8538,16.2102],[73.845,16.2423],[73.8591,16.2617],[73.7955,16.2956],[73.7962,16.3437],[73.8173,16.3684],[73.7968,16.4074],[73.8083,16.4127],[73.8005,16.4531],[73.805,16.4804],[73.7944,16.4852],[73.8041,16.4995],[73.788,16.5363],[73.7847,16.5176],[73.7799,16.5332],[73.7807,16.5472],[73.8104,16.575],[73.8048,16.6027],[73.7871,16.6081],[73.7843,16.633],[73.7971,16.6574],[73.8161,16.6596],[73.8154,16.6703],[73.7844,16.6909],[73.7854,16.7329],[73.7665,16.7443],[73.757,16.7337],[73.7456,16.7344],[73.7317,16.7452],[73.7283,16.7876],[73.6835,16.8163],[73.6694,16.8436],[73.6778,16.8643],[73.6614,16.889],[73.667,16.8992],[73.6575,16.9292],[73.6717,16.9729],[73.6953,16.9883],[73.714,16.9845],[73.727,16.9699],[73.7405,17.0031],[73.732,17.0072],[73.7323,17.0192],[73.7041,17.0285],[73.7076,17.0492],[73.6802,17.074],[73.6354,17.0868],[73.6354,17.1233],[73.6239,17.1532],[73.6508,17.1806],[73.6338,17.2745],[73.6218,17.2861],[73.6147,17.3221],[73.6384,17.3406],[73.6111,17.3657],[73.5748,17.3623],[73.5611,17.3906],[73.5738,17.41],[73.5684,17.4197],[73.5754,17.4322],[73.5688,17.4416],[73.5766,17.4516],[73.6259,17.4684],[73.6058,17.5017],[73.6022,17.5173],[73.6109,17.5328],[73.655,17.5579],[73.6446,17.5701],[73.6232,17.5766],[73.6166,17.5914],[73.6233,17.6034],[73.5515,17.5885],[73.5377,17.6049],[73.5181,17.6123],[73.5045,17.638],[73.5079,17.6535],[73.5021,17.6571],[73.4963,17.6447],[73.4919,17.6498],[73.4941,17.6786],[73.4996,17.6862],[73.5157,17.6778],[73.5451,17.6781],[73.5445,17.6852],[73.523,17.6979],[73.5119,17.7254],[73.4868,17.7336],[73.4806,17.7571],[73.4873,17.7666],[73.4796,17.7803],[73.4724,17.7842],[73.459,17.7594],[73.4333,17.7615],[73.4298,17.7731],[73.4067,17.7913],[73.4049,17.8312],[73.3654,17.8281],[73.3406,17.852],[73.3445,17.8788],[73.3326,17.8891],[73.3344,17.9114],[73.3534,17.9324],[73.3534,17.9465],[73.3787,17.9487],[73.3821,17.9395],[73.3698,17.935],[73.3941,17.924],[73.4162,17.9665],[73.4451,17.9642],[73.4831,17.9865],[73.4792,18.0222],[73.4911,18.0501],[73.523,18.0593],[73.5466,18.0856],[73.5642,18.0911],[73.5606,18.1195],[73.5777,18.1335],[73.5807,18.1461],[73.58,18.1578],[73.5611,18.1688],[73.5147,18.1489],[73.4957,18.155],[73.4617,18.1318],[73.4317,18.141],[73.4273,18.1507],[73.4085,18.1493],[73.401,18.183],[73.405,18.2136],[73.3631,18.228],[73.3575,18.2499],[73.3458,18.2557],[73.3427,18.2711],[73.3517,18.298],[73.3323,18.3371],[73.3578,18.3617],[73.3857,18.3489],[73.3956,18.3558],[73.3946,18.372],[73.3793,18.3742],[73.3698,18.4018],[73.3786,18.4181],[73.3738,18.4515],[73.3479,18.451],[73.3451,18.4915],[73.2985,18.5374],[73.3022,18.6209],[73.3246,18.6328],[73.3304,18.6678],[73.3519,18.6729],[73.3592,18.6826],[73.3503,18.6863],[73.3406,18.6753],[73.3273,18.6761],[73.2968,18.7161],[73.3164,18.7858],[73.3304,18.7983],[73.3458,18.7885],[73.3281,18.8165],[73.3291,18.8394]]],[[[73.3291,18.8394],[73.3197,18.8464],[73.2943,18.8316],[73.2776,18.8355],[73.2719,18.8443],[73.2767,18.8565],[73.2636,18.8778],[73.2791,18.902],[73.2902,18.9091],[73.3211,18.8794],[73.3316,18.8841],[73.3341,18.8702],[73.3157,18.8636],[73.3308,18.8469],[73.3291,18.8394]]],[[[74.0862,20.4803],[74.1312,20.477],[74.1342,20.4678],[74.1213,20.4442],[74.0823,20.42],[74.093,20.4016],[74.1013,20.3978],[74.1239,20.4029],[74.1264,20.4133],[74.156,20.4154],[74.1597,20.4033],[74.1785,20.3978],[74.2161,20.4154],[74.2297,20.4081],[74.2485,20.4148],[74.2696,20.3758],[74.2902,20.3686],[74.2838,20.3558],[74.2854,20.3138],[74.277,20.3061],[74.253,20.3097],[74.2426,20.3276],[74.2177,20.3405],[74.175,20.3449],[74.152,20.3661],[74.1363,20.3652],[74.1287,20.3737],[74.0918,20.3614],[74.0576,20.3675],[74.0377,20.3563],[74.0292,20.3609],[74.016,20.3462],[73.9835,20.3428],[73.9751,20.3522],[73.9149,20.3717],[73.9019,20.3646],[73.8898,20.3679],[73.8789,20.3944],[73.8254,20.4037],[73.819,20.4165],[73.7979,20.4114],[73.7785,20.4273],[73.7871,20.4493],[73.8071,20.4572],[73.82,20.4592],[73.8504,20.4322],[73.861,20.4565],[73.874,20.4615],[73.8833,20.453],[73.9153,20.4728],[73.9359,20.4706],[73.9468,20.4596],[73.9488,20.4485],[73.9285,20.4371],[73.9376,20.4189],[73.9849,20.4425],[73.9936,20.4235],[73.9878,20.4114],[74.0012,20.4207],[74.019,20.4155],[74.0219,20.431],[74.0862,20.4803]]],[[[74.2082,17.9017],[74.2293,17.9014],[74.2404,17.8918],[74.227,17.8707],[74.1885,17.883],[74.1964,17.9008],[74.2082,17.9017]]],[[[74.2274,20.7224],[74.2269,20.7011],[74.2363,20.6877],[74.2118,20.6593],[74.1999,20.654],[74.1635,20.6628],[74.1659,20.6763],[74.178,20.6819],[74.1594,20.6942],[74.1664,20.7258],[74.1939,20.719],[74.2204,20.73],[74.2274,20.7224]]],[[[74.1126,16.1631],[74.1011,16.1604],[74.0997,16.1828],[74.1175,16.2316],[74.1093,16.2432],[74.1117,16.2621],[74.1361,16.2825],[74.1558,16.33],[74.1798,16.3279],[74.1905,16.3184],[74.1805,16.2765],[74.1126,16.1631]]],[[[74.178,19.4571],[74.18,19.4414],[74.1656,19.4434],[74.1738,19.438],[74.1483,19.4067],[74.128,19.405],[74.1153,19.4258],[74.1049,19.4156],[74.099,19.463],[74.1267,19.4867],[74.1596,19.4882],[74.1589,19.4764],[74.1756,19.4725],[74.178,19.4571]]],[[[74.0433,20.6285],[74.067,20.62],[74.0698,20.5997],[74.0854,20.5796],[74.1414,20.5884],[74.1383,20.5485],[74.1103,20.5436],[74.0223,20.5659],[74.0149,20.5919],[73.9968,20.6076],[74.0194,20.6258],[74.0433,20.6285]]],[[[74.13,17.7635],[74.1094,17.769],[74.1119,17.7815],[74.138,17.787],[74.1415,17.778],[74.13,17.7635]]],[[[74.1372,21.2207],[74.1314,21.1954],[74.0781,21.17],[74.1009,21.1399],[74.0963,21.1334],[74.0787,21.1183],[74.0245,21.1191],[74.0191,21.0935],[74.0114,21.0892],[73.9965,21.1065],[73.9594,21.0684],[73.9681,21.0356],[73.9862,21.0371],[73.9879,21.0157],[73.9725,21.0162],[73.9624,21.0019],[73.9545,21.0034],[73.9473,21.0255],[73.9271,21.0292],[73.9179,21.0477],[73.9296,21.0578],[73.925,21.0839],[73.949,21.1144],[73.9792,21.1413],[73.9983,21.1398],[74.0034,21.163],[74.0508,21.1518],[74.0374,21.1879],[74.0891,21.21],[74.0962,21.2258],[74.1145,21.2197],[74.1335,21.2362],[74.1372,21.2207]]],[[[74.0943,16.3222],[74.0845,16.3041],[74.0988,16.2826],[74.0814,16.2626],[74.0513,16.249],[74.0489,16.2601],[74.0595,16.2695],[74.0634,16.2915],[74.0501,16.3148],[74.0143,16.316],[74.018,16.3522],[74.0381,16.3568],[74.0476,16.3876],[74.1022,16.4029],[74.117,16.3863],[74.1193,16.3604],[74.0943,16.3423],[74.0943,16.3222]]],[[[74.0159,19.28],[74.04,19.255],[74.0969,19.2383],[74.1073,19.2592],[74.1133,19.2202],[74.1062,19.2103],[74.0872,19.2116],[74.0613,19.2302],[74.0251,19.2412],[74.0129,19.2651],[74.0159,19.28]]],[[[74.0926,18.4259],[74.0916,18.4249],[74.0697,18.4287],[74.0753,18.4382],[74.0966,18.4386],[74.1029,18.4293],[74.0926,18.4259]]],[[[74.0302,18.454],[74.0529,18.4411],[74.0605,18.4242],[74.028,18.4097],[73.9687,18.4269],[73.9919,18.4294],[73.9954,18.4412],[74.0302,18.454]]],[[[74.0547,17.6096],[74.0222,17.6122],[74.0157,17.6329],[74.0457,17.6364],[74.0633,17.6231],[74.0547,17.6096]]],[[[74.0177,19.5131],[74.0581,19.4964],[74.0526,19.4712],[74.0138,19.4685],[73.9677,19.4988],[73.9751,19.5029],[73.9927,19.4927],[74.009,19.514],[74.0177,19.5131]]],[[[73.9478,18.32],[73.9747,18.3184],[73.9798,18.3073],[74.0279,18.2981],[74.0218,18.2869],[74.0249,18.2794],[74.0337,18.2842],[74.0338,18.2473],[74.0446,18.2252],[74.0369,18.2181],[74.0151,18.2232],[74.0068,18.2363],[74.0039,18.2093],[73.9859,18.2192],[73.9791,18.2061],[73.9598,18.2072],[73.9329,18.2492],[73.9348,18.2811],[73.9199,18.2879],[73.9305,18.3154],[73.9478,18.32]]],[[[73.9655,20.5738],[73.9936,20.5636],[74.0051,20.5257],[73.9812,20.5082],[73.9528,20.5217],[73.9345,20.5126],[73.925,20.5159],[73.9197,20.5337],[73.9405,20.5366],[73.9176,20.5615],[73.9261,20.574],[73.9499,20.5808],[73.9655,20.5738]]],[[[73.9384,17.342],[73.9187,17.3269],[73.8914,17.3275],[73.8885,17.3351],[73.9151,17.3463],[73.93,17.3382],[73.8992,17.3559],[73.9171,17.3675],[73.9361,17.3596],[73.9384,17.342]]],[[[73.8779,18.9373],[73.8707,18.9311],[73.8418,18.9379],[73.8247,18.9631],[73.7936,18.9831],[73.7962,19.0195],[73.867,18.9704],[73.8651,18.9548],[73.8779,18.9373]]],[[[73.8611,19.03],[73.8716,19.0137],[73.8728,18.9915],[73.8221,19.0201],[73.8213,19.0278],[73.8611,19.03]]],[[[73.7404,20.0927],[73.7219,20.0996],[73.7163,20.1214],[73.746,20.1185],[73.7488,20.095],[73.7404,20.0927]]],[[[73.6964,19.6948],[73.7117,19.7029],[73.7182,19.6808],[73.7076,19.6776],[73.7008,19.6624],[73.6666,19.6457],[73.6451,19.6496],[73.6386,19.6881],[73.6591,19.698],[73.6616,19.7257],[73.677,19.7269],[73.6964,19.6948]]],[[[73.7159,20.7325],[73.7124,20.7249],[73.7029,20.7258],[73.6802,20.745],[73.6948,20.7695],[73.7141,20.7465],[73.7159,20.7325]]],[[[73.6625,20.6217],[73.6696,20.5955],[73.6457,20.5707],[73.624,20.5717],[73.6088,20.5848],[73.5918,20.5883],[73.5853,20.5808],[73.5633,20.597],[73.5472,20.5964],[73.5278,20.6236],[73.4792,20.6452],[73.476,20.6541],[73.4814,20.6687],[73.4952,20.6749],[73.5299,20.6678],[73.5479,20.6521],[73.5758,20.6609],[73.6036,20.6345],[73.6445,20.6137],[73.655,20.6212],[73.6406,20.6571],[73.6634,20.6992],[73.6522,20.7042],[73.6635,20.7186],[73.68,20.7237],[73.704,20.7194],[73.7105,20.7118],[73.7023,20.6925],[73.6866,20.6789],[73.6657,20.6757],[73.6594,20.6499],[73.6727,20.6459],[73.6625,20.6217]]],[[[73.5611,18.7494],[73.5669,18.7403],[73.6224,18.7452],[73.6462,18.7371],[73.6484,18.7094],[73.5826,18.7027],[73.5687,18.7175],[73.5138,18.7034],[73.4895,18.6853],[73.4617,18.6882],[73.4489,18.7037],[73.4511,18.7215],[73.4806,18.7452],[73.5049,18.7524],[73.5207,18.7426],[73.5396,18.7642],[73.5611,18.7494]]],[[[73.642,20.1755],[73.6284,20.1684],[73.6244,20.1891],[73.6345,20.1966],[73.642,20.1755]]],[[[73.6031,20.7948],[73.6384,20.7528],[73.6404,20.726],[73.6161,20.7063],[73.6124,20.6915],[73.5981,20.6953],[73.5944,20.704],[73.5779,20.7003],[73.5592,20.7074],[73.5511,20.7297],[73.5737,20.7575],[73.5545,20.7596],[73.5558,20.7703],[73.5464,20.7677],[73.5556,20.7952],[73.5837,20.8027],[73.6031,20.7948]]],[[[73.615,20.1335],[73.5978,20.1097],[73.5513,20.1033],[73.5116,20.0572],[73.4936,20.0654],[73.5009,20.0477],[73.4804,20.0089],[73.4904,20.0043],[73.4677,19.9734],[73.4904,19.9442],[73.4931,19.924],[73.5009,19.9235],[73.509,19.9508],[73.529,19.9485],[73.5334,19.9343],[73.5788,19.9649],[73.622,19.9238],[73.6342,19.8994],[73.6103,19.8922],[73.6024,19.8709],[73.5867,19.8649],[73.5812,19.8448],[73.5652,19.8438],[73.5212,19.8862],[73.4627,19.8811],[73.4448,19.895],[73.448,19.8671],[73.4319,19.8486],[73.4319,19.8322],[73.4446,19.8325],[73.4461,19.8081],[73.4336,19.8043],[73.427,19.7894],[73.3968,19.8015],[73.4061,19.8191],[73.3885,19.8348],[73.4134,19.8485],[73.4077,19.8924],[73.3943,19.9044],[73.392,19.9252],[73.3954,19.9396],[73.4252,19.9495],[73.4216,19.9716],[73.4321,19.9845],[73.426,19.9982],[73.4502,20.0296],[73.4515,20.0507],[73.4406,20.0604],[73.4423,20.0942],[73.4625,20.1033],[73.4885,20.0989],[73.5012,20.0885],[73.5194,20.1256],[73.5298,20.1313],[73.5677,20.1397],[73.5876,20.128],[73.59,20.1386],[73.5789,20.1496],[73.5835,20.1692],[73.6119,20.1821],[73.6254,20.1624],[73.6173,20.1551],[73.615,20.1335]]],[[[73.3251,20.5865],[73.3192,20.5572],[73.3242,20.553],[73.3378,20.56],[73.3782,20.5382],[73.3988,20.5386],[73.4074,20.5097],[73.4264,20.4943],[73.4594,20.4946],[73.4634,20.4862],[73.4331,20.4801],[73.4092,20.4884],[73.401,20.4633],[73.5096,20.4877],[73.5209,20.4838],[73.5304,20.5001],[73.5575,20.5196],[73.5658,20.511],[73.5569,20.469],[73.5364,20.4469],[73.5562,20.4247],[73.5322,20.4071],[73.5509,20.3956],[73.5365,20.3921],[73.5236,20.3551],[73.5044,20.3891],[73.476,20.3779],[73.468,20.382],[73.4655,20.3577],[73.4791,20.3245],[73.464,20.31],[73.4035,20.2926],[73.3777,20.3094],[73.3437,20.3103],[73.3427,20.3193],[73.3228,20.3226],[73.3191,20.334],[73.2639,20.3429],[73.2608,20.3554],[73.2363,20.3678],[73.2431,20.3825],[73.2757,20.3872],[73.2782,20.3976],[73.2983,20.4126],[73.2942,20.4206],[73.2425,20.4323],[73.2357,20.4461],[73.2364,20.4786],[73.2462,20.4821],[73.2642,20.4718],[73.2678,20.4828],[73.271,20.5777],[73.3251,20.5865]]],[[[73.4112,20.2822],[73.4317,20.2796],[73.4799,20.2426],[73.517,20.2402],[73.5259,20.2271],[73.5135,20.2239],[73.5135,20.2094],[73.493,20.1844],[73.4612,20.1863],[73.4137,20.2107],[73.4127,20.255],[73.403,20.2552],[73.4032,20.2353],[73.3501,20.2043],[73.3274,20.2143],[73.3056,20.2011],[73.28,20.203],[73.2702,20.2131],[73.2584,20.2051],[73.2274,20.2117],[73.2066,20.2289],[73.2144,20.2925],[73.2381,20.2967],[73.2404,20.274],[73.2477,20.269],[73.2624,20.2766],[73.2711,20.2708],[73.2963,20.2736],[73.3362,20.282],[73.3404,20.2957],[73.3509,20.3008],[73.3437,20.3082],[73.3738,20.2884],[73.4112,20.2822]]],[[[73.4804,20.4993],[73.4692,20.4969],[73.4596,20.5101],[73.4536,20.5443],[73.4776,20.5222],[73.4804,20.4993]]],[[[73.3996,20.6255],[73.3883,20.6216],[73.3699,20.6337],[73.3687,20.6533],[73.3806,20.6757],[73.4005,20.68],[73.4082,20.6983],[73.4158,20.6992],[73.4383,20.6676],[73.4062,20.6472],[73.4085,20.6292],[73.3996,20.6255]]],[[[73.3791,20.1925],[73.4119,20.1776],[73.4133,20.1448],[73.4015,20.1304],[73.3632,20.1342],[73.3569,20.1488],[73.3513,20.1364],[73.3177,20.1668],[73.3483,20.1656],[73.3511,20.1834],[73.3791,20.1925]]],[[[73.3323,20.0906],[73.3629,20.0878],[73.4006,20.0561],[73.3979,20.0203],[73.3728,20.0082],[73.3043,20.0437],[73.2768,20.1139],[73.2955,20.1694],[73.3089,20.1737],[73.3139,20.1517],[73.3052,20.1268],[73.3164,20.0976],[73.3323,20.0906]]],[[[73.4027,18.1052],[73.402,18.0825],[73.3935,18.0749],[73.3601,18.074],[73.3645,18.0883],[73.3865,18.0824],[73.3862,18.0878],[73.344,18.0903],[73.33,18.1113],[73.333,18.1384],[73.3617,18.1633],[73.3932,18.1656],[73.4027,18.1052]]],[[[73.3013,19.0603],[73.3034,19.0256],[73.3165,19.0164],[73.3152,18.9842],[73.3262,18.9627],[73.3258,18.9388],[73.3129,18.922],[73.3002,18.9197],[73.2711,18.9328],[73.2408,18.9086],[73.2066,18.908],[73.2012,18.9195],[73.2078,18.9356],[73.1882,18.9519],[73.1888,18.9662],[73.1988,18.9755],[73.188,18.9895],[73.1885,19.0024],[73.2096,19.0074],[73.2205,19.0242],[73.249,19.0279],[73.253,19.0386],[73.2299,19.0385],[73.2109,19.0558],[73.2115,19.0711],[73.1556,19.0984],[73.1426,19.1162],[73.1891,19.1649],[73.2179,19.1674],[73.2261,19.1547],[73.227,19.1204],[73.2407,19.1028],[73.2818,19.0905],[73.3013,19.0603]]],[[[73.2717,19.5383],[73.3209,19.5314],[73.3247,19.4957],[73.2972,19.4745],[73.2783,19.4776],[73.2735,19.4435],[73.2648,19.4358],[73.2439,19.4371],[73.2353,19.4249],[73.2157,19.4259],[73.2002,19.4392],[73.2023,19.4747],[73.2187,19.4844],[73.2259,19.5013],[73.2,19.5032],[73.1954,19.5182],[73.2164,19.537],[73.2358,19.5358],[73.2502,19.547],[73.2717,19.5383]]],[[[73.3118,19.7269],[73.3022,19.7252],[73.2806,19.759],[73.279,19.7787],[73.2921,19.8048],[73.3075,19.8112],[73.3071,19.7915],[73.2885,19.7633],[73.3118,19.7269]]],[[[73.2801,18.0132],[73.2727,18.0061],[73.2521,18.0132],[73.2447,18.0049],[73.2776,17.9723],[73.2666,17.9499],[73.2041,17.957],[73.1999,17.9656],[73.1737,17.9697],[73.1568,17.9854],[73.1493,18.0662],[73.1729,18.0878],[73.2118,18.0862],[73.2323,18.0653],[73.2392,18.033],[73.2572,18.0301],[73.2801,18.0132]]],[[[73.2775,19.7793],[73.2728,19.7686],[73.2664,19.7706],[73.2682,19.807],[73.2759,19.8075],[73.2775,19.7793]]],[[[73.2571,18.4946],[73.2626,18.4869],[73.2568,18.4573],[73.2312,18.4415],[73.1817,18.4576],[73.164,18.482],[73.161,18.5019],[73.1637,18.5119],[73.1736,18.5111],[73.1802,18.4878],[73.1896,18.4886],[73.187,18.5161],[73.2031,18.5242],[73.242,18.5161],[73.2571,18.4946]]],[[[73.1999,18.8589],[73.2074,18.8501],[73.2417,18.846],[73.2579,18.8187],[73.248,18.7871],[73.2307,18.7909],[73.2082,18.7749],[73.1893,18.7764],[73.1735,18.8096],[73.1618,18.8087],[73.1603,18.8396],[73.1785,18.8555],[73.1999,18.8589]]],[[[73.2158,18.6761],[73.2425,18.6478],[73.2458,18.6333],[73.2316,18.6022],[73.2363,18.5802],[73.2125,18.5625],[73.2002,18.5377],[73.1812,18.5207],[73.1693,18.5219],[73.1779,18.5451],[73.1495,18.5561],[73.1395,18.5781],[73.1509,18.6176],[73.0995,18.6695],[73.0805,18.6593],[73.0722,18.6725],[73.0708,18.707],[73.1059,18.7274],[73.1327,18.7253],[73.1927,18.7087],[73.2158,18.6761]]],[[[73.2238,18.7099],[73.2187,18.7019],[73.2101,18.7043],[73.1959,18.7389],[73.2043,18.757],[73.2174,18.765],[73.234,18.7604],[73.2356,18.7492],[73.2238,18.7099]]],[[[73.0728,20.0394],[73.0868,20.0487],[73.0945,20.0451],[73.0811,20.0332],[73.0841,20.016],[73.0763,20.0147],[73.0728,20.0394]]],[[[73.0728,20.0394],[73.0639,20.03],[73.0336,20.0286],[73.0236,20.0448],[73.0303,20.0707],[73.0457,20.087],[73.0575,20.0858],[73.0682,20.0728],[73.0728,20.0394]]],[[[73.058,18.5293],[73.0306,18.5279],[73.0055,18.5654],[73.0038,18.5957],[72.9939,18.5999],[73.0078,18.6348],[73.0277,18.6425],[73.0382,18.6402],[73.0482,18.618],[73.0768,18.6065],[73.0851,18.5951],[73.0839,18.5559],[73.058,18.5293]]],[[[72.9685,19.6173],[73.0,19.6042],[73.0191,19.576],[73.0287,19.5827],[73.0466,19.5776],[73.0675,19.5253],[73.052,19.5082],[73.0348,19.5094],[73.0185,19.5229],[73.0179,19.5488],[72.9639,19.5189],[72.9437,19.522],[72.9255,19.5378],[72.9236,19.5647],[72.9179,19.5675],[72.9102,19.5489],[72.9077,19.5811],[72.9325,19.6006],[72.9571,19.5962],[72.952,19.6217],[72.9685,19.6173]]],[[[73.0509,19.3655],[73.026,19.3655],[73.0019,19.4063],[73.0061,19.4541],[73.0131,19.4694],[73.0245,19.4735],[73.0545,19.4577],[73.0621,19.4343],[73.0538,19.3934],[73.0611,19.376],[73.0509,19.3655]]],[[[72.9731,19.6986],[72.9976,19.6939],[73.0103,19.6641],[73.0085,19.6501],[72.9724,19.6473],[72.959,19.6832],[72.9731,19.6986]]],[[[72.9533,19.4304],[72.9663,19.4191],[72.9806,19.4195],[72.9904,19.3634],[72.9562,19.3374],[72.9288,19.3476],[72.9305,19.3695],[72.9062,19.374],[72.8719,19.4225],[72.8884,19.451],[72.9135,19.473],[72.9416,19.4671],[72.9533,19.4304]]],[[[72.9466,19.8397],[72.9754,19.8185],[72.9784,19.8049],[72.9616,19.7835],[72.9623,19.7555],[72.9478,19.7519],[72.9248,19.7599],[72.9142,19.8035],[72.8767,19.7843],[72.8552,19.8088],[72.8606,19.8336],[72.8805,19.8461],[72.8936,19.8364],[72.8977,19.8503],[72.914,19.854],[72.9466,19.8397]]],[[[72.9469,19.1843],[72.926,19.1802],[72.9238,19.1697],[72.9164,19.1699],[72.8887,19.19],[72.8832,19.2035],[72.8905,19.2143],[72.8843,19.2339],[72.9014,19.2692],[72.9376,19.2882],[72.9676,19.2522],[72.9559,19.2367],[72.9633,19.2222],[72.9469,19.1843]]],[[[72.9612,19.6362],[72.9666,19.629],[72.9499,19.6425],[72.9453,19.6673],[72.9612,19.6362]]],[[[72.8573,19.5966],[72.852,19.5894],[72.8141,19.5959],[72.8073,19.6072],[72.8171,19.6301],[72.8,19.6562],[72.835,19.6702],[72.8548,19.6558],[72.8573,19.5966]]],[[[72.83,20.0114],[72.8062,20.014],[72.7993,20.0256],[72.805,20.0352],[72.7858,20.065],[72.7978,20.0978],[72.8282,20.1091],[72.835,20.106],[72.833,20.0892],[72.8465,20.0854],[72.8487,20.0679],[72.8417,20.0499],[72.8464,20.0167],[72.83,20.0114]]]]}},{"type":"Feature","properties":{"name":"Nun Kun","kind":"mountain range","wikidata":"Q120285","area_km2":17380,"source":"GMBA Mountain Inventory v2.0 (CC BY 4.0)"},"geometry":{"type":"Polygon","coordinates":[[[75.8999,34.6311],[75.9534,34.6279],[75.9705,34.597],[76.003,34.5903],[75.9739,34.5594],[75.9896,34.5342],[75.9836,34.5224],[75.9363,34.4822],[75.9144,34.4432],[75.9248,34.4178],[75.9197,34.355],[75.9458,34.3296],[75.9624,34.3302],[75.9734,34.3134],[75.9635,34.3004],[75.9705,34.2803],[76.0343,34.2655],[76.0634,34.2425],[76.101,34.2364],[76.1701,34.2072],[76.1923,34.2115],[76.2135,34.203],[76.2404,34.1453],[76.2345,34.1287],[76.2923,34.0827],[76.3198,34.0801],[76.3142,34.072],[76.3186,34.0511],[76.3589,34.0346],[76.37,34.0142],[76.4551,33.9697],[76.4604,33.9592],[76.4529,33.9445],[76.4691,33.9052],[76.4447,33.8989],[76.3991,33.8679],[76.3926,33.8584],[76.3978,33.8457],[76.3673,33.8444],[76.3593,33.8238],[76.304,33.7728],[76.2933,33.7435],[76.2478,33.7277],[76.2289,33.7285],[76.1848,33.6996],[76.1751,33.6845],[76.1374,33.67],[76.1145,33.6755],[76.0406,33.6509],[75.9832,33.6453],[75.9322,33.6155],[75.9031,33.5884],[75.8488,33.5822],[75.8238,33.5739],[75.8135,33.5613],[75.7868,33.5591],[75.7843,33.5488],[75.728,33.5176],[75.726,33.4847],[75.7363,33.4694],[75.6937,33.3957],[75.6666,33.4036],[75.6437,33.4003],[75.6256,33.4116],[75.5843,33.4739],[75.5503,33.5098],[75.4509,33.5759],[75.4242,33.6069],[75.4056,33.6092],[75.3811,33.5942],[75.3737,33.573],[75.3618,33.5692],[75.3504,33.5785],[75.3363,33.5779],[75.2584,33.6329],[75.2298,33.6324],[75.23,33.6557],[75.2135,33.6845],[75.2296,33.6949],[75.2487,33.695],[75.2684,33.6822],[75.2918,33.7103],[75.3058,33.7054],[75.3155,33.724],[75.2854,33.7363],[75.2703,33.727],[75.2466,33.7407],[75.2062,33.7403],[75.201,33.7502],[75.2115,33.7757],[75.2355,33.7783],[75.2492,33.8011],[75.2789,33.7961],[75.29,33.8184],[75.278,33.8295],[75.2697,33.8681],[75.2733,33.905],[75.2497,33.887],[75.2314,33.8144],[75.2166,33.8097],[75.1715,33.826],[75.1672,33.8488],[75.1151,33.828],[75.0882,33.846],[75.0713,33.8642],[75.0719,33.8807],[75.124,33.9091],[75.1363,33.9428],[75.0866,33.9634],[75.099,33.9488],[75.0881,33.9256],[75.0773,33.9205],[75.0555,33.9259],[75.0288,33.9051],[74.9875,33.9462],[74.9792,33.9639],[74.986,33.9895],[74.9949,34.0011],[75.016,34.0076],[75.0154,34.0211],[74.9695,34.0172],[74.9599,34.0275],[74.9634,34.0576],[74.9084,34.0361],[74.8868,34.0361],[74.8599,34.0517],[74.8427,34.0805],[74.8478,34.0901],[74.8569,34.0853],[74.8725,34.0917],[74.8828,34.1124],[74.8761,34.1487],[74.8883,34.1637],[74.7743,34.2169],[74.7718,34.2303],[74.7862,34.2396],[74.8026,34.2759],[74.7406,34.2425],[74.7026,34.244],[74.6953,34.2286],[74.6845,34.2259],[74.6695,34.2387],[74.6614,34.2494],[74.6801,34.2587],[74.6513,34.2998],[74.6759,34.325],[74.657,34.3492],[74.6569,34.3665],[74.67,34.3741],[74.6696,34.3824],[74.6548,34.392],[74.6528,34.4074],[74.6355,34.4139],[74.6322,34.4233],[74.6404,34.4378],[74.5841,34.4228],[74.5673,34.4316],[74.5449,34.417],[74.5302,34.3932],[74.534,34.3727],[74.527,34.3594],[74.4557,34.3594],[74.4318,34.3675],[74.4167,34.3595],[74.3906,34.396],[74.3791,34.3899],[74.3667,34.4073],[74.3386,34.3966],[74.329,34.4097],[74.31,34.4142],[74.3072,34.4263],[74.3116,34.4345],[74.3241,34.4343],[74.33,34.464],[74.2982,34.4679],[74.2841,34.4936],[74.263,34.5073],[74.2617,34.4814],[74.2858,34.4477],[74.2778,34.436],[74.2101,34.4647],[74.2133,34.5044],[74.2326,34.518],[74.2572,34.5161],[74.2432,34.5571],[74.2403,34.5389],[74.2297,34.5343],[74.2206,34.5391],[74.2059,34.5322],[74.1861,34.5404],[74.1736,34.5048],[74.159,34.4965],[74.1185,34.4907],[74.1111,34.5118],[74.0888,34.5109],[74.0812,34.4769],[74.0727,34.48],[73.9962,34.4527],[73.9886,34.4258],[73.9686,34.4129],[73.9203,34.3991],[73.8936,34.405],[73.8529,34.3989],[73.8115,34.3716],[73.7954,34.3698],[73.7922,34.3849],[73.7707,34.3894],[73.7987,34.4153],[73.8218,34.4571],[73.8385,34.4946],[73.8491,34.5553],[73.8925,34.5654],[73.9011,34.5736],[73.8968,34.5819],[73.9168,34.5888],[73.9343,34.6197],[73.9301,34.6444],[73.9518,34.6514],[73.953,34.6697],[73.9882,34.7111],[74.0182,34.7342],[74.1114,34.7029],[74.1398,34.7254],[74.1353,34.7509],[74.1508,34.7778],[74.2086,34.8057],[74.2268,34.8267],[74.2715,34.8113],[74.3153,34.8259],[74.3291,34.8201],[74.3885,34.8238],[74.5051,34.7988],[74.5155,34.7905],[74.6051,34.778],[74.622,34.7632],[74.6676,34.753],[74.7079,34.7275],[74.7363,34.7343],[74.7759,34.7175],[74.8468,34.7051],[74.8871,34.6452],[74.928,34.6947],[74.978,34.7237],[74.9779,34.7341],[75.0404,34.7737],[75.0596,34.7967],[75.1297,34.7866],[75.1954,34.7525],[75.2405,34.7596],[75.2378,34.7728],[75.2115,34.8028],[75.1881,34.8181],[75.2176,34.8489],[75.2675,34.8219],[75.2787,34.8016],[75.3488,34.7509],[75.4051,34.7322],[75.5082,34.6618],[75.5166,34.6661],[75.545,34.6532],[75.6005,34.6446],[75.6445,34.6634],[75.6924,34.653],[75.7175,34.6615],[75.7509,34.6342],[75.8297,34.6156],[75.8465,34.6267],[75.857,34.6467],[75.8801,34.6447],[75.8999,34.6311]]]}},{"type":"Feature","properties":{"name":"N\u0101gal\u0101puram Hills","kind":"mountain range","wikidata":"Q26782363","area_km2":246,"source":"GMBA Mountain Inventory v2.0 (CC BY 4.0)"},"geometry":{"type":"Polygon","coordinates":[[[79.8821,13.5503],[79.8381,13.485],[79.8306,13.4555],[79.8079,13.4608],[79.7749,13.3999],[79.7603,13.4014],[79.7401,13.4842],[79.7505,13.5093],[79.7714,13.5311],[79.7685,13.5466],[79.7787,13.5585],[79.7834,13.548],[79.803,13.5603],[79.8134,13.5915],[79.7976,13.6665],[79.8123,13.677],[79.8311,13.6785],[79.8579,13.6563],[79.8629,13.6306],[79.8885,13.6031],[79.8945,13.5789],[79.8821,13.5503]]]}},{"type":"Feature","properties":{"name":"Pachaimalai Hills","kind":"mountain range","wikidata":"Q3523717","area_km2":1259,"source":"GMBA Mountain Inventory v2.0 (CC BY 4.0)"},"geometry":{"type":"MultiPolygon","coordinates":[[[[78.7027,11.4735],[78.7056,11.437],[78.6979,11.4188],[78.6489,11.3886],[78.6838,11.3917],[78.6884,11.3783],[78.6557,11.3376],[78.6682,11.3275],[78.7067,11.3424],[78.751,11.3363],[78.7694,11.324],[78.7721,11.3023],[78.7945,11.3061],[78.7972,11.2851],[78.794,11.2655],[78.7632,11.2739],[78.7519,11.2621],[78.7221,11.2556],[78.7175,11.2356],[78.7363,11.2178],[78.7155,11.201],[78.745,11.2014],[78.7508,11.2134],[78.7572,11.2075],[78.7363,11.1844],[78.7405,11.1761],[78.7071,11.1573],[78.6904,11.1772],[78.6743,11.172],[78.6645,11.1519],[78.6468,11.1643],[78.6595,11.1927],[78.6594,11.23],[78.6433,11.2221],[78.6098,11.2214],[78.5899,11.2446],[78.5553,11.2218],[78.5443,11.2269],[78.5362,11.2528],[78.553,11.2737],[78.5461,11.2877],[78.5235,11.3126],[78.5082,11.3202],[78.4991,11.3155],[78.4864,11.3266],[78.4861,11.3421],[78.4992,11.3602],[78.5027,11.3879],[78.5654,11.4488],[78.5846,11.4343],[78.5968,11.4572],[78.6233,11.4621],[78.6386,11.456],[78.6383,11.4695],[78.6554,11.4842],[78.7027,11.4735]]],[[[78.3427,11.4722],[78.3618,11.4697],[78.4003,11.4351],[78.4498,11.4277],[78.4537,11.4152],[78.4875,11.4161],[78.4967,11.4003],[78.4684,11.3734],[78.4758,11.3523],[78.4592,11.335],[78.4716,11.3068],[78.4573,11.3002],[78.4552,11.2779],[78.4227,11.2063],[78.4145,11.1945],[78.3541,11.1749],[78.2764,11.1894],[78.2703,11.2632],[78.2866,11.2975],[78.3102,11.3101],[78.3155,11.3241],[78.2661,11.3536],[78.2617,11.3633],[78.2757,11.3892],[78.2777,11.4266],[78.3194,11.4559],[78.3094,11.4753],[78.3211,11.4712],[78.3326,11.4792],[78.3427,11.4722]]],[[[78.3634,11.0551],[78.3603,11.0478],[78.3273,11.0492],[78.3051,11.0597],[78.2864,11.0716],[78.2922,11.1003],[78.3181,11.1091],[78.34,11.1016],[78.3675,11.0631],[78.3634,11.0551]]],[[[78.2528,11.3466],[78.2436,11.3243],[78.2082,11.304],[78.1919,11.3057],[78.1781,11.3253],[78.1919,11.3529],[78.2133,11.3497],[78.2178,11.3403],[78.2444,11.3633],[78.2566,11.3535],[78.2528,11.3466]]]]}},{"type":"Feature","properties":{"name":"Pachkshiri Range","kind":"mountain range","wikidata":null,"area_km2":11894,"source":"GMBA Mountain Inventory v2.0 (CC BY 4.0)"},"geometry":{"type":"Polygon","coordinates":[[[94.1791,29.1999],[94.2272,29.1226],[94.2635,29.13],[94.2747,29.1521],[94.3077,29.132],[94.3238,29.1307],[94.3157,29.1113],[94.4121,29.1168],[94.4588,29.0761],[94.4826,29.0651],[94.5089,29.0086],[94.5197,28.9592],[94.5544,28.9268],[94.5576,28.9137],[94.5718,28.9113],[94.603,28.8821],[94.6355,28.8735],[94.6427,28.8613],[94.6886,28.8404],[94.7239,28.8467],[94.7691,28.8717],[94.791,28.8694],[94.803,28.8547],[94.7728,28.8309],[94.7943,28.8243],[94.8111,28.804],[94.8309,28.8259],[94.8532,28.8153],[94.8806,28.8258],[94.9172,28.8096],[94.928,28.7964],[94.9177,28.7864],[94.9025,28.7967],[94.8707,28.7815],[94.8635,28.7709],[94.8661,28.7531],[94.8988,28.7635],[94.9256,28.7388],[94.9488,28.7323],[94.98,28.7053],[94.9825,28.6935],[94.9718,28.6796],[94.9801,28.6696],[94.9913,28.6787],[95.0133,28.6736],[95.0071,28.653],[95.0382,28.599],[95.0612,28.5948],[95.0712,28.5817],[95.0822,28.5409],[95.0772,28.5141],[95.1002,28.5028],[95.1034,28.4936],[95.0926,28.4796],[95.1027,28.4633],[95.0902,28.4486],[95.0881,28.4308],[95.068,28.4135],[95.078,28.4004],[95.0716,28.3642],[95.0381,28.3527],[95.0292,28.328],[95.0071,28.3467],[94.9948,28.3437],[94.9988,28.3242],[94.9872,28.3116],[94.9703,28.3175],[94.9561,28.3124],[94.9459,28.3205],[94.9196,28.3052],[94.8846,28.3092],[94.8651,28.2964],[94.8651,28.2838],[94.8348,28.2472],[94.8427,28.228],[94.7946,28.1697],[94.7892,28.1426],[94.8052,28.1281],[94.8076,28.1071],[94.7964,28.0886],[94.7613,28.0781],[94.7414,28.0551],[94.7202,28.0529],[94.6939,28.0073],[94.6941,27.9887],[94.6626,27.9865],[94.6469,28.0047],[94.6061,27.9669],[94.5919,27.9743],[94.499,27.9741],[94.45,27.9395],[94.3993,27.9512],[94.3963,27.9611],[94.3744,27.9681],[94.3601,27.9876],[94.3233,27.9953],[94.3085,28.008],[94.302,28.0044],[94.2987,27.978],[94.3071,27.9606],[94.303,27.9531],[94.2786,27.9753],[94.2718,27.9674],[94.2468,27.9906],[94.2114,27.9996],[94.2036,28.004],[94.1927,28.0406],[94.1488,28.0862],[94.1469,28.0965],[94.1574,28.1099],[94.1515,28.1804],[94.1594,28.1904],[94.159,28.2359],[94.1217,28.2508],[94.0898,28.2861],[94.0753,28.291],[94.0245,28.3691],[93.9561,28.3668],[93.88,28.3841],[93.7979,28.4137],[93.7326,28.4038],[93.7228,28.4082],[93.7157,28.4546],[93.674,28.5099],[93.6677,28.5467],[93.6496,28.5671],[93.6468,28.5757],[93.6823,28.6384],[93.6776,28.6831],[93.6448,28.7178],[93.6427,28.7393],[93.7113,28.7822],[93.8239,28.8008],[93.8795,28.8293],[93.8757,28.8771],[93.8463,28.891],[93.8279,28.928],[93.8376,28.9517],[93.8677,28.9863],[93.87,29.0096],[93.8938,29.0342],[93.8885,29.0453],[93.8946,29.0674],[93.8696,29.1029],[93.8728,29.1353],[93.9017,29.1347],[93.9113,29.1472],[93.9078,29.1767],[93.953,29.1947],[93.9901,29.2009],[94.0088,29.1947],[94.0415,29.2077],[94.1791,29.1999]]]}},{"type":"Feature","properties":{"name":"Palani Hills","kind":"mountain range","wikidata":"Q1501836","area_km2":4259,"source":"GMBA Mountain Inventory v2.0 (CC BY 4.0)"},"geometry":{"type":"MultiPolygon","coordinates":[[[[77.9422,10.6536],[77.9377,10.6336],[77.904,10.6307],[77.8844,10.6102],[77.8929,10.5865],[77.8833,10.5534],[77.8749,10.5457],[77.8536,10.5518],[77.8478,10.5772],[77.866,10.6097],[77.8682,10.6427],[77.8766,10.6527],[77.8929,10.6491],[77.9205,10.6661],[77.9422,10.6536]]],[[[77.8558,10.2107],[77.8437,10.2147],[77.8627,10.2236],[77.8644,10.2166],[77.8558,10.2107]]],[[[77.784,10.4645],[77.7846,10.4542],[77.7708,10.4374],[77.7691,10.4093],[77.7899,10.4098],[77.832,10.3768],[77.8421,10.3569],[77.8265,10.3346],[77.8073,10.3323],[77.8342,10.309],[77.8314,10.2973],[77.8057,10.2953],[77.7968,10.2838],[77.8023,10.2694],[77.7832,10.2463],[77.7604,10.258],[77.7473,10.2489],[77.699,10.2601],[77.7109,10.2459],[77.733,10.239],[77.753,10.2132],[77.7496,10.1991],[77.7377,10.1959],[77.7121,10.2104],[77.6958,10.1922],[77.6832,10.1929],[77.6693,10.1822],[77.6218,10.2021],[77.634,10.1951],[77.6362,10.1799],[77.6488,10.1686],[77.6348,10.1386],[77.5897,10.1314],[77.57,10.136],[77.5635,10.1453],[77.5667,10.158],[77.5779,10.1631],[77.5818,10.1778],[77.5704,10.1739],[77.5576,10.1883],[77.5193,10.1556],[77.4802,10.1391],[77.4964,10.1265],[77.5076,10.0973],[77.484,10.064],[77.4499,10.0484],[77.4413,10.0309],[77.414,10.0145],[77.3896,10.0051],[77.3849,10.0317],[77.3511,10.0366],[77.3517,10.063],[77.3228,10.0738],[77.3122,10.0649],[77.3217,10.0526],[77.301,10.0314],[77.3036,10.0213],[77.3258,10.0185],[77.3268,10.002],[77.3072,9.9855],[77.2991,9.9557],[77.2757,9.9349],[77.2762,9.9262],[77.2541,9.9132],[77.2408,9.8945],[77.2456,9.8789],[77.2757,9.8648],[77.2734,9.8477],[77.2552,9.8286],[77.2644,9.8208],[77.2937,9.8249],[77.269,9.8114],[77.2145,9.8186],[77.179,9.8341],[77.1511,9.8091],[77.1305,9.8161],[77.1187,9.8082],[77.102,9.8124],[77.0543,9.8513],[77.0134,9.8592],[76.9869,9.8858],[76.9571,9.8925],[76.9494,9.9066],[76.9126,9.9223],[76.9093,9.9364],[76.8779,9.9594],[76.8664,9.9621],[76.8563,9.9543],[76.8416,9.962],[76.8228,9.954],[76.8039,9.9693],[76.7918,9.9939],[76.7736,9.9967],[76.7489,10.0169],[76.7567,10.028],[76.7485,10.0397],[76.7495,10.0564],[76.712,10.1008],[76.728,10.0932],[76.7232,10.1019],[76.6915,10.1268],[76.6889,10.1439],[76.6702,10.1593],[76.6677,10.1684],[76.6792,10.1821],[76.6494,10.1719],[76.6007,10.1918],[76.5777,10.1844],[76.5704,10.2002],[76.6343,10.2197],[76.6677,10.202],[76.7,10.2342],[76.7226,10.196],[76.7818,10.2134],[76.8149,10.1908],[76.8547,10.1822],[76.8948,10.1928],[76.8944,10.2039],[76.9572,10.2133],[76.9548,10.2363],[76.9843,10.2239],[77.0005,10.2078],[77.0285,10.2106],[77.1214,10.2502],[77.1259,10.2645],[77.1484,10.2759],[77.1685,10.2544],[77.182,10.2611],[77.1907,10.2869],[77.3551,10.3384],[77.3572,10.3447],[77.3964,10.356],[77.401,10.3657],[77.4207,10.3649],[77.4541,10.379],[77.4988,10.3693],[77.4802,10.381],[77.4925,10.3968],[77.5253,10.4007],[77.5317,10.3869],[77.5669,10.4098],[77.5876,10.4025],[77.5979,10.4187],[77.6839,10.4648],[77.6905,10.4612],[77.7478,10.4883],[77.784,10.4645]]],[[[77.8237,10.1114],[77.7978,10.1183],[77.7919,10.1281],[77.7886,10.1502],[77.7953,10.1589],[77.8182,10.1566],[77.8261,10.1469],[77.8328,10.1268],[77.8237,10.1114]]]]}},{"type":"Feature","properties":{"name":"Palkonda Range","kind":"mountain range","wikidata":"Q26781018","area_km2":2433,"source":"GMBA Mountain Inventory v2.0 (CC BY 4.0)"},"geometry":{"type":"MultiPolygon","coordinates":[[[[78.9834,14.103],[79.0143,14.0952],[79.0243,14.0785],[79.0517,14.0608],[79.0668,14.0451],[79.0614,14.0345],[79.0918,13.9974],[79.1115,13.9884],[79.12,14.0194],[79.1391,14.0225],[79.1872,13.9693],[79.207,13.9629],[79.2296,13.968],[79.2473,13.9562],[79.2601,13.9096],[79.2776,13.904],[79.3323,13.857],[79.3525,13.8571],[79.395,13.8215],[79.4088,13.8029],[79.4045,13.7833],[79.4117,13.7688],[79.4575,13.719],[79.4666,13.6917],[79.4828,13.6853],[79.4841,13.6584],[79.4235,13.6487],[79.3798,13.6278],[79.3376,13.6261],[79.3224,13.6467],[79.2985,13.6343],[79.2778,13.6446],[79.278,13.6279],[79.2655,13.6206],[79.2843,13.5988],[79.2916,13.6025],[79.3115,13.588],[79.3021,13.5551],[79.3811,13.5742],[79.3919,13.5705],[79.4027,13.5474],[79.3917,13.528],[79.458,13.5466],[79.4865,13.5298],[79.4905,13.5029],[79.4737,13.4904],[79.4404,13.4925],[79.4326,13.4738],[79.3712,13.5098],[79.3154,13.5051],[79.3061,13.5175],[79.3026,13.5031],[79.271,13.5005],[79.2499,13.4749],[79.2404,13.4836],[79.2166,13.4853],[79.2176,13.4955],[79.2075,13.5009],[79.1959,13.4814],[79.1784,13.4771],[79.1617,13.4828],[79.159,13.5074],[79.1364,13.5095],[79.1406,13.5329],[79.1248,13.5434],[79.1371,13.5728],[79.1307,13.5822],[79.1363,13.5988],[79.149,13.6178],[79.1623,13.6175],[79.1739,13.6543],[79.2115,13.6662],[79.2033,13.7087],[79.2189,13.7414],[79.205,13.7635],[79.1833,13.7744],[79.1739,13.7992],[79.1842,13.8191],[79.0967,13.8906],[79.0849,13.9156],[79.0526,13.915],[79.0314,13.9261],[79.0197,13.9386],[79.0244,13.9478],[79.0072,14.0009],[79.0019,14.0071],[78.984,14.0009],[78.966,14.0151],[78.9489,14.0615],[78.9779,14.0744],[78.9725,14.0903],[78.9834,14.103]]],[[[78.9241,14.4675],[78.9634,14.4602],[78.9811,14.4655],[78.9843,14.4595],[78.9675,14.4568],[78.9678,14.4426],[78.9402,14.4114],[78.9406,14.3955],[78.956,14.3709],[78.951,14.357],[78.9788,14.3571],[79.0055,14.3001],[79.0699,14.3009],[79.0803,14.3114],[79.1052,14.3154],[79.1343,14.3386],[79.1003,14.373],[79.0848,14.3768],[79.0802,14.4056],[79.0953,14.4201],[79.1125,14.4238],[79.1295,14.4124],[79.1489,14.382],[79.1697,14.3693],[79.1631,14.3473],[79.1528,14.3439],[79.1531,14.3279],[79.1642,14.3225],[79.174,14.3003],[79.1691,14.2764],[79.1283,14.2739],[79.1184,14.2906],[79.1051,14.2906],[79.0742,14.2597],[79.0322,14.2666],[79.0114,14.2486],[79.0173,14.2126],[79.0078,14.2072],[78.9949,14.2169],[79.0026,14.202],[78.9928,14.1453],[79.0009,14.1277],[78.9967,14.1154],[78.9915,14.1155],[78.9944,14.1259],[78.9755,14.107],[78.9595,14.107],[78.9498,14.1488],[78.9279,14.1426],[78.9196,14.1613],[78.927,14.1936],[78.9407,14.1968],[78.9405,14.2082],[78.9008,14.1904],[78.9009,14.1775],[78.882,14.1738],[78.8333,14.2036],[78.8256,14.2175],[78.8049,14.2113],[78.7809,14.2296],[78.797,14.2509],[78.8062,14.2462],[78.82,14.253],[78.8303,14.2423],[78.8519,14.2454],[78.8662,14.2237],[78.9004,14.2299],[78.9053,14.2471],[78.9551,14.2875],[78.9401,14.3147],[78.9195,14.3302],[78.9195,14.3686],[78.8964,14.3925],[78.8791,14.3757],[78.8696,14.3759],[78.8506,14.4152],[78.851,14.4338],[78.913,14.4423],[78.9241,14.4675]]],[[[78.6448,14.3968],[78.662,14.3876],[78.662,14.3576],[78.654,14.3532],[78.6373,14.3522],[78.616,14.3627],[78.6217,14.3732],[78.576,14.3667],[78.6098,14.3592],[78.6311,14.3369],[78.6473,14.336],[78.7413,14.3408],[78.7736,14.3328],[78.8274,14.3717],[78.8446,14.3622],[78.8452,14.3516],[78.8215,14.338],[78.8123,14.2991],[78.8217,14.3042],[78.8184,14.295],[78.7988,14.2925],[78.7956,14.3029],[78.7821,14.2929],[78.7615,14.2951],[78.7759,14.2747],[78.7699,14.2718],[78.7507,14.2818],[78.7463,14.295],[78.6948,14.2967],[78.6674,14.2698],[78.6241,14.2803],[78.6031,14.2729],[78.6104,14.2578],[78.5998,14.2407],[78.5823,14.2397],[78.5857,14.2612],[78.559,14.2498],[78.5332,14.2701],[78.5123,14.2722],[78.4863,14.3048],[78.4389,14.2727],[78.4405,14.2515],[78.4211,14.2478],[78.4004,14.2602],[78.3814,14.2579],[78.3656,14.2756],[78.3694,14.3089],[78.3987,14.3132],[78.43,14.3301],[78.4564,14.3383],[78.4824,14.3308],[78.5321,14.3334],[78.4897,14.3455],[78.4847,14.3595],[78.4901,14.3714],[78.5103,14.3838],[78.5693,14.3965],[78.5981,14.4132],[78.6224,14.4146],[78.6448,14.3968]]],[[[78.3062,14.3016],[78.3041,14.2957],[78.2488,14.3112],[78.2156,14.3376],[78.2257,14.3398],[78.3006,14.3118],[78.3062,14.3016]]]]}},{"type":"Feature","properties":{"name":"Pangong Range","kind":"mountain range","wikidata":"Q7130983","area_km2":1538,"source":"GMBA Mountain Inventory v2.0 (CC BY 4.0)"},"geometry":{"type":"Polygon","coordinates":[[[78.2145,34.1332],[78.2156,34.1135],[78.2382,34.1014],[78.2508,34.0584],[78.2466,34.0508],[78.2581,34.0482],[78.2661,34.0348],[78.3134,34.005],[78.3385,34.0031],[78.3635,33.9906],[78.3884,33.9675],[78.4351,33.9585],[78.4645,33.9099],[78.5717,33.8429],[78.592,33.8039],[78.6344,33.7573],[78.6473,33.7055],[78.6916,33.6992],[78.7052,33.6849],[78.7163,33.6925],[78.7363,33.6851],[78.7322,33.6722],[78.7437,33.6653],[78.7558,33.6806],[78.7666,33.6768],[78.7709,33.6902],[78.7903,33.6902],[78.8278,33.7087],[78.8368,33.6947],[78.8459,33.6995],[78.8696,33.6924],[78.8847,33.7047],[78.9083,33.7057],[78.9416,33.6936],[78.9589,33.67],[79.0045,33.6447],[79.0538,33.6529],[79.0915,33.6395],[79.117,33.5996],[79.1053,33.5829],[79.1058,33.557],[79.0905,33.5405],[79.0812,33.5103],[79.059,33.5031],[79.0504,33.5183],[79.0253,33.5176],[79.0214,33.5339],[79.0138,33.5178],[78.9718,33.5437],[78.9547,33.5435],[78.9146,33.5239],[78.8717,33.5404],[78.8176,33.5801],[78.7624,33.5782],[78.7377,33.5543],[78.7195,33.5657],[78.7202,33.5831],[78.6986,33.5949],[78.6714,33.6404],[78.635,33.604],[78.6467,33.598],[78.6355,33.5907],[78.5926,33.605],[78.5779,33.6177],[78.5777,33.6314],[78.5654,33.6475],[78.5335,33.6748],[78.5236,33.6697],[78.5239,33.678],[78.4593,33.7322],[78.3829,33.7833],[78.3668,33.8361],[78.3259,33.8425],[78.287,33.8708],[78.278,33.8905],[78.2842,33.9229],[78.2301,33.9572],[78.1825,33.963],[78.1736,33.9866],[78.1548,33.9907],[78.1459,34.0153],[78.1131,34.0175],[78.0925,34.0976],[78.1083,34.1483],[78.1502,34.1496],[78.152,34.1769],[78.1948,34.128],[78.2145,34.1332]]]}},{"type":"Feature","properties":{"name":"Papikonda Range","kind":"mountain range","wikidata":"Q26821006","area_km2":6957,"source":"GMBA Mountain Inventory v2.0 (CC BY 4.0)"},"geometry":{"type":"MultiPolygon","coordinates":[[[[82.7122,18.9592],[82.7142,18.9344],[82.703,18.9335],[82.6898,18.9487],[82.6812,18.9396],[82.6748,18.8871],[82.6551,18.8751],[82.6484,18.8524],[82.6311,18.8332],[82.6192,18.8344],[82.6074,18.8496],[82.6109,18.8737],[82.5781,18.9146],[82.6046,18.958],[82.649,18.9672],[82.6607,18.958],[82.6939,19.0312],[82.7202,19.0467],[82.7298,19.0443],[82.7445,19.0185],[82.7173,18.9894],[82.7122,18.9592]]],[[[82.5254,18.6913],[82.5093,18.6885],[82.5092,18.6717],[82.5176,18.6636],[82.5139,18.6519],[82.4995,18.6223],[82.4761,18.5989],[82.4396,18.5856],[82.4096,18.5613],[82.401,18.5759],[82.3873,18.565],[82.4072,18.5448],[82.4044,18.527],[82.3926,18.5157],[82.4001,18.5072],[82.441,18.5425],[82.4712,18.53],[82.4769,18.4967],[82.4883,18.4892],[82.4938,18.4694],[82.478,18.4437],[82.4803,18.4377],[82.5007,18.4397],[82.5113,18.424],[82.5021,18.3769],[82.4827,18.3664],[82.4676,18.3428],[82.4736,18.3308],[82.4365,18.326],[82.432,18.3195],[82.4246,18.2885],[82.4342,18.2738],[82.4529,18.2842],[82.4556,18.2768],[82.4527,18.259],[82.4405,18.2531],[82.4469,18.2058],[82.4343,18.1708],[82.4447,18.1678],[82.4874,18.1915],[82.4864,18.1779],[82.4303,18.0141],[82.4207,18.004],[82.4123,18.0193],[82.3715,18.0049],[82.3862,17.9583],[82.3778,17.9395],[82.3457,17.9061],[82.3239,17.9042],[82.2653,17.8673],[82.2447,17.8676],[82.2208,17.8494],[82.1988,17.8468],[82.1506,17.797],[82.103,17.7738],[82.0548,17.7216],[82.0332,17.7218],[81.9915,17.6682],[81.9774,17.6596],[81.9551,17.6823],[81.9614,17.6464],[81.9566,17.6222],[81.9649,17.6142],[81.9655,17.597],[81.9342,17.5653],[81.9094,17.5635],[81.9115,17.5182],[81.8968,17.4971],[81.8915,17.478],[81.8965,17.4682],[81.8859,17.4452],[81.8631,17.4301],[81.8218,17.4497],[81.8218,17.4592],[81.7792,17.4447],[81.7589,17.451],[81.762,17.4301],[81.7469,17.4303],[81.7427,17.418],[81.7541,17.4144],[81.7146,17.397],[81.6824,17.395],[81.6781,17.3867],[81.711,17.3808],[81.7215,17.3863],[81.7299,17.3715],[81.7303,17.3512],[81.6908,17.3134],[81.6161,17.3465],[81.6088,17.3641],[81.6125,17.375],[81.6004,17.3842],[81.5872,17.3499],[81.6113,17.328],[81.632,17.3254],[81.6343,17.2845],[81.625,17.2586],[81.6027,17.2476],[81.5732,17.256],[81.5677,17.2447],[81.5534,17.2444],[81.5421,17.2501],[81.5336,17.2696],[81.519,17.2456],[81.4994,17.2355],[81.4738,17.2571],[81.4691,17.2829],[81.4885,17.2992],[81.5008,17.3383],[81.5279,17.3487],[81.5363,17.3611],[81.526,17.3715],[81.5301,17.3861],[81.5082,17.3933],[81.4908,17.3851],[81.4858,17.3653],[81.4545,17.3228],[81.4593,17.3136],[81.4468,17.3073],[81.44,17.2658],[81.4108,17.2363],[81.3807,17.2463],[81.3773,17.2604],[81.3641,17.2559],[81.3568,17.2917],[81.3718,17.3022],[81.3406,17.3216],[81.333,17.3587],[81.3153,17.3614],[81.3114,17.3467],[81.3024,17.3779],[81.2947,17.3781],[81.2913,17.3363],[81.2658,17.349],[81.2693,17.4037],[81.2804,17.4319],[81.2862,17.4259],[81.2906,17.4343],[81.2925,17.455],[81.3427,17.4808],[81.3779,17.4737],[81.3836,17.4848],[81.3562,17.5081],[81.3455,17.4905],[81.3081,17.5043],[81.2989,17.5131],[81.2995,17.5307],[81.3329,17.5568],[81.346,17.5431],[81.357,17.5488],[81.3831,17.5282],[81.4167,17.5254],[81.4286,17.5072],[81.4447,17.534],[81.4041,17.5389],[81.3988,17.5467],[81.3904,17.5842],[81.3994,17.626],[81.4108,17.6258],[81.4229,17.6457],[81.4176,17.661],[81.4401,17.693],[81.4581,17.705],[81.4797,17.7003],[81.523,17.7288],[81.5334,17.7494],[81.5905,17.782],[81.5459,17.7634],[81.5385,17.768],[81.5753,17.7964],[81.6146,17.8193],[81.6125,17.7991],[81.6356,17.8059],[81.6376,17.8254],[81.6545,17.8416],[81.6362,17.874],[81.6391,17.898],[81.6239,17.9181],[81.6297,17.932],[81.6423,17.9363],[81.6453,17.9176],[81.6613,17.9209],[81.6612,17.9335],[81.6822,17.9416],[81.6924,17.9363],[81.7032,17.9458],[81.7028,17.9624],[81.7253,17.9771],[81.733,17.9931],[81.7799,18.0028],[81.7966,18.0384],[81.8426,18.041],[81.8468,18.0601],[81.8285,18.069],[81.8181,18.098],[81.8536,18.1175],[81.8813,18.0855],[81.9709,18.1701],[82.0025,18.1842],[82.0282,18.1843],[82.0593,18.2155],[82.062,18.2295],[82.084,18.2384],[82.0904,18.2259],[82.0964,18.2288],[82.1101,18.244],[82.1142,18.2729],[82.1418,18.3186],[82.1739,18.3467],[82.1821,18.3693],[82.1944,18.3821],[82.2072,18.382],[82.207,18.3944],[82.2252,18.4067],[82.2197,18.4173],[82.2278,18.4336],[82.2196,18.461],[82.2278,18.4779],[82.2482,18.4744],[82.2515,18.4913],[82.2775,18.5065],[82.2732,18.5317],[82.2889,18.5517],[82.2842,18.5963],[82.2984,18.6083],[82.2931,18.6185],[82.3251,18.6283],[82.3355,18.6412],[82.3613,18.6302],[82.3413,18.6188],[82.3357,18.608],[82.3447,18.5962],[82.3244,18.575],[82.3396,18.5647],[82.3487,18.5904],[82.3594,18.5957],[82.3591,18.6091],[82.3716,18.6175],[82.3924,18.6072],[82.403,18.6197],[82.4133,18.6195],[82.4248,18.6407],[82.4426,18.6403],[82.4556,18.6687],[82.4926,18.7092],[82.5063,18.742],[82.5385,18.7554],[82.5457,18.7991],[82.5563,18.817],[82.5818,18.8321],[82.5926,18.8301],[82.6088,18.8194],[82.5929,18.8009],[82.5901,18.7809],[82.5765,18.7742],[82.5719,18.7552],[82.5408,18.7393],[82.5254,18.6913]]],[[[81.7275,17.2761],[81.74,17.2766],[81.7571,17.2623],[81.7538,17.2494],[81.727,17.2374],[81.6935,17.2499],[81.7023,17.2938],[81.7278,17.2918],[81.7275,17.2761]]],[[[81.7154,18.0198],[81.6769,18.0246],[81.679,18.0545],[81.7012,18.0559],[81.7235,18.0381],[81.7154,18.0198]]]]}},{"type":"Feature","properties":{"name":"Parasnath Range","kind":"mountain range","wikidata":"Q21099460","area_km2":140,"source":"GMBA Mountain Inventory v2.0 (CC BY 4.0)"},"geometry":{"type":"MultiPolygon","coordinates":[[[[86.4198,23.9864],[86.4276,23.9566],[86.4104,23.9427],[86.3997,23.9487],[86.3728,23.9332],[86.3598,23.9396],[86.344,23.933],[86.3407,23.9644],[86.3526,23.968],[86.356,23.9792],[86.3809,23.9904],[86.4198,23.9864]]],[[[86.1596,24.0092],[86.1729,23.99],[86.1908,23.9841],[86.2051,23.9439],[86.1904,23.9164],[86.177,23.9124],[86.1533,23.9238],[86.1096,23.9276],[86.0808,23.9604],[86.0864,23.9955],[86.0993,24.0075],[86.1326,24.0154],[86.1596,24.0092]]]]}},{"type":"Feature","properties":{"name":"Patkai Hills","kind":"mountain range","wikidata":"Q1969254","area_km2":15778,"source":"GMBA Mountain Inventory v2.0 (CC BY 4.0)"},"geometry":{"type":"Polygon","coordinates":[[[96.3916,27.5186],[96.3949,27.4964],[96.4185,27.475],[96.45,27.4911],[96.4857,27.4862],[96.5334,27.4953],[96.576,27.4822],[96.6049,27.4613],[96.6508,27.4656],[96.7047,27.4406],[96.7383,27.4365],[96.758,27.4236],[96.7703,27.3974],[96.8176,27.3863],[96.871,27.3421],[96.9031,27.3049],[96.9078,27.2849],[96.9343,27.2676],[96.9218,27.249],[96.9241,27.2393],[96.9457,27.2314],[96.9508,27.2155],[96.9674,27.2072],[97.0256,27.2033],[97.0799,27.1761],[97.091,27.1447],[97.1102,27.1504],[97.1176,27.1396],[97.1112,27.0859],[97.0968,27.0657],[97.1241,27.0183],[97.1407,27.0057],[97.0931,26.9969],[97.0552,26.9683],[97.0613,26.9536],[97.0425,26.9259],[97.0458,26.9199],[97.0138,26.8935],[97.0238,26.8661],[97.0075,26.8707],[96.9953,26.8326],[96.976,26.823],[96.9905,26.7786],[96.9739,26.7633],[96.9461,26.758],[96.9311,26.7436],[96.8279,26.7698],[96.7689,26.7623],[96.7574,26.7712],[96.7378,26.7569],[96.7003,26.7564],[96.6878,26.766],[96.6712,26.7602],[96.5817,26.765],[96.5627,26.777],[96.5425,26.7671],[96.5097,26.7694],[96.5009,26.7633],[96.4631,26.7682],[96.3709,26.753],[96.3107,26.7549],[96.2986,26.7424],[96.2748,26.7433],[96.2537,26.7339],[96.2464,26.7191],[96.2282,26.7199],[96.218,26.712],[96.2076,26.7175],[96.1936,26.7082],[96.188,26.717],[96.1663,26.7073],[96.1475,26.7235],[96.1211,26.7666],[96.1021,26.7641],[96.1155,26.8114],[96.1405,26.8536],[96.13,26.8967],[96.1363,26.9114],[96.1433,26.9248],[96.1658,26.9239],[96.1696,26.9405],[96.1872,26.9601],[96.1652,26.9763],[96.1654,26.9859],[96.1448,26.9934],[96.1423,27.0095],[96.1073,26.9967],[96.0498,26.9911],[96.0087,26.9744],[95.9975,26.9895],[95.9612,26.9782],[95.9674,26.9532],[95.9436,26.922],[95.9196,26.9197],[95.9026,26.9089],[95.8487,26.8404],[95.8385,26.8154],[95.817,26.8025],[95.8188,26.7842],[95.7869,26.7364],[95.7795,26.7098],[95.7623,26.6919],[95.6881,26.6821],[95.6745,26.6448],[95.632,26.6409],[95.609,26.6529],[95.5876,26.6351],[95.5821,26.6238],[95.5885,26.6155],[95.5737,26.5987],[95.565,26.5432],[95.5516,26.5179],[95.5644,26.4985],[95.5235,26.4715],[95.5061,26.4667],[95.4954,26.475],[95.4852,26.5134],[95.4994,26.5413],[95.4734,26.5737],[95.4766,26.6083],[95.4709,26.6167],[95.444,26.6259],[95.4163,26.6189],[95.3852,26.6394],[95.3456,26.5951],[95.3073,26.5989],[95.2877,26.5892],[95.2737,26.5672],[95.2285,26.5743],[95.1719,26.5466],[95.1518,26.5444],[95.1384,26.53],[95.128,26.5385],[95.1005,26.5322],[95.0753,26.5363],[95.0786,26.524],[95.0576,26.5145],[95.0493,26.5279],[95.0342,26.511],[95.0008,26.5011],[94.9889,26.4883],[94.9413,26.4864],[94.9317,26.493],[94.916,26.478],[94.8979,26.4884],[94.8926,26.4817],[94.9032,26.4613],[94.8989,26.4384],[94.8757,26.4363],[94.8567,26.4195],[94.8095,26.4111],[94.8009,26.4157],[94.7675,26.368],[94.7241,26.3488],[94.7097,26.355],[94.6955,26.3441],[94.6604,26.3601],[94.6376,26.3314],[94.631,26.3349],[94.5994,26.318],[94.5965,26.3059],[94.5674,26.2905],[94.5463,26.2568],[94.5247,26.2855],[94.4942,26.2983],[94.453,26.2904],[94.4281,26.3047],[94.4121,26.2868],[94.378,26.2843],[94.3594,26.2688],[94.3248,26.2758],[94.315,26.2954],[94.3006,26.2946],[94.2865,26.2739],[94.249,26.2956],[94.2383,26.3509],[94.2491,26.3638],[94.2833,26.3614],[94.3066,26.3742],[94.3138,26.3898],[94.3801,26.4566],[94.3821,26.4679],[94.3713,26.4672],[94.3427,26.4238],[94.3129,26.3958],[94.2966,26.3885],[94.2864,26.3986],[94.2982,26.413],[94.2973,26.4318],[94.3131,26.4459],[94.3263,26.4749],[94.3521,26.4646],[94.3592,26.4705],[94.3552,26.5012],[94.4092,26.5316],[94.4033,26.5589],[94.443,26.618],[94.4814,26.6281],[94.4888,26.6666],[94.4999,26.679],[94.5529,26.7131],[94.5674,26.7019],[94.5635,26.6751],[94.579,26.6806],[94.627,26.7092],[94.6398,26.729],[94.6983,26.7344],[94.7317,26.7534],[94.7396,26.7692],[94.7599,26.7834],[94.8032,26.7655],[94.8111,26.7813],[94.8031,26.8055],[94.8093,26.8222],[94.8691,26.897],[94.8874,26.8892],[94.8602,26.8564],[94.8755,26.8297],[94.864,26.8243],[94.8603,26.809],[94.8994,26.8032],[94.9117,26.8156],[94.9114,26.8372],[94.9634,26.8763],[94.9561,26.8908],[94.963,26.904],[95.0058,26.9132],[95.0137,26.9255],[95.0303,26.9295],[95.0463,26.919],[95.0613,26.885],[95.0465,26.8822],[95.0178,26.8574],[95.002,26.8654],[94.9989,26.8539],[95.0328,26.8507],[95.0432,26.8272],[95.0574,26.8302],[95.0573,26.8408],[95.0733,26.8484],[95.0783,26.8661],[95.0993,26.8765],[95.1031,26.9157],[95.1418,26.9265],[95.1542,26.9853],[95.1675,27.0017],[95.2081,27.0083],[95.2142,27.0237],[95.2907,27.0717],[95.2952,27.0622],[95.3622,27.0931],[95.3791,27.0871],[95.4135,27.1114],[95.4438,27.0918],[95.4634,27.1083],[95.4866,27.1111],[95.4715,27.1228],[95.4698,27.1481],[95.4857,27.177],[95.4984,27.1852],[95.5105,27.2146],[95.5391,27.2401],[95.5853,27.257],[95.6155,27.2444],[95.5968,27.236],[95.6412,27.2301],[95.664,27.259],[95.6997,27.2533],[95.7439,27.2884],[95.765,27.2764],[95.7929,27.2819],[95.7983,27.2655],[95.81,27.296],[95.8619,27.3071],[95.8686,27.2897],[95.882,27.2989],[95.8844,27.3192],[95.9111,27.3328],[95.9204,27.3517],[95.9371,27.3557],[95.9535,27.3529],[95.9655,27.3407],[95.9909,27.2718],[96.0107,27.2826],[96.0307,27.2822],[96.0512,27.3025],[96.042,27.3501],[96.0243,27.3543],[96.0151,27.3823],[96.0206,27.4067],[96.0452,27.4015],[96.0764,27.4283],[96.1087,27.4314],[96.1238,27.4026],[96.1127,27.3804],[96.1028,27.3773],[96.1029,27.3644],[96.1152,27.3582],[96.1431,27.3722],[96.1591,27.3715],[96.1989,27.4086],[96.2225,27.4149],[96.2259,27.4211],[96.2089,27.4238],[96.1871,27.4441],[96.1843,27.4607],[96.2186,27.4991],[96.2156,27.5113],[96.1908,27.5306],[96.1795,27.5516],[96.1386,27.5736],[96.1061,27.5811],[96.0909,27.6],[96.0901,27.6133],[96.1671,27.6088],[96.1597,27.63],[96.2029,27.6399],[96.2694,27.6043],[96.3095,27.5666],[96.3155,27.5557],[96.3096,27.5264],[96.2903,27.5176],[96.3043,27.5081],[96.3592,27.5046],[96.3551,27.5178],[96.3916,27.5186]]]}},{"type":"Feature","properties":{"name":"Pir Panjal Range","kind":"mountain range","wikidata":"Q2352081","area_km2":26364,"source":"GMBA Mountain Inventory v2.0 (CC BY 4.0)"},"geometry":{"type":"Polygon","coordinates":[[[74.0812,34.4769],[74.0789,34.466],[74.1309,34.4646],[74.1522,34.446],[74.1746,34.4612],[74.1902,34.4585],[74.2074,34.4227],[74.2074,34.4071],[74.195,34.3956],[74.2257,34.3806],[74.2308,34.3254],[74.2464,34.3074],[74.274,34.2984],[74.2934,34.2739],[74.3328,34.2668],[74.3568,34.2472],[74.3673,34.2189],[74.3572,34.2043],[74.3742,34.213],[74.398,34.2088],[74.4157,34.1675],[74.4052,34.157],[74.3826,34.1592],[74.3756,34.1395],[74.3935,34.1305],[74.4235,34.1488],[74.4405,34.1461],[74.4306,34.1323],[74.4383,34.1212],[74.4332,34.1036],[74.4413,34.0746],[74.469,34.0635],[74.5088,34.0615],[74.5272,34.0482],[74.5334,34.0223],[74.5549,34.0143],[74.5519,33.9958],[74.6101,33.917],[74.6067,33.9104],[74.6208,33.9033],[74.6274,33.9275],[74.6484,33.9384],[74.664,33.9218],[74.6737,33.9302],[74.7191,33.9384],[74.7291,33.9183],[74.7487,33.9136],[74.7555,33.8828],[74.7863,33.8564],[74.7704,33.8345],[74.7551,33.8273],[74.7617,33.8158],[74.7936,33.8259],[74.8117,33.8236],[74.8236,33.8036],[74.8243,33.786],[74.8029,33.7547],[74.7937,33.7561],[74.7834,33.7797],[74.7639,33.7821],[74.7551,33.7714],[74.8071,33.7317],[74.8092,33.7049],[74.7978,33.6995],[74.8005,33.6708],[74.8212,33.6654],[74.8496,33.6274],[74.9114,33.607],[74.9209,33.6074],[74.9306,33.6326],[74.979,33.626],[74.9944,33.6378],[75.0141,33.6323],[75.0211,33.6215],[75.0749,33.6248],[75.0905,33.6143],[75.0839,33.6342],[75.1264,33.6131],[75.1331,33.5989],[75.2426,33.5497],[75.2133,33.5885],[75.2201,33.6055],[75.2414,33.6112],[75.3003,33.5947],[75.2633,33.622],[75.2503,33.6218],[75.247,33.6302],[75.2584,33.6329],[75.3363,33.5779],[75.3504,33.5785],[75.3618,33.5692],[75.3737,33.573],[75.3811,33.5942],[75.4056,33.6092],[75.4242,33.6069],[75.4509,33.5759],[75.5503,33.5098],[75.5843,33.4739],[75.6256,33.4116],[75.6437,33.4003],[75.6666,33.4036],[75.6937,33.3957],[75.7129,33.3847],[75.7297,33.3617],[75.7402,33.361],[75.7482,33.3714],[75.7438,33.3795],[75.7649,33.3883],[75.807,33.3623],[75.8409,33.3571],[75.852,33.3631],[75.8946,33.3488],[75.9231,33.3505],[75.9978,33.3211],[76.0427,33.328],[76.1052,33.2947],[76.1404,33.2657],[76.1645,33.2707],[76.183,33.2651],[76.2036,33.2223],[76.2468,33.1864],[76.2491,33.1671],[76.2802,33.153],[76.3092,33.1258],[76.3446,33.1238],[76.3481,33.1101],[76.435,33.0315],[76.4345,32.9632],[76.4601,32.9356],[76.4615,32.9124],[76.4593,32.8779],[76.4274,32.8356],[76.4267,32.8003],[76.4421,32.7786],[76.4775,32.7451],[76.5191,32.7592],[76.5627,32.7487],[76.5968,32.7614],[76.6342,32.73],[76.651,32.728],[76.7217,32.6633],[76.801,32.653],[76.9421,32.5931],[76.9748,32.5542],[76.9696,32.5321],[76.9902,32.5076],[77.0343,32.503],[77.053,32.4863],[77.1162,32.4793],[77.1509,32.4554],[77.148,32.4474],[77.1626,32.444],[77.1717,32.4131],[77.169,32.3935],[77.1419,32.3816],[77.1279,32.3571],[77.152,32.329],[77.1089,32.3203],[77.0441,32.33],[77.0309,32.3254],[76.9863,32.3507],[76.9364,32.3487],[76.927,32.356],[76.9089,32.3447],[76.8985,32.3502],[76.838,32.3405],[76.8056,32.3467],[76.7822,32.3364],[76.7406,32.3009],[76.7255,32.2945],[76.7067,32.3021],[76.6789,32.2785],[76.5926,32.305],[76.534,32.3449],[76.5131,32.3763],[76.4913,32.3871],[76.484,32.4387],[76.4422,32.47],[76.3377,32.4487],[76.3218,32.4822],[76.3139,32.4842],[76.3022,32.4752],[76.2853,32.4839],[76.238,32.4697],[76.1932,32.4753],[76.1673,32.4991],[76.1654,32.5157],[76.133,32.5329],[76.1284,32.5488],[76.101,32.5284],[76.0697,32.5384],[75.9922,32.5659],[75.983,32.585],[75.9692,32.593],[75.9476,32.5877],[75.9184,32.6175],[75.8975,32.593],[75.8771,32.5879],[75.8822,32.5736],[75.8676,32.5639],[75.8736,32.5485],[75.8582,32.5394],[75.8457,32.5415],[75.8121,32.585],[75.7447,32.6259],[75.719,32.6267],[75.6848,32.6626],[75.5863,32.6738],[75.5304,32.6985],[75.4923,32.7415],[75.431,32.7327],[75.3498,32.7602],[75.3234,32.7842],[75.3123,32.7783],[75.2972,32.7961],[75.2612,32.7884],[75.2524,32.8232],[75.2207,32.8332],[75.2216,32.843],[75.199,32.8479],[75.1962,32.8575],[75.1768,32.8646],[75.1784,32.8778],[75.1566,32.9153],[75.1381,32.9193],[75.1114,32.9453],[75.053,32.9435],[75.0275,32.9577],[75.0145,32.9561],[75.0003,32.9722],[74.951,32.9989],[74.9166,32.9907],[74.9047,33.0181],[74.8911,33.0248],[74.848,33.0289],[74.8353,33.0394],[74.8488,33.0737],[74.8353,33.0932],[74.8209,33.0917],[74.8041,33.105],[74.7791,33.0577],[74.7583,33.0552],[74.7404,33.0681],[74.7248,33.0665],[74.7228,33.054],[74.6999,33.0624],[74.6833,33.0574],[74.6734,33.103],[74.6232,33.11],[74.6059,33.1023],[74.5674,33.1268],[74.5591,33.1401],[74.551,33.1251],[74.5559,33.1163],[74.5452,33.1034],[74.5206,33.1014],[74.5119,33.1092],[74.5041,33.0934],[74.484,33.0844],[74.4707,33.0822],[74.4165,33.1015],[74.4094,33.1231],[74.4138,33.1393],[74.4452,33.1559],[74.4446,33.1633],[74.4166,33.1655],[74.4001,33.1883],[74.3885,33.179],[74.3916,33.1707],[74.3724,33.1773],[74.3179,33.2236],[74.2999,33.2258],[74.283,33.2156],[74.2794,33.2317],[74.262,33.2344],[74.2594,33.2413],[74.2779,33.2621],[74.2737,33.2697],[74.2819,33.2801],[74.2702,33.2943],[74.2264,33.2906],[74.2026,33.2989],[74.1343,33.351],[74.1002,33.3447],[74.0666,33.3561],[74.0502,33.3686],[74.0461,33.3831],[74.0145,33.379],[74.0079,33.407],[73.9952,33.3989],[73.984,33.4075],[73.9801,33.4344],[73.9495,33.4515],[73.9414,33.4651],[73.8988,33.4717],[73.8817,33.4854],[73.8842,33.4941],[73.8646,33.5214],[73.8558,33.5168],[73.8468,33.5254],[73.8726,33.5807],[73.8732,33.6222],[73.8551,33.6489],[73.8321,33.6552],[73.8026,33.716],[73.7717,33.73],[73.7447,33.7779],[73.7407,33.8029],[73.6936,33.81],[73.6839,33.8033],[73.6705,33.8309],[73.6593,33.8367],[73.6823,33.8467],[73.6406,33.928],[73.6164,33.9542],[73.6093,33.9526],[73.6135,33.9446],[73.5797,33.9114],[73.5447,33.9446],[73.5343,33.978],[73.5155,34.0029],[73.5093,34.053],[73.4988,34.0738],[73.4886,34.1833],[73.494,34.214],[73.4719,34.2593],[73.4859,34.2755],[73.477,34.2894],[73.4813,34.3092],[73.4666,34.3386],[73.4446,34.3384],[73.4448,34.3437],[73.4724,34.3605],[73.4614,34.3844],[73.4822,34.3962],[73.4739,34.4104],[73.4893,34.414],[73.4843,34.4324],[73.5155,34.453],[73.5548,34.4489],[73.5832,34.4619],[73.6249,34.4424],[73.668,34.4467],[73.6913,34.435],[73.7176,34.4072],[73.7199,34.388],[73.7326,34.378],[73.7828,34.3889],[73.7922,34.3849],[73.7954,34.3698],[73.8115,34.3716],[73.8529,34.3989],[73.8936,34.405],[73.9203,34.3991],[73.9686,34.4129],[73.9886,34.4258],[73.9962,34.4527],[74.0727,34.48],[74.0812,34.4769]]]}},{"type":"Feature","properties":{"name":"Pothigai","kind":"mountain range","wikidata":"Q12986765","area_km2":2763,"source":"GMBA Mountain Inventory v2.0 (CC BY 4.0)"},"geometry":{"type":"MultiPolygon","coordinates":[[[[77.0188,9.1039],[77.0226,9.098],[77.0481,9.0983],[77.0488,9.0865],[77.0747,9.1166],[77.1092,9.0967],[77.1566,9.0872],[77.1706,9.0643],[77.2249,9.0353],[77.2185,9.0156],[77.1801,9.0157],[77.18,9.0093],[77.1913,8.9909],[77.2175,8.9781],[77.2239,8.9587],[77.2413,8.9409],[77.2742,8.9383],[77.3343,8.8729],[77.324,8.8502],[77.3231,8.8083],[77.3114,8.797],[77.3611,8.7576],[77.3683,8.7124],[77.4071,8.6885],[77.4108,8.6669],[77.3926,8.6494],[77.406,8.6308],[77.4204,8.6519],[77.4456,8.6582],[77.4661,8.6329],[77.4959,8.6148],[77.5217,8.6194],[77.5252,8.6371],[77.5361,8.6423],[77.5363,8.6654],[77.5535,8.6674],[77.5734,8.6475],[77.5751,8.6324],[77.5572,8.6238],[77.5516,8.6051],[77.555,8.58],[77.5655,8.5699],[77.5574,8.5489],[77.5052,8.5541],[77.5114,8.5174],[77.5509,8.4739],[77.5551,8.4575],[77.5301,8.4365],[77.5592,8.4075],[77.5435,8.3574],[77.5484,8.3383],[77.5375,8.3248],[77.5655,8.2851],[77.5487,8.259],[77.5199,8.2595],[77.5036,8.2463],[77.4867,8.2531],[77.467,8.2405],[77.4579,8.2438],[77.4489,8.2557],[77.4548,8.2709],[77.4508,8.2999],[77.4612,8.3049],[77.4614,8.3154],[77.4485,8.3259],[77.4296,8.3161],[77.418,8.3272],[77.4188,8.3406],[77.4071,8.3551],[77.4102,8.3877],[77.3955,8.3988],[77.3865,8.3951],[77.3865,8.3784],[77.3654,8.3733],[77.3607,8.3543],[77.3074,8.3736],[77.2947,8.4048],[77.2987,8.4174],[77.3154,8.4302],[77.328,8.4299],[77.3221,8.4459],[77.3426,8.439],[77.3261,8.4521],[77.3177,8.4884],[77.2682,8.4506],[77.2327,8.4426],[77.1942,8.4604],[77.1727,8.5526],[77.1544,8.5551],[77.1386,8.574],[77.1738,8.6215],[77.1545,8.6488],[77.1319,8.6343],[77.1194,8.6429],[77.103,8.6694],[77.1238,8.6964],[77.0898,8.7056],[77.0779,8.7198],[77.0695,8.7365],[77.0699,8.7692],[77.049,8.7733],[77.0455,8.7935],[77.0573,8.7948],[77.0727,8.8107],[77.0697,8.8246],[77.0819,8.8285],[77.0885,8.8467],[77.0937,8.8624],[77.0801,8.8941],[77.0931,8.9026],[77.1218,8.897],[77.1135,8.9072],[77.1225,8.9072],[77.128,8.924],[77.0661,8.9502],[76.9976,8.9933],[76.9761,9.0263],[76.9901,9.0435],[76.9789,9.0828],[76.9889,9.1077],[77.0121,9.1257],[77.0188,9.1039]]],[[[77.5384,8.1718],[77.522,8.172],[77.5161,8.1948],[77.4886,8.2081],[77.5057,8.2395],[77.5316,8.2452],[77.5507,8.2367],[77.5595,8.1885],[77.5526,8.174],[77.5384,8.1718]]],[[[77.3904,8.1927],[77.3762,8.1929],[77.3686,8.2333],[77.3198,8.2588],[77.335,8.2953],[77.3239,8.319],[77.3274,8.3317],[77.3689,8.3467],[77.3765,8.3438],[77.3757,8.3348],[77.418,8.308],[77.4404,8.2686],[77.426,8.2543],[77.4221,8.2225],[77.3904,8.1927]]]]}},{"type":"Feature","properties":{"name":"Putka-Devpahari Range","kind":"mountain range","wikidata":null,"area_km2":987,"source":"GMBA Mountain Inventory v2.0 (CC BY 4.0)"},"geometry":{"type":"Polygon","coordinates":[[[83.1228,22.7582],[83.133,22.7626],[83.177,22.7374],[83.1844,22.7098],[83.1966,22.7059],[83.1899,22.674],[83.1783,22.6735],[83.1636,22.6967],[83.1489,22.6848],[83.16,22.6688],[83.1556,22.6605],[83.1681,22.643],[83.1801,22.6392],[83.1693,22.6093],[83.1186,22.6286],[83.089,22.6155],[83.0692,22.6333],[83.0535,22.6228],[83.0291,22.5748],[83.0158,22.5706],[83.0149,22.5455],[83.0249,22.529],[83.0214,22.513],[82.9808,22.4931],[82.9904,22.4667],[82.9506,22.4153],[82.9232,22.4078],[82.8859,22.4156],[82.8684,22.429],[82.8569,22.4647],[82.8362,22.4837],[82.8235,22.4877],[82.796,22.4695],[82.7548,22.4761],[82.7449,22.4901],[82.7214,22.4991],[82.7083,22.536],[82.6938,22.5301],[82.6905,22.5699],[82.6799,22.5749],[82.6897,22.6131],[82.72,22.61],[82.7198,22.6273],[82.7359,22.6303],[82.7543,22.655],[82.7663,22.6468],[82.7873,22.655],[82.8054,22.6412],[82.831,22.6363],[82.8453,22.6209],[82.8582,22.6277],[82.8778,22.6102],[82.8889,22.5843],[82.9051,22.5942],[82.8948,22.6076],[82.9019,22.6211],[82.8952,22.6273],[82.9424,22.65],[82.936,22.6838],[82.9011,22.686],[82.8933,22.6943],[82.9087,22.7006],[82.9073,22.7409],[82.9199,22.7597],[82.9501,22.7667],[82.9595,22.7842],[82.9761,22.764],[82.9783,22.7457],[82.9752,22.7337],[82.9489,22.7285],[82.9623,22.7111],[82.9977,22.7085],[83.0075,22.7276],[83.0386,22.7384],[83.0436,22.7278],[83.0662,22.7233],[83.0701,22.7026],[83.0805,22.703],[83.0878,22.7108],[83.0822,22.7327],[83.0682,22.7456],[83.0842,22.7642],[83.1228,22.7582]]]}},{"type":"Feature","properties":{"name":"Rajmahal Hills","kind":"mountain range","wikidata":"Q3418009","area_km2":57,"source":"GMBA Mountain Inventory v2.0 (CC BY 4.0)"},"geometry":{"type":"Polygon","coordinates":[[[87.5175,24.6635],[87.5043,24.6312],[87.4887,24.6243],[87.4829,24.5724],[87.4561,24.5603],[87.437,24.5646],[87.4352,24.5883],[87.4219,24.6054],[87.4402,24.6109],[87.4629,24.6526],[87.503,24.663],[87.5068,24.6717],[87.5175,24.6635]]]}},{"type":"Feature","properties":{"name":"Rimo Muztagh","kind":"mountain range","wikidata":"Q1125851","area_km2":2288,"source":"GMBA Mountain Inventory v2.0 (CC BY 4.0)"},"geometry":{"type":"Polygon","coordinates":[[[77.1895,35.4936],[77.2129,35.4928],[77.2257,35.478],[77.2672,35.4614],[77.3129,35.4719],[77.3617,35.4625],[77.3855,35.4419],[77.4098,35.4592],[77.426,35.4572],[77.4428,35.4423],[77.465,35.4421],[77.4939,35.4475],[77.5007,35.4613],[77.5271,35.4623],[77.5423,35.4407],[77.6062,35.4124],[77.6117,35.3842],[77.6465,35.3325],[77.6681,35.3171],[77.6856,35.3217],[77.7176,35.3155],[77.7426,35.3011],[77.7426,35.2363],[77.7051,35.1784],[77.7202,35.1414],[77.7297,35.1364],[77.7478,35.1422],[77.7634,35.1344],[77.7645,35.1082],[77.7306,35.0957],[77.7173,35.0802],[77.6245,35.0493],[77.6079,35.0301],[77.587,35.0227],[77.5015,34.9012],[77.4749,34.8936],[77.4379,34.9556],[77.4069,34.9618],[77.3843,34.9786],[77.3885,34.9863],[77.3802,35.003],[77.3458,35.0438],[77.3421,35.0595],[77.2546,35.1119],[77.2286,35.1432],[77.213,35.1916],[77.1729,35.2239],[77.1702,35.2487],[77.203,35.2813],[77.183,35.3656],[77.1441,35.4045],[77.1147,35.4196],[77.0659,35.4756],[77.0494,35.4782],[77.0457,35.4901],[77.0239,35.4977],[77.087,35.4946],[77.1286,35.4829],[77.1876,35.4876],[77.1895,35.4936]]]}},{"type":"Feature","properties":{"name":"Rohtas Plateau","kind":"mountain range","wikidata":"Q7359843","area_km2":461,"source":"GMBA Mountain Inventory v2.0 (CC BY 4.0)"},"geometry":{"type":"MultiPolygon","coordinates":[[[[83.9988,24.6843],[83.9825,24.6555],[83.9557,24.6667],[83.9447,24.6614],[83.953,24.6479],[83.9535,24.62],[83.9103,24.5913],[83.8827,24.5862],[83.8498,24.5994],[83.7648,24.5666],[83.7437,24.5506],[83.726,24.551],[83.7068,24.5345],[83.6766,24.5338],[83.6578,24.5434],[83.6351,24.5259],[83.6143,24.5255],[83.5992,24.5356],[83.5826,24.5271],[83.5572,24.5336],[83.4704,24.526],[83.4416,24.5131],[83.402,24.5102],[83.3787,24.5184],[83.3699,24.5093],[83.3509,24.5113],[83.3406,24.5191],[83.32,24.5051],[83.3034,24.5078],[83.2813,24.4988],[83.2556,24.508],[83.2196,24.487],[83.1845,24.4967],[83.1228,24.4728],[83.0939,24.4762],[83.053,24.5286],[83.0589,24.5396],[83.0753,24.5451],[83.0817,24.5613],[83.1086,24.5589],[83.1298,24.5675],[83.1306,24.5576],[83.0991,24.5439],[83.0987,24.5073],[83.1117,24.4994],[83.1533,24.5231],[83.2006,24.5342],[83.2184,24.5265],[83.2297,24.5383],[83.2533,24.5413],[83.2873,24.5306],[83.2915,24.5437],[83.3237,24.5592],[83.3393,24.5471],[83.3565,24.5503],[83.3613,24.5405],[83.3984,24.5508],[83.4363,24.5404],[83.4781,24.5576],[83.4841,24.5707],[83.5096,24.5553],[83.5902,24.5655],[83.6215,24.5509],[83.6599,24.5809],[83.6753,24.5772],[83.6814,24.5613],[83.7001,24.5658],[83.7048,24.5754],[83.738,24.5781],[83.7642,24.5966],[83.7859,24.5927],[83.813,24.6112],[83.8342,24.6133],[83.8528,24.6544],[83.8729,24.6601],[83.8688,24.672],[83.8769,24.6946],[83.8883,24.6801],[83.9199,24.68],[83.9093,24.6869],[83.9137,24.6946],[83.9323,24.682],[83.932,24.6966],[83.9634,24.7111],[83.9868,24.7525],[84.0123,24.7738],[84.0145,24.7428],[83.9961,24.7084],[83.9988,24.6843]]],[[[83.9342,24.7739],[83.9198,24.7742],[83.948,24.7946],[83.9571,24.7911],[83.9342,24.7739]]]]}},{"type":"Feature","properties":{"name":"Saltoro Mountains","kind":"mountain range","wikidata":"Q1849107","area_km2":5518,"source":"GMBA Mountain Inventory v2.0 (CC BY 4.0)"},"geometry":{"type":"Polygon","coordinates":[[[76.8291,35.6332],[76.8616,35.624],[76.8691,35.6135],[76.8671,35.5924],[76.9256,35.5637],[76.9352,35.5456],[76.9267,35.5256],[76.9383,35.5261],[76.9426,35.518],[76.9135,35.4736],[76.9192,35.468],[76.961,35.5092],[76.9809,35.5006],[77.0127,35.4692],[77.0832,35.4298],[77.116,35.3936],[77.1424,35.3782],[77.1514,35.3617],[77.1689,35.3561],[77.1957,35.2769],[77.1702,35.2487],[77.1729,35.2239],[77.213,35.1916],[77.2286,35.1432],[77.2546,35.1119],[77.3421,35.0595],[77.3458,35.0438],[77.3802,35.003],[77.3885,34.9863],[77.3843,34.9786],[77.4069,34.9618],[77.4379,34.9556],[77.4845,34.874],[77.4903,34.8319],[77.5382,34.7539],[77.5323,34.7434],[77.5462,34.7277],[77.5532,34.6811],[77.5965,34.6052],[77.592,34.5952],[77.5774,34.5857],[77.5421,34.5881],[77.5049,34.6074],[77.4855,34.6067],[77.4445,34.6484],[77.3387,34.6812],[77.3132,34.6763],[77.2789,34.6955],[77.2489,34.6989],[77.1593,34.7739],[77.1161,34.7697],[77.1046,34.8105],[77.0893,34.8141],[77.0448,34.7987],[77.0234,34.805],[76.9785,34.7947],[76.976,34.8155],[76.9645,34.8214],[76.9407,34.8155],[76.9218,34.8322],[76.8968,34.8405],[76.8301,34.8509],[76.8153,34.8867],[76.7885,34.9076],[76.7947,34.9242],[76.7809,34.9384],[76.7559,34.9301],[76.7457,34.9371],[76.7034,34.9235],[76.5996,34.9371],[76.5959,34.9525],[76.538,34.9784],[76.5113,35.0154],[76.5051,35.0572],[76.4728,35.0915],[76.4676,35.1405],[76.4155,35.1862],[76.4051,35.214],[76.4113,35.2278],[76.4064,35.2462],[76.4227,35.2484],[76.4508,35.2156],[76.4884,35.2009],[76.5756,35.1947],[76.607,35.2153],[76.6203,35.2429],[76.6401,35.259],[76.6816,35.2734],[76.6947,35.2903],[76.6613,35.3488],[76.651,35.4072],[76.6405,35.4197],[76.6613,35.4404],[76.6412,35.4557],[76.6184,35.4963],[76.628,35.5153],[76.6155,35.553],[76.6119,35.6585],[76.6054,35.6681],[76.6103,35.6728],[76.6229,35.6709],[76.6684,35.6883],[76.6945,35.6777],[76.7091,35.6598],[76.7457,35.6541],[76.7995,35.6301],[76.8291,35.6332]]]}},{"type":"Feature","properties":{"name":"Saser Muztagh","kind":"mountain range","wikidata":"Q1674377","area_km2":4367,"source":"GMBA Mountain Inventory v2.0 (CC BY 4.0)"},"geometry":{"type":"Polygon","coordinates":[[[78.1624,34.7582],[78.1571,34.7154],[78.2066,34.6346],[78.1885,34.6077],[78.1905,34.5945],[78.2174,34.5722],[78.2154,34.553],[78.2314,34.5217],[78.226,34.4996],[78.2961,34.4599],[78.3052,34.4488],[78.301,34.4413],[78.3216,34.4346],[78.3345,34.397],[78.3083,34.3851],[78.2927,34.3673],[78.3162,34.341],[78.2809,34.2842],[78.2904,34.2663],[78.2844,34.2321],[78.2677,34.1996],[78.2726,34.1809],[78.2489,34.1592],[78.2288,34.1569],[78.2145,34.1332],[78.1948,34.128],[78.152,34.1769],[78.142,34.2151],[78.1133,34.224],[78.0915,34.2648],[78.0575,34.2809],[78.051,34.2988],[78.0093,34.3087],[78.019,34.3215],[78.014,34.33],[77.9872,34.3191],[77.9839,34.3055],[77.9687,34.3003],[77.9416,34.3049],[77.9236,34.3217],[77.9007,34.3113],[77.8721,34.3173],[77.7966,34.3573],[77.7926,34.3947],[77.7829,34.41],[77.7571,34.426],[77.757,34.4423],[77.7466,34.4553],[77.7237,34.4686],[77.7175,34.5094],[77.6885,34.5322],[77.6479,34.5348],[77.6197,34.5675],[77.6217,34.6129],[77.593,34.648],[77.5548,34.7483],[77.5363,34.7696],[77.5246,34.8001],[77.5127,34.8071],[77.5071,34.8019],[77.5053,34.8157],[77.4903,34.8319],[77.4902,34.8551],[77.4735,34.8904],[77.5015,34.9012],[77.587,35.0227],[77.6079,35.0301],[77.6245,35.0493],[77.7173,35.0802],[77.7306,35.0957],[77.7645,35.1082],[77.7757,35.0973],[77.7695,35.078],[77.7744,35.0681],[77.8842,34.9925],[77.9525,34.9665],[78.007,34.9679],[78.021,34.9601],[78.0535,34.9056],[78.08,34.8925],[78.1111,34.8905],[78.1386,34.8489],[78.1446,34.7904],[78.1624,34.7582]]]}},{"type":"Feature","properties":{"name":"Satmala Range","kind":"mountain range","wikidata":"Q24932181","area_km2":1963,"source":"GMBA Mountain Inventory v2.0 (CC BY 4.0)"},"geometry":{"type":"MultiPolygon","coordinates":[[[[74.4487,20.8425],[74.4703,20.8474],[74.488,20.8419],[74.4904,20.8279],[74.5078,20.8257],[74.5154,20.8082],[74.4957,20.7957],[74.4815,20.7967],[74.4638,20.8108],[74.4561,20.8063],[74.4355,20.8162],[74.4339,20.8445],[74.4487,20.8425]]],[[[74.1726,20.8763],[74.1931,20.8694],[74.2521,20.8745],[74.2623,20.8676],[74.2899,20.8753],[74.3141,20.8626],[74.3236,20.8675],[74.3467,20.8598],[74.3473,20.8301],[74.3127,20.8247],[74.2914,20.832],[74.287,20.8228],[74.2658,20.83],[74.2718,20.8167],[74.2653,20.8111],[74.2373,20.8054],[74.2337,20.8199],[74.2126,20.8419],[74.1969,20.8445],[74.1918,20.8634],[74.1843,20.8635],[74.1785,20.8547],[74.1502,20.86],[74.1263,20.8441],[74.1225,20.8284],[74.1072,20.826],[74.1052,20.8051],[74.0972,20.8024],[74.0758,20.8087],[74.0649,20.8004],[74.0214,20.8175],[73.9976,20.8112],[73.9754,20.8217],[73.9647,20.8049],[73.9775,20.7964],[73.9831,20.7747],[73.9781,20.7593],[73.9676,20.7541],[73.9733,20.7509],[74.0236,20.7863],[74.0405,20.779],[74.0526,20.7852],[74.0947,20.7642],[74.0907,20.7263],[74.0739,20.6945],[74.0279,20.6863],[74.0139,20.6762],[74.0011,20.6448],[73.9804,20.6488],[73.9678,20.6367],[73.9652,20.6291],[73.9757,20.6241],[73.9621,20.605],[73.9354,20.5959],[73.8913,20.6133],[73.8933,20.6584],[73.8903,20.6709],[73.876,20.6778],[73.8843,20.7081],[73.8486,20.7064],[73.8557,20.6582],[73.851,20.649],[73.8614,20.6322],[73.8653,20.6011],[73.8835,20.5938],[73.8964,20.5644],[73.8515,20.542],[73.8094,20.5692],[73.8062,20.5819],[73.7886,20.5823],[73.7695,20.5686],[73.7656,20.5363],[73.7408,20.5405],[73.6885,20.5118],[73.7176,20.4892],[73.7127,20.4665],[73.7186,20.4578],[73.7062,20.4332],[73.6727,20.4475],[73.6468,20.4758],[73.6595,20.4928],[73.659,20.5149],[73.6844,20.5378],[73.6842,20.5508],[73.703,20.5633],[73.6989,20.5757],[73.7059,20.5952],[73.753,20.6165],[73.7447,20.6269],[73.7619,20.6425],[73.7707,20.632],[73.7987,20.6321],[73.8093,20.6422],[73.7818,20.6601],[73.7744,20.6789],[73.7787,20.6998],[73.7593,20.7196],[73.7758,20.753],[73.7894,20.7493],[73.8357,20.764],[73.899,20.7602],[73.9148,20.8586],[73.9258,20.867],[73.955,20.859],[73.9608,20.8707],[73.9924,20.878],[74.011,20.8683],[74.032,20.874],[74.0465,20.8593],[74.0522,20.8737],[74.0905,20.8685],[74.1295,20.8819],[74.1402,20.8747],[74.1519,20.8904],[74.1669,20.888],[74.1726,20.8763]]],[[[74.0862,20.4803],[74.1312,20.477],[74.1342,20.4678],[74.1213,20.4442],[74.0823,20.42],[74.093,20.4016],[74.1013,20.3978],[74.1239,20.4029],[74.1264,20.4133],[74.156,20.4154],[74.1597,20.4033],[74.1785,20.3978],[74.2161,20.4154],[74.2297,20.4081],[74.2485,20.4148],[74.2696,20.3758],[74.2902,20.3686],[74.2838,20.3558],[74.2854,20.3138],[74.277,20.3061],[74.253,20.3097],[74.2426,20.3276],[74.2177,20.3405],[74.175,20.3449],[74.152,20.3661],[74.1363,20.3652],[74.1287,20.3737],[74.0918,20.3614],[74.0576,20.3675],[74.0377,20.3563],[74.0292,20.3609],[74.016,20.3462],[73.9835,20.3428],[73.9751,20.3522],[73.9149,20.3717],[73.9019,20.3646],[73.8898,20.3679],[73.8789,20.3944],[73.8254,20.4037],[73.819,20.4165],[73.7979,20.4114],[73.7785,20.4273],[73.7871,20.4493],[73.8071,20.4572],[73.82,20.4592],[73.8504,20.4322],[73.861,20.4565],[73.874,20.4615],[73.8833,20.453],[73.9153,20.4728],[73.9359,20.4706],[73.9468,20.4596],[73.9488,20.4485],[73.9285,20.4371],[73.9376,20.4189],[73.9849,20.4425],[73.9936,20.4235],[73.9878,20.4114],[74.0012,20.4207],[74.019,20.4155],[74.0219,20.431],[74.0862,20.4803]]],[[[74.2274,20.7224],[74.2269,20.7011],[74.2363,20.6877],[74.2118,20.6593],[74.1999,20.654],[74.1635,20.6628],[74.1659,20.6763],[74.178,20.6819],[74.1594,20.6942],[74.1664,20.7258],[74.1939,20.719],[74.2204,20.73],[74.2274,20.7224]]],[[[74.0433,20.6285],[74.067,20.62],[74.0698,20.5997],[74.0854,20.5796],[74.1414,20.5884],[74.1383,20.5485],[74.1103,20.5436],[74.0223,20.5659],[74.0149,20.5919],[73.9968,20.6076],[74.0194,20.6258],[74.0433,20.6285]]],[[[74.1372,21.2207],[74.1314,21.1954],[74.0781,21.17],[74.1009,21.1399],[74.0963,21.1334],[74.0787,21.1183],[74.0245,21.1191],[74.0191,21.0935],[74.0114,21.0892],[73.9965,21.1065],[73.9594,21.0684],[73.9681,21.0356],[73.9862,21.0371],[73.9879,21.0157],[73.9725,21.0162],[73.9624,21.0019],[73.9545,21.0034],[73.9473,21.0255],[73.9271,21.0292],[73.9179,21.0477],[73.9296,21.0578],[73.925,21.0839],[73.949,21.1144],[73.9792,21.1413],[73.9983,21.1398],[74.0034,21.163],[74.0508,21.1518],[74.0374,21.1879],[74.0891,21.21],[74.0962,21.2258],[74.1145,21.2197],[74.1335,21.2362],[74.1372,21.2207]]],[[[73.9655,20.5738],[73.9936,20.5636],[74.0051,20.5257],[73.9812,20.5082],[73.9528,20.5217],[73.9345,20.5126],[73.925,20.5159],[73.9197,20.5337],[73.9405,20.5366],[73.9176,20.5615],[73.9261,20.574],[73.9499,20.5808],[73.9655,20.5738]]],[[[73.7159,20.7325],[73.7124,20.7249],[73.7029,20.7258],[73.6802,20.745],[73.6948,20.7695],[73.7141,20.7465],[73.7159,20.7325]]],[[[73.6625,20.6217],[73.6696,20.5955],[73.6457,20.5707],[73.624,20.5717],[73.6088,20.5848],[73.5918,20.5883],[73.5853,20.5808],[73.5633,20.597],[73.5472,20.5964],[73.5278,20.6236],[73.4792,20.6452],[73.476,20.6541],[73.4814,20.6687],[73.4952,20.6749],[73.5299,20.6678],[73.5479,20.6521],[73.5758,20.6609],[73.6036,20.6345],[73.6445,20.6137],[73.655,20.6212],[73.6406,20.6571],[73.6634,20.6992],[73.6522,20.7042],[73.6635,20.7186],[73.68,20.7237],[73.704,20.7194],[73.7105,20.7118],[73.7023,20.6925],[73.6866,20.6789],[73.6657,20.6757],[73.6594,20.6499],[73.6727,20.6459],[73.6625,20.6217]]],[[[73.6031,20.7948],[73.6384,20.7528],[73.6404,20.726],[73.6161,20.7063],[73.6124,20.6915],[73.5981,20.6953],[73.5944,20.704],[73.5779,20.7003],[73.5592,20.7074],[73.5511,20.7297],[73.5737,20.7575],[73.5545,20.7596],[73.5558,20.7703],[73.5464,20.7677],[73.5556,20.7952],[73.5837,20.8027],[73.6031,20.7948]]],[[[73.3996,20.6255],[73.3883,20.6216],[73.3699,20.6337],[73.3687,20.6533],[73.3806,20.6757],[73.4005,20.68],[73.4082,20.6983],[73.4158,20.6992],[73.4383,20.6676],[73.4062,20.6472],[73.4085,20.6292],[73.3996,20.6255]]]]}},{"type":"Feature","properties":{"name":"Satpura Range","kind":"mountain range","wikidata":"Q1145416","area_km2":12064,"source":"GMBA Mountain Inventory v2.0 (CC BY 4.0)"},"geometry":{"type":"MultiPolygon","coordinates":[[[[83.747,22.8172],[83.7472,22.7926],[83.7634,22.8013],[83.7579,22.8118],[83.7699,22.8177],[83.7696,22.825],[83.7889,22.8236],[83.7881,22.804],[83.805,22.7606],[83.8163,22.7533],[83.8206,22.7262],[83.8095,22.6872],[83.7957,22.6811],[83.782,22.6821],[83.7568,22.7012],[83.76,22.7277],[83.7392,22.7485],[83.7236,22.7447],[83.7141,22.7594],[83.7177,22.7842],[83.6947,22.8018],[83.7289,22.8011],[83.7402,22.819],[83.7167,22.8249],[83.6991,22.8512],[83.7361,22.8675],[83.7509,22.8439],[83.7429,22.8288],[83.747,22.8172]]],[[[83.6008,22.7823],[83.5825,22.7841],[83.5836,22.8049],[83.6112,22.7923],[83.6008,22.7823]]],[[[83.5512,22.9053],[83.5647,22.9011],[83.5682,22.9164],[83.5754,22.9124],[83.5779,22.9001],[83.5603,22.8728],[83.5414,22.873],[83.5211,22.8922],[83.4971,22.9018],[83.497,22.9346],[83.5048,22.9425],[83.5274,22.9159],[83.5512,22.9053]]],[[[83.343,22.9653],[83.3496,22.9582],[83.3697,22.9658],[83.3761,22.9588],[83.4054,22.9561],[83.4362,22.9285],[83.4305,22.8868],[83.3956,22.8468],[83.3994,22.827],[83.4101,22.8197],[83.4253,22.8313],[83.4397,22.8245],[83.4588,22.8102],[83.4655,22.794],[83.4621,22.7845],[83.4093,22.7658],[83.4144,22.7467],[83.4054,22.7115],[83.3817,22.7175],[83.3722,22.7072],[83.341,22.7097],[83.3269,22.6989],[83.3106,22.7145],[83.2885,22.7208],[83.2988,22.7026],[83.2775,22.6669],[83.2815,22.6554],[83.2674,22.6525],[83.2285,22.6865],[83.2107,22.7386],[83.1826,22.7432],[83.1749,22.7315],[83.1822,22.728],[83.1844,22.7098],[83.1966,22.7059],[83.1899,22.674],[83.1783,22.6735],[83.1636,22.6967],[83.1489,22.6848],[83.16,22.6688],[83.1556,22.6605],[83.1681,22.643],[83.1801,22.6392],[83.1693,22.6093],[83.1186,22.6286],[83.089,22.6155],[83.0692,22.6333],[83.0535,22.6228],[83.0291,22.5748],[83.0158,22.5706],[83.0149,22.5455],[83.0249,22.529],[83.0214,22.513],[82.9808,22.4931],[82.9906,22.4737],[82.9837,22.4541],[82.9719,22.4503],[82.9697,22.434],[82.9506,22.4153],[82.9232,22.4078],[82.8859,22.4156],[82.8684,22.429],[82.8569,22.4647],[82.8362,22.4837],[82.8235,22.4877],[82.796,22.4695],[82.7548,22.4761],[82.7449,22.4901],[82.7214,22.4991],[82.7083,22.536],[82.6938,22.5301],[82.6905,22.5699],[82.6799,22.5749],[82.6897,22.6131],[82.72,22.61],[82.7198,22.6273],[82.7359,22.6303],[82.7462,22.6521],[82.7663,22.6468],[82.7873,22.655],[82.8054,22.6412],[82.831,22.6363],[82.8453,22.6209],[82.8582,22.6277],[82.8778,22.6102],[82.8889,22.5843],[82.901,22.5904],[82.9051,22.5942],[82.8948,22.6076],[82.9019,22.6211],[82.8952,22.6273],[82.9424,22.65],[82.936,22.6838],[82.9011,22.686],[82.8933,22.6943],[82.9087,22.7006],[82.9073,22.7409],[82.9245,22.7639],[82.9501,22.7667],[82.9595,22.7842],[82.9761,22.764],[82.9752,22.7337],[82.9489,22.7285],[82.9623,22.7111],[82.9977,22.7085],[83.0075,22.7276],[83.0386,22.7384],[83.0436,22.7278],[83.0662,22.7233],[83.0701,22.7026],[83.0805,22.703],[83.0878,22.7108],[83.0822,22.7327],[83.0682,22.7456],[83.0842,22.7642],[83.1169,22.7561],[83.1244,22.7627],[83.0965,22.8571],[83.1255,22.8693],[83.1287,22.8858],[83.1551,22.8944],[83.1581,22.9071],[83.1681,22.8937],[83.1617,22.8781],[83.1695,22.8778],[83.2068,22.9319],[83.2539,22.9312],[83.2949,22.9611],[83.3348,22.9706],[83.343,22.9653]]],[[[82.5134,22.5468],[82.4776,22.5594],[82.4241,22.5979],[82.4216,22.6221],[82.4031,22.6339],[82.4292,22.6695],[82.4754,22.6617],[82.4992,22.6306],[82.528,22.6196],[82.5401,22.6022],[82.5401,22.5724],[82.5134,22.5468]]],[[[82.3186,22.7019],[82.3549,22.7073],[82.3727,22.6932],[82.3816,22.6627],[82.366,22.6135],[82.3905,22.6137],[82.3925,22.5759],[82.4049,22.5821],[82.4212,22.5669],[82.4301,22.541],[82.401,22.5387],[82.4039,22.5262],[82.4176,22.5228],[82.4155,22.5008],[82.3932,22.4819],[82.3739,22.4488],[82.3409,22.4281],[82.3161,22.4279],[82.2885,22.4604],[82.2809,22.4565],[82.2572,22.4696],[82.2641,22.4833],[82.25,22.5091],[82.1994,22.5258],[82.1949,22.5441],[82.1821,22.5473],[82.1823,22.5612],[82.1534,22.555],[82.118,22.5772],[82.0851,22.5766],[82.0318,22.5431],[82.0168,22.5617],[81.9926,22.5653],[81.995,22.5861],[82.0146,22.5885],[82.0195,22.5987],[82.0575,22.593],[82.0653,22.6091],[82.0962,22.6216],[82.1554,22.6059],[82.2058,22.6095],[82.2185,22.6009],[82.2512,22.6167],[82.2989,22.5926],[82.3032,22.5456],[82.2964,22.5253],[82.3098,22.4686],[82.3572,22.4757],[82.3428,22.5037],[82.3424,22.5237],[82.3567,22.5285],[82.3719,22.5799],[82.3419,22.5888],[82.3339,22.6247],[82.3213,22.6288],[82.3115,22.6489],[82.3018,22.6439],[82.288,22.655],[82.2758,22.6487],[82.2708,22.6281],[82.2449,22.6276],[82.2468,22.6423],[82.2207,22.654],[82.2587,22.6712],[82.2622,22.6834],[82.2552,22.6945],[82.2786,22.6975],[82.2983,22.6823],[82.3186,22.7019]]],[[[82.3186,22.7019],[82.3043,22.7005],[82.2989,22.7017],[82.3195,22.7145],[82.3259,22.7118],[82.3186,22.7019]]],[[[82.1373,22.4562],[82.0823,22.4861],[82.076,22.5077],[82.1234,22.5404],[82.1361,22.5201],[82.1478,22.4699],[82.1373,22.4562]]],[[[82.0843,22.4346],[82.0932,22.4271],[82.1277,22.4301],[82.132,22.42],[82.1103,22.3999],[82.0897,22.4046],[82.0843,22.4346]]],[[[82.1182,22.4483],[82.0949,22.4452],[82.0945,22.4508],[82.1064,22.455],[82.1182,22.4483]]],[[[81.987,22.4385],[82.0132,22.4396],[82.0103,22.4049],[81.9669,22.3985],[81.9561,22.3874],[81.9394,22.3891],[81.9333,22.398],[81.9364,22.4203],[81.9647,22.4696],[81.9924,22.454],[81.987,22.4385]]],[[[81.6698,23.0342],[81.705,22.9742],[81.7198,22.932],[81.7345,22.9321],[81.8,22.8954],[81.8005,22.848],[81.7905,22.8318],[81.8031,22.8198],[81.8271,22.7609],[81.8194,22.7419],[81.8007,22.7362],[81.8134,22.7064],[81.7928,22.6813],[81.7924,22.6484],[81.7696,22.6233],[81.7397,22.6239],[81.7326,22.6363],[81.7252,22.6166],[81.7042,22.6076],[81.6918,22.616],[81.6788,22.6108],[81.6883,22.5466],[81.6737,22.537],[81.6741,22.5163],[81.6529,22.4862],[81.6131,22.4883],[81.5693,22.5092],[81.5614,22.4925],[81.578,22.4923],[81.5706,22.4744],[81.5346,22.472],[81.5286,22.4426],[81.5099,22.4508],[81.5072,22.434],[81.4907,22.4176],[81.4602,22.4093],[81.4465,22.4175],[81.4074,22.4026],[81.3238,22.4187],[81.2902,22.4028],[81.26,22.4028],[81.2099,22.358],[81.1434,22.3332],[81.1385,22.3279],[81.1657,22.3133],[81.1697,22.2922],[81.1536,22.2543],[81.1615,22.2468],[81.1615,22.228],[81.1101,22.1955],[81.1161,22.1807],[81.0989,22.1604],[81.1176,22.1125],[81.1066,22.0981],[81.0805,22.0851],[81.0749,22.0603],[81.057,22.0739],[81.0634,22.1089],[81.0897,22.1437],[81.076,22.1568],[81.0719,22.2056],[81.0782,22.2178],[81.1322,22.257],[81.1385,22.2761],[81.1325,22.3272],[81.139,22.3462],[81.1622,22.3857],[81.1906,22.3927],[81.2219,22.4448],[81.2574,22.4675],[81.2723,22.4575],[81.3044,22.4863],[81.3269,22.4739],[81.3301,22.4969],[81.3584,22.5115],[81.3835,22.5041],[81.4001,22.4468],[81.4192,22.4545],[81.4242,22.4724],[81.4504,22.473],[81.4693,22.487],[81.4907,22.5261],[81.5238,22.553],[81.5361,22.555],[81.5579,22.5405],[81.5866,22.5571],[81.6115,22.5426],[81.6239,22.5657],[81.6416,22.5716],[81.6494,22.5849],[81.6447,22.6095],[81.651,22.6241],[81.6924,22.6459],[81.7215,22.6811],[81.7341,22.6842],[81.7597,22.6634],[81.7676,22.6774],[81.7537,22.7157],[81.7594,22.7522],[81.7705,22.7688],[81.7655,22.7968],[81.7759,22.8026],[81.758,22.8286],[81.7615,22.8664],[81.7542,22.8771],[81.7361,22.8801],[81.7119,22.9065],[81.69,22.9031],[81.6628,22.9581],[81.6665,22.9653],[81.6323,22.9844],[81.6177,22.9841],[81.5885,23.0075],[81.5973,23.0247],[81.6262,23.0155],[81.6344,23.0197],[81.6341,23.0332],[81.6519,23.0419],[81.6698,23.0342]]],[[[81.5615,23.082],[81.5542,23.0664],[81.5582,23.0515],[81.5436,23.0269],[81.5119,23.0367],[81.5058,23.0499],[81.4387,23.0343],[81.4254,23.0452],[81.3954,23.047],[81.3673,23.0704],[81.3722,23.0934],[81.3867,23.0903],[81.394,23.076],[81.4102,23.0842],[81.4382,23.0777],[81.4518,23.0882],[81.4823,23.0904],[81.5158,23.1067],[81.5518,23.0967],[81.5615,23.082]]],[[[81.2721,23.2213],[81.2788,23.2011],[81.3122,23.1877],[81.3155,23.1735],[81.3367,23.1675],[81.3482,23.1481],[81.358,23.1094],[81.352,23.0853],[81.3274,23.0858],[81.2915,23.0995],[81.2843,23.1234],[81.2966,23.1427],[81.284,23.1529],[81.2706,23.1307],[81.2517,23.128],[81.2155,23.151],[81.204,23.1429],[81.1955,23.1475],[81.1927,23.1583],[81.2092,23.1539],[81.2117,23.1775],[81.2295,23.162],[81.2418,23.1758],[81.2607,23.1809],[81.2239,23.2231],[81.2661,23.2279],[81.2721,23.2213]]],[[[80.918,23.321],[80.9417,23.3106],[80.9744,23.3196],[80.9856,23.3075],[80.9974,23.2584],[81.0569,23.2533],[81.0742,23.238],[81.0852,23.2073],[81.0985,23.212],[81.1405,23.1892],[81.1328,23.178],[81.1519,23.156],[81.1733,23.1535],[81.1944,23.1373],[81.2113,23.11],[81.2053,23.0919],[81.1895,23.0811],[81.1749,23.0824],[81.1026,23.1283],[81.0712,23.1287],[81.0532,23.1439],[81.0424,23.1825],[81.0209,23.1817],[81.0014,23.1697],[80.9859,23.1816],[80.973,23.2313],[80.962,23.2421],[80.9676,23.2532],[80.9525,23.2565],[80.9358,23.28],[80.8933,23.2572],[80.8827,23.2645],[80.8823,23.2886],[80.9045,23.3168],[80.918,23.321]]],[[[81.0781,21.9717],[81.0666,21.9582],[81.0599,21.9602],[81.0567,21.9808],[81.0709,22.0216],[81.0904,22.0096],[81.0915,21.9955],[81.0781,21.9717]]],[[[80.8154,21.4703],[80.8129,21.4552],[80.8003,21.4654],[80.7844,21.4471],[80.7948,21.4778],[80.8006,21.4814],[80.8154,21.4703]]],[[[80.7023,21.5558],[80.7173,21.5513],[80.7187,21.5269],[80.7033,21.5192],[80.6958,21.5248],[80.6862,21.5135],[80.6787,21.4725],[80.6575,21.4568],[80.6464,21.4304],[80.6355,21.4273],[80.627,21.4124],[80.6101,21.4181],[80.6016,21.4295],[80.6183,21.4816],[80.6499,21.5008],[80.6482,21.5128],[80.6698,21.5162],[80.6858,21.5293],[80.689,21.5505],[80.7023,21.5558]]],[[[80.3405,21.8154],[80.3452,21.8093],[80.3657,21.8177],[80.3836,21.8202],[80.394,21.8134],[80.4243,21.8217],[80.4413,21.7995],[80.4765,21.8196],[80.5033,21.8175],[80.5099,21.7918],[80.4926,21.7534],[80.5157,21.7507],[80.4923,21.6979],[80.4987,21.6656],[80.51,21.6469],[80.5272,21.6445],[80.5491,21.6215],[80.5685,21.6216],[80.5784,21.5822],[80.5941,21.5905],[80.6054,21.6325],[80.622,21.6512],[80.6304,21.6508],[80.6299,21.6374],[80.6429,21.6226],[80.6403,21.5711],[80.6207,21.5457],[80.5964,21.5529],[80.5734,21.5489],[80.5553,21.5638],[80.5508,21.5844],[80.532,21.5886],[80.5234,21.6071],[80.5087,21.6009],[80.479,21.6186],[80.4618,21.648],[80.4576,21.7093],[80.4827,21.7657],[80.4751,21.7654],[80.466,21.7432],[80.4433,21.7369],[80.4359,21.7408],[80.4365,21.7552],[80.4064,21.7491],[80.3857,21.7618],[80.3822,21.7751],[80.3901,21.7865],[80.2959,21.7801],[80.2885,21.8065],[80.3011,21.824],[80.301,21.8386],[80.3409,21.8592],[80.3499,21.8545],[80.3467,21.8424],[80.3301,21.8347],[80.3405,21.8154]]],[[[78.8967,22.7549],[78.9136,22.7403],[78.9259,22.707],[78.8985,22.6905],[78.8695,22.6988],[78.8635,22.6508],[78.8301,22.5839],[78.8447,22.5501],[78.8263,22.5038],[78.8114,22.4935],[78.8262,22.4801],[78.8469,22.4842],[78.8533,22.4711],[78.8559,22.4221],[78.8362,22.4032],[78.8112,22.3965],[78.7868,22.3746],[78.7187,22.364],[78.653,22.33],[78.5951,22.324],[78.5646,22.3117],[78.5592,22.3008],[78.5055,22.2741],[78.5011,22.2471],[78.4622,22.2519],[78.4154,22.2276],[78.4354,22.1923],[78.4172,22.1653],[78.3431,22.1569],[78.3321,22.1614],[78.3218,22.1823],[78.3025,22.1631],[78.282,22.1635],[78.2684,22.1818],[78.2645,22.1737],[78.2213,22.1741],[78.2032,22.1921],[78.2009,22.2124],[78.1852,22.2163],[78.182,22.2423],[78.1632,22.245],[78.1691,22.2822],[78.1762,22.2884],[78.182,22.2674],[78.1908,22.2676],[78.1906,22.2881],[78.2053,22.2988],[78.2158,22.2884],[78.2361,22.3021],[78.318,22.3029],[78.3309,22.2968],[78.3586,22.3049],[78.3613,22.3135],[78.3462,22.3157],[78.3419,22.3503],[78.3071,22.3885],[78.2952,22.3883],[78.2865,22.4079],[78.2946,22.4291],[78.253,22.4333],[78.2549,22.4469],[78.226,22.4488],[78.1777,22.4699],[78.1262,22.4653],[78.0758,22.4822],[78.0677,22.5207],[78.0953,22.5472],[78.1259,22.5528],[78.1428,22.5382],[78.1868,22.5295],[78.2634,22.5425],[78.3076,22.5646],[78.3548,22.5569],[78.3949,22.5676],[78.4279,22.567],[78.4801,22.5553],[78.5002,22.5409],[78.5104,22.5155],[78.525,22.5254],[78.5329,22.5214],[78.5405,22.5048],[78.528,22.481],[78.5455,22.4453],[78.5259,22.4195],[78.4924,22.4071],[78.4887,22.3871],[78.4571,22.3759],[78.446,22.3863],[78.4416,22.3727],[78.4279,22.3675],[78.4281,22.3575],[78.4019,22.3527],[78.3989,22.3404],[78.4155,22.3257],[78.4052,22.2957],[78.4585,22.294],[78.5035,22.3218],[78.5281,22.3259],[78.5418,22.3402],[78.5637,22.3428],[78.5858,22.3641],[78.6254,22.361],[78.6463,22.368],[78.6534,22.4037],[78.6819,22.412],[78.6772,22.4211],[78.7009,22.4345],[78.6929,22.4425],[78.7078,22.4374],[78.728,22.4673],[78.764,22.4612],[78.7841,22.4668],[78.771,22.4911],[78.7907,22.5052],[78.8009,22.5512],[78.7863,22.5968],[78.7637,22.6119],[78.7593,22.6344],[78.7218,22.7032],[78.7661,22.7303],[78.8388,22.7446],[78.8547,22.7392],[78.8967,22.7549]]],[[[78.6559,22.6864],[78.6422,22.6463],[78.6145,22.6353],[78.5586,22.6514],[78.5552,22.6649],[78.5765,22.6946],[78.5971,22.6822],[78.5991,22.6993],[78.6412,22.7091],[78.6559,22.6864]]],[[[78.2093,22.1114],[78.219,22.1039],[78.2362,22.111],[78.2576,22.1047],[78.2829,22.1082],[78.305,22.0949],[78.2982,22.0721],[78.2603,22.063],[78.2002,22.063],[78.1799,22.0263],[78.162,22.0155],[78.1525,22.0383],[78.1428,22.035],[78.1474,22.0224],[78.1397,22.0032],[78.0937,21.9936],[78.0656,22.0069],[78.0763,22.0173],[78.0797,22.0484],[78.1023,22.0612],[78.1229,22.0551],[78.1388,22.0675],[78.1528,22.0527],[78.1659,22.0996],[78.1855,22.1133],[78.2093,22.1114]]],[[[78.1842,21.5322],[78.1546,21.5371],[78.1458,21.5449],[78.1804,21.5686],[78.2009,21.548],[78.1842,21.5322]]],[[[77.9549,21.4729],[77.9809,21.4708],[78.004,21.4561],[78.0064,21.4274],[77.9808,21.3998],[77.9145,21.3832],[77.9006,21.3899],[77.8856,21.3844],[77.8454,21.3999],[77.8427,21.41],[77.8502,21.4165],[77.8853,21.42],[77.9015,21.4323],[77.9222,21.4696],[77.9549,21.4729]]],[[[77.8778,22.2183],[77.877,22.2082],[77.8526,22.2174],[77.8655,22.2165],[77.8778,22.2183]]],[[[77.7893,22.2856],[77.7957,22.2683],[77.7895,22.2499],[77.7824,22.251],[77.7699,22.2815],[77.7893,22.2856]]],[[[77.4982,21.5601],[77.5156,21.5342],[77.5054,21.5176],[77.4657,21.5312],[77.4695,21.5072],[77.5581,21.4929],[77.5795,21.5005],[77.5965,21.4852],[77.6303,21.3759],[77.5053,21.361],[77.4685,21.3818],[77.4165,21.3489],[77.3308,21.355],[77.2873,21.3325],[77.2633,21.3368],[77.2344,21.3182],[77.2375,21.3012],[77.2483,21.3071],[77.259,21.2994],[77.2633,21.2836],[77.2533,21.2693],[77.265,21.2639],[77.2584,21.2508],[77.2274,21.2327],[77.1942,21.2348],[77.1794,21.2529],[77.1578,21.2385],[77.1379,21.2446],[77.1207,21.2377],[77.1043,21.2467],[77.0244,21.2002],[76.9906,21.2011],[76.9797,21.1922],[76.9374,21.1894],[76.8785,21.193],[76.8754,21.2049],[76.8846,21.2189],[76.9229,21.2298],[76.9276,21.24],[76.9547,21.238],[76.9735,21.2505],[76.9739,21.2732],[76.9898,21.2805],[76.9814,21.2913],[76.9851,21.3342],[76.9891,21.347],[77.0032,21.3511],[77.0173,21.3945],[77.0383,21.4017],[77.0474,21.3915],[77.0624,21.4008],[77.1166,21.3864],[77.1498,21.3984],[77.1575,21.3898],[77.1775,21.3891],[77.1797,21.413],[77.2299,21.4435],[77.2354,21.4669],[77.2608,21.4901],[77.2953,21.4992],[77.319,21.4884],[77.3256,21.4739],[77.3467,21.4854],[77.332,21.4973],[77.3022,21.4999],[77.2929,21.5082],[77.3027,21.5465],[77.3599,21.5592],[77.3788,21.5427],[77.4251,21.5607],[77.4453,21.5809],[77.4982,21.5601]]],[[[76.9384,21.3551],[76.9198,21.3551],[76.9192,21.3624],[76.9411,21.3779],[76.9571,21.3698],[76.9384,21.3551]]],[[[76.6489,21.3051],[76.7018,21.296],[76.7592,21.2742],[76.7333,21.2485],[76.7135,21.2456],[76.7375,21.2176],[76.7582,21.2278],[76.7776,21.221],[76.7678,21.1944],[76.7463,21.1811],[76.727,21.1894],[76.7363,21.1974],[76.7265,21.203],[76.6922,21.1862],[76.675,21.1866],[76.6442,21.1493],[76.6161,21.155],[76.6019,21.1443],[76.5719,21.1449],[76.538,21.1153],[76.5237,21.1156],[76.5137,21.1051],[76.4798,21.1133],[76.4627,21.1045],[76.4425,21.1092],[76.4383,21.0924],[76.4059,21.0739],[76.3998,21.0584],[76.3848,21.0547],[76.3465,21.0655],[76.2903,21.0572],[76.2635,21.0802],[76.2887,21.0925],[76.3256,21.0697],[76.3284,21.0866],[76.3473,21.0988],[76.4291,21.0987],[76.4425,21.1173],[76.4823,21.1198],[76.4823,21.136],[76.4968,21.1573],[76.4615,21.1789],[76.5112,21.1861],[76.5647,21.2163],[76.6326,21.2256],[76.6372,21.2155],[76.6517,21.2102],[76.6619,21.2181],[76.6983,21.2227],[76.7048,21.2382],[76.683,21.2508],[76.6495,21.2422],[76.632,21.2632],[76.6209,21.2877],[76.6272,21.3018],[76.6489,21.3051]]],[[[76.4487,21.1552],[76.4281,21.1517],[76.4301,21.1619],[76.4549,21.1763],[76.4629,21.1632],[76.4487,21.1552]]],[[[75.8967,21.2812],[75.8891,21.2516],[75.8499,21.2436],[75.8309,21.2479],[75.8221,21.2604],[75.8347,21.283],[75.8967,21.2812]]],[[[75.8457,21.4589],[75.8343,21.4543],[75.8399,21.4694],[75.8621,21.4759],[75.8674,21.4695],[75.8457,21.4589]]],[[[75.8541,21.5469],[75.8659,21.5366],[75.8561,21.5176],[75.8363,21.5196],[75.8097,21.5467],[75.7993,21.5444],[75.7951,21.5303],[75.7727,21.5262],[75.7687,21.5165],[75.751,21.5418],[75.7652,21.5879],[75.7916,21.6035],[75.8019,21.5829],[75.8541,21.5469]]],[[[75.7773,21.3554],[75.7926,21.3381],[75.7714,21.3134],[75.7591,21.3217],[75.7487,21.3008],[75.7489,21.2941],[75.773,21.2951],[75.7764,21.3094],[75.7826,21.3092],[75.7829,21.2775],[75.7947,21.2691],[75.7791,21.2499],[75.7074,21.2709],[75.6851,21.2724],[75.673,21.264],[75.5662,21.2784],[75.4656,21.2739],[75.4347,21.2655],[75.4226,21.2749],[75.4198,21.3011],[75.4401,21.3042],[75.4722,21.3345],[75.4915,21.3409],[75.4952,21.3527],[75.5519,21.3659],[75.5984,21.3638],[75.6224,21.353],[75.6358,21.3601],[75.6533,21.3571],[75.6529,21.3478],[75.6768,21.3514],[75.7011,21.3445],[75.7156,21.3445],[75.7355,21.3599],[75.745,21.3533],[75.7561,21.3659],[75.7773,21.3554]]],[[[75.6155,21.5747],[75.6346,21.5695],[75.6383,21.5293],[75.6172,21.5278],[75.6104,21.514],[75.5597,21.5165],[75.5416,21.4957],[75.5318,21.5015],[75.532,21.5162],[75.4948,21.5204],[75.4888,21.5403],[75.5002,21.5474],[75.5613,21.5676],[75.6155,21.5747]]],[[[75.3403,21.7319],[75.3566,21.7107],[75.3727,21.7046],[75.4222,21.7202],[75.4482,21.7107],[75.4539,21.6956],[75.4463,21.6802],[75.4014,21.6913],[75.3984,21.6746],[75.371,21.6708],[75.3128,21.704],[75.3142,21.7174],[75.2783,21.7059],[75.2791,21.7269],[75.3403,21.7319]]],[[[75.4257,21.5653],[75.4511,21.5426],[75.4306,21.5235],[75.438,21.4964],[75.4312,21.485],[75.3861,21.4806],[75.3721,21.4883],[75.352,21.4749],[75.3225,21.4874],[75.3194,21.4985],[75.2844,21.509],[75.2866,21.5265],[75.3009,21.5325],[75.363,21.5262],[75.3605,21.5587],[75.4257,21.5653]]],[[[74.8959,21.609],[74.9507,21.5954],[74.9893,21.6008],[75.0235,21.5944],[75.0381,21.5856],[75.0423,21.572],[75.0187,21.5499],[75.0048,21.5602],[74.9521,21.5569],[74.9292,21.5662],[74.891,21.5651],[74.8833,21.5704],[74.8872,21.5895],[74.8781,21.6018],[74.8959,21.609]]],[[[74.8463,22.0325],[74.8934,22.001],[74.9055,22.005],[74.9107,21.9933],[74.8957,21.9686],[74.8379,21.9708],[74.8227,22.0136],[74.8328,22.0325],[74.8463,22.0325]]],[[[74.3581,22.0738],[74.3619,22.0542],[74.3784,22.0592],[74.3905,22.0466],[74.4407,22.0322],[74.4598,22.0448],[74.5283,22.055],[74.5687,22.0271],[74.6033,22.0342],[74.6167,22.0202],[74.642,22.0261],[74.6805,22.0196],[74.6863,22.0069],[74.6645,21.969],[74.6176,21.9693],[74.624,21.957],[74.6445,21.9529],[74.6564,21.9319],[74.6772,21.9321],[74.6884,21.9243],[74.6799,21.9134],[74.6196,21.9134],[74.6202,21.8834],[74.6104,21.8705],[74.6172,21.8639],[74.6386,21.8654],[74.6493,21.8377],[74.6761,21.8195],[74.7531,21.8244],[74.7895,21.8189],[74.7947,21.8099],[74.7718,21.7989],[74.7697,21.7881],[74.7956,21.7557],[74.7988,21.7307],[74.7578,21.7648],[74.7412,21.7581],[74.7357,21.7413],[74.7003,21.7339],[74.6813,21.7343],[74.6675,21.7448],[74.6064,21.7363],[74.5924,21.7469],[74.5507,21.7488],[74.509,21.7761],[74.5092,21.7973],[74.4996,21.8009],[74.492,21.7768],[74.4968,21.7633],[74.4843,21.7635],[74.4705,21.7371],[74.4231,21.7192],[74.4023,21.6976],[74.3171,21.6752],[74.2673,21.6738],[74.1464,21.6155],[74.078,21.6239],[74.0405,21.6197],[73.9584,21.5798],[73.9215,21.5948],[73.8729,21.588],[73.802,21.5436],[73.7679,21.5469],[73.7486,21.5603],[73.7489,21.5728],[73.7913,21.5876],[73.8137,21.6155],[73.8375,21.6075],[73.8428,21.624],[73.8801,21.6437],[73.8692,21.6718],[73.8445,21.6876],[73.8176,21.6769],[73.802,21.6809],[73.792,21.6911],[73.7988,21.7096],[73.7799,21.7175],[73.7352,21.7081],[73.722,21.7218],[73.6779,21.7301],[73.6884,21.7585],[73.6685,21.7623],[73.6635,21.7467],[73.617,21.7343],[73.6112,21.7531],[73.583,21.7684],[73.5802,21.7886],[73.5604,21.813],[73.5643,21.8321],[73.5767,21.8403],[73.6189,21.8379],[73.6853,21.8506],[73.7045,21.8351],[73.7448,21.8363],[73.7499,21.8257],[73.7976,21.8052],[73.8198,21.8657],[73.8359,21.8735],[73.8317,21.8857],[73.8528,21.9089],[73.8756,21.914],[73.8902,21.9298],[73.9026,21.9204],[73.9707,21.9538],[73.9792,21.948],[74.0741,22.0175],[74.1051,22.0081],[74.1216,22.0167],[74.1843,22.0091],[74.201,22.0217],[74.2117,22.0113],[74.2176,22.0208],[74.2101,22.0319],[74.2141,22.0396],[74.2556,22.0552],[74.2844,22.0468],[74.2869,22.0686],[74.3581,22.0738]]],[[[73.7807,21.8413],[73.7727,21.839],[73.7657,21.8545],[73.7717,21.859],[73.7807,21.8413]]]]}},{"type":"Feature","properties":{"name":"Servarayan Hills","kind":"mountain range","wikidata":"Q3523808","area_km2":785,"source":"GMBA Mountain Inventory v2.0 (CC BY 4.0)"},"geometry":{"type":"MultiPolygon","coordinates":[[[[78.2415,11.9506],[78.2505,11.9401],[78.2684,11.9446],[78.2919,11.9356],[78.2902,11.9197],[78.3249,11.9374],[78.3368,11.9293],[78.3417,11.9136],[78.3587,11.9175],[78.3752,11.8827],[78.3596,11.8569],[78.3582,11.8374],[78.3084,11.7539],[78.302,11.7519],[78.3002,11.7654],[78.2353,11.72],[78.1864,11.7121],[78.1735,11.7186],[78.1693,11.7549],[78.152,11.7842],[78.1263,11.7941],[78.1143,11.7907],[78.1115,11.8096],[78.1349,11.8259],[78.1315,11.8384],[78.1516,11.8682],[78.1511,11.8891],[78.1767,11.9175],[78.1804,11.9338],[78.1932,11.9395],[78.2099,11.9349],[78.2163,11.9479],[78.2415,11.9506]]],[[[78.3369,12.024],[78.3453,12.0098],[78.3437,11.9788],[78.2978,11.9499],[78.2865,11.951],[78.28,12.0035],[78.2896,12.0165],[78.3088,12.017],[78.3214,12.0275],[78.3369,12.024]]],[[[78.2872,12.1414],[78.284,12.1066],[78.2552,12.0931],[78.2711,12.0569],[78.2595,12.0355],[78.1918,11.9815],[78.1333,11.9644],[78.1353,11.9572],[78.1491,11.9623],[78.1529,11.9564],[78.1249,11.9266],[78.1134,11.8942],[78.0692,11.8855],[78.0527,11.9094],[78.0554,11.9314],[78.0849,11.9461],[78.0835,11.9529],[78.0748,11.948],[78.0672,11.9534],[78.0624,11.9692],[78.0817,11.9984],[78.0997,12.0017],[78.1191,11.994],[78.1411,12.0304],[78.1763,12.0369],[78.1753,12.0501],[78.1973,12.0805],[78.194,12.1082],[78.2298,12.1416],[78.2391,12.1458],[78.2479,12.1395],[78.2707,12.1537],[78.2872,12.1414]]]]}},{"type":"Feature","properties":{"name":"Simlipal Massif","kind":"mountain range","wikidata":"Q61529","area_km2":2881,"source":"GMBA Mountain Inventory v2.0 (CC BY 4.0)"},"geometry":{"type":"MultiPolygon","coordinates":[[[[86.7717,21.4572],[86.7576,21.4586],[86.75,21.4726],[86.7548,21.4906],[86.7471,21.5092],[86.7563,21.5195],[86.78,21.5209],[86.7795,21.5025],[86.7925,21.4942],[86.7717,21.4572]]],[[[86.6688,21.4782],[86.695,21.4842],[86.7052,21.4736],[86.6946,21.4624],[86.6969,21.4321],[86.7038,21.4322],[86.7098,21.4581],[86.7407,21.4552],[86.7509,21.4443],[86.7447,21.4196],[86.7075,21.3885],[86.698,21.3574],[86.68,21.3508],[86.6572,21.3574],[86.6649,21.3952],[86.6599,21.4009],[86.5999,21.3478],[86.5807,21.356],[86.5403,21.3488],[86.5275,21.3622],[86.5146,21.3556],[86.5115,21.3774],[86.5427,21.3843],[86.5424,21.3978],[86.5941,21.4289],[86.6087,21.4239],[86.6122,21.4486],[86.6366,21.4834],[86.6526,21.4939],[86.6688,21.4782]]],[[[86.4021,22.1155],[86.4266,22.1092],[86.4333,22.0817],[86.3885,22.0498],[86.3919,22.0447],[86.4292,22.0685],[86.465,22.0736],[86.476,22.0299],[86.5121,22.0024],[86.5339,21.9981],[86.5637,22.026],[86.5741,22.0258],[86.5928,21.9859],[86.5927,21.9696],[86.576,21.9382],[86.6044,21.9298],[86.6125,21.913],[86.6021,21.8857],[86.6119,21.8809],[86.6094,21.8572],[86.5879,21.8392],[86.5925,21.8173],[86.5476,21.7922],[86.5384,21.7759],[86.5331,21.7412],[86.5135,21.7278],[86.5215,21.7122],[86.5164,21.6975],[86.496,21.6925],[86.4814,21.6666],[86.4891,21.6536],[86.4675,21.6197],[86.4653,21.5982],[86.4369,21.5632],[86.4217,21.5635],[86.3887,21.5238],[86.3768,21.521],[86.3739,21.4946],[86.3499,21.4661],[86.2861,21.4301],[86.2743,21.4362],[86.2633,21.4279],[86.2635,21.3986],[86.2384,21.3863],[86.2197,21.4074],[86.2535,21.4683],[86.2802,21.4802],[86.2801,21.4865],[86.2633,21.4864],[86.25,21.5071],[86.2301,21.4979],[86.2368,21.5077],[86.2402,21.561],[86.2495,21.5725],[86.213,21.5802],[86.2005,21.6058],[86.1593,21.6403],[86.1572,21.6614],[86.1428,21.676],[86.1314,21.6759],[86.1175,21.694],[86.1175,21.7135],[86.0899,21.7305],[86.0866,21.7795],[86.1038,21.7925],[86.1208,21.7822],[86.128,21.7908],[86.1073,21.7996],[86.105,21.8229],[86.0845,21.8436],[86.089,21.8566],[86.1155,21.9052],[86.1531,21.9217],[86.1465,21.9303],[86.152,21.9607],[86.1819,21.9745],[86.1674,21.999],[86.1381,22.001],[86.13,22.0095],[86.1363,22.0489],[86.0914,22.0552],[86.0885,22.0615],[86.0977,22.0801],[86.1183,22.0938],[86.1573,22.0968],[86.1656,22.1092],[86.1859,22.0486],[86.1736,22.0335],[86.1739,22.0207],[86.2041,22.0267],[86.2216,22.0444],[86.2408,22.047],[86.2404,22.0668],[86.2655,22.0863],[86.3315,22.1028],[86.3352,22.1142],[86.382,22.1091],[86.4021,22.1155]]],[[[86.5207,22.4308],[86.5405,22.4274],[86.5542,22.397],[86.5779,22.3858],[86.5759,22.3619],[86.5541,22.3519],[86.522,22.3605],[86.5156,22.3948],[86.4927,22.4202],[86.4991,22.4297],[86.5207,22.4308]]],[[[86.5009,21.3694],[86.476,21.3425],[86.4367,21.3388],[86.4334,21.3598],[86.4497,21.3831],[86.4858,21.391],[86.5009,21.3694]]],[[[86.4384,22.2822],[86.4301,22.2835],[86.441,22.2988],[86.4508,22.299],[86.4546,22.2916],[86.4384,22.2822]]],[[[86.4103,22.2665],[86.4073,22.2688],[86.4119,22.3091],[86.4232,22.2893],[86.4103,22.2665]]],[[[86.4103,22.2665],[86.434,22.2555],[86.447,22.2278],[86.432,22.1918],[86.4186,22.1966],[86.4036,22.1885],[86.3844,22.2006],[86.3819,22.2446],[86.4133,22.2479],[86.4103,22.2665]]],[[[86.3415,22.5696],[86.3649,22.492],[86.3512,22.4855],[86.3466,22.4693],[86.3299,22.4674],[86.3353,22.4428],[86.3582,22.442],[86.3648,22.4212],[86.3477,22.4009],[86.3784,22.3725],[86.4428,22.3422],[86.4426,22.336],[86.4083,22.3456],[86.388,22.3218],[86.3736,22.3294],[86.3609,22.3197],[86.3256,22.3425],[86.3301,22.3071],[86.3488,22.288],[86.321,22.2457],[86.2942,22.2427],[86.259,22.2574],[86.2449,22.2902],[86.2575,22.3253],[86.2912,22.3383],[86.3336,22.3837],[86.3298,22.3909],[86.3087,22.3906],[86.2791,22.4026],[86.2687,22.4199],[86.2395,22.4324],[86.2301,22.4476],[86.2344,22.4678],[86.2676,22.4742],[86.259,22.4935],[86.259,22.513],[86.2713,22.5313],[86.266,22.5413],[86.2859,22.5509],[86.3004,22.5405],[86.3216,22.5647],[86.3345,22.5593],[86.3415,22.5696]]],[[[86.4165,22.5384],[86.4023,22.5337],[86.3768,22.5815],[86.358,22.5878],[86.3552,22.5953],[86.3654,22.6022],[86.3552,22.6148],[86.3933,22.6093],[86.4074,22.5957],[86.4165,22.5384]]],[[[86.4048,21.3289],[86.4082,21.3137],[86.3917,21.2971],[86.3496,21.291],[86.3479,21.313],[86.3693,21.3108],[86.3844,21.3285],[86.4048,21.3289]]],[[[86.3302,22.6466],[86.3198,22.6435],[86.3218,22.6674],[86.3287,22.6716],[86.3347,22.6575],[86.3302,22.6466]]],[[[86.2712,21.3158],[86.2855,21.2947],[86.3005,21.3009],[86.3033,21.2688],[86.2784,21.2183],[86.2499,21.1978],[86.239,21.1993],[86.2239,21.209],[86.2173,21.2917],[86.2339,21.3153],[86.2712,21.3158]]]]}},{"type":"Feature","properties":{"name":"Southeastern Ghats","kind":"mountain range","wikidata":null,"area_km2":23003,"source":"GMBA Mountain Inventory v2.0 (CC BY 4.0)"},"geometry":{"type":"MultiPolygon","coordinates":[[[[79.8821,13.5503],[79.8381,13.485],[79.8306,13.4555],[79.8079,13.4608],[79.7749,13.3999],[79.7603,13.4014],[79.7401,13.4842],[79.7505,13.5093],[79.7714,13.5311],[79.7685,13.5466],[79.7787,13.5585],[79.7834,13.548],[79.803,13.5603],[79.8134,13.5915],[79.7976,13.6665],[79.8123,13.677],[79.8311,13.6785],[79.8579,13.6563],[79.8629,13.6306],[79.8885,13.6031],[79.8945,13.5789],[79.8821,13.5503]]],[[[79.8616,15.6612],[79.8737,15.6499],[79.8581,15.6185],[79.8401,15.6017],[79.8024,15.5908],[79.7927,15.6041],[79.7949,15.6202],[79.8071,15.6254],[79.7927,15.6386],[79.7975,15.6544],[79.817,15.6598],[79.8207,15.6469],[79.8333,15.6603],[79.8616,15.6612]]],[[[79.7342,13.6389],[79.7133,13.6147],[79.7135,13.6041],[79.7417,13.5891],[79.7401,13.5647],[79.7216,13.5466],[79.7112,13.5468],[79.6988,13.5864],[79.6743,13.5788],[79.6718,13.5631],[79.678,13.5361],[79.6895,13.5248],[79.6866,13.5113],[79.7085,13.5174],[79.7113,13.5034],[79.6978,13.4731],[79.6553,13.4227],[79.6395,13.4144],[79.6254,13.4183],[79.5945,13.4448],[79.5864,13.4618],[79.6113,13.4898],[79.5751,13.4971],[79.5706,13.5108],[79.5507,13.5072],[79.5445,13.5136],[79.5387,13.5316],[79.5489,13.5531],[79.5697,13.574],[79.6051,13.5703],[79.6144,13.5766],[79.6114,13.5613],[79.621,13.5614],[79.6266,13.5814],[79.6156,13.5991],[79.6567,13.6548],[79.6741,13.6363],[79.6908,13.6449],[79.6995,13.663],[79.7252,13.6654],[79.7342,13.6389]]],[[[79.667,13.4001],[79.662,13.3685],[79.6374,13.3519],[79.6011,13.3588],[79.5851,13.3509],[79.5677,13.3733],[79.5785,13.3996],[79.5977,13.4041],[79.6318,13.3973],[79.6476,13.4054],[79.667,13.4001]]],[[[79.575,15.5544],[79.5791,15.5406],[79.6123,15.5401],[79.6105,15.5188],[79.6259,15.4932],[79.6223,15.4805],[79.574,15.4735],[79.5836,15.4899],[79.5566,15.5025],[79.5546,15.5266],[79.56,15.5481],[79.575,15.5544]]],[[[79.2176,14.63],[79.2465,14.6262],[79.2823,14.6092],[79.2926,14.5919],[79.2802,14.5704],[79.3015,14.5663],[79.3125,14.5513],[79.3155,14.5366],[79.3008,14.5196],[79.3094,14.4965],[79.3307,14.497],[79.3551,14.4591],[79.3409,14.4404],[79.374,14.4133],[79.3737,14.401],[79.4096,14.3463],[79.4337,14.3318],[79.4637,14.2794],[79.4784,14.2348],[79.4779,14.2124],[79.4905,14.1968],[79.4932,14.1691],[79.4857,14.1393],[79.5047,14.101],[79.4966,14.0903],[79.4966,14.0595],[79.5173,14.0035],[79.5087,13.9867],[79.4883,13.9842],[79.4834,13.9617],[79.5069,13.9201],[79.4984,13.901],[79.4854,13.883],[79.4675,13.8801],[79.4561,13.8687],[79.5,13.8094],[79.5289,13.796],[79.5931,13.7184],[79.5977,13.7041],[79.5871,13.6909],[79.5405,13.6842],[79.5058,13.7082],[79.5113,13.7346],[79.4613,13.7792],[79.4365,13.7841],[79.4255,13.7978],[79.4314,13.8346],[79.4051,13.8861],[79.4006,13.9256],[79.4278,13.9517],[79.4301,13.963],[79.4135,13.9753],[79.4038,13.9687],[79.3946,13.9783],[79.3951,14.0025],[79.3718,14.0575],[79.3904,14.0937],[79.4029,14.0997],[79.4067,14.1236],[79.4093,14.147],[79.3988,14.1781],[79.3871,14.178],[79.3842,14.1932],[79.3926,14.2137],[79.3812,14.2246],[79.3728,14.2189],[79.359,14.226],[79.3469,14.2661],[79.3173,14.2913],[79.2898,14.3376],[79.2119,14.3855],[79.2064,14.378],[79.1706,14.4321],[79.1501,14.4239],[79.0863,14.505],[79.0844,14.5389],[79.0964,14.5546],[79.1073,14.5508],[79.1072,14.5643],[79.1552,14.5696],[79.1548,14.5541],[79.1788,14.5016],[79.1992,14.4818],[79.1988,14.4615],[79.2197,14.4593],[79.2548,14.4303],[79.2892,14.4436],[79.3066,14.4285],[79.2866,14.4786],[79.2523,14.5035],[79.2412,14.4997],[79.2089,14.5305],[79.153,14.6279],[79.151,14.6437],[79.1636,14.6635],[79.1777,14.6681],[79.202,14.6627],[79.2176,14.63]]],[[[79.5586,13.2407],[79.552,13.2311],[79.5386,13.2322],[79.5376,13.2396],[79.5702,13.2675],[79.5779,13.2595],[79.5755,13.2456],[79.5586,13.2407]]],[[[78.9834,14.103],[79.0143,14.0952],[79.0243,14.0785],[79.0517,14.0608],[79.0668,14.0451],[79.0614,14.0345],[79.0918,13.9974],[79.1115,13.9884],[79.12,14.0194],[79.1391,14.0225],[79.1872,13.9693],[79.207,13.9629],[79.2296,13.968],[79.2473,13.9562],[79.2601,13.9096],[79.2776,13.904],[79.3323,13.857],[79.3525,13.8571],[79.395,13.8215],[79.4088,13.8029],[79.4045,13.7833],[79.4117,13.7688],[79.4575,13.719],[79.4666,13.6917],[79.4828,13.6853],[79.4841,13.6584],[79.4235,13.6487],[79.3798,13.6278],[79.3376,13.6261],[79.3224,13.6467],[79.2985,13.6343],[79.2778,13.6446],[79.278,13.6279],[79.2655,13.6206],[79.2843,13.5988],[79.2916,13.6025],[79.3115,13.588],[79.3021,13.5551],[79.3811,13.5742],[79.3919,13.5705],[79.4027,13.5474],[79.3917,13.528],[79.458,13.5466],[79.4865,13.5298],[79.4905,13.5029],[79.4737,13.4904],[79.4404,13.4925],[79.4326,13.4738],[79.3712,13.5098],[79.3154,13.5051],[79.3061,13.5175],[79.3026,13.5031],[79.271,13.5005],[79.248,13.4681],[79.2124,13.4684],[79.1982,13.46],[79.1823,13.4691],[79.214,13.4821],[79.2176,13.4955],[79.2075,13.5009],[79.1959,13.4814],[79.1784,13.4771],[79.1617,13.4828],[79.159,13.5074],[79.1364,13.5095],[79.1406,13.5329],[79.1248,13.5434],[79.1371,13.5728],[79.1307,13.5822],[79.1363,13.5988],[79.149,13.6178],[79.1623,13.6175],[79.1739,13.6543],[79.2115,13.6662],[79.2033,13.7087],[79.2189,13.7414],[79.205,13.7635],[79.1833,13.7744],[79.1739,13.7992],[79.1842,13.8191],[79.0967,13.8906],[79.0849,13.9156],[79.0526,13.915],[79.0314,13.9261],[79.0197,13.9386],[79.0244,13.9478],[79.0072,14.0009],[79.0019,14.0071],[78.984,14.0009],[78.966,14.0151],[78.9489,14.0615],[78.9779,14.0744],[78.9725,14.0903],[78.9834,14.103]]],[[[79.4156,13.2529],[79.4076,13.2651],[79.3725,13.279],[79.3658,13.291],[79.4002,13.3054],[79.4206,13.2914],[79.4259,13.277],[79.4156,13.2529]]],[[[79.3519,14.5854],[79.3361,14.5847],[79.3239,14.596],[79.3232,14.6149],[79.3496,14.6321],[79.3626,14.6274],[79.3689,14.6058],[79.3519,14.5854]]],[[[79.3113,14.8093],[79.2862,14.8184],[79.2617,14.8472],[79.2446,14.8842],[79.2399,14.917],[79.2586,14.9395],[79.2796,14.9171],[79.299,14.8574],[79.3189,14.8543],[79.3259,14.8353],[79.3113,14.8093]]],[[[79.2208,15.3401],[79.2194,15.3052],[79.2107,15.2939],[79.2176,15.2751],[79.1882,15.2695],[79.1816,15.2572],[79.1684,15.2696],[79.1423,15.1902],[79.1203,15.1763],[79.129,15.1559],[79.1174,15.134],[79.1088,15.1342],[79.1163,15.0316],[79.106,15.0259],[79.103,15.0554],[79.0937,15.055],[79.0976,15.0289],[79.0835,15.0114],[79.0644,15.0164],[79.04,15.137],[79.0704,15.2792],[79.0587,15.2953],[79.0634,15.3115],[79.0507,15.3177],[79.0502,15.3685],[79.0784,15.42],[79.1143,15.4257],[79.1171,15.391],[79.1028,15.3564],[79.1134,15.3485],[79.0947,15.3245],[79.1124,15.3288],[79.1181,15.3435],[79.1367,15.3439],[79.1845,15.4428],[79.1836,15.4646],[79.2041,15.5389],[79.2191,15.5583],[79.2555,15.5779],[79.2759,15.5574],[79.2801,15.5376],[79.2368,15.5093],[79.2296,15.4806],[79.2363,15.4505],[79.2307,15.4116],[79.2091,15.409],[79.2092,15.3832],[79.2005,15.3691],[79.2011,15.3542],[79.2208,15.3401]]],[[[79.207,15.1278],[79.2432,15.1065],[79.2503,15.0907],[79.2404,15.078],[79.255,15.0505],[79.242,15.0442],[79.2364,15.0311],[79.2498,15.0153],[79.2395,14.9936],[79.232,15.0063],[79.2025,15.0096],[79.1754,15.0394],[79.17,15.0634],[79.1818,15.1172],[79.1926,15.1335],[79.1996,15.1362],[79.207,15.1278]]],[[[79.2073,16.155],[79.2105,16.1402],[79.1885,16.1212],[79.2161,16.1159],[79.2262,16.1238],[79.2217,16.082],[79.2101,16.0821],[79.207,16.0667],[79.1969,16.06],[79.1769,16.0562],[79.1663,16.0382],[79.1474,16.0386],[79.1342,16.0279],[79.1343,16.0216],[79.1595,16.0187],[79.1855,16.0032],[79.1801,15.9928],[79.2072,15.9697],[79.2043,15.9514],[79.1727,15.9448],[79.1405,15.9509],[79.1223,15.9553],[79.1164,15.9696],[79.0332,15.9413],[79.0097,15.9453],[79.0029,15.9382],[79.0033,15.9166],[78.9625,15.898],[78.9258,15.8946],[78.9148,15.8753],[78.8949,15.8714],[78.8921,15.8463],[78.8763,15.836],[78.8971,15.8218],[78.9098,15.835],[78.9239,15.8364],[78.9165,15.8405],[78.9225,15.8525],[78.9598,15.8635],[78.9873,15.8831],[78.9985,15.8746],[79.0155,15.8937],[79.0408,15.9009],[79.091,15.863],[79.0905,15.8089],[79.0763,15.7949],[79.088,15.7794],[79.0839,15.7598],[79.0614,15.7199],[79.02,15.7115],[79.0006,15.7283],[78.9804,15.7566],[78.9654,15.8031],[78.9522,15.8029],[78.9347,15.7767],[78.977,15.7498],[78.974,15.7268],[79.0135,15.703],[79.0012,15.6955],[78.9909,15.7008],[78.9638,15.6905],[78.9277,15.7261],[78.8589,15.7177],[78.8301,15.7298],[78.8668,15.6848],[78.8776,15.6904],[78.9249,15.6667],[78.9302,15.6444],[78.9343,15.6236],[78.9153,15.607],[78.9027,15.5476],[78.8861,15.5345],[78.8796,15.4886],[78.8554,15.4901],[78.8365,15.5164],[78.8343,15.5324],[78.8644,15.5871],[78.822,15.6125],[78.8263,15.6516],[78.8217,15.6724],[78.8113,15.68],[78.7983,15.6585],[78.7675,15.6551],[78.7612,15.6677],[78.7334,15.6578],[78.73,15.6154],[78.705,15.5902],[78.7051,15.584],[78.7156,15.5843],[78.7219,15.6031],[78.7429,15.6029],[78.7742,15.5857],[78.7927,15.5487],[78.7947,15.5024],[78.7687,15.4665],[78.7467,15.4719],[78.7383,15.5405],[78.7272,15.5235],[78.6985,15.5155],[78.6863,15.5218],[78.6865,15.5335],[78.6737,15.5385],[78.6644,15.555],[78.651,15.537],[78.6377,15.5451],[78.6285,15.5547],[78.6334,15.5689],[78.6489,15.5841],[78.661,15.6268],[78.6825,15.6467],[78.6802,15.6709],[78.7022,15.6957],[78.6855,15.7036],[78.6801,15.7261],[78.7017,15.7906],[78.722,15.7948],[78.7218,15.8095],[78.7444,15.8323],[78.7748,15.8408],[78.7711,15.8479],[78.7969,15.8824],[78.7967,15.8947],[78.8253,15.9134],[78.8408,15.8968],[78.8786,15.9422],[78.912,15.9598],[78.9365,15.9593],[78.9469,16.0031],[78.9904,16.0195],[79.0035,16.0414],[79.0648,16.0624],[79.0717,16.0887],[79.0507,16.1041],[79.0468,16.1258],[79.0597,16.1363],[79.113,16.1313],[79.1459,16.1446],[79.1583,16.1363],[79.132,16.1717],[79.1109,16.1488],[79.0993,16.1635],[79.1128,16.1903],[79.1691,16.1872],[79.176,16.153],[79.1898,16.1729],[79.2068,16.1762],[79.2098,16.1888],[79.2419,16.1967],[79.2468,16.1897],[79.238,16.1752],[79.2036,16.162],[79.2073,16.155]]],[[[79.1425,14.9425],[79.1449,14.9359],[79.1563,14.9368],[79.1659,14.948],[79.181,14.9396],[79.2009,14.8867],[79.1936,14.8694],[79.194,14.8224],[79.1804,14.8193],[79.1781,14.8084],[79.1922,14.7943],[79.209,14.7383],[79.208,14.6913],[79.1937,14.6811],[79.1707,14.6847],[79.1695,14.7066],[79.1411,14.7181],[79.124,14.7434],[79.1037,14.8126],[79.1134,14.8337],[79.1059,14.8443],[79.0913,14.837],[79.0848,14.8445],[79.0866,14.9013],[79.1084,14.9001],[79.1274,14.9116],[79.1315,14.921],[79.1234,14.9279],[79.123,14.9476],[79.1397,14.955],[79.1425,14.9425]]],[[[78.9241,14.4675],[78.9634,14.4602],[78.9811,14.4655],[78.9843,14.4595],[78.9675,14.4568],[78.9678,14.4426],[78.9402,14.4114],[78.9406,14.3955],[78.956,14.3709],[78.951,14.357],[78.9788,14.3571],[79.0055,14.3001],[79.0699,14.3009],[79.0803,14.3114],[79.1052,14.3154],[79.1343,14.3386],[79.1003,14.373],[79.0848,14.3768],[79.0802,14.4056],[79.0953,14.4201],[79.1125,14.4238],[79.1295,14.4124],[79.1489,14.382],[79.1697,14.3693],[79.1631,14.3473],[79.1528,14.3439],[79.1531,14.3279],[79.1642,14.3225],[79.174,14.3003],[79.1691,14.2764],[79.1283,14.2739],[79.1184,14.2906],[79.1051,14.2906],[79.0742,14.2597],[79.0322,14.2666],[79.0114,14.2486],[79.0173,14.2126],[79.0078,14.2072],[78.9949,14.2169],[79.0026,14.202],[78.9928,14.1453],[79.0009,14.1277],[78.9967,14.1154],[78.9915,14.1155],[78.9944,14.1259],[78.9755,14.107],[78.9595,14.107],[78.9498,14.1488],[78.9279,14.1426],[78.9196,14.1613],[78.927,14.1936],[78.9407,14.1968],[78.9405,14.2082],[78.9008,14.1904],[78.9009,14.1775],[78.882,14.1738],[78.8333,14.2036],[78.8256,14.2175],[78.8049,14.2113],[78.7809,14.2296],[78.797,14.2509],[78.8062,14.2462],[78.82,14.253],[78.8303,14.2423],[78.8519,14.2454],[78.8662,14.2237],[78.9004,14.2299],[78.9053,14.2471],[78.9551,14.2875],[78.9401,14.3147],[78.9195,14.3302],[78.9195,14.3686],[78.8964,14.3925],[78.8791,14.3757],[78.8696,14.3759],[78.8506,14.4152],[78.851,14.4338],[78.913,14.4423],[78.9241,14.4675]]],[[[79.0281,12.8653],[79.038,12.8155],[79.0527,12.8273],[79.0555,12.8475],[79.089,12.8696],[79.0872,12.7816],[79.076,12.7524],[79.0803,12.7447],[79.1002,12.7487],[79.1151,12.7225],[79.105,12.7029],[79.0801,12.6944],[79.0947,12.6736],[79.078,12.6456],[79.0844,12.6361],[79.0972,12.6364],[79.1562,12.6484],[79.1647,12.644],[79.1633,12.6194],[79.1367,12.6199],[79.0995,12.6022],[79.1113,12.586],[79.1041,12.5649],[79.0551,12.5414],[79.0676,12.509],[79.0575,12.4889],[79.065,12.4778],[79.0539,12.4655],[79.025,12.4785],[79.0219,12.5161],[79.0364,12.5364],[79.0238,12.5446],[78.9987,12.5091],[78.9247,12.4921],[78.9286,12.4807],[78.9128,12.4493],[78.9406,12.4384],[78.9682,12.4663],[78.9886,12.457],[79.0036,12.429],[78.9981,12.4183],[78.9613,12.4113],[78.9565,12.426],[78.9477,12.4258],[78.9068,12.3883],[78.8899,12.3886],[78.8805,12.3935],[78.882,12.4238],[78.8647,12.3969],[78.8443,12.3807],[78.8236,12.3758],[78.8137,12.3553],[78.7956,12.3488],[78.7664,12.3597],[78.7712,12.4155],[78.7565,12.378],[78.7391,12.3676],[78.7155,12.3218],[78.7075,12.2908],[78.6926,12.2884],[78.652,12.2519],[78.6379,12.2686],[78.6405,12.2823],[78.6259,12.2821],[78.6206,12.2676],[78.605,12.2802],[78.6048,12.3045],[78.6197,12.3613],[78.6448,12.4092],[78.6559,12.4516],[78.653,12.4717],[78.675,12.5177],[78.6991,12.528],[78.7125,12.509],[78.7261,12.5093],[78.7386,12.5387],[78.7548,12.5543],[78.7908,12.5384],[78.8356,12.5547],[78.847,12.5508],[78.8396,12.5093],[78.8664,12.5189],[78.8809,12.5072],[78.8889,12.5267],[78.9046,12.5235],[78.9586,12.5408],[78.9613,12.5635],[78.9718,12.576],[78.9517,12.5756],[78.9405,12.6113],[78.949,12.6386],[78.9407,12.6809],[78.9349,12.6842],[78.9154,12.6529],[78.8915,12.6437],[78.884,12.628],[78.8655,12.65],[78.8955,12.7117],[78.9551,12.7753],[78.9466,12.7865],[78.9468,12.7985],[78.9601,12.8144],[78.9492,12.8288],[78.9557,12.8446],[78.9722,12.8571],[78.9899,12.848],[79.0096,12.8781],[79.0281,12.8653]]],[[[79.1163,12.6967],[79.1218,12.6902],[79.1428,12.6956],[79.159,12.6887],[79.165,12.673],[79.1353,12.6519],[79.1167,12.658],[79.1124,12.6767],[79.1179,12.6845],[79.1073,12.6857],[79.1163,12.6967]]],[[[79.1552,14.5864],[79.1562,14.5811],[79.1354,14.6153],[79.1351,14.6529],[79.1552,14.5864]]],[[[79.0124,16.2643],[79.0378,16.2406],[79.0651,16.2306],[79.0671,16.2032],[79.0158,16.2067],[78.999,16.1929],[78.9634,16.1905],[78.9312,16.1772],[78.9323,16.1591],[78.9696,16.1415],[78.9591,16.1279],[78.9714,16.1257],[78.9936,16.0962],[78.9909,16.0792],[78.9991,16.0719],[78.9699,16.0466],[78.9471,16.0429],[78.9444,16.0255],[78.9298,16.0173],[78.9126,15.9908],[78.834,15.9792],[78.7891,15.9849],[78.7562,15.9707],[78.7374,15.972],[78.7107,15.991],[78.7119,16.0107],[78.6896,16.0249],[78.6802,16.0697],[78.6586,16.0804],[78.6561,16.0967],[78.6323,16.0732],[78.638,16.0626],[78.5925,16.0283],[78.5793,16.026],[78.5673,16.0303],[78.5628,16.0488],[78.5529,16.0376],[78.5213,16.0469],[78.4868,16.0951],[78.5012,16.1033],[78.4885,16.1277],[78.5071,16.1515],[78.4832,16.1765],[78.4866,16.1956],[78.5069,16.2024],[78.5094,16.1735],[78.5246,16.169],[78.5683,16.1979],[78.5874,16.1907],[78.6011,16.232],[78.6185,16.2342],[78.6157,16.1887],[78.6429,16.1862],[78.6499,16.172],[78.674,16.1695],[78.6821,16.162],[78.6739,16.1493],[78.706,16.1356],[78.7257,16.0885],[78.7515,16.1071],[78.7849,16.076],[78.813,16.0816],[78.8175,16.0856],[78.7934,16.0912],[78.7921,16.1181],[78.7596,16.1181],[78.744,16.1404],[78.7335,16.1301],[78.7198,16.1546],[78.7093,16.1473],[78.6886,16.1534],[78.6864,16.1684],[78.6914,16.1717],[78.6994,16.1591],[78.7071,16.1684],[78.6906,16.1991],[78.7137,16.2126],[78.7363,16.1953],[78.7319,16.2213],[78.743,16.243],[78.7808,16.2425],[78.8031,16.2257],[78.8273,16.2255],[78.8419,16.2102],[78.8589,16.2245],[78.8814,16.2232],[78.9093,16.2342],[78.9201,16.2408],[78.9196,16.249],[78.9401,16.255],[78.9481,16.2423],[78.9596,16.2424],[78.959,16.2517],[78.9916,16.2604],[79.0024,16.2566],[79.0124,16.2643]]],[[[79.0613,15.4968],[79.027,15.4603],[79.0064,15.4616],[78.9971,15.4751],[79.0015,15.5179],[79.0411,15.5478],[79.0614,15.5346],[79.0676,15.5137],[79.0613,15.4968]]],[[[78.9673,14.7035],[78.9826,14.6283],[79.0178,14.5485],[79.0345,14.5466],[79.0531,14.5051],[79.0551,14.4931],[79.0291,14.4582],[78.9916,14.4735],[78.977,14.4676],[78.9521,14.4771],[78.9442,14.4826],[78.9393,14.5067],[78.8931,14.5093],[78.8441,14.5707],[78.8239,14.5807],[78.8447,14.6199],[78.8574,14.6219],[78.8447,14.649],[78.8556,14.6486],[78.8547,14.6843],[78.8803,14.7059],[78.909,14.7094],[78.9304,14.703],[78.9372,14.7174],[78.9487,14.7196],[78.9673,14.7035]]],[[[79.0232,13.5244],[79.0387,13.5093],[79.0385,13.5187],[79.0453,13.5151],[79.0498,13.4918],[79.0418,13.4788],[79.0217,13.4756],[79.0342,13.4704],[79.0255,13.4534],[78.9644,13.4355],[78.9602,13.4221],[78.9385,13.4168],[78.9664,13.3699],[79.0154,13.3899],[79.0267,13.3593],[79.0077,13.3613],[79.0048,13.3398],[78.9886,13.321],[78.9541,13.3194],[78.9315,13.3272],[78.9342,13.3554],[78.9225,13.3549],[78.9192,13.3374],[78.8868,13.3269],[78.8885,13.3086],[78.9286,13.3131],[78.9321,13.2854],[78.8916,13.2665],[78.8574,13.2728],[78.8626,13.2875],[78.8527,13.2966],[78.8234,13.2992],[78.8142,13.3134],[78.8282,13.348],[78.8467,13.3638],[78.8318,13.3848],[78.8324,13.3997],[78.8488,13.4097],[78.834,13.43],[78.843,13.455],[78.8521,13.4502],[78.9109,13.462],[78.9405,13.4765],[78.9281,13.4909],[78.946,13.5113],[78.962,13.5052],[78.9719,13.5159],[79.0232,13.5244]]],[[[78.9784,15.6546],[79.0039,15.6537],[79.0166,15.6384],[79.0336,15.6359],[79.0371,15.6239],[79.0023,15.5638],[78.9853,15.5603],[78.9644,15.5638],[78.961,15.5979],[78.9406,15.6015],[78.9478,15.6361],[78.9568,15.6388],[78.9602,15.6505],[78.9784,15.6546]]],[[[78.9706,15.2095],[78.9835,15.21],[78.9811,15.1907],[78.9904,15.188],[78.9766,15.1655],[78.9603,15.1582],[78.9349,15.1592],[78.9073,15.187],[78.9224,15.2341],[78.9402,15.2445],[78.97,15.2371],[78.9706,15.2095]]],[[[78.9654,12.8698],[78.9409,12.8781],[78.9344,12.8895],[78.9442,12.9091],[78.9652,12.9112],[78.9756,12.9033],[78.9724,12.8728],[78.9654,12.8698]]],[[[78.698,12.0644],[78.7254,12.0638],[78.7411,12.0447],[78.75,12.0496],[78.7825,12.0329],[78.7949,12.0415],[78.8277,12.0423],[78.85,12.0514],[78.8722,12.0515],[78.8829,12.0395],[78.8727,12.0098],[78.851,11.9961],[78.8658,11.9718],[78.8552,11.9461],[78.8681,11.9346],[78.8608,11.9067],[78.7906,11.8994],[78.8307,11.8897],[78.8389,11.8736],[78.8381,11.8611],[78.8093,11.8274],[78.8176,11.82],[78.8224,11.7932],[78.8142,11.7826],[78.7864,11.7763],[78.8015,11.7551],[78.8183,11.7688],[78.8327,11.7609],[78.8467,11.71],[78.8067,11.6789],[78.7812,11.6839],[78.7595,11.6782],[78.7298,11.6655],[78.7003,11.6409],[78.6933,11.6467],[78.6874,11.6269],[78.6011,11.6361],[78.5742,11.6567],[78.5618,11.69],[78.5278,11.6925],[78.53,11.6666],[78.4569,11.6801],[78.4534,11.7061],[78.4833,11.7182],[78.4996,11.7538],[78.5135,11.7571],[78.5384,11.7803],[78.5613,11.7807],[78.5527,11.8],[78.5581,11.8219],[78.5747,11.8367],[78.5862,11.836],[78.5885,11.8579],[78.6113,11.8854],[78.6268,11.9206],[78.6593,11.95],[78.6842,11.9503],[78.6781,11.9288],[78.6847,11.926],[78.6946,11.9651],[78.6824,11.9809],[78.6804,12.0216],[78.687,12.0546],[78.698,12.0644]]],[[[78.8595,12.8339],[78.8572,12.8092],[78.8501,12.8196],[78.8421,12.795],[78.8285,12.7917],[78.8068,12.7035],[78.7928,12.699],[78.7857,12.6687],[78.7888,12.6634],[78.8033,12.6759],[78.8029,12.6585],[78.7698,12.6407],[78.7593,12.6437],[78.7669,12.6549],[78.7631,12.6613],[78.7452,12.6427],[78.7209,12.6388],[78.7072,12.6629],[78.7047,12.6883],[78.6695,12.657],[78.6513,12.6646],[78.6489,12.6943],[78.6594,12.7177],[78.6762,12.7259],[78.7047,12.7079],[78.7126,12.712],[78.7177,12.7323],[78.7491,12.7468],[78.7741,12.728],[78.7735,12.756],[78.7843,12.7621],[78.7556,12.7835],[78.7594,12.8246],[78.8276,12.8597],[78.8479,12.8562],[78.8595,12.8339]]],[[[78.6448,14.3968],[78.662,14.3876],[78.662,14.3576],[78.654,14.3532],[78.6373,14.3522],[78.616,14.3627],[78.6217,14.3732],[78.576,14.3667],[78.6098,14.3592],[78.6311,14.3369],[78.6473,14.336],[78.7413,14.3408],[78.7736,14.3328],[78.8274,14.3717],[78.8446,14.3622],[78.8452,14.3516],[78.8215,14.338],[78.8123,14.2991],[78.8217,14.3042],[78.8184,14.295],[78.7988,14.2925],[78.7956,14.3029],[78.7821,14.2929],[78.7615,14.2951],[78.7759,14.2747],[78.7699,14.2718],[78.7507,14.2818],[78.7463,14.295],[78.6948,14.2967],[78.6674,14.2698],[78.6241,14.2803],[78.6031,14.2729],[78.6104,14.2578],[78.5998,14.2407],[78.5823,14.2397],[78.5857,14.2612],[78.559,14.2498],[78.5332,14.2701],[78.5123,14.2722],[78.4863,14.3048],[78.4389,14.2727],[78.4405,14.2515],[78.4211,14.2478],[78.4004,14.2602],[78.3814,14.2579],[78.3656,14.2756],[78.3694,14.3089],[78.3987,14.3132],[78.43,14.3301],[78.4564,14.3383],[78.4824,14.3308],[78.5321,14.3334],[78.4897,14.3455],[78.4847,14.3595],[78.4901,14.3714],[78.5103,14.3838],[78.5693,14.3965],[78.5981,14.4132],[78.6224,14.4146],[78.6448,14.3968]]],[[[78.7759,15.353],[78.7614,15.3248],[78.7659,15.3096],[78.7842,15.3095],[78.7849,15.2969],[78.7678,15.2933],[78.7526,15.305],[78.7423,15.2572],[78.7603,15.2542],[78.7835,15.2636],[78.7921,15.2807],[78.7885,15.3121],[78.7987,15.3207],[78.8252,15.3172],[78.8285,15.2988],[78.8262,15.2603],[78.8156,15.2377],[78.8259,15.2181],[78.8128,15.0978],[78.8186,15.0783],[78.8056,15.0503],[78.804,15.0223],[78.8196,15.0083],[78.821,14.9844],[78.8129,14.9888],[78.8061,14.9781],[78.7728,14.9644],[78.7623,14.9664],[78.7475,14.993],[78.7244,15.0733],[78.7093,15.0861],[78.6891,15.0888],[78.6848,15.1007],[78.6815,15.155],[78.7001,15.1759],[78.6953,15.1848],[78.7065,15.1899],[78.7026,15.2026],[78.6906,15.2063],[78.6935,15.2233],[78.7034,15.2508],[78.7077,15.2405],[78.7196,15.2498],[78.7175,15.267],[78.7085,15.2698],[78.7132,15.3321],[78.706,15.3106],[78.6728,15.2739],[78.6512,15.2896],[78.658,15.3022],[78.6486,15.345],[78.6514,15.3626],[78.679,15.3806],[78.6741,15.3896],[78.696,15.3988],[78.7129,15.3913],[78.7175,15.3633],[78.7267,15.3554],[78.749,15.43],[78.7661,15.428],[78.7901,15.4102],[78.7946,15.3976],[78.7927,15.38],[78.7759,15.353]]],[[[78.8153,13.4161],[78.8086,13.404],[78.7905,13.4055],[78.7714,13.3918],[78.7582,13.3603],[78.7341,13.3666],[78.7281,13.3757],[78.7388,13.3887],[78.7244,13.4086],[78.7363,13.4188],[78.7281,13.4416],[78.733,13.4548],[78.7729,13.4639],[78.7948,13.4572],[78.8153,13.4161]]],[[[78.7027,11.4735],[78.7056,11.437],[78.6979,11.4188],[78.6489,11.3886],[78.6838,11.3917],[78.6884,11.3783],[78.6557,11.3376],[78.6682,11.3275],[78.7067,11.3424],[78.751,11.3363],[78.7694,11.324],[78.7721,11.3023],[78.7945,11.3061],[78.7972,11.2851],[78.794,11.2655],[78.7632,11.2739],[78.7519,11.2621],[78.7221,11.2556],[78.7175,11.2356],[78.7363,11.2178],[78.7155,11.201],[78.745,11.2014],[78.7508,11.2134],[78.7572,11.2075],[78.7363,11.1844],[78.7405,11.1761],[78.7071,11.1573],[78.6904,11.1772],[78.6743,11.172],[78.6645,11.1519],[78.6468,11.1643],[78.6595,11.1927],[78.6594,11.23],[78.6433,11.2221],[78.6098,11.2214],[78.5899,11.2446],[78.5553,11.2218],[78.5443,11.2269],[78.5362,11.2528],[78.553,11.2737],[78.5461,11.2877],[78.5235,11.3126],[78.5082,11.3202],[78.4991,11.3155],[78.4864,11.3266],[78.4861,11.3421],[78.4992,11.3602],[78.5027,11.3879],[78.5654,11.4488],[78.5846,11.4343],[78.5968,11.4572],[78.6233,11.4621],[78.6386,11.456],[78.6383,11.4695],[78.6554,11.4842],[78.7027,11.4735]]],[[[78.7538,13.285],[78.7409,13.2834],[78.7177,13.2961],[78.7216,13.3153],[78.7437,13.3249],[78.7548,13.3182],[78.749,13.3083],[78.759,13.2973],[78.7538,13.285]]],[[[78.7248,14.8942],[78.7187,14.8874],[78.7001,14.8932],[78.6543,14.9747],[78.6465,15.0481],[78.6646,15.0633],[78.6821,15.0611],[78.6935,14.9931],[78.7378,14.926],[78.7413,14.9127],[78.7248,14.8942]]],[[[78.6981,12.5449],[78.6787,12.5343],[78.6589,12.5398],[78.6303,12.5319],[78.6277,12.5152],[78.6145,12.5103],[78.5918,12.5256],[78.5867,12.5447],[78.5926,12.5721],[78.6201,12.6194],[78.6685,12.6315],[78.6838,12.6245],[78.7071,12.592],[78.6981,12.5449]]],[[[78.6281,12.0059],[78.6307,11.9906],[78.6421,12.0048],[78.6545,12.0058],[78.6634,11.9932],[78.6462,11.9511],[78.6107,11.911],[78.5996,11.9118],[78.5909,11.895],[78.5763,11.8894],[78.5763,11.8739],[78.5473,11.8313],[78.5439,11.822],[78.5516,11.8185],[78.5452,11.8055],[78.526,11.7965],[78.5342,11.8118],[78.5119,11.7941],[78.4776,11.7505],[78.4453,11.7396],[78.424,11.7476],[78.4248,11.7654],[78.3932,11.7355],[78.3763,11.7284],[78.3639,11.7353],[78.3501,11.7302],[78.3328,11.7529],[78.3229,11.739],[78.3097,11.743],[78.3002,11.7654],[78.2353,11.72],[78.1864,11.7121],[78.1735,11.7186],[78.1693,11.7549],[78.152,11.7842],[78.1263,11.7941],[78.1143,11.7907],[78.1115,11.8096],[78.1349,11.8259],[78.1315,11.8384],[78.1516,11.8682],[78.1511,11.8891],[78.1767,11.9175],[78.1804,11.9338],[78.1932,11.9395],[78.2099,11.9349],[78.2163,11.9479],[78.2286,11.9516],[78.2415,11.9506],[78.2505,11.9401],[78.2684,11.9446],[78.2919,11.9356],[78.2902,11.9197],[78.3249,11.9374],[78.3368,11.9293],[78.3417,11.9136],[78.3587,11.9175],[78.3752,11.8827],[78.3596,11.8569],[78.3625,11.8358],[78.3853,11.8711],[78.3879,11.9026],[78.4163,11.9136],[78.4466,11.948],[78.454,11.9716],[78.4757,11.9664],[78.4855,11.9778],[78.5461,11.9941],[78.5492,12.0044],[78.5728,12.0157],[78.5965,12.0614],[78.5769,12.0782],[78.5984,12.1132],[78.6191,12.0996],[78.6289,12.0757],[78.6425,12.0672],[78.6406,12.0213],[78.6281,12.0059]]],[[[78.6275,12.7335],[78.6015,12.7256],[78.5895,12.7103],[78.5658,12.7113],[78.5577,12.7214],[78.5636,12.7403],[78.5804,12.7428],[78.5918,12.7563],[78.5926,12.7869],[78.6198,12.8195],[78.6321,12.7812],[78.6232,12.7627],[78.6275,12.7335]]],[[[78.5673,11.4777],[78.552,11.4665],[78.5419,11.4754],[78.5163,11.4677],[78.4963,11.4839],[78.5154,11.5208],[78.5005,11.5249],[78.4907,11.5448],[78.5341,11.5635],[78.5367,11.5786],[78.5555,11.5838],[78.5726,11.5574],[78.5779,11.5227],[78.5636,11.5113],[78.5737,11.4924],[78.5673,11.4777]]],[[[78.4962,11.6117],[78.5216,11.5935],[78.5223,11.5851],[78.4999,11.5686],[78.4909,11.5713],[78.4781,11.6041],[78.4828,11.6117],[78.4962,11.6117]]],[[[78.3427,11.4722],[78.3618,11.4697],[78.4003,11.4351],[78.4498,11.4277],[78.4537,11.4152],[78.4875,11.4161],[78.4967,11.4003],[78.4684,11.3734],[78.4758,11.3523],[78.4592,11.335],[78.4716,11.3068],[78.4573,11.3002],[78.4552,11.2779],[78.4227,11.2063],[78.4145,11.1945],[78.3541,11.1749],[78.2764,11.1894],[78.2703,11.2632],[78.2866,11.2975],[78.3102,11.3101],[78.3155,11.3241],[78.2661,11.3536],[78.2617,11.3633],[78.2757,11.3892],[78.2777,11.4266],[78.3194,11.4559],[78.3094,11.4753],[78.3211,11.4712],[78.3326,11.4792],[78.3427,11.4722]]],[[[78.4668,10.2439],[78.4541,10.229],[78.4278,10.2434],[78.4062,10.2312],[78.3948,10.252],[78.4147,10.282],[78.438,10.2835],[78.4681,10.2602],[78.4668,10.2439]]],[[[78.3737,11.6848],[78.3624,11.6665],[78.3224,11.672],[78.3073,11.6858],[78.3119,11.6977],[78.348,11.7126],[78.3714,11.6971],[78.3737,11.6848]]],[[[78.3634,11.0551],[78.3603,11.0478],[78.3273,11.0492],[78.3051,11.0597],[78.2864,11.0716],[78.2922,11.1003],[78.3181,11.1091],[78.34,11.1016],[78.3675,11.0631],[78.3634,11.0551]]],[[[78.2966,10.4838],[78.3116,10.4742],[78.3278,10.4763],[78.355,10.4489],[78.3401,10.437],[78.3105,10.4363],[78.3052,10.4426],[78.3111,10.4622],[78.2866,10.4668],[78.2966,10.4838]]],[[[78.1896,11.6545],[78.2408,11.6442],[78.3142,11.6487],[78.3259,11.6135],[78.3104,11.6002],[78.2911,11.5947],[78.2723,11.6029],[78.2698,11.5952],[78.2733,11.5864],[78.2823,11.5928],[78.3234,11.585],[78.3346,11.5492],[78.3513,11.5355],[78.3368,11.487],[78.3207,11.4822],[78.3047,11.4925],[78.3041,11.479],[78.296,11.4815],[78.2906,11.4889],[78.3007,11.4976],[78.2733,11.5139],[78.2302,11.496],[78.1683,11.5035],[78.1701,11.5598],[78.2156,11.5717],[78.2259,11.5819],[78.2085,11.5925],[78.1746,11.5713],[78.1523,11.5874],[78.1534,11.6173],[78.1896,11.6545]]],[[[78.3137,10.3618],[78.266,10.37],[78.2647,10.3826],[78.2889,10.4087],[78.321,10.4205],[78.3243,10.4093],[78.3488,10.3951],[78.3446,10.3803],[78.3137,10.3618]]],[[[78.3369,12.024],[78.3453,12.0098],[78.3437,11.9788],[78.2978,11.9499],[78.2865,11.951],[78.28,12.0035],[78.2896,12.0165],[78.3088,12.017],[78.3214,12.0275],[78.3369,12.024]]],[[[78.2957,10.229],[78.3038,10.2529],[78.3319,10.2587],[78.3397,10.2447],[78.3331,10.2245],[78.3208,10.2168],[78.2957,10.229]]],[[[78.2957,10.229],[78.2855,10.2161],[78.2788,10.2379],[78.2849,10.2391],[78.2957,10.229]]],[[[78.3175,10.2771],[78.3041,10.2707],[78.2886,10.2749],[78.3133,10.2841],[78.3175,10.2771]]],[[[78.2671,12.4584],[78.2808,12.4489],[78.2956,12.4529],[78.3045,12.4429],[78.3081,12.4197],[78.2978,12.4103],[78.2573,12.4172],[78.2675,12.4316],[78.2323,12.4432],[78.2351,12.4689],[78.2671,12.4584]]],[[[78.3062,14.3016],[78.3041,14.2957],[78.2488,14.3112],[78.2156,14.3376],[78.2257,14.3398],[78.3006,14.3118],[78.3062,14.3016]]],[[[78.2886,10.2987],[78.2812,10.2832],[78.2686,10.2958],[78.2851,10.3112],[78.2886,10.2987]]],[[[78.2771,10.1759],[78.2901,10.1609],[78.2658,10.0907],[78.2434,10.0721],[78.1876,10.0596],[78.1799,10.079],[78.2019,10.1374],[78.2236,10.1551],[78.2593,10.1632],[78.2591,10.1695],[78.2771,10.1759]]],[[[78.2872,12.1414],[78.284,12.1066],[78.2552,12.0931],[78.2711,12.0569],[78.2595,12.0355],[78.1918,11.9815],[78.1333,11.9644],[78.1353,11.9572],[78.1491,11.9623],[78.1529,11.9564],[78.1249,11.9266],[78.1134,11.8942],[78.0692,11.8855],[78.0527,11.9094],[78.0554,11.9314],[78.0849,11.9461],[78.0835,11.9529],[78.0748,11.948],[78.0672,11.9534],[78.0624,11.9692],[78.0817,11.9984],[78.0997,12.0017],[78.1191,11.994],[78.1411,12.0304],[78.1763,12.0369],[78.1753,12.0501],[78.1973,12.0805],[78.194,12.1082],[78.2298,12.1416],[78.2391,12.1458],[78.2479,12.1395],[78.2707,12.1537],[78.2872,12.1414]]],[[[78.2445,10.4966],[78.2831,10.4753],[78.2817,10.4527],[78.2743,10.4531],[78.2821,10.4419],[78.2776,10.4336],[78.2689,10.4367],[78.2577,10.4288],[78.2549,10.4142],[78.2355,10.4045],[78.2232,10.4071],[78.2156,10.392],[78.2409,10.3903],[78.2399,10.3519],[78.2682,10.3205],[78.2666,10.294],[78.2149,10.2447],[78.2012,10.2522],[78.1641,10.2448],[78.1478,10.2752],[78.155,10.308],[78.1497,10.3228],[78.1595,10.3449],[78.1988,10.3598],[78.1936,10.3694],[78.1762,10.3614],[78.1649,10.3769],[78.1593,10.408],[78.1908,10.485],[78.2192,10.4981],[78.2445,10.4966]]],[[[78.268,10.531],[78.245,10.5278],[78.226,10.5347],[78.2234,10.5606],[78.2601,10.5934],[78.2767,10.5627],[78.268,10.531]]],[[[78.2528,11.3466],[78.2436,11.3243],[78.2082,11.304],[78.1919,11.3057],[78.1781,11.3253],[78.1919,11.3529],[78.2133,11.3497],[78.2178,11.3403],[78.2444,11.3633],[78.2566,11.3535],[78.2528,11.3466]]],[[[78.1666,10.5561],[78.1726,10.5757],[78.1902,10.5725],[78.1725,10.549],[78.1666,10.5561]]],[[[78.1666,10.5561],[78.13,10.5259],[78.1151,10.5375],[78.098,10.5322],[78.0885,10.5504],[78.1343,10.6259],[78.128,10.6387],[78.1647,10.6534],[78.169,10.6622],[78.1797,10.651],[78.226,10.6362],[78.23,10.6084],[78.2125,10.6027],[78.1932,10.6071],[78.1731,10.5929],[78.1652,10.5794],[78.1666,10.5561]]],[[[78.1198,10.201],[78.1303,10.1971],[78.1618,10.2179],[78.1646,10.207],[78.1744,10.2179],[78.1858,10.2034],[78.1831,10.1599],[78.1595,10.1465],[78.1419,10.1479],[78.1367,10.1364],[78.1116,10.1505],[78.1087,10.1374],[78.0898,10.1322],[78.0782,10.1362],[78.0713,10.1508],[78.0532,10.1268],[78.0138,10.1242],[77.9707,10.1061],[77.9607,10.1074],[77.9505,10.1371],[77.9309,10.151],[77.9318,10.1897],[77.9094,10.2283],[77.9121,10.2427],[77.9321,10.2593],[77.9546,10.2634],[77.9701,10.2981],[77.994,10.3092],[78.0076,10.2887],[78.0233,10.2851],[78.0264,10.2712],[78.054,10.2592],[78.0749,10.2229],[78.1198,10.201]]],[[[78.1322,12.4718],[78.148,12.4581],[78.1568,12.4675],[78.168,12.4358],[78.1649,12.4257],[78.153,12.4258],[78.1497,12.4363],[78.1332,12.3894],[78.1132,12.3929],[78.1102,12.4112],[78.1217,12.4111],[78.1112,12.4213],[78.1145,12.4433],[78.1077,12.4531],[78.1245,12.4759],[78.1322,12.4718]]],[[[78.1322,11.4405],[78.1136,11.4406],[78.1011,11.4587],[78.1005,11.4731],[78.1153,11.4935],[78.099,11.5086],[78.0986,11.5194],[78.1186,11.53],[78.1513,11.495],[78.1587,11.4708],[78.1322,11.4405]]],[[[78.1395,12.357],[78.1122,12.3501],[78.0927,12.3624],[78.1432,12.3862],[78.1487,12.3727],[78.1395,12.357]]],[[[78.0758,11.6362],[78.0923,11.6333],[78.0954,11.6163],[78.0802,11.6029],[78.0562,11.5915],[78.0199,11.6019],[78.018,11.6211],[78.0327,11.6327],[78.0628,11.6418],[78.0758,11.6362]]],[[[78.0711,10.1163],[78.08,10.1035],[78.0583,10.0667],[78.0102,10.0581],[78.0031,10.0682],[78.0123,10.0979],[78.0331,10.113],[78.0711,10.1163]]],[[[78.0232,12.1981],[78.002,12.1728],[77.9797,12.173],[77.9711,12.1868],[77.9719,12.1971],[77.9834,12.1969],[77.9827,12.2272],[78.0098,12.2367],[78.0118,12.2773],[78.0423,12.2883],[78.0569,12.2572],[78.0232,12.1981]]],[[[77.9551,12.4446],[77.9759,12.4097],[77.9681,12.3716],[77.9988,12.3698],[77.9965,12.3307],[77.9786,12.3278],[77.974,12.3135],[77.9613,12.3093],[77.9675,12.3033],[77.9674,12.2718],[77.9811,12.2656],[77.978,12.2526],[77.9531,12.2258],[77.9188,12.2108],[77.9014,12.2168],[77.8933,12.1869],[77.879,12.176],[77.851,12.1802],[77.8511,12.1657],[77.8364,12.1459],[77.8182,12.1365],[77.7999,12.1361],[77.7775,12.1501],[77.7782,12.1842],[77.7562,12.1819],[77.753,12.1884],[77.73,12.1731],[77.7221,12.1344],[77.7051,12.1261],[77.7081,12.1043],[77.7207,12.0917],[77.6918,12.0482],[77.703,12.022],[77.7007,12.0098],[77.6899,11.983],[77.6635,11.9726],[77.6823,11.9529],[77.676,11.9074],[77.6905,11.8865],[77.6793,11.8737],[77.668,11.874],[77.6614,11.8532],[77.667,11.8468],[77.6839,11.8634],[77.6987,11.8637],[77.7042,11.853],[77.6905,11.8136],[77.704,11.8165],[77.7134,11.8075],[77.7132,11.7823],[77.7289,11.7759],[77.757,11.8425],[77.778,11.8333],[77.7697,11.8096],[77.7894,11.8155],[77.7972,11.7971],[77.776,11.7292],[77.7837,11.7302],[77.7992,11.7558],[77.8205,11.7615],[77.8557,11.7967],[77.8717,11.7934],[77.8552,11.7286],[77.8159,11.7165],[77.8094,11.6968],[77.7863,11.6928],[77.7671,11.6792],[77.7472,11.6509],[77.7299,11.6485],[77.7183,11.6333],[77.7008,11.6262],[77.6801,11.6568],[77.6988,11.6986],[77.6878,11.7164],[77.7009,11.7528],[77.6782,11.7301],[77.6644,11.7359],[77.6438,11.699],[77.6125,11.6759],[77.593,11.6784],[77.5906,11.6946],[77.5783,11.6739],[77.5588,11.678],[77.5377,11.5886],[77.5062,11.5681],[77.4932,11.5757],[77.4964,11.5524],[77.483,11.5462],[77.4648,11.549],[77.4348,11.5689],[77.432,11.5536],[77.3942,11.5206],[77.3695,11.5255],[77.3597,11.5364],[77.3439,11.5213],[77.3229,11.5226],[77.3106,11.527],[77.3041,11.5412],[77.3111,11.554],[77.3069,11.5616],[77.3,11.5612],[77.2886,11.539],[77.269,11.5364],[77.2617,11.5447],[77.2249,11.547],[77.2052,11.5727],[77.2134,11.5895],[77.1933,11.5946],[77.1648,11.5798],[77.1431,11.5896],[77.123,11.551],[77.1265,11.5412],[77.1177,11.5196],[77.1095,11.5079],[77.0941,11.5051],[77.0728,11.5203],[77.0459,11.5177],[76.9717,11.5782],[76.9162,11.5739],[76.9062,11.5809],[76.8923,11.5739],[76.8763,11.5965],[76.8478,11.5961],[76.788,11.6134],[76.7624,11.6519],[76.7668,11.6567],[76.8655,11.6494],[76.8698,11.6297],[76.9491,11.6446],[76.9593,11.6242],[76.9722,11.6217],[76.9882,11.6044],[77.0153,11.6103],[77.0176,11.6405],[77.035,11.6701],[77.0387,11.7036],[77.0573,11.7216],[77.045,11.7256],[77.049,11.7604],[77.102,11.7632],[77.1134,11.7798],[77.0963,11.8041],[77.097,11.8216],[77.0768,11.8391],[77.0676,11.8914],[77.0783,11.9053],[77.0895,11.9048],[77.1038,11.9389],[77.0986,11.9911],[77.113,12.0195],[77.1073,12.0431],[77.1469,12.0724],[77.1439,12.1329],[77.1626,12.1479],[77.1741,12.155],[77.1913,12.1292],[77.199,12.0924],[77.2225,12.0825],[77.2216,12.0602],[77.247,12.0255],[77.2484,11.9892],[77.2594,11.9719],[77.2532,11.9524],[77.2589,11.9415],[77.2416,11.9255],[77.2467,11.9067],[77.2176,11.8317],[77.2198,11.7969],[77.2092,11.778],[77.2146,11.7509],[77.2193,11.7609],[77.2458,11.7573],[77.2488,11.7695],[77.2277,11.7717],[77.2239,11.7805],[77.2318,11.8039],[77.2503,11.8154],[77.2682,11.8031],[77.2777,11.8081],[77.2711,11.8206],[77.2733,11.8498],[77.2989,11.8946],[77.2926,11.932],[77.3108,11.9529],[77.3063,11.9895],[77.3209,12.0075],[77.3313,12.0071],[77.3477,11.9764],[77.3371,11.9478],[77.3487,11.887],[77.395,11.8885],[77.3946,11.8982],[77.3781,11.899],[77.3905,11.9064],[77.3828,11.9176],[77.3913,11.9319],[77.4029,11.9347],[77.4064,11.9708],[77.4367,11.9929],[77.4634,11.9815],[77.4558,11.9671],[77.4772,11.9393],[77.4842,11.9409],[77.479,11.9789],[77.4989,11.9925],[77.5082,12.0203],[77.4998,12.0327],[77.516,12.0876],[77.5038,12.1193],[77.5341,12.1821],[77.5362,12.1655],[77.5528,12.1613],[77.5502,12.1842],[77.5751,12.1841],[77.5843,12.2048],[77.5652,12.212],[77.5435,12.207],[77.5345,12.1885],[77.5016,12.1883],[77.4593,12.2091],[77.4605,12.258],[77.4652,12.282],[77.4759,12.2923],[77.4758,12.3113],[77.4972,12.3083],[77.53,12.3175],[77.5815,12.3556],[77.614,12.3363],[77.6482,12.3517],[77.6587,12.3892],[77.651,12.3966],[77.6778,12.3968],[77.6784,12.4071],[77.6625,12.4047],[77.6591,12.4319],[77.6886,12.4545],[77.6883,12.4405],[77.7008,12.4406],[77.7066,12.4322],[77.7013,12.417],[77.7228,12.4201],[77.7361,12.4137],[77.7488,12.3888],[77.7332,12.3725],[77.724,12.3821],[77.724,12.3719],[77.7013,12.3487],[77.6771,12.3462],[77.6655,12.3113],[77.6779,12.2926],[77.706,12.3071],[77.731,12.3002],[77.7299,12.2323],[77.7387,12.2264],[77.7551,12.2421],[77.7502,12.2524],[77.7613,12.2631],[77.7468,12.2623],[77.752,12.2829],[77.7438,12.2937],[77.7634,12.318],[77.7447,12.3527],[77.7562,12.3755],[77.799,12.3779],[77.8111,12.3905],[77.8162,12.378],[77.8293,12.3964],[77.8526,12.3884],[77.8685,12.4245],[77.88,12.4365],[77.8926,12.4362],[77.8914,12.4762],[77.8994,12.5005],[77.936,12.4976],[77.9447,12.4571],[77.9551,12.4446]]],[[[77.8062,12.1292],[77.8163,12.1003],[77.8093,12.0921],[77.7957,12.0932],[77.783,12.0743],[77.7904,12.0541],[77.7802,12.0188],[77.7863,12.0079],[77.7798,11.9998],[77.7705,12.005],[77.7541,11.9707],[77.7322,11.9744],[77.701,12.0022],[77.7345,12.0423],[77.7455,12.0774],[77.7634,12.0959],[77.752,12.1063],[77.7561,12.1245],[77.7893,12.1362],[77.8062,12.1292]]],[[[77.524,12.5795],[77.5343,12.5722],[77.5477,12.58],[77.5669,12.5328],[77.5624,12.5163],[77.5457,12.5061],[77.5012,12.514],[77.4813,12.5312],[77.4781,12.5487],[77.4953,12.5763],[77.524,12.5795]]],[[[77.5573,12.3529],[77.5437,12.3374],[77.5309,12.3387],[77.5342,12.3532],[77.5467,12.3524],[77.5466,12.3612],[77.5592,12.362],[77.5573,12.3529]]],[[[77.2656,12.4093],[77.3014,12.407],[77.3287,12.3878],[77.3623,12.3836],[77.3801,12.3916],[77.3953,12.3839],[77.4121,12.3322],[77.4375,12.3384],[77.4402,12.3084],[77.4104,12.2941],[77.401,12.2778],[77.4165,12.2705],[77.4243,12.254],[77.4431,12.2488],[77.4425,12.234],[77.4223,12.2393],[77.4103,12.2269],[77.3959,12.2284],[77.3599,12.2525],[77.3759,12.271],[77.3367,12.2825],[77.3207,12.3032],[77.2867,12.3059],[77.2531,12.3243],[77.2592,12.3372],[77.2302,12.4057],[77.2472,12.4157],[77.2656,12.4093]]],[[[77.3343,12.2718],[77.3367,12.2588],[77.3488,12.2595],[77.3448,12.2475],[77.3774,12.2334],[77.3863,12.2104],[77.3835,12.1907],[77.3552,12.1887],[77.3494,12.1761],[77.3215,12.1833],[77.2977,12.1727],[77.2852,12.2029],[77.3007,12.1973],[77.3092,12.2162],[77.2984,12.2694],[77.3171,12.274],[77.3209,12.2863],[77.3319,12.2833],[77.3343,12.2718]]],[[[77.2704,12.4559],[77.2645,12.4478],[77.2535,12.4512],[77.2442,12.4772],[77.2465,12.4946],[77.2595,12.4885],[77.2704,12.4559]]],[[[77.2427,12.2727],[77.2589,12.2571],[77.2352,12.2079],[77.2166,12.1978],[77.2085,12.2154],[77.1809,12.201],[77.1624,12.2105],[77.1642,12.2316],[77.1811,12.2586],[77.1925,12.2612],[77.2102,12.2468],[77.2183,12.2642],[77.2158,12.2696],[77.204,12.2603],[77.1918,12.2705],[77.1896,12.2915],[77.2082,12.3186],[77.2409,12.3103],[77.2543,12.287],[77.2427,12.2727]]]]}},{"type":"Feature","properties":{"name":"Southern Aravalli Range","kind":"mountain range","wikidata":null,"area_km2":4762,"source":"GMBA Mountain Inventory v2.0 (CC BY 4.0)"},"geometry":{"type":"MultiPolygon","coordinates":[[[[73.9645,25.7804],[73.9575,25.7793],[73.9578,25.8084],[73.9916,25.8353],[74.0071,25.8313],[73.9789,25.8208],[73.9645,25.7804]]],[[[73.8717,25.6197],[73.8645,25.6082],[73.8406,25.6092],[73.8299,25.6424],[73.8439,25.6708],[73.8924,25.6985],[73.9088,25.68],[73.9055,25.6493],[73.8937,25.6466],[73.8717,25.6197]]],[[[73.5457,24.9894],[73.5677,24.9883],[73.5929,25.0139],[73.5926,25.0281],[73.5749,25.0355],[73.5656,25.0259],[73.5467,25.0281],[73.5405,25.0482],[73.5684,25.0452],[73.5822,25.0637],[73.5733,25.0855],[73.5541,25.0959],[73.5543,25.1128],[73.529,25.109],[73.5254,25.0943],[73.506,25.0809],[73.4966,25.0611],[73.4707,25.0616],[73.4544,25.0403],[73.4373,25.0406],[73.4006,25.0171],[73.3852,24.9933],[73.3915,24.9777],[73.3821,24.9508],[73.3537,24.939],[73.3629,24.917],[73.3571,24.9029],[73.3308,24.8873],[73.3028,24.833],[73.2697,24.8073],[73.2591,24.7653],[73.2426,24.7557],[73.2098,24.7696],[73.2027,24.7419],[73.182,24.7341],[73.1597,24.7117],[73.15,24.6881],[73.1593,24.6651],[73.155,24.6484],[73.1296,24.6309],[73.1251,24.6168],[73.0789,24.6054],[73.0553,24.609],[73.051,24.6211],[73.0655,24.6304],[73.0614,24.6531],[73.0967,24.6748],[73.0988,24.7155],[73.1074,24.7499],[73.119,24.7651],[73.1128,24.7771],[73.1227,24.7918],[73.1392,24.7958],[73.1493,24.8359],[73.1762,24.8389],[73.187,24.8243],[73.2018,24.8169],[73.2116,24.8217],[73.2235,24.8094],[73.228,24.8167],[73.2218,24.8325],[73.2435,24.8482],[73.2471,24.8626],[73.2586,24.8681],[73.2705,24.896],[73.2891,24.9139],[73.2822,24.9325],[73.2923,24.9526],[73.2618,24.9777],[73.2593,24.9907],[73.3053,25.0386],[73.3303,25.0523],[73.3448,25.0473],[73.3553,25.0552],[73.406,25.1144],[73.4462,25.1321],[73.4597,25.1219],[73.5197,25.1697],[73.5365,25.1718],[73.5385,25.1907],[73.5611,25.2017],[73.5731,25.2233],[73.5779,25.2136],[73.5928,25.2261],[73.5927,25.2668],[73.6134,25.3072],[73.6344,25.3227],[73.6412,25.3459],[73.685,25.3763],[73.689,25.3929],[73.7157,25.4093],[73.749,25.4448],[73.7605,25.4794],[73.7899,25.5061],[73.8167,25.5104],[73.8317,25.5363],[73.8343,25.5167],[73.8155,25.4861],[73.8212,25.4751],[73.7905,25.4506],[73.7965,25.4333],[73.7742,25.3826],[73.7215,25.3465],[73.7069,25.3468],[73.6718,25.313],[73.6766,25.2941],[73.6676,25.2613],[73.6446,25.2403],[73.6424,25.1864],[73.6258,25.1591],[73.6091,25.1549],[73.605,25.1111],[73.5867,25.078],[73.6262,25.123],[73.6463,25.1347],[73.643,25.154],[73.6534,25.1925],[73.6753,25.1865],[73.6951,25.199],[73.7438,25.203],[73.7613,25.184],[73.7013,25.1142],[73.6487,25.0258],[73.6153,25.0257],[73.6114,25.0175],[73.6385,25.0154],[73.6426,24.9831],[73.598,24.9191],[73.6025,24.9104],[73.5905,24.899],[73.5885,24.8802],[73.5732,24.8695],[73.548,24.8764],[73.553,24.9386],[73.5468,24.952],[73.5634,24.9615],[73.5457,24.9894]]],[[[73.5457,24.9894],[73.5301,24.9805],[73.4962,24.8979],[73.4756,24.9033],[73.4736,24.9383],[73.5042,25.0042],[73.5319,25.0122],[73.5457,24.9894]]],[[[73.7448,24.3114],[73.7581,24.3131],[73.7763,24.2582],[73.7722,24.2489],[73.768,24.2633],[73.7538,24.2373],[73.7364,24.2307],[73.7466,24.2163],[73.7416,24.2082],[73.724,24.2093],[73.7198,24.2168],[73.7319,24.2326],[73.7485,24.24],[73.7539,24.2605],[73.7345,24.2664],[73.7252,24.288],[73.7052,24.291],[73.7184,24.3192],[73.7448,24.3114]]],[[[73.7299,24.4065],[73.7124,24.3978],[73.6695,24.4034],[73.6531,24.4163],[73.6596,24.4219],[73.6567,24.4462],[73.6761,24.4601],[73.7195,24.4545],[73.7334,24.4436],[73.7299,24.4065]]],[[[73.6364,24.5218],[73.6393,24.5093],[73.6478,24.5169],[73.6521,24.4809],[73.6453,24.4483],[73.6219,24.4339],[73.6352,24.3636],[73.6291,24.3519],[73.6052,24.3609],[73.6123,24.3863],[73.6043,24.433],[73.6134,24.4681],[73.6056,24.4868],[73.6308,24.5279],[73.6364,24.5218]]],[[[73.5876,24.579],[73.5837,24.5424],[73.5677,24.5251],[73.5626,24.4904],[73.5714,24.3743],[73.5603,24.3644],[73.5212,24.3635],[73.5148,24.3778],[73.501,24.3803],[73.496,24.4131],[73.5035,24.4369],[73.5001,24.4687],[73.511,24.5031],[73.501,24.5173],[73.53,24.535],[73.5336,24.555],[73.5321,24.5741],[73.5152,24.5783],[73.5114,24.5948],[73.5191,24.6112],[73.5547,24.5739],[73.5632,24.6098],[73.5746,24.6196],[73.5863,24.6076],[73.5876,24.579]]],[[[73.4279,24.6031],[73.4149,24.6035],[73.4022,24.6188],[73.4019,24.6516],[73.4437,24.7291],[73.4574,24.7399],[73.4867,24.7451],[73.5071,24.731],[73.5015,24.7017],[73.4724,24.6782],[73.477,24.6592],[73.4489,24.6571],[73.4602,24.6199],[73.4372,24.6175],[73.4279,24.6031]]],[[[73.3759,24.7603],[73.3865,24.7549],[73.3775,24.7134],[73.405,24.7426],[73.4259,24.7446],[73.4322,24.7325],[73.4196,24.7175],[73.4135,24.6925],[73.3745,24.6628],[73.3509,24.6238],[73.3426,24.5384],[73.3356,24.5268],[73.3133,24.5216],[73.3135,24.5123],[73.3406,24.505],[73.3535,24.4858],[73.3063,24.3809],[73.2961,24.3413],[73.3072,24.3237],[73.3139,24.3573],[73.3271,24.3599],[73.335,24.395],[73.3552,24.4092],[73.38,24.3798],[73.3865,24.3925],[73.3913,24.3825],[73.4089,24.3775],[73.4117,24.366],[73.4336,24.3642],[73.4509,24.3286],[73.4352,24.3023],[73.4197,24.2944],[73.4248,24.2846],[73.4506,24.305],[73.4368,24.2823],[73.4336,24.2525],[73.4779,24.2287],[73.4632,24.2112],[73.4526,24.2114],[73.4373,24.2259],[73.4172,24.1742],[73.3904,24.1803],[73.3906,24.201],[73.4023,24.2067],[73.3926,24.2282],[73.3972,24.237],[73.4322,24.245],[73.4229,24.2722],[73.3933,24.2426],[73.3906,24.2824],[73.403,24.2949],[73.3936,24.3009],[73.3842,24.2843],[73.3863,24.3095],[73.3625,24.3244],[73.357,24.352],[73.3472,24.3571],[73.3322,24.332],[73.321,24.3321],[73.332,24.2894],[73.2988,24.2238],[73.2968,24.2007],[73.2729,24.1674],[73.2951,24.1221],[73.3219,24.0985],[73.3523,24.0985],[73.3488,24.0649],[73.3301,24.0469],[73.3278,24.0307],[73.2927,24.0399],[73.2787,24.0305],[73.2853,24.004],[73.2662,24.0144],[73.278,24.0473],[73.2715,24.053],[73.2289,24.0259],[73.2114,24.0451],[73.2238,24.0788],[73.2086,24.0889],[73.2052,24.1137],[73.2135,24.1448],[73.2259,24.1449],[73.2035,24.1597],[73.1991,24.1696],[73.2109,24.1655],[73.1886,24.1872],[73.186,24.2058],[73.1885,24.2156],[73.2073,24.2261],[73.2156,24.2845],[73.2363,24.3202],[73.2301,24.3452],[73.249,24.4938],[73.27,24.5409],[73.2695,24.553],[73.2484,24.5405],[73.2491,24.5715],[73.233,24.5998],[73.2406,24.6071],[73.2407,24.625],[73.2531,24.628],[73.2634,24.5945],[73.2748,24.6297],[73.2909,24.6304],[73.2899,24.6816],[73.3346,24.6947],[73.3341,24.7188],[73.3551,24.7593],[73.363,24.7709],[73.376,24.7675],[73.3759,24.7603]]],[[[73.4563,24.512],[73.4565,24.4452],[73.439,24.4438],[73.4261,24.4576],[73.4261,24.4263],[73.3999,24.4061],[73.3845,24.4074],[73.374,24.4592],[73.3804,24.4998],[73.405,24.5017],[73.4148,24.5484],[73.4293,24.5538],[73.4563,24.5398],[73.4563,24.512]]],[[[73.1612,23.9094],[73.1483,23.9097],[73.1334,23.9396],[73.1542,23.9944],[73.172,23.9966],[73.1854,23.9868],[73.1699,23.9345],[73.175,23.9213],[73.1612,23.9094]]],[[[73.1322,24.4659],[73.1355,24.4551],[73.1439,24.4584],[73.1653,24.4925],[73.1586,24.4618],[73.1399,24.4416],[73.1264,24.4488],[73.1041,24.4269],[73.0927,24.4285],[73.0975,24.4376],[73.0843,24.4532],[73.102,24.5085],[73.1422,24.5091],[73.1488,24.4869],[73.1322,24.4659]]],[[[73.03,24.5093],[73.0074,24.5092],[73.001,24.5202],[73.0208,24.5862],[73.0548,24.5625],[73.0576,24.5471],[73.0539,24.5303],[73.03,24.5093]]],[[[72.9988,24.3385],[72.9791,24.3249],[72.951,24.3325],[72.9632,24.3458],[72.9369,24.3668],[72.9177,24.4002],[72.9288,24.4342],[72.9749,24.4467],[72.9969,24.4281],[73.0102,24.3969],[73.0002,24.3685],[73.0075,24.3519],[72.9988,24.3385]]],[[[72.9155,24.5051],[72.8889,24.486],[72.8812,24.4615],[72.8635,24.4485],[72.878,24.4345],[72.8656,24.4324],[72.8652,24.4222],[72.8913,24.408],[72.8904,24.3861],[72.9113,24.3667],[72.901,24.3483],[72.9091,24.3451],[72.9205,24.3529],[72.9268,24.3459],[72.9197,24.3326],[72.9321,24.3378],[72.9341,24.3103],[72.9158,24.3023],[72.901,24.2733],[72.904,24.2615],[72.9134,24.2611],[72.9216,24.2863],[72.9257,24.2655],[72.9439,24.2694],[72.9507,24.2529],[72.9315,24.2323],[72.9152,24.2359],[72.9055,24.2074],[72.8927,24.2011],[72.8956,24.1769],[72.8857,24.1619],[72.8635,24.1521],[72.8801,24.1512],[72.9,24.1374],[72.9081,24.1269],[72.9044,24.1151],[72.8843,24.1009],[72.8495,24.0959],[72.8406,24.1089],[72.8436,24.1517],[72.8582,24.1611],[72.8536,24.1829],[72.8594,24.1883],[72.8513,24.2036],[72.8731,24.2158],[72.8532,24.2365],[72.842,24.1957],[72.8481,24.1841],[72.844,24.154],[72.8286,24.1463],[72.8157,24.1265],[72.8048,24.0922],[72.7957,24.0874],[72.7601,24.0937],[72.751,24.1056],[72.7563,24.1267],[72.7801,24.1486],[72.7781,24.1551],[72.7531,24.159],[72.7537,24.1823],[72.7867,24.2029],[72.8057,24.1958],[72.8102,24.1864],[72.8416,24.2255],[72.8206,24.2521],[72.828,24.259],[72.8358,24.3071],[72.8426,24.3074],[72.8394,24.2968],[72.8556,24.2996],[72.8899,24.3169],[72.8907,24.3363],[72.8732,24.3437],[72.8554,24.3669],[72.8485,24.3925],[72.8017,24.3836],[72.793,24.3917],[72.7802,24.4224],[72.7842,24.4404],[72.8731,24.5159],[72.9111,24.5613],[72.9504,24.58],[72.9634,24.5723],[72.96,24.5389],[72.942,24.5355],[72.9155,24.5051]]],[[[72.9052,25.1615],[72.8905,25.0986],[72.8791,25.0811],[72.8717,25.0821],[72.8468,25.1095],[72.8542,25.1306],[72.8498,25.1384],[72.843,25.1242],[72.8322,25.1337],[72.8451,25.1646],[72.8503,25.1675],[72.858,25.1558],[72.87,25.1677],[72.8695,25.2069],[72.8823,25.2658],[72.8969,25.2928],[72.924,25.282],[72.9343,25.2486],[72.902,25.2049],[72.9093,25.186],[72.9052,25.1615]]],[[[72.9088,24.9515],[72.9217,24.9478],[72.8976,24.9084],[72.8781,24.8904],[72.8643,24.8888],[72.8622,24.9055],[72.8811,24.9506],[72.9088,24.9515]]],[[[72.8967,24.7886],[72.8749,24.7686],[72.8324,24.7832],[72.8344,24.8196],[72.8602,24.8245],[72.8583,24.8427],[72.8708,24.8613],[72.8935,24.8564],[72.8967,24.7886]]],[[[72.857,24.7309],[72.8797,24.7073],[72.8781,24.6758],[72.8253,24.5807],[72.8118,24.5744],[72.7967,24.5295],[72.7811,24.5136],[72.746,24.5061],[72.7271,24.5161],[72.7108,24.5089],[72.7062,24.4978],[72.6924,24.5032],[72.6798,24.5319],[72.6459,24.5433],[72.6406,24.5783],[72.6514,24.5832],[72.6763,24.6221],[72.7362,24.6671],[72.7582,24.7021],[72.7833,24.7172],[72.857,24.7309]]],[[[72.8755,25.5896],[72.8603,25.5686],[72.8408,25.5776],[72.8347,25.5891],[72.8339,25.6228],[72.8664,25.6436],[72.8821,25.6129],[72.8755,25.5896]]],[[[72.7821,24.2656],[72.7785,24.2532],[72.7683,24.2535],[72.7588,24.2423],[72.7562,24.2269],[72.7261,24.2399],[72.7404,24.2524],[72.7244,24.2599],[72.7225,24.2755],[72.7503,24.3006],[72.7858,24.2753],[72.7821,24.2656]]],[[[72.7716,25.304],[72.7666,25.2619],[72.722,25.2558],[72.7207,25.2394],[72.6927,25.2534],[72.7102,25.2964],[72.7289,25.3044],[72.742,25.2994],[72.7552,25.3088],[72.7716,25.304]]],[[[72.7344,24.3736],[72.7344,24.3533],[72.7191,24.3187],[72.6931,24.3166],[72.6763,24.3341],[72.6486,24.3154],[72.6117,24.3248],[72.6093,24.3482],[72.6241,24.3579],[72.6239,24.3762],[72.6333,24.39],[72.6583,24.3925],[72.6726,24.3699],[72.6823,24.3676],[72.7014,24.4002],[72.7158,24.4029],[72.7287,24.3941],[72.7344,24.3736]]],[[[72.6207,24.2311],[72.6428,24.2312],[72.6604,24.2457],[72.709,24.239],[72.7148,24.2032],[72.6953,24.2038],[72.6643,24.1679],[72.616,24.142],[72.5963,24.2183],[72.6006,24.2279],[72.6207,24.2311]]],[[[72.6207,24.2311],[72.6121,24.2326],[72.5969,24.2448],[72.6019,24.2504],[72.6321,24.2482],[72.6207,24.2311]]],[[[72.5763,25.3624],[72.5947,25.3465],[72.6193,25.3505],[72.6326,25.3422],[72.637,25.3227],[72.6315,25.3116],[72.6075,25.3075],[72.5916,25.2957],[72.5484,25.3095],[72.5443,25.355],[72.5498,25.3648],[72.5722,25.3717],[72.5763,25.3624]]],[[[72.5831,24.5008],[72.6256,24.4936],[72.6202,24.4632],[72.6031,24.4409],[72.6134,24.4249],[72.5835,24.4199],[72.5747,24.4298],[72.5145,24.3707],[72.5055,24.3819],[72.4828,24.3764],[72.4416,24.3976],[72.4306,24.3905],[72.4315,24.4133],[72.445,24.4072],[72.4804,24.4445],[72.5451,24.4471],[72.5568,24.4814],[72.5831,24.5008]]],[[[72.5172,25.6269],[72.5181,25.6119],[72.4789,25.5656],[72.456,25.5546],[72.4278,25.5544],[72.402,25.5376],[72.3891,25.5446],[72.3795,25.5378],[72.376,25.5296],[72.3985,25.5161],[72.4438,25.5279],[72.4684,25.5104],[72.4717,25.5027],[72.4483,25.4838],[72.4361,25.4842],[72.4225,25.4584],[72.3853,25.4436],[72.3626,25.4443],[72.3214,25.4463],[72.3019,25.462],[72.2983,25.4928],[72.3206,25.515],[72.3467,25.4999],[72.334,25.5284],[72.2704,25.5443],[72.2678,25.5731],[72.295,25.5847],[72.3024,25.6027],[72.3432,25.6196],[72.3738,25.5946],[72.4079,25.5832],[72.4656,25.624],[72.4874,25.6147],[72.5009,25.6289],[72.4885,25.6345],[72.5008,25.6402],[72.5178,25.6356],[72.5172,25.6269]]],[[[72.4988,24.6888],[72.5009,24.6762],[72.4879,24.6607],[72.4691,24.6615],[72.4624,24.6519],[72.4401,24.657],[72.422,24.68],[72.4193,24.6603],[72.4027,24.653],[72.3828,24.6638],[72.3747,24.6846],[72.3963,24.7122],[72.4367,24.7241],[72.4585,24.7446],[72.4777,24.7336],[72.4988,24.6888]]],[[[72.4363,24.8343],[72.4343,24.8275],[72.4527,24.8203],[72.4572,24.8078],[72.4489,24.78],[72.4345,24.7577],[72.3978,24.7374],[72.3863,24.7384],[72.3619,24.7675],[72.3725,24.7829],[72.3651,24.8077],[72.3493,24.8151],[72.3551,24.8357],[72.3361,24.826],[72.3371,24.8499],[72.3581,24.8641],[72.3727,24.8611],[72.393,24.8343],[72.4015,24.8387],[72.4002,24.8707],[72.3717,24.9051],[72.3786,24.9353],[72.3912,24.9404],[72.4253,24.9247],[72.4384,24.8835],[72.4419,24.8425],[72.4363,24.8343]]]]}},{"type":"Feature","properties":{"name":"Southern Western Ghats","kind":"mountain range","wikidata":null,"area_km2":21011,"source":"GMBA Mountain Inventory v2.0 (CC BY 4.0)"},"geometry":{"type":"MultiPolygon","coordinates":[[[[77.9422,10.6536],[77.9377,10.6336],[77.904,10.6307],[77.8844,10.6102],[77.8929,10.5865],[77.8833,10.5534],[77.8749,10.5457],[77.8536,10.5518],[77.8478,10.5772],[77.866,10.6097],[77.8682,10.6427],[77.8766,10.6527],[77.8929,10.6491],[77.9205,10.6661],[77.9422,10.6536]]],[[[77.8558,10.2107],[77.8437,10.2147],[77.8627,10.2236],[77.8644,10.2166],[77.8558,10.2107]]],[[[76.6466,10.582],[76.6655,10.5747],[76.7566,10.5869],[76.798,10.5678],[76.8378,10.5614],[76.8494,10.5695],[76.8622,10.5606],[76.8696,10.5076],[76.8593,10.4932],[76.8689,10.4796],[76.8963,10.4936],[76.9289,10.4925],[76.9383,10.482],[76.9832,10.4698],[76.9898,10.5029],[77.001,10.5129],[77.0434,10.5244],[77.0701,10.5173],[77.0735,10.4871],[77.0815,10.4843],[77.1041,10.5071],[77.1208,10.5026],[77.1297,10.4927],[77.1286,10.4739],[77.1426,10.4815],[77.1573,10.4694],[77.1701,10.4891],[77.1827,10.4883],[77.1953,10.4676],[77.2054,10.4731],[77.2471,10.4593],[77.2535,10.4764],[77.2693,10.4755],[77.2796,10.4835],[77.2988,10.4663],[77.29,10.4406],[77.2597,10.4326],[77.2424,10.4094],[77.2586,10.3864],[77.2685,10.3933],[77.2735,10.4151],[77.3032,10.4234],[77.3228,10.4127],[77.3547,10.4363],[77.3709,10.425],[77.3669,10.4063],[77.3833,10.3958],[77.4104,10.4076],[77.4185,10.4047],[77.4178,10.3827],[77.4394,10.3883],[77.4783,10.3694],[77.4988,10.3693],[77.4802,10.381],[77.4925,10.3968],[77.5253,10.4007],[77.5317,10.3869],[77.5669,10.4098],[77.5876,10.4025],[77.5979,10.4187],[77.6839,10.4648],[77.6905,10.4612],[77.7478,10.4883],[77.784,10.4645],[77.7846,10.4542],[77.7708,10.4374],[77.7691,10.4093],[77.7899,10.4098],[77.8171,10.3939],[77.8421,10.3569],[77.8265,10.3346],[77.8073,10.3323],[77.8342,10.309],[77.8314,10.2973],[77.8057,10.2953],[77.7968,10.2838],[77.8023,10.2694],[77.7909,10.249],[77.7604,10.258],[77.7473,10.2489],[77.699,10.2601],[77.7109,10.2459],[77.733,10.239],[77.753,10.2132],[77.7496,10.1991],[77.7377,10.1959],[77.7121,10.2104],[77.6958,10.1922],[77.6832,10.1929],[77.6693,10.1822],[77.6218,10.2021],[77.634,10.1951],[77.6362,10.1799],[77.6488,10.1686],[77.6463,10.1593],[77.6348,10.1386],[77.5897,10.1314],[77.57,10.136],[77.5635,10.1453],[77.5818,10.1778],[77.5704,10.1739],[77.5576,10.1883],[77.5193,10.1556],[77.4802,10.1391],[77.4964,10.1265],[77.5076,10.0973],[77.484,10.064],[77.4499,10.0484],[77.4413,10.0309],[77.3896,10.0051],[77.3849,10.0317],[77.3511,10.0366],[77.3517,10.063],[77.3228,10.0738],[77.3122,10.0649],[77.3217,10.0526],[77.301,10.0314],[77.3036,10.0213],[77.3258,10.0185],[77.3268,10.002],[77.3072,9.9855],[77.2991,9.9557],[77.2757,9.9349],[77.2762,9.9262],[77.2541,9.9132],[77.2408,9.8945],[77.2456,9.8789],[77.2757,9.8648],[77.2734,9.8477],[77.2552,9.8286],[77.2644,9.8208],[77.2919,9.8268],[77.3013,9.8086],[77.2845,9.7801],[77.2553,9.7804],[77.2503,9.7683],[77.2573,9.7506],[77.2301,9.7074],[77.2152,9.6735],[77.2159,9.6566],[77.2032,9.6484],[77.2028,9.6384],[77.218,9.6363],[77.2443,9.6097],[77.2668,9.6163],[77.2805,9.6732],[77.3093,9.6923],[77.3279,9.6953],[77.3322,9.7239],[77.3608,9.7717],[77.3753,9.7722],[77.3841,9.7593],[77.4236,9.7715],[77.4492,9.8309],[77.5027,9.8728],[77.5172,9.9028],[77.5392,9.9134],[77.553,9.9097],[77.549,9.8931],[77.5623,9.8896],[77.5973,9.905],[77.6262,9.8911],[77.6342,9.9109],[77.6157,9.9153],[77.6068,9.9398],[77.616,9.9524],[77.6419,9.9592],[77.6528,9.9447],[77.6451,10.0018],[77.6559,10.0092],[77.6829,9.9843],[77.6878,9.9901],[77.6763,9.9937],[77.6685,10.0195],[77.6532,10.0225],[77.6525,10.0414],[77.6651,10.0473],[77.6754,10.0653],[77.688,10.0717],[77.7007,10.0679],[77.7028,10.0447],[77.709,10.0592],[77.7164,10.0509],[77.719,10.0673],[77.731,10.0715],[77.7446,10.072],[77.7389,10.0642],[77.7743,10.0524],[77.7907,10.0216],[77.7643,9.9771],[77.7555,9.9676],[77.7498,9.9784],[77.71,9.9834],[77.7068,9.9574],[77.7342,9.9524],[77.7611,9.9647],[77.7759,9.9574],[77.7614,9.9402],[77.7851,9.9336],[77.7967,9.9193],[77.7713,9.9085],[77.7493,9.8878],[77.7075,9.8903],[77.6974,9.9007],[77.6845,9.9012],[77.6539,9.8689],[77.6357,9.8075],[77.6491,9.7853],[77.7089,9.7594],[77.7121,9.7426],[77.7285,9.7529],[77.7854,9.7526],[77.7905,9.743],[77.7715,9.7316],[77.772,9.7199],[77.7612,9.7116],[77.7386,9.7107],[77.7284,9.7217],[77.7097,9.6867],[77.6827,9.676],[77.6494,9.6791],[77.6439,9.6988],[77.6322,9.6968],[77.6093,9.6886],[77.613,9.6792],[77.6031,9.6724],[77.6062,9.6821],[77.5964,9.6794],[77.5499,9.6384],[77.5366,9.6488],[77.5302,9.6434],[77.527,9.6261],[77.5362,9.6093],[77.5923,9.63],[77.6033,9.6267],[77.6166,9.6047],[77.6696,9.5929],[77.6668,9.5662],[77.6594,9.5623],[77.6634,9.5755],[77.6129,9.5581],[77.6022,9.5654],[77.5866,9.5469],[77.5576,9.5356],[77.5539,9.5239],[77.51,9.5209],[77.5016,9.504],[77.4898,9.4999],[77.4711,9.5061],[77.4579,9.5019],[77.4398,9.4734],[77.4329,9.4374],[77.3937,9.4205],[77.3783,9.3946],[77.3846,9.358],[77.3803,9.3305],[77.3544,9.302],[77.3717,9.2546],[77.3669,9.2427],[77.3517,9.2403],[77.3343,9.2242],[77.3292,9.1994],[77.3499,9.1784],[77.3779,9.1678],[77.3822,9.1516],[77.3278,9.1234],[77.3066,9.1278],[77.2968,9.115],[77.3092,9.0861],[77.3027,9.0796],[77.2885,9.0802],[77.2492,9.0572],[77.2296,9.0669],[77.2185,9.0156],[77.1801,9.0157],[77.1913,8.9909],[77.2175,8.9781],[77.2239,8.9587],[77.2413,8.9409],[77.2742,8.9383],[77.3343,8.8729],[77.324,8.8502],[77.3231,8.8083],[77.3114,8.797],[77.3611,8.7576],[77.3683,8.7124],[77.4071,8.6885],[77.4108,8.6669],[77.3926,8.6494],[77.406,8.6308],[77.4204,8.6519],[77.4456,8.6582],[77.4661,8.6329],[77.4959,8.6148],[77.5217,8.6194],[77.5252,8.6371],[77.5361,8.6423],[77.5363,8.6654],[77.5485,8.6696],[77.578,8.6386],[77.5572,8.6238],[77.5516,8.6051],[77.555,8.58],[77.5655,8.5699],[77.5574,8.5489],[77.5052,8.5541],[77.5114,8.5174],[77.5509,8.4739],[77.5551,8.4575],[77.5301,8.4365],[77.5592,8.4075],[77.5435,8.3574],[77.5484,8.3383],[77.5375,8.3248],[77.5655,8.2851],[77.5487,8.259],[77.5199,8.2595],[77.5036,8.2463],[77.4867,8.2531],[77.467,8.2405],[77.4579,8.2438],[77.4489,8.2557],[77.4548,8.2709],[77.4508,8.2999],[77.4612,8.3049],[77.4614,8.3154],[77.4485,8.3259],[77.4296,8.3161],[77.418,8.3272],[77.4188,8.3406],[77.4071,8.3551],[77.4102,8.3877],[77.3955,8.3988],[77.3865,8.3951],[77.3865,8.3784],[77.3654,8.3733],[77.3607,8.3543],[77.3074,8.3736],[77.2947,8.4048],[77.2987,8.4174],[77.3154,8.4302],[77.328,8.4299],[77.3221,8.4459],[77.3426,8.439],[77.3261,8.4521],[77.3177,8.4884],[77.2682,8.4506],[77.2327,8.4426],[77.1942,8.4604],[77.1727,8.5526],[77.1544,8.5551],[77.1386,8.574],[77.1738,8.6215],[77.1545,8.6488],[77.1319,8.6343],[77.1194,8.6429],[77.103,8.6694],[77.1238,8.6964],[77.0898,8.7056],[77.0779,8.7198],[77.0695,8.7365],[77.0699,8.7692],[77.049,8.7733],[77.0455,8.7935],[77.0573,8.7948],[77.0727,8.8107],[77.0697,8.8246],[77.0819,8.8285],[77.0885,8.8467],[77.0937,8.8624],[77.0801,8.8941],[77.0931,8.9026],[77.1218,8.897],[77.1135,8.9072],[77.1225,8.9072],[77.128,8.924],[77.0661,8.9502],[76.9976,8.9933],[76.9761,9.0263],[76.9901,9.0435],[76.9789,9.0828],[76.9976,9.1182],[77.0121,9.1257],[77.0226,9.098],[77.0481,9.0983],[77.0488,9.0865],[77.0582,9.1039],[77.0717,9.1075],[77.0694,9.1255],[77.0211,9.1361],[76.9651,9.1821],[76.9569,9.1733],[76.9245,9.1808],[76.9193,9.2026],[76.9074,9.2055],[76.9051,9.2214],[76.9231,9.2658],[76.9114,9.2973],[76.9191,9.3203],[76.9051,9.3316],[76.915,9.3347],[76.8674,9.3658],[76.8609,9.4016],[76.8618,9.4134],[76.8709,9.4086],[76.8967,9.423],[76.8876,9.4382],[76.8905,9.4594],[76.8781,9.4617],[76.9242,9.4978],[76.9185,9.525],[76.9038,9.5297],[76.8949,9.5435],[76.8648,9.5406],[76.8486,9.5491],[76.8438,9.5689],[76.8059,9.5912],[76.8033,9.6149],[76.8219,9.6594],[76.8154,9.6941],[76.7862,9.703],[76.7724,9.7363],[76.7779,9.7479],[76.7681,9.7426],[76.751,9.7604],[76.7598,9.7646],[76.7574,9.7796],[76.7356,9.7785],[76.7039,9.7919],[76.6739,9.8289],[76.6824,9.8428],[76.6976,9.8426],[76.7016,9.8552],[76.7265,9.8402],[76.7534,9.8425],[76.7839,9.8322],[76.7821,9.8594],[76.7691,9.8683],[76.7763,9.8973],[76.7932,9.905],[76.8063,9.8909],[76.8224,9.8884],[76.8572,9.9032],[76.8377,9.9162],[76.8383,9.9455],[76.8108,9.9616],[76.7918,9.9939],[76.7736,9.9967],[76.7489,10.0169],[76.7567,10.028],[76.7485,10.0397],[76.7495,10.0564],[76.712,10.1008],[76.728,10.0932],[76.7232,10.1019],[76.6915,10.1268],[76.6889,10.1439],[76.6702,10.1593],[76.6677,10.1684],[76.6792,10.1821],[76.6548,10.1716],[76.6007,10.1918],[76.5777,10.1844],[76.5704,10.2002],[76.577,10.2061],[76.5705,10.2523],[76.5641,10.2592],[76.5386,10.2466],[76.5275,10.2675],[76.4928,10.2747],[76.4808,10.2904],[76.4663,10.2822],[76.446,10.2932],[76.4364,10.3188],[76.4523,10.3225],[76.4571,10.3351],[76.4465,10.3384],[76.4469,10.346],[76.4614,10.3657],[76.4705,10.3552],[76.4967,10.3473],[76.4858,10.3713],[76.4563,10.3809],[76.4382,10.4194],[76.416,10.4229],[76.4039,10.4352],[76.356,10.455],[76.3492,10.4686],[76.3513,10.5099],[76.4099,10.5238],[76.4376,10.5189],[76.4719,10.533],[76.5145,10.5237],[76.5411,10.4926],[76.5543,10.508],[76.5988,10.5265],[76.5908,10.5433],[76.6009,10.5524],[76.6321,10.5435],[76.6219,10.5847],[76.6377,10.592],[76.6466,10.582]]],[[[77.8344,9.9237],[77.8249,9.9124],[77.8151,9.9136],[77.8073,9.9293],[77.8171,9.9467],[77.8289,9.9441],[77.8344,9.9237]]],[[[77.8237,10.1114],[77.7978,10.1183],[77.7919,10.1281],[77.7886,10.1502],[77.7953,10.1589],[77.8182,10.1566],[77.8261,10.1469],[77.8328,10.1268],[77.8237,10.1114]]],[[[77.6997,9.7811],[77.6845,9.7759],[77.674,9.7883],[77.6958,9.7877],[77.6997,9.7811]]],[[[77.5384,8.1718],[77.522,8.172],[77.5161,8.1948],[77.4886,8.2081],[77.5057,8.2395],[77.5316,8.2452],[77.5507,8.2367],[77.5595,8.1885],[77.5526,8.174],[77.5384,8.1718]]],[[[77.3904,8.1927],[77.3762,8.1929],[77.3686,8.2333],[77.3198,8.2588],[77.335,8.2953],[77.3239,8.319],[77.3274,8.3317],[77.3689,8.3467],[77.3765,8.3438],[77.3757,8.3348],[77.418,8.308],[77.4404,8.2686],[77.426,8.2543],[77.4221,8.2225],[77.3904,8.1927]]],[[[76.3853,11.4936],[76.3756,11.5201],[76.3828,11.5402],[76.4053,11.5587],[76.4223,11.5571],[76.439,11.5318],[76.436,11.5053],[76.4018,11.4897],[76.3853,11.4936]]],[[[76.3853,11.4936],[76.3917,11.4827],[76.4228,11.4804],[76.454,11.4453],[76.4654,11.4506],[76.463,11.485],[76.5655,11.5442],[76.5618,11.5688],[76.5868,11.5805],[76.6066,11.6335],[76.6264,11.6438],[76.6582,11.6428],[76.6765,11.6291],[76.7042,11.6383],[76.7204,11.6331],[76.7334,11.6487],[76.7624,11.6519],[76.788,11.6134],[76.8478,11.5961],[76.8763,11.5965],[76.8923,11.5739],[76.9062,11.5809],[76.9162,11.5739],[76.9411,11.5803],[76.9862,11.5448],[76.996,11.5234],[76.9864,11.5107],[77.0082,11.5058],[77.0405,11.4823],[77.0492,11.4612],[77.049,11.4303],[77.0407,11.4177],[76.9968,11.4041],[77.0072,11.3899],[76.9984,11.376],[76.9822,11.378],[76.9759,11.3558],[76.9453,11.3324],[76.8885,11.3287],[76.8889,11.3035],[76.8739,11.2887],[76.87,11.2564],[76.8449,11.2427],[76.8308,11.2221],[76.8073,11.2178],[76.7959,11.1867],[76.8008,11.1593],[76.8217,11.1562],[76.8425,11.1925],[76.855,11.1928],[76.859,11.1847],[76.8925,11.2008],[76.9083,11.2325],[76.9248,11.2381],[76.9461,11.2329],[76.9572,11.2192],[76.9539,11.21],[76.9421,11.201],[76.9239,11.201],[76.9173,11.1652],[76.8926,11.1517],[76.8985,11.1434],[76.9125,11.1506],[76.9175,11.1409],[76.92,11.1098],[76.9119,11.0907],[76.8537,11.0967],[76.8322,11.0782],[76.8881,11.0648],[76.8915,11.0516],[76.8677,11.0413],[76.8759,11.0292],[76.8712,11.0167],[76.8214,11.0167],[76.7904,11.0113],[76.7824,11.003],[76.7458,11.0064],[76.7343,10.9922],[76.7405,10.9771],[76.7348,10.968],[76.6989,10.9544],[76.751,10.9195],[76.7838,10.9155],[76.7891,10.9252],[76.8218,10.9417],[76.8626,10.9211],[76.8918,10.9341],[76.9167,10.9346],[76.9395,10.9116],[76.936,10.8971],[76.9147,10.8889],[76.898,10.8995],[76.8429,10.8697],[76.8262,10.878],[76.824,10.8345],[76.7344,10.807],[76.7173,10.857],[76.693,10.8545],[76.6574,10.878],[76.651,10.869],[76.6863,10.8367],[76.6719,10.8258],[76.6428,10.8305],[76.6267,10.8509],[76.5873,10.8511],[76.5539,10.879],[76.5419,10.8934],[76.5468,10.9194],[76.5141,10.9534],[76.519,10.9732],[76.5334,10.9842],[76.5481,10.9783],[76.5544,10.9939],[76.5157,10.9991],[76.5133,11.0215],[76.4867,11.028],[76.4601,11.0231],[76.4483,11.0349],[76.4254,11.0335],[76.4049,11.0155],[76.3844,11.0237],[76.3844,11.0434],[76.3302,11.0861],[76.3333,11.1043],[76.3465,11.1076],[76.3573,11.1218],[76.3575,11.1434],[76.3549,11.1539],[76.3265,11.1689],[76.3166,11.1954],[76.3447,11.2155],[76.3601,11.2638],[76.3863,11.307],[76.374,11.3694],[76.3447,11.3779],[76.353,11.4047],[76.3386,11.405],[76.3302,11.428],[76.2746,11.4152],[76.2366,11.4509],[76.2315,11.4465],[76.2405,11.3925],[76.2099,11.3303],[76.1843,11.3281],[76.1821,11.2897],[76.1696,11.2815],[76.17,11.2617],[76.1466,11.2324],[76.1509,11.224],[76.1322,11.2238],[76.1129,11.241],[76.0691,11.2428],[76.0585,11.278],[76.049,11.2778],[76.0434,11.2887],[76.0483,11.3032],[76.0343,11.3206],[76.0634,11.3199],[76.0635,11.326],[76.0471,11.3493],[76.0301,11.4122],[76.0347,11.4317],[76.012,11.4646],[76.0103,11.4874],[76.0224,11.5021],[76.027,11.5353],[76.0351,11.5304],[76.05,11.5599],[76.0902,11.5738],[76.1236,11.5631],[76.1415,11.5322],[76.156,11.5369],[76.1884,11.53],[76.2095,11.5448],[76.2346,11.5484],[76.2611,11.5055],[76.2825,11.5001],[76.3039,11.5196],[76.3292,11.5142],[76.3406,11.5033],[76.3445,11.4844],[76.3622,11.4987],[76.3853,11.4936]]],[[[76.5659,11.7513],[76.5861,11.7523],[76.6237,11.7064],[76.6273,11.6846],[76.5889,11.676],[76.5304,11.7002],[76.5307,11.7233],[76.5219,11.7352],[76.5324,11.7504],[76.5534,11.7577],[76.5659,11.7513]]],[[[76.3465,10.6587],[76.3544,10.6466],[76.3666,10.6469],[76.3984,10.6057],[76.37,10.568],[76.3584,10.5759],[76.3228,10.5582],[76.2893,10.5618],[76.285,10.5989],[76.3068,10.6056],[76.3176,10.6289],[76.3114,10.6423],[76.3295,10.6674],[76.3465,10.6587]]],[[[76.2844,11.0135],[76.3102,11.013],[76.317,11.0014],[76.3128,10.9635],[76.2862,10.9591],[76.2366,10.9831],[76.2346,10.9997],[76.2428,11.0133],[76.2844,11.0135]]],[[[76.2154,11.0177],[76.1603,11.033],[76.1469,11.0556],[76.1502,11.0691],[76.1617,11.0755],[76.1972,11.073],[76.2123,11.0522],[76.2279,11.0452],[76.2256,11.0264],[76.2154,11.0177]]],[[[76.0959,11.6414],[76.121,11.6382],[76.136,11.6276],[76.1465,11.5836],[76.1353,11.5686],[76.0954,11.5836],[76.0874,11.5936],[76.0835,11.6238],[76.0959,11.6414]]],[[[76.0427,11.0758],[76.0374,11.0644],[76.0043,11.0665],[75.9844,11.0792],[75.9831,11.1015],[75.9923,11.1215],[76.0167,11.121],[76.0408,11.0978],[76.0427,11.0758]]]]}},{"type":"Feature","properties":{"name":"Sumesar Range","kind":"mountain range","wikidata":"Q11950524","area_km2":1512,"source":"GMBA Mountain Inventory v2.0 (CC BY 4.0)"},"geometry":{"type":"MultiPolygon","coordinates":[[[[84.9551,27.5697],[84.9915,27.5566],[85.0468,27.4905],[85.0416,27.4582],[85.0198,27.4299],[85.0008,27.4279],[84.9774,27.4503],[84.9325,27.4517],[84.8987,27.4679],[84.8835,27.4663],[84.8707,27.477],[84.8716,27.4604],[84.8484,27.4627],[84.8352,27.4468],[84.765,27.4555],[84.752,27.4874],[84.7629,27.5005],[84.7838,27.5029],[84.8467,27.4894],[84.8075,27.5279],[84.8211,27.5509],[84.8447,27.5467],[84.8811,27.5725],[84.9038,27.566],[84.9175,27.5863],[84.9299,27.5865],[84.9551,27.5697]]],[[[84.9071,27.3782],[84.926,27.3644],[85.0034,27.3533],[85.0249,27.3436],[84.9916,27.3019],[84.9867,27.3216],[84.9244,27.3339],[84.872,27.3589],[84.8659,27.3737],[84.9071,27.3782]]],[[[84.936,27.4111],[84.9707,27.3908],[84.9686,27.3853],[84.9089,27.3932],[84.9052,27.4034],[84.936,27.4111]]],[[[84.7782,27.4344],[84.8256,27.4246],[84.8341,27.401],[84.7978,27.3957],[84.7532,27.4142],[84.7643,27.4361],[84.7782,27.4344]]],[[[84.6081,27.4342],[84.6121,27.4212],[84.6541,27.4201],[84.6842,27.4101],[84.6582,27.3999],[84.6461,27.4057],[84.6167,27.4013],[84.6094,27.4094],[84.5805,27.412],[84.5698,27.4233],[84.6081,27.4342]]],[[[84.5228,27.5263],[84.6067,27.513],[84.6288,27.4958],[84.65,27.4966],[84.6742,27.4821],[84.6737,27.4746],[84.5804,27.4649],[84.5121,27.4783],[84.4827,27.4753],[84.4802,27.4694],[84.5227,27.4475],[84.5279,27.4318],[84.5082,27.4249],[84.4922,27.4346],[84.4437,27.437],[84.3677,27.4705],[84.3656,27.4918],[84.3827,27.5224],[84.4151,27.5171],[84.5228,27.5263]]],[[[84.3343,27.4093],[84.3596,27.4032],[84.3736,27.416],[84.4077,27.4099],[84.4206,27.4205],[84.4355,27.4183],[84.4452,27.4108],[84.4499,27.3871],[84.5554,27.3675],[84.5548,27.3576],[84.5346,27.3549],[84.5297,27.333],[84.348,27.3301],[84.3027,27.3433],[84.2667,27.3408],[84.2415,27.3744],[84.2613,27.4003],[84.2371,27.4236],[84.2323,27.4413],[84.2434,27.4814],[84.2622,27.4842],[84.2715,27.4738],[84.2736,27.4525],[84.298,27.4218],[84.3343,27.4093]]],[[[83.7385,27.7322],[83.8843,27.7364],[83.9424,27.7221],[83.953,27.7005],[83.9468,27.6786],[83.9552,27.6655],[83.9561,27.6374],[83.9392,27.6545],[83.9081,27.6523],[83.8158,27.6759],[83.803,27.6651],[83.8408,27.6525],[83.8488,27.6366],[83.8437,27.6128],[83.855,27.6073],[83.8711,27.5657],[83.9133,27.5615],[83.9223,27.5319],[83.9443,27.5248],[83.949,27.493],[83.9423,27.4705],[83.9242,27.4551],[83.863,27.4796],[83.8281,27.5146],[83.8282,27.5269],[83.7995,27.5462],[83.7964,27.5588],[83.7794,27.5643],[83.7385,27.6051],[83.7109,27.6195],[83.6842,27.614],[83.6586,27.6243],[83.646,27.62],[83.6298,27.6548],[83.5119,27.674],[83.5036,27.6866],[83.4603,27.6957],[83.4692,27.7316],[83.4645,27.7478],[83.5135,27.753],[83.5659,27.7277],[83.577,27.7127],[83.6102,27.7177],[83.6163,27.7356],[83.6383,27.7434],[83.641,27.761],[83.6645,27.7637],[83.6715,27.7779],[83.7175,27.7644],[83.7162,27.7414],[83.7385,27.7322]]]]}},{"type":"Feature","properties":{"name":"Sunabeda Plateau","kind":"mountain range","wikidata":"Q7638744","area_km2":878,"source":"GMBA Mountain Inventory v2.0 (CC BY 4.0)"},"geometry":{"type":"MultiPolygon","coordinates":[[[[82.5784,20.4611],[82.5756,20.4284],[82.5853,20.4163],[82.5777,20.3746],[82.5859,20.3718],[82.5949,20.3988],[82.5999,20.3882],[82.5888,20.3124],[82.5714,20.301],[82.5717,20.3158],[82.5542,20.3156],[82.5341,20.2614],[82.5288,20.2725],[82.5406,20.3094],[82.5412,20.3654],[82.5134,20.3051],[82.5133,20.2621],[82.4769,20.2229],[82.4818,20.2087],[82.4736,20.1798],[82.4618,20.1803],[82.4314,20.1275],[82.4102,20.1241],[82.3984,20.1304],[82.3901,20.1571],[82.3683,20.1528],[82.3481,20.1734],[82.3548,20.1796],[82.3388,20.2131],[82.3571,20.2419],[82.3464,20.2678],[82.3074,20.2809],[82.301,20.3056],[82.3238,20.3448],[82.2874,20.3756],[82.3,20.4382],[82.3114,20.4548],[82.3333,20.4599],[82.3453,20.4536],[82.3678,20.4613],[82.3737,20.4385],[82.3618,20.4301],[82.3468,20.438],[82.3522,20.4277],[82.345,20.4172],[82.3554,20.4124],[82.349,20.391],[82.3838,20.3817],[82.4154,20.3529],[82.4248,20.3532],[82.4286,20.3653],[82.4448,20.3679],[82.4239,20.392],[82.4322,20.3946],[82.4478,20.4297],[82.4587,20.4239],[82.4766,20.4625],[82.5014,20.4638],[82.5032,20.5184],[82.5176,20.5458],[82.5072,20.5654],[82.503,20.6222],[82.4906,20.6515],[82.5212,20.6863],[82.5345,20.6564],[82.5319,20.6036],[82.5588,20.5208],[82.5505,20.5087],[82.5538,20.496],[82.5751,20.4785],[82.5784,20.4611]]],[[[82.4448,20.6718],[82.461,20.6729],[82.4738,20.6602],[82.4705,20.6511],[82.4582,20.655],[82.452,20.6353],[82.4303,20.6363],[82.4219,20.6433],[82.4334,20.6522],[82.4312,20.6737],[82.4448,20.6718]]],[[[82.3899,20.525],[82.3862,20.5109],[82.3637,20.5049],[82.3603,20.4874],[82.351,20.496],[82.3488,20.5178],[82.3338,20.5221],[82.3265,20.5377],[82.3428,20.5505],[82.3555,20.5975],[82.368,20.6141],[82.3874,20.6107],[82.3949,20.5945],[82.3944,20.5827],[82.374,20.5795],[82.38,20.5341],[82.3899,20.525]]],[[[82.3696,20.0073],[82.3448,20.015],[82.3529,20.0284],[82.3344,20.0426],[82.3479,20.0591],[82.3603,20.0566],[82.38,20.0234],[82.3696,20.0073]]]]}},{"type":"Feature","properties":{"name":"Tawang Range","kind":"mountain range","wikidata":null,"area_km2":2886,"source":"GMBA Mountain Inventory v2.0 (CC BY 4.0)"},"geometry":{"type":"Polygon","coordinates":[[[92.0811,27.3936],[92.0584,27.3332],[92.1395,27.2727],[92.0844,27.211],[92.1012,27.1655],[92.0969,27.1584],[92.1192,27.1428],[92.1141,27.1342],[92.1196,27.1168],[92.1063,27.0894],[92.1399,27.06],[92.1552,27.0323],[92.151,27.0165],[92.1634,27.0095],[92.1533,26.9656],[92.1401,26.9758],[92.1094,26.9668],[92.1094,26.9557],[92.0968,26.9467],[92.0649,26.9587],[92.0427,26.9446],[91.9905,26.9322],[91.9885,26.9238],[91.9499,26.9248],[91.9374,26.9145],[91.9211,26.9279],[91.9071,26.926],[91.9041,26.9162],[91.8865,26.9105],[91.8895,26.8978],[91.8761,26.9112],[91.8499,26.8999],[91.8454,26.93],[91.7767,26.9172],[91.7224,26.8916],[91.7113,26.9045],[91.6737,26.9136],[91.6289,26.9072],[91.6081,26.9607],[91.552,26.9894],[91.5487,26.9988],[91.5696,27.0288],[91.5587,27.0473],[91.5428,27.0553],[91.5803,27.0976],[91.5458,27.131],[91.5675,27.1971],[91.537,27.2081],[91.5488,27.2269],[91.5357,27.2816],[91.5448,27.2926],[91.5249,27.3207],[91.5507,27.3487],[91.6279,27.3508],[91.6572,27.3592],[91.7038,27.3871],[91.7531,27.3884],[91.7799,27.4045],[91.821,27.4029],[91.8853,27.4214],[91.9199,27.403],[91.9391,27.4054],[91.9506,27.4235],[91.9942,27.4425],[92.0336,27.4262],[92.0698,27.3864],[92.0811,27.3936]]]}},{"type":"Feature","properties":{"name":"Telangana Plateau","kind":"mountain range","wikidata":null,"area_km2":7705,"source":"GMBA Mountain Inventory v2.0 (CC BY 4.0)"},"geometry":{"type":"MultiPolygon","coordinates":[[[[83.6119,21.5882],[83.6451,21.5485],[83.6983,21.5765],[83.7372,21.5572],[83.7533,21.5265],[83.7436,21.4869],[83.7348,21.4822],[83.6876,21.4996],[83.6581,21.4914],[83.6436,21.4707],[83.6156,21.4888],[83.6066,21.5217],[83.5538,21.5181],[83.5406,21.5323],[83.5264,21.5323],[83.5239,21.5534],[83.5369,21.5701],[83.5996,21.5908],[83.6119,21.5882]]],[[[83.2409,22.2832],[83.2376,22.2711],[83.2465,22.272],[83.2571,22.2289],[83.2516,22.216],[83.2421,22.2106],[83.2293,22.2154],[83.2264,22.2014],[83.2037,22.1989],[83.1656,22.2597],[83.2025,22.3068],[83.2002,22.3505],[83.234,22.3547],[83.2326,22.3327],[83.2505,22.3209],[83.2515,22.3109],[83.2407,22.2978],[83.2409,22.2832]]],[[[83.2488,20.3177],[83.2262,20.3176],[83.2163,20.3258],[83.2121,20.3407],[83.232,20.3654],[83.2495,20.354],[83.2554,20.3382],[83.2488,20.3177]]],[[[83.1948,21.201],[83.2092,21.201],[83.228,21.184],[83.2221,21.1727],[83.2321,21.1481],[83.2114,21.1268],[83.2184,21.1165],[83.2101,21.1044],[83.1784,21.0938],[83.1682,21.0973],[83.1416,21.079],[83.0796,21.0947],[83.0802,21.1272],[83.1397,21.128],[83.1516,21.1361],[83.1618,21.1308],[83.1948,21.201]]],[[[83.0823,19.9383],[83.077,19.9311],[83.0316,19.9358],[83.0207,19.9522],[83.0275,20.0067],[83.0399,20.0116],[83.06,20.0401],[83.09,20.0361],[83.0988,20.0152],[83.0949,19.9721],[83.0823,19.9383]]],[[[82.9273,20.9517],[82.9486,20.9325],[82.9808,20.9508],[83.0211,20.9514],[83.0405,20.9264],[83.0273,20.9075],[83.0066,20.8963],[82.9953,20.8993],[82.9778,20.8885],[82.974,20.8988],[82.9051,20.8753],[82.8486,20.8266],[82.8428,20.7985],[82.8236,20.7891],[82.7955,20.7972],[82.7686,20.7811],[82.7511,20.7824],[82.7537,20.8072],[82.7839,20.8422],[82.791,20.8708],[82.8201,20.9017],[82.8919,20.9508],[82.9273,20.9517]]],[[[82.9681,20.1194],[82.9952,20.1],[82.9947,20.0709],[82.9721,20.0738],[82.9593,20.0658],[82.9814,20.0291],[82.9947,20.0336],[83.0094,20.0151],[83.0043,19.9706],[82.9957,19.9624],[82.9653,19.9761],[82.9708,20.0042],[82.9633,20.0113],[82.9499,20.0023],[82.9378,19.9771],[82.9195,19.9662],[82.8839,19.966],[82.876,19.9972],[82.8928,20.0386],[82.8952,20.0694],[82.9142,20.0819],[82.9376,20.0718],[82.9291,20.1195],[82.9423,20.1293],[82.9505,20.1321],[82.9681,20.1194]]],[[[82.9841,19.8865],[82.974,19.8868],[82.977,19.8999],[82.9965,19.91],[82.9841,19.8865]]],[[[82.8698,22.1899],[82.9299,22.1685],[82.9363,22.1605],[82.9218,22.1444],[82.9709,22.1231],[82.9846,22.0986],[82.9791,22.0832],[82.923,22.0989],[82.8468,22.1385],[82.811,22.1366],[82.8073,22.1491],[82.8223,22.1642],[82.8177,22.1806],[82.8392,22.2146],[82.8664,22.2044],[82.8698,22.1899]]],[[[82.8265,20.4569],[82.8356,20.4423],[82.8529,20.44],[82.8592,20.4288],[82.8145,20.3749],[82.8046,20.3759],[82.7871,20.391],[82.7821,20.4281],[82.7869,20.4431],[82.8095,20.4592],[82.8265,20.4569]]],[[[82.828,19.3697],[82.8094,19.3678],[82.8055,19.3604],[82.8259,19.3223],[82.8194,19.3068],[82.7743,19.278],[82.7489,19.2804],[82.7565,19.3118],[82.7451,19.3172],[82.7416,19.3545],[82.7558,19.3698],[82.7793,19.3774],[82.784,19.3923],[82.8186,19.4207],[82.8478,19.3874],[82.828,19.3697]]],[[[82.7636,20.1841],[82.7688,20.1679],[82.817,20.1704],[82.8265,20.146],[82.8233,20.1245],[82.8062,20.1212],[82.794,20.1274],[82.7791,20.1144],[82.7459,20.12],[82.7413,20.1341],[82.7215,20.1238],[82.7129,20.1283],[82.7093,20.142],[82.7237,20.18],[82.7308,20.1772],[82.7372,20.1899],[82.7524,20.1925],[82.7636,20.1841]]],[[[82.6801,19.5074],[82.6827,19.4865],[82.707,19.5009],[82.7114,19.497],[82.711,19.4783],[82.7322,19.4482],[82.7155,19.4354],[82.7319,19.4345],[82.7431,19.4182],[82.7343,19.4011],[82.7381,19.3968],[82.7436,19.4071],[82.7467,19.4015],[82.7332,19.3686],[82.7052,19.4071],[82.6877,19.4071],[82.6327,19.4976],[82.6573,19.5081],[82.6568,19.5338],[82.6652,19.5425],[82.6801,19.5074]]],[[[82.7402,20.5899],[82.7302,20.5441],[82.7145,20.5269],[82.6933,20.5279],[82.6807,20.5427],[82.6844,20.58],[82.6971,20.5959],[82.7092,20.5887],[82.719,20.6049],[82.7402,20.5899]]],[[[82.5896,19.7087],[82.6049,19.7052],[82.6155,19.6846],[82.6059,19.6572],[82.5866,19.6675],[82.5745,19.6449],[82.5967,19.6475],[82.5925,19.6134],[82.6051,19.6013],[82.6089,19.5648],[82.5885,19.5552],[82.5895,19.5394],[82.5638,19.5538],[82.555,19.592],[82.5377,19.5976],[82.528,19.6154],[82.5341,19.6528],[82.5492,19.6604],[82.5764,19.7134],[82.5896,19.7087]]],[[[82.5821,21.3573],[82.56,21.3697],[82.5386,21.4054],[82.5778,21.438],[82.6005,21.4141],[82.6077,21.3896],[82.6016,21.3683],[82.5821,21.3573]]],[[[82.5784,20.4611],[82.5756,20.4284],[82.5853,20.4163],[82.5777,20.3746],[82.5859,20.3718],[82.5949,20.3988],[82.5999,20.3882],[82.5888,20.3124],[82.5714,20.301],[82.5717,20.3158],[82.5542,20.3156],[82.5341,20.2614],[82.5288,20.2725],[82.5406,20.3094],[82.5412,20.3654],[82.5134,20.3051],[82.5133,20.2621],[82.4769,20.2229],[82.4818,20.2087],[82.4736,20.1798],[82.4618,20.1803],[82.4314,20.1275],[82.4102,20.1241],[82.3984,20.1304],[82.3901,20.1571],[82.3683,20.1528],[82.3481,20.1734],[82.3548,20.1796],[82.3388,20.2131],[82.3571,20.2419],[82.3464,20.2678],[82.3074,20.2809],[82.301,20.3056],[82.3238,20.3448],[82.2874,20.3756],[82.3,20.4382],[82.3114,20.4548],[82.3333,20.4599],[82.3453,20.4536],[82.3678,20.4613],[82.3737,20.4385],[82.3618,20.4301],[82.3468,20.438],[82.3522,20.4277],[82.345,20.4172],[82.3554,20.4124],[82.349,20.391],[82.3838,20.3817],[82.4154,20.3529],[82.4248,20.3532],[82.4286,20.3653],[82.4448,20.3679],[82.4239,20.392],[82.4322,20.3946],[82.4478,20.4297],[82.4587,20.4239],[82.4766,20.4625],[82.5014,20.4638],[82.5032,20.5184],[82.5176,20.5458],[82.5072,20.5654],[82.503,20.6222],[82.4906,20.6515],[82.5212,20.6863],[82.5345,20.6564],[82.5319,20.6036],[82.5588,20.5208],[82.5505,20.5087],[82.5538,20.496],[82.5751,20.4785],[82.5784,20.4611]]],[[[82.5468,19.7989],[82.5625,19.792],[82.5704,19.7963],[82.5875,19.7698],[82.5602,19.7749],[82.5738,19.7351],[82.568,19.7278],[82.552,19.723],[82.5439,19.7286],[82.5041,19.7103],[82.4615,19.7226],[82.4839,19.7544],[82.5183,19.7573],[82.517,19.7792],[82.5304,19.7894],[82.5298,19.7986],[82.5468,19.7989]]],[[[82.4448,20.6718],[82.461,20.6729],[82.4738,20.6602],[82.4705,20.6511],[82.4582,20.655],[82.452,20.6353],[82.4303,20.6363],[82.4219,20.6433],[82.4334,20.6522],[82.4312,20.6737],[82.4448,20.6718]]],[[[82.3986,22.2663],[82.4051,22.2459],[82.3925,22.2302],[82.3813,22.1929],[82.3749,22.1874],[82.3397,22.1973],[82.3325,22.237],[82.3418,22.2535],[82.3489,22.2526],[82.3613,22.2693],[82.379,22.2625],[82.3926,22.2711],[82.3986,22.2663]]],[[[82.3899,20.525],[82.3862,20.5109],[82.3637,20.5049],[82.3603,20.4874],[82.351,20.496],[82.3488,20.5178],[82.3338,20.5221],[82.3265,20.5377],[82.3428,20.5505],[82.3555,20.5975],[82.368,20.6141],[82.3874,20.6107],[82.3949,20.5945],[82.3944,20.5827],[82.374,20.5795],[82.38,20.5341],[82.3899,20.525]]],[[[82.3696,20.0073],[82.3448,20.015],[82.3529,20.0284],[82.3344,20.0426],[82.3479,20.0591],[82.3603,20.0566],[82.38,20.0234],[82.3696,20.0073]]],[[[81.8221,18.8508],[81.8473,18.847],[81.8718,18.83],[81.8999,18.8253],[81.9524,18.8006],[82.0025,18.8133],[82.0094,18.8323],[82.0268,18.8253],[82.0405,18.7962],[82.0361,18.7884],[81.9915,18.805],[81.9885,18.7923],[82.0009,18.7675],[81.9778,18.7587],[81.9781,18.7426],[81.9655,18.7238],[81.9789,18.719],[81.9999,18.7526],[82.0226,18.7554],[82.0435,18.7436],[82.0636,18.7551],[82.0718,18.7636],[82.0647,18.7773],[82.0714,18.7838],[82.0905,18.7895],[82.1207,18.7816],[82.1574,18.7925],[82.1781,18.7758],[82.1801,18.7465],[82.1676,18.734],[82.1803,18.7219],[82.18,18.711],[82.1676,18.6944],[82.1869,18.6759],[82.2029,18.6926],[82.2328,18.6946],[82.2405,18.6701],[82.2196,18.6676],[82.1851,18.637],[82.1605,18.6409],[82.1385,18.6934],[82.1509,18.7115],[82.1343,18.7406],[82.1247,18.7446],[82.1064,18.7228],[82.1155,18.6985],[82.0973,18.6714],[82.0008,18.6426],[81.9853,18.6186],[81.9493,18.6219],[81.9323,18.6331],[81.9363,18.6699],[81.9153,18.6905],[81.9156,18.7052],[81.9322,18.7136],[81.9176,18.7426],[81.8569,18.7405],[81.8325,18.7577],[81.8293,18.7711],[81.8718,18.7969],[81.8599,18.8134],[81.8432,18.8023],[81.8032,18.8029],[81.8113,18.8181],[81.807,18.8259],[81.7717,18.805],[81.7718,18.7986],[81.7962,18.7908],[81.8011,18.7572],[81.7827,18.7292],[81.7575,18.717],[81.7506,18.6982],[81.735,18.6921],[81.7238,18.6725],[81.7109,18.6676],[81.6778,18.6863],[81.6638,18.6791],[81.6496,18.6887],[81.5868,18.6884],[81.5468,18.7109],[81.5619,18.7332],[81.6184,18.7321],[81.6239,18.7175],[81.6427,18.7175],[81.6498,18.7249],[81.6717,18.7205],[81.6931,18.7428],[81.7215,18.7428],[81.7407,18.7537],[81.7638,18.7509],[81.7634,18.7687],[81.7153,18.7759],[81.7011,18.7856],[81.6989,18.817],[81.7176,18.8323],[81.7376,18.8283],[81.7628,18.8461],[81.7958,18.8391],[81.8221,18.8508]]],[[[81.4759,20.1425],[81.4853,20.1165],[81.4703,20.1284],[81.418,20.1345],[81.4066,20.1409],[81.4081,20.1589],[81.4194,20.1687],[81.449,20.1663],[81.4623,20.1614],[81.4759,20.1425]]],[[[81.2655,18.7697],[81.2626,18.7246],[81.2489,18.7017],[81.2745,18.6167],[81.2513,18.5761],[81.2389,18.5762],[81.2323,18.564],[81.2765,18.5435],[81.2901,18.524],[81.2908,18.5123],[81.2802,18.5074],[81.284,18.4909],[81.2976,18.4809],[81.3136,18.4452],[81.3649,18.429],[81.4213,18.4366],[81.4339,18.4274],[81.4395,18.404],[81.4161,18.4092],[81.4235,18.3906],[81.4495,18.3886],[81.4286,18.3431],[81.4206,18.3475],[81.3887,18.3372],[81.3854,18.322],[81.4443,18.3182],[81.4509,18.306],[81.4488,18.2825],[81.3827,18.2673],[81.3785,18.254],[81.3558,18.2364],[81.341,18.239],[81.3221,18.2561],[81.3059,18.2456],[81.2545,18.2472],[81.2388,18.2653],[81.2467,18.3072],[81.2854,18.3247],[81.3117,18.3602],[81.2971,18.3803],[81.2971,18.3978],[81.285,18.4034],[81.2719,18.4264],[81.264,18.4668],[81.2474,18.4865],[81.2198,18.496],[81.2114,18.4913],[81.1891,18.512],[81.1823,18.5482],[81.1967,18.5485],[81.1971,18.5551],[81.1887,18.5706],[81.1551,18.5922],[81.1364,18.6428],[81.158,18.6606],[81.1528,18.6775],[81.1427,18.6806],[81.1471,18.696],[81.18,18.7089],[81.1808,18.7363],[81.1724,18.728],[81.1688,18.7333],[81.1785,18.7609],[81.1936,18.7751],[81.1892,18.7998],[81.199,18.8544],[81.2129,18.8608],[81.1968,18.9378],[81.2179,18.9504],[81.2367,18.9488],[81.2389,18.9256],[81.2669,18.8557],[81.2679,18.8387],[81.2602,18.8287],[81.271,18.7903],[81.2655,18.7697]]],[[[81.3053,19.4569],[81.3281,19.4155],[81.3346,19.3762],[81.3175,19.3529],[81.3144,19.331],[81.3287,19.319],[81.3525,19.3144],[81.3593,19.3012],[81.3398,19.2392],[81.3571,19.2343],[81.3681,19.2042],[81.3484,19.1864],[81.3082,19.1916],[81.2983,19.1813],[81.2726,19.1805],[81.2364,19.1621],[81.2346,19.0657],[81.2086,19.0591],[81.1988,19.0738],[81.1843,19.1468],[81.1706,19.1495],[81.1376,19.1343],[81.1197,19.155],[81.1157,19.1735],[81.0834,19.1821],[81.0719,19.1405],[81.0493,19.1352],[80.9902,19.1588],[80.9701,19.1364],[80.9541,19.1361],[80.949,19.1467],[80.939,19.1469],[80.9288,19.1141],[80.8934,19.0988],[80.8794,19.1066],[80.8739,19.1406],[80.8551,19.1613],[80.8391,19.2],[80.8488,19.2279],[80.865,19.2371],[80.9236,19.1989],[80.9458,19.1956],[80.9819,19.2167],[80.99,19.2126],[81.0111,19.2239],[81.0207,19.2148],[81.0135,19.2042],[81.0403,19.1926],[81.061,19.226],[81.0736,19.2257],[81.0984,19.2445],[81.1266,19.2421],[81.1369,19.213],[81.1524,19.1969],[81.1943,19.1965],[81.1976,19.2134],[81.2113,19.2238],[81.239,19.2292],[81.2534,19.2243],[81.2729,19.2969],[81.2669,19.3084],[81.2863,19.3393],[81.2749,19.3484],[81.2431,19.3472],[81.2241,19.3849],[81.2428,19.4131],[81.2569,19.3926],[81.2632,19.4034],[81.2468,19.4405],[81.2364,19.4439],[81.2394,19.467],[81.2482,19.4715],[81.2508,19.4465],[81.2736,19.4588],[81.2758,19.4842],[81.2986,19.4847],[81.3053,19.4569]]],[[[81.2569,17.7677],[81.2984,17.7759],[81.3219,17.7612],[81.3233,17.736],[81.3079,17.7285],[81.3133,17.718],[81.2779,17.6779],[81.2635,17.6726],[81.2724,17.6595],[81.269,17.6462],[81.2416,17.629],[81.2281,17.63],[81.1991,17.6675],[81.183,17.6614],[81.1676,17.674],[81.178,17.6895],[81.1629,17.6932],[81.1658,17.7127],[81.1784,17.7284],[81.2046,17.7278],[81.216,17.747],[81.2427,17.7641],[81.247,17.778],[81.2569,17.7677]]],[[[81.3063,17.8757],[81.2978,17.8644],[81.276,17.8721],[81.2698,17.8635],[81.2581,17.8775],[81.2667,17.8847],[81.2586,17.8975],[81.2733,17.9196],[81.3029,17.9187],[81.2969,17.9082],[81.3109,17.9041],[81.3153,17.8795],[81.3063,17.8757]]],[[[81.2904,19.9091],[81.2957,19.8936],[81.2642,19.9016],[81.2551,19.8951],[81.2452,19.9022],[81.2427,19.9227],[81.2502,19.9289],[81.2449,19.9561],[81.2598,19.9782],[81.279,19.9821],[81.2929,19.9616],[81.2784,19.9283],[81.2904,19.9091]]],[[[81.1926,18.003],[81.1928,17.9672],[81.2121,17.9676],[81.2167,17.9817],[81.2709,18.003],[81.2759,17.989],[81.2618,17.9663],[81.2693,17.9519],[81.2627,17.939],[81.2061,17.9186],[81.1934,17.9211],[81.1801,17.9407],[81.1841,17.9606],[81.1417,17.9714],[81.1262,17.9901],[81.1047,17.982],[81.0884,17.957],[81.0657,17.9668],[81.0803,18.0095],[81.0802,18.0323],[81.0938,18.039],[81.1793,18.0298],[81.1963,18.0138],[81.1926,18.003]]],[[[81.1297,19.9172],[81.1144,19.8302],[81.1928,19.8752],[81.213,19.8764],[81.2215,19.8627],[81.2163,19.8292],[81.1827,19.8057],[81.1619,19.8088],[81.1584,19.8238],[81.1325,19.7928],[81.1205,19.7885],[81.0937,19.7973],[81.0805,19.8281],[81.0805,19.855],[81.0521,19.844],[81.0392,19.8257],[81.0124,19.8228],[81.0119,19.8453],[81.0441,19.9108],[81.057,19.9213],[81.0837,19.9135],[81.0943,19.9281],[81.0802,19.9454],[81.0833,19.951],[81.0999,19.9613],[81.1175,19.9587],[81.1073,19.9443],[81.1297,19.9172]]],[[[81.1869,20.1827],[81.2033,20.1857],[81.2149,20.1757],[81.1969,20.1575],[81.2061,20.1415],[81.1648,20.1471],[81.1573,20.1605],[81.1596,20.1896],[81.1692,20.2049],[81.1775,20.2056],[81.1869,20.1827]]],[[[81.2037,19.0565],[81.1933,19.0535],[81.179,19.0904],[81.1862,19.0879],[81.2037,19.0565]]],[[[81.1671,19.4223],[81.1862,19.3875],[81.1839,19.375],[81.1706,19.3767],[81.1624,19.3665],[81.1549,19.3678],[81.1469,19.3863],[81.1488,19.4128],[81.1516,19.4223],[81.1671,19.4223]]],[[[81.1323,18.856],[81.1464,18.8448],[81.1529,18.7734],[81.1311,18.7582],[81.117,18.7841],[81.0934,18.7934],[81.0865,18.831],[81.0978,18.8508],[81.1323,18.856]]],[[[81.0397,17.5628],[81.0538,17.5506],[81.1049,17.5408],[81.1221,17.5255],[81.1201,17.493],[81.0962,17.4532],[81.0756,17.4509],[81.0673,17.4601],[81.0493,17.4563],[81.0414,17.4651],[81.0233,17.4572],[80.9768,17.4749],[80.9739,17.4977],[80.9859,17.5217],[80.9802,17.5513],[80.987,17.5613],[81.0034,17.5544],[81.0397,17.5628]]],[[[80.7218,19.6884],[80.7638,19.6759],[80.7787,19.6862],[80.7905,19.6714],[80.7576,19.643],[80.7634,19.6234],[80.7489,19.5985],[80.7774,19.5927],[80.7821,19.6237],[80.7975,19.6388],[80.8101,19.6383],[80.8157,19.6236],[80.8756,19.6106],[80.8674,19.5414],[80.8453,19.514],[80.8509,19.5028],[80.8391,19.4972],[80.8718,19.4777],[80.9012,19.473],[80.9432,19.4863],[80.9751,19.4667],[80.9883,19.4524],[80.9806,19.4453],[80.9883,19.4417],[80.9978,19.4058],[80.9857,19.3814],[80.9656,19.3701],[81.003,19.3577],[80.9488,19.3299],[80.936,19.3304],[80.9288,19.3425],[80.8774,19.3293],[80.8593,19.3709],[80.866,19.3806],[80.8581,19.3921],[80.8406,19.3922],[80.8446,19.3803],[80.792,19.3821],[80.7697,19.3572],[80.8051,19.3345],[80.7758,19.3036],[80.7561,19.2915],[80.7367,19.2924],[80.7139,19.3094],[80.7238,19.3288],[80.7091,19.3366],[80.6971,19.3982],[80.7055,19.4119],[80.7454,19.4193],[80.7634,19.4406],[80.7483,19.4428],[80.7171,19.4745],[80.726,19.5051],[80.6776,19.4989],[80.657,19.5348],[80.6578,19.5555],[80.67,19.5616],[80.6693,19.582],[80.6833,19.6155],[80.6753,19.6627],[80.7034,19.6946],[80.7218,19.6884]]],[[[80.9679,19.8271],[80.9561,19.804],[80.934,19.8221],[80.9204,19.8216],[80.9129,19.8586],[80.8904,19.8991],[80.8551,19.9269],[80.87,19.9407],[80.9016,19.9457],[80.9291,19.912],[80.9512,19.8434],[80.9679,19.8271]]],[[[80.8963,19.9589],[80.8988,19.9516],[80.861,19.9485],[80.8617,19.9393],[80.8031,19.9029],[80.7686,19.896],[80.7541,19.8644],[80.7344,19.8684],[80.7474,19.9147],[80.7783,19.935],[80.8077,19.9367],[80.8229,19.9747],[80.8559,19.9842],[80.8963,19.9589]]],[[[80.8821,18.6031],[80.8469,18.6227],[80.8727,18.6318],[80.8825,18.6445],[80.8896,18.6413],[80.8925,18.6221],[80.8821,18.6031]]],[[[80.8645,19.8006],[80.8659,19.7825],[80.8421,19.7832],[80.8353,19.7707],[80.8177,19.7718],[80.8195,19.7891],[80.7961,19.7971],[80.7844,19.8122],[80.7997,19.8467],[80.8546,19.8183],[80.8645,19.8006]]],[[[80.853,18.158],[80.8506,18.1342],[80.8372,18.1198],[80.7927,18.118],[80.777,18.1061],[80.7651,18.1084],[80.75,18.1291],[80.7623,18.1603],[80.7763,18.1717],[80.786,18.1575],[80.8005,18.157],[80.821,18.1842],[80.8464,18.177],[80.853,18.158]]],[[[80.6018,18.6507],[80.611,18.6283],[80.6277,18.6363],[80.6382,18.6184],[80.6302,18.5826],[80.646,18.5615],[80.6656,18.5509],[80.6439,18.5759],[80.6967,18.53],[80.7264,18.517],[80.7341,18.5006],[80.7366,18.4773],[80.7822,18.3718],[80.7929,18.2792],[80.8082,18.2732],[80.8142,18.2553],[80.809,18.2255],[80.7916,18.2165],[80.7757,18.2205],[80.7522,18.2569],[80.7231,18.2489],[80.7044,18.2538],[80.692,18.2717],[80.6672,18.2426],[80.6576,18.2477],[80.6364,18.2636],[80.6457,18.268],[80.6224,18.2876],[80.6195,18.2997],[80.5872,18.3252],[80.5843,18.3514],[80.6342,18.3623],[80.6678,18.3505],[80.6585,18.3228],[80.6659,18.2874],[80.6765,18.3028],[80.7023,18.3098],[80.7247,18.2884],[80.7446,18.2954],[80.7522,18.3071],[80.7442,18.3252],[80.7318,18.331],[80.7195,18.3259],[80.7002,18.3684],[80.7051,18.3826],[80.6862,18.4198],[80.6681,18.4241],[80.6631,18.44],[80.6519,18.4435],[80.6152,18.4911],[80.6158,18.5065],[80.604,18.5102],[80.5925,18.53],[80.574,18.6044],[80.5847,18.625],[80.6011,18.6356],[80.5811,18.64],[80.5781,18.6474],[80.6018,18.6507]]],[[[80.7097,17.8695],[80.6993,17.8512],[80.7021,17.8739],[80.6844,17.8881],[80.6866,17.9008],[80.7008,17.8925],[80.7097,17.8695]]],[[[80.6984,17.9332],[80.6867,17.9222],[80.6644,17.9522],[80.6247,17.9572],[80.6177,17.9709],[80.6363,17.9883],[80.7005,17.9639],[80.7092,17.9527],[80.7071,17.9371],[80.6984,17.9332]]],[[[80.5773,17.3546],[80.6093,17.351],[80.6446,17.333],[80.6355,17.2964],[80.6171,17.2819],[80.5642,17.2737],[80.5323,17.2488],[80.5004,17.2484],[80.4771,17.295],[80.5247,17.3446],[80.5773,17.3546]]],[[[80.4864,17.5135],[80.4954,17.5072],[80.5148,17.5133],[80.528,17.5015],[80.5257,17.4936],[80.4676,17.4538],[80.4478,17.4478],[80.4303,17.4568],[80.4255,17.4817],[80.4729,17.5166],[80.4864,17.5135]]],[[[80.5196,18.8747],[80.5145,18.8665],[80.4709,18.8744],[80.4526,18.8684],[80.4168,18.8843],[80.4077,18.8894],[80.4013,18.9313],[80.408,18.9404],[80.42,18.9224],[80.4446,18.9071],[80.4856,18.8966],[80.5196,18.8747]]],[[[80.3363,19.6631],[80.388,19.6467],[80.4036,19.6247],[80.3749,19.6061],[80.3506,19.6134],[80.3187,19.6386],[80.3244,19.6585],[80.3363,19.6631]]],[[[80.3171,19.08],[80.3257,19.0692],[80.3422,19.0713],[80.3603,19.0626],[80.3406,19.0239],[80.3531,19.014],[80.3755,18.9674],[80.3582,18.9561],[80.3228,18.9642],[80.3248,18.9805],[80.2992,19.007],[80.2904,19.0395],[80.2714,19.0636],[80.2904,19.0781],[80.3171,19.08]]],[[[80.2729,19.1174],[80.288,19.0998],[80.3258,19.103],[80.3321,19.0922],[80.3145,19.0832],[80.2935,19.0858],[80.2677,19.1104],[80.2412,19.1122],[80.2357,19.1319],[80.2729,19.1174]]],[[[80.2955,17.7772],[80.2998,17.767],[80.3091,17.7682],[80.3112,17.7507],[80.3042,17.7396],[80.2776,17.7269],[80.2695,17.7316],[80.2624,17.7228],[80.2436,17.7271],[80.2247,17.7601],[80.2336,17.7899],[80.224,17.7977],[80.2267,17.8148],[80.239,17.8195],[80.2756,17.8106],[80.2699,17.7965],[80.2955,17.7772]]],[[[80.1826,20.939],[80.1684,20.9385],[80.1499,20.9623],[80.1541,20.9896],[80.1769,21.0056],[80.1773,21.0227],[80.2141,21.0253],[80.2321,21.0078],[80.2235,20.9584],[80.1826,20.939]]],[[[80.2264,18.995],[80.2057,18.9908],[80.1874,18.9707],[80.1678,18.9719],[80.1552,18.9832],[80.184,19.0074],[80.1848,19.0206],[80.151,19.042],[80.1782,19.0557],[80.2166,19.0417],[80.2278,19.0273],[80.2264,18.995]]],[[[80.1268,19.1666],[80.0958,19.1571],[80.0714,19.1304],[80.0221,19.1159],[80.0208,19.1387],[80.0338,19.148],[80.0549,19.1479],[80.0544,19.1653],[80.0694,19.1652],[80.0851,19.1792],[80.0709,19.1969],[80.082,19.2061],[80.0772,19.2146],[80.0858,19.2297],[80.1019,19.2313],[80.1102,19.2208],[80.1298,19.1887],[80.1268,19.1666]]],[[[80.0677,16.6841],[80.0624,16.6769],[80.0418,16.6853],[80.0499,16.7362],[80.0766,16.7302],[80.0821,16.7131],[80.0677,16.6841]]],[[[79.1928,19.0615],[79.2015,19.053],[79.2103,19.0613],[79.2331,19.0381],[79.2951,19.0484],[79.2946,19.0402],[79.2831,19.0349],[79.2921,19.0269],[79.2676,19.0016],[79.2302,18.9923],[79.2068,19.0055],[79.1922,19.0484],[79.1697,19.061],[79.1572,19.0512],[79.1413,19.0555],[79.1198,19.0913],[79.1381,19.1133],[79.1497,19.1043],[79.1537,19.0873],[79.1698,19.0843],[79.1928,19.0615]]],[[[79.0058,19.2377],[79.0164,19.2235],[79.0212,19.1947],[79.0254,19.2154],[79.0399,19.2124],[79.0187,19.1769],[78.9927,19.178],[78.9811,19.2092],[78.9693,19.2015],[78.9699,19.2346],[78.9898,19.2425],[79.0058,19.2377]]]]}},{"type":"Feature","properties":{"name":"Velikonda Range","kind":"mountain range","wikidata":"Q16878597","area_km2":2453,"source":"GMBA Mountain Inventory v2.0 (CC BY 4.0)"},"geometry":{"type":"MultiPolygon","coordinates":[[[[79.8616,15.6612],[79.8737,15.6499],[79.8581,15.6185],[79.8401,15.6017],[79.8024,15.5908],[79.7927,15.6041],[79.7949,15.6202],[79.8071,15.6254],[79.7927,15.6386],[79.7975,15.6544],[79.817,15.6598],[79.8207,15.6469],[79.8333,15.6603],[79.8616,15.6612]]],[[[79.575,15.5544],[79.5791,15.5406],[79.6123,15.5401],[79.6105,15.5188],[79.6259,15.4932],[79.6223,15.4805],[79.574,15.4735],[79.5836,15.4899],[79.5566,15.5025],[79.5546,15.5266],[79.56,15.5481],[79.575,15.5544]]],[[[79.2176,14.63],[79.2465,14.6262],[79.2823,14.6092],[79.2926,14.5919],[79.2802,14.5704],[79.3015,14.5663],[79.3125,14.5513],[79.3155,14.5366],[79.3008,14.5196],[79.3094,14.4965],[79.3307,14.497],[79.3551,14.4591],[79.3409,14.4404],[79.374,14.4133],[79.3737,14.401],[79.4096,14.3463],[79.4337,14.3318],[79.4637,14.2794],[79.4784,14.2348],[79.4779,14.2124],[79.4905,14.1968],[79.4932,14.1691],[79.4857,14.1393],[79.5047,14.101],[79.4966,14.0903],[79.4966,14.0595],[79.5173,14.0035],[79.5087,13.9867],[79.4883,13.9842],[79.4834,13.9617],[79.5069,13.9201],[79.4984,13.901],[79.4854,13.883],[79.4675,13.8801],[79.4561,13.8687],[79.5,13.8094],[79.5289,13.796],[79.5931,13.7184],[79.5977,13.7041],[79.5871,13.6909],[79.5405,13.6842],[79.5058,13.7082],[79.5113,13.7346],[79.4613,13.7792],[79.4365,13.7841],[79.4255,13.7978],[79.4314,13.8346],[79.4051,13.8861],[79.4006,13.9256],[79.4278,13.9517],[79.4301,13.963],[79.4135,13.9753],[79.4038,13.9687],[79.3946,13.9783],[79.3951,14.0025],[79.3718,14.0575],[79.3904,14.0937],[79.4029,14.0997],[79.4067,14.1236],[79.4093,14.147],[79.3988,14.1781],[79.3871,14.178],[79.3842,14.1932],[79.3926,14.2137],[79.3812,14.2246],[79.3728,14.2189],[79.359,14.226],[79.3469,14.2661],[79.3173,14.2913],[79.2898,14.3376],[79.2119,14.3855],[79.2064,14.378],[79.1706,14.4321],[79.1501,14.4239],[79.0863,14.505],[79.0844,14.5389],[79.0964,14.5546],[79.1073,14.5508],[79.1072,14.5643],[79.1552,14.5696],[79.1548,14.5541],[79.1788,14.5016],[79.1992,14.4818],[79.1988,14.4615],[79.2197,14.4593],[79.2548,14.4303],[79.2892,14.4436],[79.3066,14.4285],[79.2866,14.4786],[79.2523,14.5035],[79.2412,14.4997],[79.2089,14.5305],[79.153,14.6279],[79.151,14.6437],[79.1636,14.6635],[79.1777,14.6681],[79.202,14.6627],[79.2176,14.63]]],[[[79.3519,14.5854],[79.3361,14.5847],[79.3239,14.596],[79.3232,14.6149],[79.3496,14.6321],[79.3626,14.6274],[79.3689,14.6058],[79.3519,14.5854]]],[[[79.3113,14.8093],[79.2862,14.8184],[79.2617,14.8472],[79.2446,14.8842],[79.2399,14.917],[79.2586,14.9395],[79.2796,14.9171],[79.299,14.8574],[79.3189,14.8543],[79.3259,14.8353],[79.3113,14.8093]]],[[[79.2208,15.3401],[79.2194,15.3052],[79.2107,15.2939],[79.2176,15.2751],[79.1882,15.2695],[79.1816,15.2572],[79.1684,15.2696],[79.1423,15.1902],[79.1203,15.1763],[79.129,15.1559],[79.1174,15.134],[79.1088,15.1342],[79.1163,15.0316],[79.106,15.0259],[79.103,15.0554],[79.0937,15.055],[79.0976,15.0289],[79.0835,15.0114],[79.0644,15.0164],[79.04,15.137],[79.0704,15.2792],[79.0587,15.2953],[79.0634,15.3115],[79.0507,15.3177],[79.0502,15.3685],[79.0784,15.42],[79.1143,15.4257],[79.1171,15.391],[79.1028,15.3564],[79.1134,15.3485],[79.0947,15.3245],[79.1124,15.3288],[79.1181,15.3435],[79.1367,15.3439],[79.1845,15.4428],[79.1836,15.4646],[79.2041,15.5389],[79.2191,15.5583],[79.2555,15.5779],[79.2759,15.5574],[79.2801,15.5376],[79.2368,15.5093],[79.2296,15.4806],[79.2363,15.4505],[79.2307,15.4116],[79.2091,15.409],[79.2092,15.3832],[79.2005,15.3691],[79.2011,15.3542],[79.2208,15.3401]]],[[[79.207,15.1278],[79.2432,15.1065],[79.2503,15.0907],[79.2404,15.078],[79.255,15.0505],[79.242,15.0442],[79.2364,15.0311],[79.2498,15.0153],[79.2395,14.9936],[79.232,15.0063],[79.2025,15.0096],[79.1754,15.0394],[79.17,15.0634],[79.1818,15.1172],[79.1926,15.1335],[79.1996,15.1362],[79.207,15.1278]]],[[[79.1425,14.9425],[79.1449,14.9359],[79.1563,14.9368],[79.1659,14.948],[79.181,14.9396],[79.2009,14.8867],[79.1936,14.8694],[79.194,14.8224],[79.1804,14.8193],[79.1781,14.8084],[79.1922,14.7943],[79.209,14.7383],[79.208,14.6913],[79.1937,14.6811],[79.1707,14.6847],[79.1695,14.7066],[79.1411,14.7181],[79.124,14.7434],[79.1037,14.8126],[79.1134,14.8337],[79.1059,14.8443],[79.0913,14.837],[79.0848,14.8445],[79.0866,14.9013],[79.1084,14.9001],[79.1274,14.9116],[79.1315,14.921],[79.1234,14.9279],[79.123,14.9476],[79.1397,14.955],[79.1425,14.9425]]],[[[79.1552,14.5864],[79.1562,14.5811],[79.1354,14.6153],[79.1351,14.6529],[79.1552,14.5864]]],[[[78.9706,15.2095],[78.9835,15.21],[78.9811,15.1907],[78.9904,15.188],[78.9766,15.1655],[78.9603,15.1582],[78.9349,15.1592],[78.9073,15.187],[78.9224,15.2341],[78.9402,15.2445],[78.97,15.2371],[78.9706,15.2095]]]]}},{"type":"Feature","properties":{"name":"Vindhya Range","kind":"mountain range","wikidata":"Q271435","area_km2":926,"source":"GMBA Mountain Inventory v2.0 (CC BY 4.0)"},"geometry":{"type":"MultiPolygon","coordinates":[[[[83.9988,24.6843],[83.9825,24.6555],[83.9557,24.6667],[83.9447,24.6614],[83.953,24.6479],[83.9535,24.62],[83.9103,24.5913],[83.8827,24.5862],[83.8498,24.5994],[83.7648,24.5666],[83.7437,24.5506],[83.726,24.551],[83.7068,24.5345],[83.6766,24.5338],[83.6578,24.5434],[83.6351,24.5259],[83.6143,24.5255],[83.5992,24.5356],[83.5826,24.5271],[83.5572,24.5336],[83.4704,24.526],[83.4416,24.5131],[83.402,24.5102],[83.3787,24.5184],[83.3699,24.5093],[83.3509,24.5113],[83.3406,24.5191],[83.32,24.5051],[83.3034,24.5078],[83.2813,24.4988],[83.2556,24.508],[83.2196,24.487],[83.1845,24.4967],[83.1228,24.4728],[83.0939,24.4762],[83.053,24.5286],[83.0589,24.5396],[83.0753,24.5451],[83.0817,24.5613],[83.1086,24.5589],[83.1298,24.5675],[83.1306,24.5576],[83.0991,24.5439],[83.0987,24.5073],[83.1117,24.4994],[83.1533,24.5231],[83.2006,24.5342],[83.2184,24.5265],[83.2297,24.5383],[83.2533,24.5413],[83.2873,24.5306],[83.2915,24.5437],[83.3237,24.5592],[83.3393,24.5471],[83.3565,24.5503],[83.3613,24.5405],[83.3984,24.5508],[83.4363,24.5404],[83.4781,24.5576],[83.4841,24.5707],[83.5096,24.5553],[83.5902,24.5655],[83.6215,24.5509],[83.6599,24.5809],[83.6753,24.5772],[83.6814,24.5613],[83.7001,24.5658],[83.7048,24.5754],[83.738,24.5781],[83.7642,24.5966],[83.7859,24.5927],[83.813,24.6112],[83.8342,24.6133],[83.8528,24.6544],[83.8729,24.6601],[83.8688,24.672],[83.8769,24.6946],[83.8883,24.6801],[83.9199,24.68],[83.9093,24.6869],[83.9137,24.6946],[83.9323,24.682],[83.932,24.6966],[83.9634,24.7111],[83.9868,24.7525],[84.0123,24.7738],[84.0145,24.7428],[83.9961,24.7084],[83.9988,24.6843]]],[[[83.9342,24.7739],[83.9198,24.7742],[83.948,24.7946],[83.9571,24.7911],[83.9342,24.7739]]],[[[76.3175,22.5426],[76.2998,22.5432],[76.2924,22.5649],[76.2781,22.5703],[76.2809,22.5755],[76.3105,22.5735],[76.3363,22.552],[76.3175,22.5426]]],[[[76.2546,22.5953],[76.2187,22.5915],[76.2038,22.597],[76.2189,22.6117],[76.2571,22.6002],[76.2546,22.5953]]],[[[75.8326,22.4349],[75.8615,22.43],[75.8635,22.4006],[75.8962,22.4007],[75.9008,22.3756],[75.8794,22.3525],[75.8391,22.347],[75.8228,22.3677],[75.8129,22.3675],[75.7218,22.328],[75.6905,22.3312],[75.6666,22.3124],[75.6325,22.3256],[75.6144,22.3155],[75.5685,22.3284],[75.5718,22.3572],[75.5452,22.3688],[75.551,22.4031],[75.5674,22.4126],[75.6409,22.3609],[75.6637,22.3544],[75.6859,22.3727],[75.7214,22.3842],[75.7453,22.3738],[75.7825,22.3935],[75.7899,22.3897],[75.8326,22.4349]]],[[[75.8758,22.4323],[75.8626,22.4506],[75.8642,22.4861],[75.8759,22.4828],[75.8842,22.4632],[75.8758,22.4323]]],[[[75.3863,22.3634],[75.3852,22.3488],[75.3976,22.3303],[75.4199,22.3323],[75.4195,22.3419],[75.4451,22.3529],[75.4681,22.3423],[75.4717,22.3338],[75.4631,22.3142],[75.3978,22.2874],[75.3757,22.2885],[75.3663,22.305],[75.3526,22.2968],[75.3434,22.3017],[75.3377,22.338],[75.3214,22.3527],[75.2902,22.3595],[75.2812,22.3752],[75.2844,22.3954],[75.293,22.4092],[75.3689,22.384],[75.3835,22.375],[75.3863,22.3634]]],[[[74.2511,22.4465],[74.2219,22.4463],[74.1974,22.4693],[74.1977,22.5062],[74.2096,22.5107],[74.2565,22.4682],[74.2511,22.4465]]],[[[74.1319,22.585],[74.1586,22.5671],[74.1721,22.5443],[74.1648,22.5385],[74.135,22.5466],[74.1281,22.5381],[74.1457,22.5294],[74.1531,22.5334],[74.1681,22.5166],[74.1582,22.4915],[74.1113,22.5093],[74.0845,22.5081],[74.0755,22.5181],[74.0742,22.5656],[74.0807,22.5814],[74.1319,22.585]]]]}},{"type":"Feature","properties":{"name":"Western Ghats","kind":"mountain range","wikidata":"Q4527","area_km2":52344,"source":"GMBA Mountain Inventory v2.0 (CC BY 4.0)"},"geometry":{"type":"MultiPolygon","coordinates":[[[[77.9422,10.6536],[77.9377,10.6336],[77.904,10.6307],[77.8844,10.6102],[77.8929,10.5865],[77.8833,10.5534],[77.8749,10.5457],[77.8536,10.5518],[77.8478,10.5772],[77.866,10.6097],[77.8682,10.6427],[77.8766,10.6527],[77.8929,10.6491],[77.9205,10.6661],[77.9422,10.6536]]],[[[77.8558,10.2107],[77.8437,10.2147],[77.8627,10.2236],[77.8644,10.2166],[77.8558,10.2107]]],[[[76.6466,10.582],[76.6655,10.5747],[76.7566,10.5869],[76.798,10.5678],[76.8378,10.5614],[76.8494,10.5695],[76.8622,10.5606],[76.8696,10.5076],[76.8593,10.4932],[76.8689,10.4796],[76.8963,10.4936],[76.9289,10.4925],[76.9383,10.482],[76.9832,10.4698],[76.9898,10.5029],[77.001,10.5129],[77.0434,10.5244],[77.0701,10.5173],[77.0735,10.4871],[77.0815,10.4843],[77.1041,10.5071],[77.1208,10.5026],[77.1297,10.4927],[77.1286,10.4739],[77.1426,10.4815],[77.1573,10.4694],[77.1701,10.4891],[77.1827,10.4883],[77.1953,10.4676],[77.2054,10.4731],[77.2471,10.4593],[77.2535,10.4764],[77.2693,10.4755],[77.2796,10.4835],[77.2988,10.4663],[77.29,10.4406],[77.2597,10.4326],[77.2424,10.4094],[77.2586,10.3864],[77.2685,10.3933],[77.2735,10.4151],[77.3032,10.4234],[77.3228,10.4127],[77.3547,10.4363],[77.3709,10.425],[77.3669,10.4063],[77.3833,10.3958],[77.4104,10.4076],[77.4185,10.4047],[77.4178,10.3827],[77.4394,10.3883],[77.4783,10.3694],[77.4988,10.3693],[77.4802,10.381],[77.4925,10.3968],[77.5253,10.4007],[77.5317,10.3869],[77.5669,10.4098],[77.5876,10.4025],[77.5979,10.4187],[77.6839,10.4648],[77.6905,10.4612],[77.7478,10.4883],[77.784,10.4645],[77.7846,10.4542],[77.7708,10.4374],[77.7691,10.4093],[77.7899,10.4098],[77.8171,10.3939],[77.8421,10.3569],[77.8265,10.3346],[77.8073,10.3323],[77.8342,10.309],[77.8314,10.2973],[77.8057,10.2953],[77.7968,10.2838],[77.8023,10.2694],[77.7909,10.249],[77.7604,10.258],[77.7473,10.2489],[77.699,10.2601],[77.7109,10.2459],[77.733,10.239],[77.753,10.2132],[77.7496,10.1991],[77.7377,10.1959],[77.7121,10.2104],[77.6958,10.1922],[77.6832,10.1929],[77.6693,10.1822],[77.6218,10.2021],[77.634,10.1951],[77.6362,10.1799],[77.6488,10.1686],[77.6463,10.1593],[77.6348,10.1386],[77.5897,10.1314],[77.57,10.136],[77.5635,10.1453],[77.5818,10.1778],[77.5704,10.1739],[77.5576,10.1883],[77.5193,10.1556],[77.4802,10.1391],[77.4964,10.1265],[77.5076,10.0973],[77.484,10.064],[77.4499,10.0484],[77.4413,10.0309],[77.3896,10.0051],[77.3849,10.0317],[77.3511,10.0366],[77.3517,10.063],[77.3228,10.0738],[77.3122,10.0649],[77.3217,10.0526],[77.301,10.0314],[77.3036,10.0213],[77.3258,10.0185],[77.3268,10.002],[77.3072,9.9855],[77.2991,9.9557],[77.2757,9.9349],[77.2762,9.9262],[77.2541,9.9132],[77.2408,9.8945],[77.2456,9.8789],[77.2757,9.8648],[77.2734,9.8477],[77.2552,9.8286],[77.2644,9.8208],[77.2919,9.8268],[77.3013,9.8086],[77.2845,9.7801],[77.2553,9.7804],[77.2503,9.7683],[77.2573,9.7506],[77.2301,9.7074],[77.2152,9.6735],[77.2159,9.6566],[77.2032,9.6484],[77.2028,9.6384],[77.218,9.6363],[77.2443,9.6097],[77.2668,9.6163],[77.2805,9.6732],[77.3093,9.6923],[77.3279,9.6953],[77.3322,9.7239],[77.3608,9.7717],[77.3753,9.7722],[77.3841,9.7593],[77.4236,9.7715],[77.4492,9.8309],[77.5027,9.8728],[77.5172,9.9028],[77.5392,9.9134],[77.553,9.9097],[77.549,9.8931],[77.5623,9.8896],[77.5973,9.905],[77.6262,9.8911],[77.6342,9.9109],[77.6157,9.9153],[77.6068,9.9398],[77.616,9.9524],[77.6419,9.9592],[77.6528,9.9447],[77.6451,10.0018],[77.6559,10.0092],[77.6829,9.9843],[77.6878,9.9901],[77.6763,9.9937],[77.6685,10.0195],[77.6532,10.0225],[77.6525,10.0414],[77.6651,10.0473],[77.6754,10.0653],[77.688,10.0717],[77.7007,10.0679],[77.7028,10.0447],[77.709,10.0592],[77.7164,10.0509],[77.719,10.0673],[77.731,10.0715],[77.7446,10.072],[77.7389,10.0642],[77.7743,10.0524],[77.7907,10.0216],[77.7643,9.9771],[77.7555,9.9676],[77.7498,9.9784],[77.71,9.9834],[77.7068,9.9574],[77.7342,9.9524],[77.7611,9.9647],[77.7759,9.9574],[77.7614,9.9402],[77.7851,9.9336],[77.7967,9.9193],[77.7713,9.9085],[77.7493,9.8878],[77.7075,9.8903],[77.6974,9.9007],[77.6845,9.9012],[77.6539,9.8689],[77.6357,9.8075],[77.6491,9.7853],[77.7089,9.7594],[77.7121,9.7426],[77.7285,9.7529],[77.7854,9.7526],[77.7905,9.743],[77.7715,9.7316],[77.772,9.7199],[77.7612,9.7116],[77.7386,9.7107],[77.7284,9.7217],[77.7097,9.6867],[77.6827,9.676],[77.6494,9.6791],[77.6439,9.6988],[77.6322,9.6968],[77.6093,9.6886],[77.613,9.6792],[77.6031,9.6724],[77.6062,9.6821],[77.5964,9.6794],[77.5499,9.6384],[77.5366,9.6488],[77.5302,9.6434],[77.527,9.6261],[77.5362,9.6093],[77.5923,9.63],[77.6033,9.6267],[77.6166,9.6047],[77.6696,9.5929],[77.6668,9.5662],[77.6594,9.5623],[77.6634,9.5755],[77.6129,9.5581],[77.6022,9.5654],[77.5866,9.5469],[77.5576,9.5356],[77.5539,9.5239],[77.51,9.5209],[77.5016,9.504],[77.4898,9.4999],[77.4711,9.5061],[77.4579,9.5019],[77.4398,9.4734],[77.4329,9.4374],[77.3937,9.4205],[77.3783,9.3946],[77.3846,9.358],[77.3803,9.3305],[77.3544,9.302],[77.3717,9.2546],[77.3669,9.2427],[77.3517,9.2403],[77.3343,9.2242],[77.3292,9.1994],[77.3499,9.1784],[77.3779,9.1678],[77.3822,9.1516],[77.3278,9.1234],[77.3066,9.1278],[77.2968,9.115],[77.3092,9.0861],[77.3027,9.0796],[77.2885,9.0802],[77.2492,9.0572],[77.2296,9.0669],[77.2185,9.0156],[77.1801,9.0157],[77.1913,8.9909],[77.2175,8.9781],[77.2239,8.9587],[77.2413,8.9409],[77.2742,8.9383],[77.3343,8.8729],[77.324,8.8502],[77.3231,8.8083],[77.3114,8.797],[77.3611,8.7576],[77.3683,8.7124],[77.4071,8.6885],[77.4108,8.6669],[77.3926,8.6494],[77.406,8.6308],[77.4204,8.6519],[77.4456,8.6582],[77.4661,8.6329],[77.4959,8.6148],[77.5217,8.6194],[77.5252,8.6371],[77.5361,8.6423],[77.5363,8.6654],[77.5485,8.6696],[77.578,8.6386],[77.5572,8.6238],[77.5516,8.6051],[77.555,8.58],[77.5655,8.5699],[77.5574,8.5489],[77.5052,8.5541],[77.5114,8.5174],[77.5509,8.4739],[77.5551,8.4575],[77.5301,8.4365],[77.5592,8.4075],[77.5435,8.3574],[77.5484,8.3383],[77.5375,8.3248],[77.5655,8.2851],[77.5487,8.259],[77.5199,8.2595],[77.5036,8.2463],[77.4867,8.2531],[77.467,8.2405],[77.4579,8.2438],[77.4489,8.2557],[77.4548,8.2709],[77.4508,8.2999],[77.4612,8.3049],[77.4614,8.3154],[77.4485,8.3259],[77.4296,8.3161],[77.418,8.3272],[77.4188,8.3406],[77.4071,8.3551],[77.4102,8.3877],[77.3955,8.3988],[77.3865,8.3951],[77.3865,8.3784],[77.3654,8.3733],[77.3607,8.3543],[77.3074,8.3736],[77.2947,8.4048],[77.2987,8.4174],[77.3154,8.4302],[77.328,8.4299],[77.3221,8.4459],[77.3426,8.439],[77.3261,8.4521],[77.3177,8.4884],[77.2682,8.4506],[77.2327,8.4426],[77.1942,8.4604],[77.1727,8.5526],[77.1544,8.5551],[77.1386,8.574],[77.1738,8.6215],[77.1545,8.6488],[77.1319,8.6343],[77.1194,8.6429],[77.103,8.6694],[77.1238,8.6964],[77.0898,8.7056],[77.0779,8.7198],[77.0695,8.7365],[77.0699,8.7692],[77.049,8.7733],[77.0455,8.7935],[77.0573,8.7948],[77.0727,8.8107],[77.0697,8.8246],[77.0819,8.8285],[77.0885,8.8467],[77.0937,8.8624],[77.0801,8.8941],[77.0931,8.9026],[77.1218,8.897],[77.1135,8.9072],[77.1225,8.9072],[77.128,8.924],[77.0661,8.9502],[76.9976,8.9933],[76.9761,9.0263],[76.9901,9.0435],[76.9789,9.0828],[76.9976,9.1182],[77.0121,9.1257],[77.0226,9.098],[77.0481,9.0983],[77.0488,9.0865],[77.0582,9.1039],[77.0717,9.1075],[77.0694,9.1255],[77.0211,9.1361],[76.9651,9.1821],[76.9569,9.1733],[76.9245,9.1808],[76.9193,9.2026],[76.9074,9.2055],[76.9051,9.2214],[76.9231,9.2658],[76.9114,9.2973],[76.9191,9.3203],[76.9051,9.3316],[76.915,9.3347],[76.8674,9.3658],[76.8609,9.4016],[76.8618,9.4134],[76.8709,9.4086],[76.8967,9.423],[76.8876,9.4382],[76.8905,9.4594],[76.8781,9.4617],[76.9242,9.4978],[76.9185,9.525],[76.9038,9.5297],[76.8949,9.5435],[76.8648,9.5406],[76.8486,9.5491],[76.8438,9.5689],[76.8059,9.5912],[76.8033,9.6149],[76.8219,9.6594],[76.8154,9.6941],[76.7862,9.703],[76.7724,9.7363],[76.7779,9.7479],[76.7681,9.7426],[76.751,9.7604],[76.7598,9.7646],[76.7574,9.7796],[76.7356,9.7785],[76.7039,9.7919],[76.6739,9.8289],[76.6824,9.8428],[76.6976,9.8426],[76.7016,9.8552],[76.7265,9.8402],[76.7534,9.8425],[76.7839,9.8322],[76.7821,9.8594],[76.7691,9.8683],[76.7763,9.8973],[76.7932,9.905],[76.8063,9.8909],[76.8224,9.8884],[76.8572,9.9032],[76.8377,9.9162],[76.8383,9.9455],[76.8108,9.9616],[76.7918,9.9939],[76.7736,9.9967],[76.7489,10.0169],[76.7567,10.028],[76.7485,10.0397],[76.7495,10.0564],[76.712,10.1008],[76.728,10.0932],[76.7232,10.1019],[76.6915,10.1268],[76.6889,10.1439],[76.6702,10.1593],[76.6677,10.1684],[76.6792,10.1821],[76.6548,10.1716],[76.6007,10.1918],[76.5777,10.1844],[76.5704,10.2002],[76.577,10.2061],[76.5705,10.2523],[76.5641,10.2592],[76.5386,10.2466],[76.5275,10.2675],[76.4928,10.2747],[76.4808,10.2904],[76.4663,10.2822],[76.446,10.2932],[76.4364,10.3188],[76.4523,10.3225],[76.4571,10.3351],[76.4465,10.3384],[76.4469,10.346],[76.4614,10.3657],[76.4705,10.3552],[76.4967,10.3473],[76.4858,10.3713],[76.4563,10.3809],[76.4382,10.4194],[76.416,10.4229],[76.4039,10.4352],[76.356,10.455],[76.3492,10.4686],[76.3513,10.5099],[76.4099,10.5238],[76.4376,10.5189],[76.4719,10.533],[76.5145,10.5237],[76.5411,10.4926],[76.5543,10.508],[76.5988,10.5265],[76.5908,10.5433],[76.6009,10.5524],[76.6321,10.5435],[76.6219,10.5847],[76.6377,10.592],[76.6466,10.582]]],[[[77.8344,9.9237],[77.8249,9.9124],[77.8151,9.9136],[77.8073,9.9293],[77.8171,9.9467],[77.8289,9.9441],[77.8344,9.9237]]],[[[77.8237,10.1114],[77.7978,10.1183],[77.7919,10.1281],[77.7886,10.1502],[77.7953,10.1589],[77.8182,10.1566],[77.8261,10.1469],[77.8328,10.1268],[77.8237,10.1114]]],[[[77.6997,9.7811],[77.6845,9.7759],[77.674,9.7883],[77.6958,9.7877],[77.6997,9.7811]]],[[[77.5384,8.1718],[77.522,8.172],[77.5161,8.1948],[77.4886,8.2081],[77.5057,8.2395],[77.5316,8.2452],[77.5507,8.2367],[77.5595,8.1885],[77.5526,8.174],[77.5384,8.1718]]],[[[77.3904,8.1927],[77.3762,8.1929],[77.3686,8.2333],[77.3198,8.2588],[77.335,8.2953],[77.3239,8.319],[77.3274,8.3317],[77.3689,8.3467],[77.3765,8.3438],[77.3757,8.3348],[77.418,8.308],[77.4404,8.2686],[77.426,8.2543],[77.4221,8.2225],[77.3904,8.1927]]],[[[73.3291,18.8394],[73.3544,18.8491],[73.3626,18.8633],[73.3751,18.8563],[73.3852,18.8642],[73.4028,18.8628],[73.3996,18.8717],[73.3827,18.867],[73.3534,18.8823],[73.351,18.9054],[73.3729,18.9059],[73.3867,18.9459],[73.4055,18.9487],[73.4182,18.9281],[73.4423,18.9456],[73.4469,18.9811],[73.4666,18.9847],[73.4746,18.9993],[73.4866,18.9989],[73.4867,19.0126],[73.4957,19.0203],[73.5208,19.0103],[73.5259,19.0148],[73.5216,19.0305],[73.4702,19.0218],[73.46,19.0291],[73.4573,19.0645],[73.4663,19.0723],[73.5038,19.0635],[73.51,19.0832],[73.5052,19.0947],[73.5154,19.1284],[73.4962,19.1413],[73.4909,19.1591],[73.5014,19.1874],[73.5193,19.1859],[73.5264,19.2077],[73.5362,19.2121],[73.5562,19.2013],[73.5707,19.2137],[73.589,19.2159],[73.5999,19.2329],[73.6263,19.2323],[73.6476,19.2606],[73.6622,19.264],[73.6612,19.2763],[73.6491,19.2817],[73.6469,19.3008],[73.656,19.3214],[73.683,19.3309],[73.6903,19.3268],[73.7363,19.3551],[73.7375,19.3704],[73.7048,19.3783],[73.7007,19.396],[73.6752,19.4054],[73.6478,19.4469],[73.6509,19.4839],[73.6367,19.502],[73.5953,19.5136],[73.5921,19.5314],[73.6008,19.5617],[73.5923,19.561],[73.5849,19.5725],[73.5577,19.5745],[73.5496,19.5838],[73.5367,19.6287],[73.5031,19.675],[73.5075,19.7034],[73.5175,19.7089],[73.502,19.7144],[73.5089,19.7366],[73.4896,19.7515],[73.4803,19.7468],[73.4805,19.7626],[73.4933,19.7802],[73.5091,19.7799],[73.5189,19.79],[73.5363,19.7843],[73.5343,19.7657],[73.5627,19.7644],[73.565,19.7292],[73.5572,19.7332],[73.5735,19.7226],[73.574,19.6968],[73.5344,19.7087],[73.5341,19.6951],[73.553,19.6802],[73.5702,19.6451],[73.5861,19.6384],[73.5862,19.655],[73.6093,19.6318],[73.6293,19.6352],[73.6557,19.6226],[73.6696,19.6273],[73.6669,19.6114],[73.6728,19.6112],[73.6779,19.63],[73.7245,19.6465],[73.7336,19.6418],[73.755,19.6633],[73.7738,19.6654],[73.7843,19.6928],[73.8217,19.7298],[73.8101,19.7441],[73.8214,19.7586],[73.8171,19.771],[73.8252,19.7904],[73.8413,19.7874],[73.86,19.8009],[73.8746,19.7984],[73.9009,19.7676],[73.9463,19.7646],[73.9482,19.7343],[73.9364,19.7343],[73.9179,19.7156],[73.9074,19.7154],[73.8908,19.7321],[73.8655,19.7114],[73.8605,19.6806],[73.8463,19.6748],[73.822,19.6884],[73.8216,19.6823],[73.8338,19.6678],[73.8498,19.6172],[73.8576,19.6131],[73.9209,19.605],[73.9289,19.6215],[73.953,19.6345],[73.9926,19.632],[74.0118,19.6228],[74.0156,19.5844],[73.9783,19.5655],[73.9203,19.5772],[73.9036,19.5637],[73.8767,19.558],[73.8283,19.603],[73.7949,19.5697],[73.7718,19.581],[73.7615,19.5967],[73.7571,19.5698],[73.7634,19.5575],[73.7554,19.5447],[73.7324,19.5487],[73.7104,19.5713],[73.7022,19.5574],[73.6715,19.5387],[73.6842,19.5197],[73.6967,19.5342],[73.7151,19.5346],[73.7289,19.51],[73.7439,19.5009],[73.7551,19.5041],[73.7619,19.5403],[73.7834,19.5453],[73.8082,19.5247],[73.8127,19.5383],[73.8627,19.5335],[73.8654,19.5197],[73.8778,19.5251],[73.881,19.5035],[73.8556,19.4886],[73.8201,19.4806],[73.8054,19.4454],[73.8195,19.4239],[73.8947,19.4387],[74.0197,19.403],[74.0592,19.3724],[74.0585,19.3385],[74.0489,19.3383],[74.0427,19.3571],[74.022,19.3568],[74.0137,19.3655],[74.0163,19.3359],[74.0259,19.3232],[74.0011,19.3198],[73.9782,19.3029],[73.9492,19.3061],[73.9354,19.2968],[73.9219,19.3092],[73.9046,19.3042],[73.8827,19.3155],[73.8668,19.3124],[73.8471,19.3281],[73.8444,19.3445],[73.8128,19.3717],[73.8076,19.3687],[73.7947,19.3517],[73.8177,19.3258],[73.8236,19.3087],[73.8124,19.2979],[73.8203,19.2897],[73.8731,19.3053],[73.9112,19.2913],[73.9022,19.2666],[73.9106,19.2543],[73.9058,19.2345],[73.8929,19.2301],[73.8647,19.2327],[73.8451,19.2565],[73.8324,19.2524],[73.8295,19.2346],[73.8167,19.2314],[73.7641,19.2747],[73.7553,19.2655],[73.7244,19.2895],[73.703,19.286],[73.7571,19.2448],[73.7696,19.203],[73.8134,19.1928],[73.8069,19.1673],[73.7984,19.1632],[73.8154,19.1635],[73.8305,19.1477],[73.83,19.1239],[73.8456,19.118],[73.8543,19.1033],[73.8477,19.0869],[73.8267,19.0761],[73.7966,19.0823],[73.7635,19.0781],[73.778,19.0585],[73.7591,19.0085],[73.6805,19.0216],[73.6122,19.0457],[73.6051,19.055],[73.5952,19.0746],[73.6153,19.0946],[73.6477,19.0811],[73.6588,19.0847],[73.6633,19.0987],[73.6905,19.1079],[73.6758,19.1208],[73.628,19.1175],[73.5949,19.1425],[73.5733,19.107],[73.5615,19.1073],[73.5532,19.0951],[73.5529,19.078],[73.5716,19.0781],[73.5799,19.0701],[73.5844,19.0426],[73.5635,19.04],[73.5746,19.0222],[73.6002,19.0186],[73.6233,18.9903],[73.6469,18.9844],[73.6467,18.9738],[73.6821,18.9677],[73.6877,18.9509],[73.7111,18.9526],[73.7135,18.9381],[73.7426,18.9052],[73.7301,18.8831],[73.6973,18.8854],[73.6914,18.9138],[73.6736,18.9113],[73.6637,18.9009],[73.649,18.9066],[73.6509,18.9278],[73.6425,18.9374],[73.6324,18.9322],[73.6199,18.9506],[73.5875,18.9613],[73.5804,18.9477],[73.6041,18.9422],[73.6076,18.9285],[73.601,18.9187],[73.6232,18.9123],[73.6309,18.8905],[73.6465,18.8967],[73.6593,18.8654],[73.6696,18.8656],[73.6947,18.8425],[73.7212,18.8374],[73.7343,18.8149],[73.7255,18.8009],[73.6864,18.8124],[73.6865,18.8011],[73.6713,18.7933],[73.6531,18.832],[73.6302,18.8401],[73.6268,18.8571],[73.6074,18.8519],[73.5951,18.8579],[73.5635,18.9093],[73.533,18.9199],[73.5021,18.9476],[73.4816,18.9544],[73.4774,18.9246],[73.4573,18.9132],[73.4842,18.9017],[73.4864,18.8842],[73.478,18.8815],[73.4884,18.8699],[73.4722,18.8411],[73.4373,18.8181],[73.4232,18.7807],[73.3954,18.7688],[73.391,18.7604],[73.4007,18.7461],[73.3659,18.7268],[73.3757,18.7218],[73.3903,18.728],[73.4014,18.7182],[73.4079,18.6915],[73.4625,18.6835],[73.4605,18.6423],[73.4758,18.6113],[73.4926,18.6259],[73.507,18.657],[73.5237,18.657],[73.556,18.6759],[73.5736,18.6721],[73.5867,18.6383],[73.6028,18.6386],[73.6259,18.626],[73.6217,18.6073],[73.6322,18.5845],[73.6183,18.5534],[73.5885,18.5552],[73.5803,18.5408],[73.5466,18.5363],[73.5709,18.5329],[73.5883,18.5113],[73.606,18.5196],[73.6308,18.4959],[73.6485,18.505],[73.6634,18.5022],[73.6577,18.4895],[73.6677,18.4827],[73.7025,18.4934],[73.7259,18.476],[73.7083,18.406],[73.694,18.394],[73.6698,18.4049],[73.6695,18.3931],[73.7051,18.38],[73.7382,18.405],[73.7646,18.4054],[73.7684,18.4208],[73.7819,18.43],[73.7997,18.427],[73.8119,18.4363],[73.9049,18.4363],[73.9384,18.4247],[73.9388,18.4073],[73.9135,18.3946],[73.828,18.376],[73.7931,18.3426],[73.8068,18.3427],[73.8095,18.3289],[73.8511,18.2965],[73.8551,18.2761],[73.8331,18.2648],[73.7986,18.2884],[73.7471,18.278],[73.7249,18.2948],[73.6697,18.3073],[73.6763,18.2803],[73.7147,18.2689],[73.7325,18.2734],[73.7551,18.253],[73.7632,18.2571],[73.7655,18.2381],[73.6729,18.1947],[73.6436,18.2203],[73.5916,18.2351],[73.5824,18.2446],[73.5572,18.2424],[73.588,18.2093],[73.6186,18.2055],[73.678,18.1784],[73.6922,18.1892],[73.73,18.1923],[73.7362,18.205],[73.7592,18.2108],[73.7618,18.2217],[73.7882,18.1972],[73.7968,18.1805],[73.7944,18.1605],[73.7739,18.1538],[73.7822,18.1417],[73.7636,18.124],[73.7413,18.1146],[73.7103,18.1228],[73.6929,18.1072],[73.664,18.1053],[73.6468,18.0845],[73.7212,18.0864],[73.7376,18.0988],[73.7629,18.0919],[73.7709,18.1002],[73.7821,18.0948],[73.7926,18.0667],[73.7801,18.0448],[73.7903,18.0444],[73.8021,18.063],[73.7924,18.1006],[73.8039,18.1371],[73.8257,18.1467],[73.8488,18.1283],[73.8516,18.117],[73.8398,18.0968],[73.8441,18.0613],[73.8511,18.0643],[73.855,18.0985],[73.8719,18.1141],[73.8715,18.132],[73.884,18.1363],[73.9061,18.1251],[73.8955,18.1095],[73.903,18.095],[73.8938,18.0748],[73.9056,18.0581],[73.9223,18.0538],[73.9332,18.0621],[73.9623,18.0447],[73.9828,18.0499],[73.9963,18.0331],[74.017,18.0289],[74.0365,18.0373],[74.0801,18.0204],[74.0779,18.0018],[74.0642,17.991],[74.0474,17.9975],[74.024,17.9611],[74.0238,17.9468],[74.0494,17.926],[74.0457,17.9113],[74.0552,17.8988],[74.0548,17.8826],[74.0672,17.8697],[74.082,17.8738],[74.0843,17.8407],[74.0651,17.8509],[74.0738,17.8229],[74.058,17.8093],[74.0418,17.8224],[74.0223,17.8208],[74.0203,17.848],[74.0344,17.861],[74.0156,17.864],[74.0156,17.8858],[74.003,17.8989],[73.9885,17.8986],[73.976,17.9194],[73.9831,17.9482],[73.9986,17.9534],[74.0066,17.9739],[73.9969,17.9867],[74.0072,18.0018],[73.9989,18.0067],[73.9869,17.9976],[73.9667,18.0092],[73.9572,18.0056],[73.9635,17.9803],[73.9564,17.9573],[73.941,17.957],[73.9003,17.9988],[73.8791,17.9737],[73.8597,17.9736],[73.8344,18.0004],[73.8181,17.9894],[73.7754,18.0033],[73.753,18.0031],[73.7761,17.9986],[73.7863,17.9812],[73.768,17.953],[73.7899,17.9497],[73.7975,17.9679],[73.8227,17.9821],[73.8513,17.9482],[73.8652,17.953],[73.903,17.9302],[73.9033,17.9156],[73.8949,17.9113],[73.8721,17.9196],[73.8939,17.8869],[73.9185,17.8964],[73.9397,17.8898],[73.9468,17.8762],[73.9429,17.8636],[73.9346,17.858],[73.9241,17.8634],[73.9136,17.8468],[73.9013,17.8426],[73.8699,17.8717],[73.826,17.8778],[73.8299,17.87],[73.8629,17.8671],[73.8692,17.8134],[73.886,17.8217],[73.904,17.8084],[73.9161,17.8175],[73.9253,17.8142],[73.9334,17.8024],[73.9239,17.7899],[73.9323,17.7822],[73.9634,17.7927],[73.9672,17.753],[73.945,17.7571],[73.9304,17.7405],[73.9045,17.7456],[73.8969,17.7612],[73.843,17.7777],[73.8103,17.8124],[73.8216,17.7914],[73.8162,17.7765],[73.8403,17.7631],[73.8754,17.7588],[73.88,17.7321],[73.9089,17.7297],[73.9376,17.7105],[73.9536,17.7237],[73.9881,17.6864],[74.0036,17.6878],[74.0042,17.66],[73.9962,17.6555],[73.9776,17.6623],[73.9606,17.649],[73.9353,17.6603],[73.9285,17.6756],[73.8931,17.6739],[73.8768,17.6863],[73.8718,17.6793],[73.8958,17.6566],[73.9171,17.6675],[73.9257,17.6638],[73.93,17.6405],[73.9421,17.6283],[73.9539,17.6363],[73.9736,17.607],[73.9614,17.601],[73.9715,17.5872],[73.9807,17.5919],[73.9872,17.5856],[73.9916,17.5729],[73.9801,17.5615],[74.0175,17.5553],[74.0189,17.5308],[73.9678,17.5113],[73.9562,17.5183],[73.9301,17.5065],[73.9331,17.5013],[73.9445,17.5071],[73.9654,17.5031],[73.9696,17.4822],[73.9757,17.4821],[73.9861,17.4966],[74.009,17.5012],[74.0293,17.4723],[74.0218,17.4574],[74.0487,17.449],[74.0529,17.4259],[74.0655,17.4138],[74.0575,17.3968],[74.0367,17.3942],[74.0115,17.4155],[74.001,17.4121],[74.0008,17.401],[74.0384,17.385],[74.0364,17.3759],[74.032,17.3601],[73.9796,17.3328],[73.922,17.3863],[73.9103,17.3886],[73.894,17.4196],[73.8822,17.4011],[73.8988,17.3756],[73.8947,17.3634],[73.8268,17.3544],[73.8154,17.363],[73.801,17.3491],[73.8571,17.3468],[73.8643,17.3265],[73.853,17.3157],[73.8717,17.3255],[73.8842,17.316],[73.9111,17.3238],[73.951,17.3112],[73.9631,17.3238],[73.9934,17.2958],[73.9886,17.2759],[73.9148,17.2831],[73.8704,17.2665],[73.8968,17.228],[73.9096,17.1928],[73.9509,17.1785],[73.9633,17.1391],[73.9776,17.1297],[73.9782,17.0991],[73.966,17.0863],[73.9307,17.0861],[73.878,17.1218],[73.9092,17.0752],[73.9021,17.0474],[73.8768,17.0402],[73.8634,17.0185],[73.8507,17.0123],[73.8475,16.9806],[73.8179,16.9676],[73.7916,16.976],[73.7822,16.9604],[73.845,16.9592],[73.8641,16.9429],[73.878,16.8988],[73.9032,16.8716],[73.9413,16.8655],[73.9673,16.878],[73.984,16.874],[74.013,16.841],[74.0474,16.8613],[74.0616,16.8589],[74.0808,16.8396],[74.0863,16.8509],[74.1231,16.8373],[74.1267,16.8226],[74.1571,16.803],[74.2051,16.7948],[74.1932,16.7678],[74.1804,16.7634],[74.1643,16.766],[74.1615,16.7821],[74.1188,16.7719],[74.0875,16.7934],[74.0601,16.786],[74.0364,16.7961],[73.9973,16.7841],[73.9626,16.8057],[73.9431,16.7985],[73.9394,16.7868],[73.9265,16.7802],[73.8996,16.7832],[73.88,16.8136],[73.849,16.8174],[73.8339,16.8741],[73.8075,16.8736],[73.7914,16.8899],[73.7681,16.8946],[73.767,16.8855],[73.7842,16.8709],[73.7845,16.8541],[73.7802,16.8365],[73.7669,16.8226],[73.7551,16.8266],[73.755,16.8177],[73.7729,16.8135],[73.7998,16.781],[73.8152,16.7863],[73.8382,16.778],[73.8695,16.7864],[73.8865,16.7752],[73.8996,16.7386],[73.8949,16.7241],[73.8697,16.7003],[73.8792,16.6884],[73.9039,16.7155],[73.9239,16.7129],[73.9462,16.6952],[73.9448,16.6635],[73.9142,16.6451],[73.8739,16.6364],[73.877,16.5975],[73.8572,16.5906],[73.8615,16.5699],[73.8432,16.5481],[73.8613,16.5306],[73.8563,16.513],[73.8623,16.5009],[73.8753,16.5487],[73.9178,16.544],[73.9234,16.5332],[73.9194,16.4949],[73.9301,16.4894],[73.9425,16.5488],[73.9753,16.5494],[73.9884,16.5253],[73.9771,16.5208],[73.9697,16.4991],[73.9863,16.4969],[73.9837,16.4787],[73.9946,16.4644],[73.9907,16.4366],[73.9805,16.426],[73.9354,16.417],[73.8993,16.3906],[73.866,16.3885],[73.878,16.3708],[73.8676,16.35],[73.903,16.3756],[73.9174,16.4008],[73.983,16.4023],[74.007,16.3766],[74.0031,16.3488],[73.9748,16.331],[73.9638,16.3424],[73.9447,16.3428],[73.945,16.3244],[73.9143,16.3115],[73.8989,16.2859],[73.9024,16.2794],[73.9239,16.282],[73.9353,16.2938],[73.9695,16.2741],[73.978,16.2628],[73.9675,16.2322],[73.9821,16.2467],[73.9965,16.2197],[74.0133,16.2446],[74.0255,16.2471],[74.0356,16.2395],[74.0484,16.2439],[74.0529,16.2308],[74.0509,16.2132],[74.016,16.1724],[73.9993,16.1681],[73.9652,16.1837],[73.9379,16.1642],[73.9274,16.1341],[73.876,16.1142],[73.8789,16.1011],[73.8957,16.1007],[73.906,16.1139],[73.9382,16.107],[73.9588,16.1279],[74.006,16.1259],[74.0205,16.1148],[74.0299,16.1196],[74.0427,16.0948],[74.0386,16.0697],[74.0281,16.0698],[74.0218,16.0604],[74.0405,16.0511],[74.0447,16.0241],[74.0053,15.9805],[74.005,15.9655],[74.0172,15.9736],[74.0178,15.9449],[74.003,15.9234],[74.0322,15.8893],[74.0321,15.879],[74.0487,15.8681],[74.0641,15.8734],[74.0831,15.8552],[74.1044,15.8479],[74.1326,15.8613],[74.1884,15.851],[74.1986,15.8009],[74.2279,15.8105],[74.2248,15.8336],[74.2331,15.8379],[74.246,15.8219],[74.2624,15.8215],[74.2675,15.8321],[74.2988,15.8211],[74.2945,15.8135],[74.2676,15.8138],[74.2802,15.8009],[74.278,15.7798],[74.2548,15.78],[74.249,15.7606],[74.2385,15.7538],[74.2218,15.7572],[74.2066,15.729],[74.2113,15.7116],[74.1986,15.6965],[74.1816,15.6969],[74.1654,15.7113],[74.1654,15.6941],[74.1343,15.6681],[74.1533,15.6655],[74.1684,15.684],[74.1815,15.6866],[74.1948,15.6863],[74.2124,15.6689],[74.238,15.6842],[74.2573,15.6707],[74.2677,15.6195],[74.2781,15.6197],[74.2839,15.6378],[74.3097,15.6406],[74.3259,15.6573],[74.3052,15.6676],[74.31,15.6563],[74.2898,15.6574],[74.2822,15.6698],[74.2908,15.6739],[74.365,15.6694],[74.3822,15.6505],[74.3519,15.6357],[74.3528,15.6025],[74.3277,15.5882],[74.328,15.5635],[74.3455,15.5294],[74.3364,15.5113],[74.3296,15.5024],[74.2969,15.5031],[74.2676,15.4923],[74.2793,15.4812],[74.2949,15.4402],[74.2945,15.4216],[74.3233,15.4238],[74.3349,15.4063],[74.328,15.3384],[74.3135,15.3284],[74.3305,15.3157],[74.3364,15.3218],[74.349,15.2963],[74.3394,15.2701],[74.3301,15.2749],[74.2849,15.2626],[74.3426,15.1714],[74.3274,15.1427],[74.305,15.1383],[74.2926,15.112],[74.3105,15.1043],[74.3197,15.0864],[74.3093,15.0617],[74.3297,15.0495],[74.326,15.032],[74.3778,14.9893],[74.3978,14.9591],[74.3931,14.95],[74.4178,14.9427],[74.4278,14.9634],[74.4141,14.953],[74.4263,14.9738],[74.4576,14.9594],[74.4741,14.9765],[74.4761,15.001],[74.5053,14.9926],[74.5018,15.0699],[74.5355,15.0657],[74.547,15.0404],[74.5625,15.0355],[74.5823,15.0489],[74.5533,15.1065],[74.5601,15.1166],[74.5469,15.1413],[74.5582,15.1449],[74.559,15.1592],[74.6136,15.1113],[74.6221,15.1613],[74.6442,15.1464],[74.6583,15.1111],[74.6812,15.1116],[74.6934,15.0849],[74.6551,15.0611],[74.6592,15.0465],[74.6432,15.0326],[74.6373,14.9947],[74.6271,15.0015],[74.6012,14.9854],[74.5982,14.9704],[74.6085,14.9553],[74.5838,14.8828],[74.5885,14.8758],[74.6205,14.8718],[74.663,14.9134],[74.7157,14.8554],[74.7283,14.853],[74.7689,14.8696],[74.7722,14.8098],[74.7653,14.7986],[74.7451,14.799],[74.7289,14.8217],[74.7184,14.8146],[74.7026,14.7371],[74.6901,14.7343],[74.6669,14.746],[74.658,14.7643],[74.6697,14.7802],[74.6538,14.792],[74.6343,14.7745],[74.6378,14.7697],[74.6468,14.7798],[74.6232,14.6717],[74.5998,14.6501],[74.5869,14.6534],[74.5696,14.6403],[74.5952,14.5668],[74.5811,14.5384],[74.5885,14.4924],[74.5979,14.4926],[74.6059,14.515],[74.6419,14.5227],[74.6691,14.5105],[74.6721,14.4948],[74.699,14.4882],[74.7046,14.4767],[74.6801,14.4175],[74.7227,14.4136],[74.7489,14.4228],[74.7552,14.4196],[74.7593,14.3883],[74.7118,14.371],[74.6771,14.3871],[74.6655,14.3736],[74.6655,14.3444],[74.6613,14.3405],[74.6507,14.3509],[74.6385,14.3352],[74.654,14.3314],[74.6801,14.305],[74.7244,14.2997],[74.7818,14.2777],[74.7939,14.2581],[74.82,14.2529],[74.8334,14.2282],[74.7962,14.1986],[74.7761,14.199],[74.7577,14.2148],[74.741,14.2113],[74.7455,14.1936],[74.7601,14.1791],[74.7653,14.1393],[74.7163,14.1384],[74.712,14.1163],[74.7304,14.1067],[74.734,14.0802],[74.7468,14.0632],[74.7251,14.0249],[74.6904,14.0175],[74.6908,13.999],[74.6835,13.9919],[74.6946,13.9674],[74.7192,13.9405],[74.7324,13.9363],[74.7426,13.9416],[74.7803,13.9363],[74.7992,13.9508],[74.8151,13.9457],[74.82,13.9263],[74.8514,13.9058],[74.8627,13.9146],[74.882,13.9116],[74.9314,13.8791],[74.9389,13.8575],[74.9336,13.839],[74.9443,13.8218],[74.9606,13.8321],[74.9842,13.8111],[74.9687,13.779],[74.9747,13.7653],[75.0004,13.7556],[75.0112,13.7418],[75.0073,13.7204],[75.0413,13.6728],[75.028,13.641],[75.0382,13.6281],[75.0688,13.6233],[75.0738,13.6137],[75.0697,13.582],[75.0595,13.5722],[75.0614,13.5465],[75.0871,13.5048],[75.1049,13.5052],[75.1155,13.4922],[75.1153,13.4759],[75.1423,13.4802],[75.1844,13.4426],[75.1768,13.4084],[75.1905,13.3949],[75.1618,13.3764],[75.1584,13.3559],[75.1451,13.3469],[75.1095,13.3467],[75.1043,13.3374],[75.1178,13.3047],[75.1547,13.3003],[75.2051,13.3267],[75.1989,13.3403],[75.2333,13.338],[75.253,13.3446],[75.2557,13.3585],[75.2817,13.3696],[75.3174,13.3648],[75.3175,13.3468],[75.3381,13.3301],[75.3464,13.3829],[75.3676,13.4069],[75.3597,13.4599],[75.3715,13.4842],[75.384,13.4818],[75.4197,13.4137],[75.4175,13.3807],[75.4053,13.3767],[75.4021,13.3579],[75.4336,13.3442],[75.46,13.2957],[75.4569,13.2831],[75.4422,13.2719],[75.4141,13.275],[75.4093,13.2657],[75.4091,13.2572],[75.445,13.2523],[75.453,13.2367],[75.4386,13.2191],[75.4432,13.2101],[75.4364,13.2],[75.4431,13.1947],[75.4643,13.2321],[75.4829,13.2324],[75.5426,13.2116],[75.5573,13.1874],[75.5372,13.1566],[75.5208,13.15],[75.5237,13.1219],[75.5325,13.0946],[75.5634,13.0658],[75.5574,13.0461],[75.5925,13.0288],[75.5929,13.0096],[75.5802,12.997],[75.58,12.9843],[75.6002,12.9941],[75.6487,12.976],[75.6697,12.9441],[75.666,12.9265],[75.651,12.9228],[75.6671,12.9096],[75.662,12.8947],[75.6757,12.9009],[75.6758,12.8863],[75.7143,12.8868],[75.7363,12.8625],[75.7244,12.8293],[75.7343,12.8199],[75.7315,12.8112],[75.7072,12.7894],[75.6989,12.802],[75.678,12.7942],[75.7071,12.7426],[75.7175,12.7571],[75.7341,12.7448],[75.7395,12.7368],[75.728,12.7157],[75.7465,12.7032],[75.7556,12.6841],[75.7809,12.6806],[75.806,12.6575],[75.8025,12.6322],[75.7727,12.6427],[75.7608,12.618],[75.7469,12.6135],[75.7445,12.5849],[75.7659,12.5767],[75.7784,12.5861],[75.7941,12.581],[75.7988,12.562],[75.8109,12.5581],[75.8177,12.5346],[75.8052,12.5232],[75.8054,12.4951],[75.787,12.4738],[75.7742,12.4813],[75.7637,12.4759],[75.7294,12.5015],[75.71,12.4982],[75.67,12.5092],[75.6748,12.492],[75.6934,12.477],[75.6872,12.4679],[75.6949,12.4503],[75.7175,12.4197],[75.7217,12.43],[75.7321,12.4267],[75.7323,12.4156],[75.6843,12.4102],[75.6905,12.3928],[75.6832,12.3844],[75.63,12.3843],[75.616,12.3697],[75.5907,12.3737],[75.5762,12.3863],[75.5527,12.3787],[75.5281,12.3961],[75.5272,12.3701],[75.5938,12.3434],[75.6109,12.3135],[75.6279,12.3087],[75.644,12.276],[75.628,12.2562],[75.6844,12.238],[75.6909,12.2173],[75.7091,12.2177],[75.724,12.185],[75.7236,12.1656],[75.8,12.1544],[75.8102,12.1613],[75.8232,12.1564],[75.8328,12.1368],[75.8467,12.1323],[75.8487,12.1032],[75.8988,12.0658],[75.8874,12.0329],[75.8682,12.0378],[75.8646,12.0161],[75.8405,12.0085],[75.845,12.001],[75.855,12.0061],[75.873,11.9915],[75.9012,11.9996],[75.9442,11.9945],[75.9611,12.0002],[76.0002,11.979],[76.0093,11.9654],[76.055,11.9677],[76.0673,11.9514],[76.0586,11.9285],[76.0391,11.923],[76.0308,11.8962],[76.0508,11.8865],[76.0526,11.861],[76.0288,11.8504],[76.024,11.8406],[76.0054,11.8362],[75.9834,11.849],[75.9427,11.8468],[75.9295,11.8259],[75.8402,11.838],[75.8301,11.8283],[75.829,11.805],[75.8426,11.7771],[75.8322,11.7583],[75.843,11.7405],[75.9114,11.7482],[75.932,11.7345],[75.953,11.6866],[75.9384,11.6426],[75.9917,11.6393],[76.0072,11.6244],[76.0069,11.5911],[76.027,11.5353],[76.0351,11.5304],[76.05,11.5599],[76.0902,11.5738],[76.1236,11.5631],[76.1415,11.5322],[76.156,11.5369],[76.1884,11.53],[76.2095,11.5448],[76.2346,11.5484],[76.2611,11.5055],[76.2825,11.5001],[76.3039,11.5196],[76.3292,11.5142],[76.3406,11.5033],[76.3445,11.4844],[76.3622,11.4987],[76.3853,11.4936],[76.3917,11.4827],[76.4228,11.4804],[76.454,11.4453],[76.4654,11.4506],[76.463,11.485],[76.5655,11.5442],[76.5618,11.5688],[76.5868,11.5805],[76.597,11.5945],[76.6066,11.6335],[76.6264,11.6438],[76.6582,11.6428],[76.6765,11.6291],[76.7042,11.6383],[76.7204,11.6331],[76.7334,11.6487],[76.7538,11.6533],[76.7761,11.6397],[76.788,11.6134],[76.8478,11.5961],[76.8763,11.5965],[76.8923,11.5739],[76.9062,11.5809],[76.9162,11.5739],[76.9411,11.5803],[76.9862,11.5448],[76.996,11.5234],[76.9864,11.5107],[77.0082,11.5058],[77.0405,11.4823],[77.0492,11.4612],[77.049,11.4303],[77.0407,11.4177],[76.9968,11.4041],[77.0072,11.3899],[76.9984,11.376],[76.9822,11.378],[76.9759,11.3558],[76.9453,11.3324],[76.8885,11.3287],[76.8889,11.3035],[76.8739,11.2887],[76.87,11.2564],[76.8449,11.2427],[76.8308,11.2221],[76.8073,11.2178],[76.8019,11.2072],[76.8058,11.1997],[76.7959,11.1867],[76.8008,11.1593],[76.8217,11.1562],[76.8425,11.1925],[76.855,11.1928],[76.859,11.1847],[76.8925,11.2008],[76.9083,11.2325],[76.9248,11.2381],[76.9461,11.2329],[76.9572,11.2192],[76.9421,11.201],[76.9239,11.201],[76.9173,11.1652],[76.8926,11.1517],[76.8985,11.1434],[76.9125,11.1506],[76.9175,11.1409],[76.92,11.1098],[76.9119,11.0907],[76.8537,11.0967],[76.8322,11.0782],[76.8881,11.0648],[76.8915,11.0516],[76.8677,11.0413],[76.8759,11.0292],[76.8712,11.0167],[76.8214,11.0167],[76.7904,11.0113],[76.7824,11.003],[76.7458,11.0064],[76.7343,10.9922],[76.7405,10.9771],[76.7348,10.968],[76.6989,10.9544],[76.751,10.9195],[76.7838,10.9155],[76.7891,10.9252],[76.8218,10.9417],[76.8626,10.9211],[76.8918,10.9341],[76.9167,10.9346],[76.9339,10.9224],[76.936,10.8971],[76.9147,10.8889],[76.898,10.8995],[76.8429,10.8697],[76.8262,10.878],[76.824,10.8345],[76.7344,10.807],[76.7173,10.857],[76.693,10.8545],[76.6574,10.878],[76.651,10.869],[76.6863,10.8367],[76.6797,10.826],[76.6428,10.8305],[76.6267,10.8509],[76.5873,10.8511],[76.5419,10.8934],[76.5468,10.9194],[76.5141,10.9534],[76.519,10.9732],[76.5334,10.9842],[76.5481,10.9783],[76.5544,10.9939],[76.5157,10.9991],[76.5133,11.0215],[76.4867,11.028],[76.4601,11.0231],[76.4483,11.0349],[76.4254,11.0335],[76.4049,11.0155],[76.3928,11.0196],[76.3844,11.0237],[76.3844,11.0434],[76.3302,11.0861],[76.3333,11.1043],[76.3465,11.1076],[76.3573,11.1218],[76.3575,11.1434],[76.3549,11.1539],[76.3265,11.1689],[76.3166,11.1954],[76.3447,11.2155],[76.3601,11.2638],[76.3863,11.307],[76.374,11.3694],[76.3447,11.3779],[76.353,11.4047],[76.3386,11.405],[76.3302,11.428],[76.2746,11.4152],[76.2551,11.4384],[76.2366,11.4509],[76.2315,11.4465],[76.2405,11.3925],[76.2099,11.3303],[76.1843,11.3281],[76.1821,11.2897],[76.1696,11.2815],[76.17,11.2617],[76.1466,11.2324],[76.1458,11.2211],[76.1129,11.241],[76.0691,11.2428],[76.0585,11.278],[76.049,11.2778],[76.0434,11.2887],[76.0483,11.3032],[76.0343,11.3206],[76.0634,11.3199],[76.0635,11.326],[76.0471,11.3493],[76.0301,11.4122],[76.0347,11.4317],[76.012,11.4646],[76.0103,11.4874],[75.9692,11.4939],[75.9528,11.4681],[75.9501,11.4452],[75.9346,11.4426],[75.902,11.4666],[75.9055,11.4905],[75.8751,11.4655],[75.8612,11.4761],[75.8317,11.4718],[75.818,11.4789],[75.8218,11.4906],[75.8116,11.4955],[75.8093,11.5074],[75.8224,11.533],[75.8316,11.5363],[75.8449,11.5262],[75.8532,11.5385],[75.8843,11.5367],[75.8788,11.5579],[75.8494,11.582],[75.836,11.6369],[75.7884,11.6781],[75.7553,11.6781],[75.7389,11.6919],[75.7359,11.7099],[75.7238,11.7219],[75.7239,11.7489],[75.7343,11.7573],[75.6667,11.7683],[75.6363,11.7989],[75.6443,11.8185],[75.672,11.8363],[75.6832,11.8305],[75.7117,11.8365],[75.738,11.8323],[75.7539,11.8827],[75.782,11.8988],[75.8259,11.8948],[75.805,11.9492],[75.8113,11.9733],[75.7994,11.9811],[75.7724,11.9759],[75.7529,11.9906],[75.7447,12.0283],[75.7508,12.0462],[75.7369,12.0553],[75.7345,12.0814],[75.7195,12.0842],[75.7128,12.0703],[75.6813,12.06],[75.6661,12.0661],[75.6613,12.0885],[75.655,12.0884],[75.6452,12.0438],[75.6137,12.0406],[75.5945,12.0877],[75.559,12.1094],[75.5384,12.1092],[75.5386,12.1009],[75.5257,12.0968],[75.4739,12.1062],[75.4802,12.1155],[75.4575,12.1391],[75.4723,12.1682],[75.4549,12.1832],[75.4552,12.1974],[75.4442,12.2071],[75.4027,12.2073],[75.3797,12.2268],[75.3802,12.2509],[75.3708,12.2705],[75.3801,12.2919],[75.3621,12.2948],[75.3564,12.3093],[75.3229,12.3097],[75.3081,12.3454],[75.2874,12.3529],[75.2793,12.3667],[75.2579,12.3605],[75.2503,12.3684],[75.2343,12.3656],[75.2204,12.355],[75.2004,12.3659],[75.1926,12.4055],[75.2025,12.4247],[75.2309,12.43],[75.2354,12.416],[75.2488,12.4196],[75.3214,12.4694],[75.2989,12.4749],[75.288,12.4697],[75.276,12.4782],[75.2864,12.5202],[75.3093,12.5338],[75.3261,12.5363],[75.3292,12.5218],[75.3411,12.5298],[75.3616,12.5218],[75.3833,12.5327],[75.3934,12.5275],[75.4028,12.5307],[75.3947,12.55],[75.4011,12.5594],[75.4451,12.5653],[75.4616,12.5482],[75.4569,12.5208],[75.405,12.5175],[75.4095,12.5009],[75.4292,12.5092],[75.484,12.4871],[75.5074,12.4924],[75.522,12.4759],[75.5417,12.4925],[75.5698,12.4843],[75.5337,12.5098],[75.5133,12.5072],[75.4968,12.5359],[75.5291,12.5761],[75.5506,12.5757],[75.5848,12.5982],[75.599,12.5946],[75.5989,12.5819],[75.6228,12.5517],[75.6446,12.5685],[75.6468,12.5865],[75.6093,12.6553],[75.6163,12.675],[75.603,12.701],[75.5957,12.7434],[75.5799,12.7855],[75.5593,12.8095],[75.565,12.8263],[75.5547,12.852],[75.509,12.8655],[75.4874,12.8864],[75.4646,12.8772],[75.4529,12.8844],[75.4468,12.9387],[75.4559,12.9625],[75.4468,12.9896],[75.4592,13.015],[75.4359,13.0114],[75.4225,13.0183],[75.4226,13.0566],[75.3988,13.038],[75.3786,13.0415],[75.3804,13.0817],[75.3669,13.1194],[75.3403,13.0593],[75.3106,13.0696],[75.3034,13.0517],[75.2902,13.0431],[75.2447,13.0571],[75.1619,13.1192],[75.1592,13.1521],[75.1325,13.1782],[75.116,13.2166],[75.1228,13.2298],[75.0807,13.2646],[75.0389,13.3426],[75.0413,13.3628],[75.0154,13.3802],[75.0302,13.4637],[75.0434,13.4696],[75.0694,13.454],[75.0759,13.4698],[75.0606,13.4943],[75.0411,13.5016],[75.0295,13.5263],[74.9675,13.5698],[74.9765,13.5912],[74.9947,13.6022],[74.9709,13.6074],[74.9627,13.6321],[74.97,13.6641],[74.9863,13.6824],[74.9676,13.705],[74.9634,13.7281],[74.9316,13.7284],[74.918,13.7504],[74.8788,13.7645],[74.876,13.7837],[74.89,13.8021],[74.8798,13.828],[74.8486,13.807],[74.8173,13.8052],[74.8049,13.8136],[74.8016,13.8321],[74.7972,13.8187],[74.7801,13.8104],[74.7563,13.82],[74.7503,13.8382],[74.7203,13.8361],[74.6901,13.8578],[74.6801,13.9114],[74.6635,13.9312],[74.6717,13.9434],[74.6538,13.9492],[74.6331,13.9989],[74.6484,14.0349],[74.6343,14.0514],[74.6426,14.0759],[74.6718,14.0996],[74.6505,14.0959],[74.619,14.0522],[74.6048,14.0488],[74.5856,14.0618],[74.5818,14.0774],[74.5555,14.0944],[74.5526,14.1093],[74.5144,14.1134],[74.5116,14.1497],[74.5289,14.1651],[74.562,14.1588],[74.5919,14.1791],[74.598,14.2003],[74.6153,14.2175],[74.637,14.2295],[74.6633,14.2133],[74.6859,14.2138],[74.6953,14.2395],[74.6945,14.253],[74.6727,14.2426],[74.628,14.2592],[74.6189,14.2771],[74.5972,14.2697],[74.5895,14.2436],[74.555,14.2405],[74.5364,14.2652],[74.5327,14.2841],[74.5468,14.3079],[74.528,14.3062],[74.5363,14.3211],[74.4975,14.3218],[74.4803,14.3335],[74.478,14.3657],[74.516,14.3787],[74.5408,14.43],[74.5709,14.4234],[74.5782,14.4072],[74.6176,14.4379],[74.5418,14.4385],[74.5358,14.4568],[74.5463,14.4823],[74.5337,14.5055],[74.5363,14.526],[74.518,14.5256],[74.4979,14.4977],[74.4733,14.488],[74.4433,14.4886],[74.4279,14.5033],[74.4281,14.5214],[74.4501,14.5679],[74.4404,14.5994],[74.4412,14.6374],[74.4495,14.6497],[74.4739,14.655],[74.4943,14.6696],[74.5249,14.6559],[74.528,14.6473],[74.5187,14.6351],[74.5319,14.6176],[74.5382,14.6457],[74.5303,14.6732],[74.5439,14.7033],[74.537,14.7134],[74.5447,14.726],[74.5349,14.7307],[74.5323,14.7512],[74.5114,14.7379],[74.5129,14.7062],[74.4908,14.6979],[74.4756,14.701],[74.4497,14.7227],[74.4379,14.7105],[74.426,14.7132],[74.43,14.6937],[74.4155,14.6674],[74.3944,14.6346],[74.3715,14.6238],[74.3258,14.6613],[74.3175,14.7217],[74.3312,14.7375],[74.328,14.7426],[74.3884,14.7751],[74.3797,14.7982],[74.3731,14.8009],[74.3485,14.7778],[74.3332,14.7779],[74.3278,14.7586],[74.2697,14.7331],[74.2463,14.7391],[74.2173,14.7755],[74.2071,14.778],[74.2022,14.7679],[74.1677,14.7612],[74.1318,14.7786],[74.1228,14.8001],[74.1364,14.8131],[74.1845,14.8151],[74.1844,14.8368],[74.1935,14.8455],[74.2388,14.8487],[74.2725,14.8238],[74.28,14.8422],[74.2655,14.8765],[74.2775,14.8997],[74.263,14.9138],[74.2184,14.9135],[74.2046,14.9229],[74.195,14.9163],[74.1864,14.9261],[74.1885,14.9563],[74.1972,14.9691],[74.2176,14.9771],[74.201,14.9976],[74.171,15.0071],[74.157,14.9987],[74.1404,15.0031],[74.1258,15.0384],[74.1091,15.0258],[74.0829,15.0285],[74.0674,15.0218],[74.0137,15.0401],[74.0114,15.0649],[74.0676,15.0863],[74.0426,15.0933],[74.0459,15.0988],[74.0616,15.0926],[74.0792,15.1079],[74.1582,15.1082],[74.1935,15.0697],[74.1988,15.0729],[74.1885,15.081],[74.2305,15.0843],[74.2299,15.0976],[74.2152,15.1112],[74.2159,15.1269],[74.2471,15.1643],[74.2697,15.1722],[74.2657,15.199],[74.2399,15.2052],[74.2283,15.2177],[74.2245,15.2418],[74.2076,15.2474],[74.2051,15.2661],[74.2096,15.2786],[74.2325,15.2888],[74.2697,15.3371],[74.2549,15.3427],[74.2405,15.3675],[74.2434,15.3925],[74.2215,15.4013],[74.2198,15.4303],[74.2342,15.4407],[74.2013,15.4443],[74.1845,15.4589],[74.1822,15.4822],[74.1719,15.4957],[74.1827,15.5224],[74.2095,15.524],[74.2247,15.5478],[74.2156,15.5763],[74.2217,15.5909],[74.2017,15.6009],[74.1746,15.5926],[74.1569,15.6199],[74.1361,15.6238],[74.1335,15.5657],[74.1209,15.5469],[74.0947,15.5393],[74.103,15.534],[74.0972,15.5286],[74.051,15.5816],[74.048,15.5975],[74.0553,15.6094],[74.0697,15.6105],[74.022,15.6455],[74.0244,15.6759],[74.0347,15.6821],[74.0452,15.6766],[74.0492,15.6851],[74.0447,15.7241],[74.0635,15.7344],[74.081,15.7301],[74.1051,15.7571],[74.0928,15.776],[74.1081,15.7935],[74.0392,15.7799],[74.0455,15.7684],[74.0135,15.7376],[73.9693,15.7491],[73.9632,15.7876],[73.952,15.8025],[73.9214,15.8176],[73.9086,15.8464],[73.9159,15.8684],[73.9034,15.8902],[73.9301,15.9212],[73.9444,15.9696],[73.9616,15.9945],[73.9268,16.0235],[73.93,16.0565],[73.9231,16.0665],[73.8993,16.0601],[73.8875,16.0469],[73.8307,16.0395],[73.821,16.0429],[73.8133,16.0641],[73.7787,16.0859],[73.7809,16.1236],[73.7875,16.1359],[73.8071,16.1398],[73.8002,16.1497],[73.8144,16.1835],[73.8775,16.1739],[73.8806,16.1966],[73.8538,16.2102],[73.845,16.2423],[73.8591,16.2617],[73.7955,16.2956],[73.7962,16.3437],[73.8173,16.3684],[73.7968,16.4074],[73.8083,16.4127],[73.8005,16.4531],[73.805,16.4804],[73.7944,16.4852],[73.8041,16.4995],[73.788,16.5363],[73.7847,16.5176],[73.7799,16.5332],[73.7807,16.5472],[73.8104,16.575],[73.8048,16.6027],[73.7871,16.6081],[73.7843,16.633],[73.7971,16.6574],[73.8161,16.6596],[73.8154,16.6703],[73.7844,16.6909],[73.7854,16.7329],[73.7665,16.7443],[73.757,16.7337],[73.7456,16.7344],[73.7317,16.7452],[73.7283,16.7876],[73.6835,16.8163],[73.6694,16.8436],[73.6778,16.8643],[73.6614,16.889],[73.667,16.8992],[73.6575,16.9292],[73.6717,16.9729],[73.6953,16.9883],[73.714,16.9845],[73.727,16.9699],[73.7405,17.0031],[73.732,17.0072],[73.7323,17.0192],[73.7041,17.0285],[73.7076,17.0492],[73.6802,17.074],[73.6354,17.0868],[73.6354,17.1233],[73.6239,17.1532],[73.6508,17.1806],[73.6338,17.2745],[73.6218,17.2861],[73.6147,17.3221],[73.6384,17.3406],[73.6111,17.3657],[73.5748,17.3623],[73.5611,17.3906],[73.5738,17.41],[73.5684,17.4197],[73.5754,17.4322],[73.5688,17.4416],[73.5766,17.4516],[73.6259,17.4684],[73.6058,17.5017],[73.6022,17.5173],[73.6109,17.5328],[73.655,17.5579],[73.6446,17.5701],[73.6232,17.5766],[73.6166,17.5914],[73.6233,17.6034],[73.5515,17.5885],[73.5377,17.6049],[73.5181,17.6123],[73.5045,17.638],[73.5079,17.6535],[73.5021,17.6571],[73.4963,17.6447],[73.4919,17.6498],[73.4941,17.6786],[73.4996,17.6862],[73.5157,17.6778],[73.5451,17.6781],[73.5445,17.6852],[73.523,17.6979],[73.5119,17.7254],[73.4868,17.7336],[73.4806,17.7571],[73.4873,17.7666],[73.4796,17.7803],[73.4724,17.7842],[73.459,17.7594],[73.4333,17.7615],[73.4298,17.7731],[73.4067,17.7913],[73.4049,17.8312],[73.3654,17.8281],[73.3406,17.852],[73.3445,17.8788],[73.3326,17.8891],[73.3344,17.9114],[73.3534,17.9324],[73.3534,17.9465],[73.3787,17.9487],[73.3821,17.9395],[73.3698,17.935],[73.3941,17.924],[73.4162,17.9665],[73.4451,17.9642],[73.4831,17.9865],[73.4792,18.0222],[73.4911,18.0501],[73.523,18.0593],[73.5466,18.0856],[73.5642,18.0911],[73.5606,18.1195],[73.5777,18.1335],[73.5807,18.1461],[73.58,18.1578],[73.5611,18.1688],[73.5147,18.1489],[73.4957,18.155],[73.4617,18.1318],[73.4317,18.141],[73.4273,18.1507],[73.4085,18.1493],[73.401,18.183],[73.405,18.2136],[73.3631,18.228],[73.3575,18.2499],[73.3458,18.2557],[73.3427,18.2711],[73.3517,18.298],[73.3323,18.3371],[73.3578,18.3617],[73.3857,18.3489],[73.3956,18.3558],[73.3946,18.372],[73.3793,18.3742],[73.3698,18.4018],[73.3786,18.4181],[73.3738,18.4515],[73.3479,18.451],[73.3451,18.4915],[73.2985,18.5374],[73.3022,18.6209],[73.3246,18.6328],[73.3304,18.6678],[73.3519,18.6729],[73.3592,18.6826],[73.3503,18.6863],[73.3406,18.6753],[73.3273,18.6761],[73.2968,18.7161],[73.3164,18.7858],[73.3304,18.7983],[73.3458,18.7885],[73.3281,18.8165],[73.3291,18.8394]]],[[[73.3291,18.8394],[73.3197,18.8464],[73.2943,18.8316],[73.2776,18.8355],[73.2719,18.8443],[73.2767,18.8565],[73.2636,18.8778],[73.2791,18.902],[73.2902,18.9091],[73.3211,18.8794],[73.3316,18.8841],[73.3341,18.8702],[73.3157,18.8636],[73.3308,18.8469],[73.3291,18.8394]]],[[[76.3853,11.4936],[76.3756,11.5201],[76.3828,11.5402],[76.4053,11.5587],[76.4223,11.5571],[76.439,11.5318],[76.436,11.5053],[76.4018,11.4897],[76.3853,11.4936]]],[[[76.5659,11.7513],[76.5861,11.7523],[76.6237,11.7064],[76.6273,11.6846],[76.5889,11.676],[76.5304,11.7002],[76.5307,11.7233],[76.5219,11.7352],[76.5324,11.7504],[76.5534,11.7577],[76.5659,11.7513]]],[[[76.3465,10.6587],[76.3544,10.6466],[76.3666,10.6469],[76.3984,10.6057],[76.37,10.568],[76.3584,10.5759],[76.3228,10.5582],[76.2893,10.5618],[76.285,10.5989],[76.3068,10.6056],[76.3176,10.6289],[76.3114,10.6423],[76.3295,10.6674],[76.3465,10.6587]]],[[[76.2844,11.0135],[76.3102,11.013],[76.317,11.0014],[76.3128,10.9635],[76.2862,10.9591],[76.2366,10.9831],[76.2346,10.9997],[76.2428,11.0133],[76.2844,11.0135]]],[[[76.2154,11.0177],[76.1603,11.033],[76.1469,11.0556],[76.1502,11.0691],[76.1617,11.0755],[76.1972,11.073],[76.2123,11.0522],[76.2279,11.0452],[76.2256,11.0264],[76.2154,11.0177]]],[[[76.0959,11.6414],[76.121,11.6382],[76.136,11.6276],[76.1465,11.5836],[76.1353,11.5686],[76.0954,11.5836],[76.0874,11.5936],[76.0835,11.6238],[76.0959,11.6414]]],[[[76.0427,11.0758],[76.0374,11.0644],[76.0043,11.0665],[75.9844,11.0792],[75.9831,11.1015],[75.9923,11.1215],[76.0167,11.121],[76.0408,11.0978],[76.0427,11.0758]]],[[[75.6968,13.6199],[75.7495,13.613],[75.753,13.604],[75.728,13.591],[75.7573,13.5832],[75.7658,13.5876],[75.8378,13.5447],[75.8499,13.576],[75.8607,13.5758],[75.8732,13.5884],[75.8888,13.5655],[75.8987,13.5759],[75.9178,13.5779],[75.9301,13.5475],[75.9091,13.5425],[75.9092,13.5248],[75.8904,13.5174],[75.8849,13.5062],[75.9155,13.4732],[75.905,13.4528],[75.8895,13.4453],[75.8651,13.4594],[75.8554,13.4695],[75.8645,13.4918],[75.846,13.5092],[75.8289,13.4831],[75.8023,13.4857],[75.792,13.4751],[75.7927,13.4431],[75.803,13.4278],[75.7979,13.4051],[75.8303,13.4323],[75.8386,13.4511],[75.8719,13.4382],[75.8595,13.4116],[75.8704,13.3923],[75.854,13.3473],[75.7965,13.3447],[75.7757,13.3577],[75.7733,13.3841],[75.7542,13.3777],[75.7396,13.3582],[75.719,13.3473],[75.7127,13.3539],[75.6981,13.3468],[75.6943,13.3584],[75.6791,13.3587],[75.6916,13.328],[75.6818,13.3019],[75.6333,13.2604],[75.6367,13.2408],[75.6262,13.2278],[75.6444,13.2189],[75.6494,13.1606],[75.6172,13.1572],[75.5945,13.1639],[75.5953,13.2019],[75.5879,13.2167],[75.5699,13.227],[75.5476,13.2633],[75.5333,13.2661],[75.5294,13.2781],[75.5154,13.278],[75.5092,13.2908],[75.5095,13.3183],[75.5181,13.3349],[75.5468,13.3408],[75.5321,13.3969],[75.5159,13.3968],[75.5012,13.4087],[75.5062,13.4331],[75.5343,13.4717],[75.5428,13.4991],[75.5615,13.5082],[75.5612,13.5239],[75.5929,13.5703],[75.6042,13.5812],[75.6483,13.587],[75.6678,13.597],[75.6697,13.6177],[75.6938,13.6333],[75.7285,13.6383],[75.7343,13.632],[75.6968,13.6199]]],[[[75.9175,12.6281],[75.9035,12.628],[75.8953,12.6444],[75.9125,12.6925],[75.9258,12.6824],[75.9299,12.6637],[75.9175,12.6281]]],[[[75.8529,12.6406],[75.824,12.6439],[75.8267,12.6671],[75.8434,12.6709],[75.8583,12.6589],[75.8651,12.6432],[75.8529,12.6406]]],[[[75.6634,11.8884],[75.6128,11.8892],[75.6051,11.8965],[75.61,11.9119],[75.6328,11.9321],[75.6905,11.9177],[75.6881,11.8908],[75.6634,11.8884]]],[[[75.4752,12.6005],[75.4613,12.5987],[75.4367,12.616],[75.4284,12.6309],[75.4303,12.659],[75.4725,12.6658],[75.5091,12.6453],[75.5035,12.6074],[75.4752,12.6005]]],[[[75.4474,13.6889],[75.4594,13.6802],[75.469,13.6499],[75.452,13.6082],[75.4366,13.6092],[75.4282,13.6197],[75.4305,13.6382],[75.4214,13.6632],[75.4283,13.6851],[75.4474,13.6889]]],[[[74.541,15.1239],[74.5378,15.1124],[74.5262,15.1141],[74.5188,15.1041],[74.5237,15.0959],[74.5032,15.0908],[74.4969,15.1116],[74.514,15.1484],[74.5208,15.1494],[74.541,15.1239]]],[[[74.4487,20.8425],[74.4703,20.8474],[74.488,20.8419],[74.4904,20.8279],[74.5078,20.8257],[74.5154,20.8082],[74.4957,20.7957],[74.4815,20.7967],[74.4638,20.8108],[74.4561,20.8063],[74.4355,20.8162],[74.4339,20.8445],[74.4487,20.8425]]],[[[74.422,17.8717],[74.4635,17.8646],[74.4801,17.8494],[74.4702,17.8364],[74.4122,17.8297],[74.3916,17.8103],[74.357,17.8113],[74.3252,17.8356],[74.3135,17.8574],[74.3295,17.8675],[74.3385,17.8539],[74.3802,17.8322],[74.3871,17.8464],[74.4079,17.8543],[74.422,17.8717]]],[[[74.3884,15.1322],[74.3657,15.1282],[74.3547,15.1897],[74.3609,15.2155],[74.3552,15.2313],[74.3677,15.2422],[74.3884,15.245],[74.4088,15.2412],[74.4106,15.2068],[74.4256,15.1934],[74.4262,15.183],[74.4205,15.1681],[74.4013,15.1588],[74.3884,15.1322]]],[[[74.1726,20.8763],[74.1931,20.8694],[74.2521,20.8745],[74.2623,20.8676],[74.2899,20.8753],[74.3141,20.8626],[74.3236,20.8675],[74.3467,20.8598],[74.3473,20.8301],[74.3127,20.8247],[74.2914,20.832],[74.287,20.8228],[74.2658,20.83],[74.2718,20.8167],[74.2653,20.8111],[74.2373,20.8054],[74.2337,20.8199],[74.2126,20.8419],[74.1969,20.8445],[74.1918,20.8634],[74.1843,20.8635],[74.1785,20.8547],[74.1502,20.86],[74.1263,20.8441],[74.1225,20.8284],[74.1072,20.826],[74.1052,20.8051],[74.0972,20.8024],[74.0758,20.8087],[74.0649,20.8004],[74.0214,20.8175],[73.9976,20.8112],[73.9754,20.8217],[73.9647,20.8049],[73.9775,20.7964],[73.9831,20.7747],[73.9781,20.7593],[73.9676,20.7541],[73.9733,20.7509],[74.0236,20.7863],[74.0405,20.779],[74.0526,20.7852],[74.0947,20.7642],[74.0907,20.7263],[74.0739,20.6945],[74.0279,20.6863],[74.0139,20.6762],[74.0011,20.6448],[73.9804,20.6488],[73.9678,20.6367],[73.9652,20.6291],[73.9757,20.6241],[73.9621,20.605],[73.9354,20.5959],[73.8913,20.6133],[73.8933,20.6584],[73.8903,20.6709],[73.876,20.6778],[73.8843,20.7081],[73.8486,20.7064],[73.8557,20.6582],[73.851,20.649],[73.8614,20.6322],[73.8653,20.6011],[73.8835,20.5938],[73.8964,20.5644],[73.8515,20.542],[73.8094,20.5692],[73.8062,20.5819],[73.7886,20.5823],[73.7695,20.5686],[73.7656,20.5363],[73.7408,20.5405],[73.6885,20.5118],[73.7176,20.4892],[73.7127,20.4665],[73.7186,20.4578],[73.7062,20.4332],[73.6727,20.4475],[73.6468,20.4758],[73.6595,20.4928],[73.659,20.5149],[73.6844,20.5378],[73.6842,20.5508],[73.703,20.5633],[73.6989,20.5757],[73.7059,20.5952],[73.753,20.6165],[73.7447,20.6269],[73.7619,20.6425],[73.7707,20.632],[73.7987,20.6321],[73.8093,20.6422],[73.7818,20.6601],[73.7744,20.6789],[73.7787,20.6998],[73.7593,20.7196],[73.7758,20.753],[73.7894,20.7493],[73.8357,20.764],[73.899,20.7602],[73.9148,20.8586],[73.9258,20.867],[73.955,20.859],[73.9608,20.8707],[73.9924,20.878],[74.011,20.8683],[74.032,20.874],[74.0465,20.8593],[74.0522,20.8737],[74.0905,20.8685],[74.1295,20.8819],[74.1402,20.8747],[74.1519,20.8904],[74.1669,20.888],[74.1726,20.8763]]],[[[74.0862,20.4803],[74.1312,20.477],[74.1342,20.4678],[74.1213,20.4442],[74.0823,20.42],[74.093,20.4016],[74.1013,20.3978],[74.1239,20.4029],[74.1264,20.4133],[74.156,20.4154],[74.1597,20.4033],[74.1785,20.3978],[74.2161,20.4154],[74.2297,20.4081],[74.2485,20.4148],[74.2696,20.3758],[74.2902,20.3686],[74.2838,20.3558],[74.2854,20.3138],[74.277,20.3061],[74.253,20.3097],[74.2426,20.3276],[74.2177,20.3405],[74.175,20.3449],[74.152,20.3661],[74.1363,20.3652],[74.1287,20.3737],[74.0918,20.3614],[74.0576,20.3675],[74.0377,20.3563],[74.0292,20.3609],[74.016,20.3462],[73.9835,20.3428],[73.9751,20.3522],[73.9149,20.3717],[73.9019,20.3646],[73.8898,20.3679],[73.8789,20.3944],[73.8254,20.4037],[73.819,20.4165],[73.7979,20.4114],[73.7785,20.4273],[73.7871,20.4493],[73.8071,20.4572],[73.82,20.4592],[73.8504,20.4322],[73.861,20.4565],[73.874,20.4615],[73.8833,20.453],[73.9153,20.4728],[73.9359,20.4706],[73.9468,20.4596],[73.9488,20.4485],[73.9285,20.4371],[73.9376,20.4189],[73.9849,20.4425],[73.9936,20.4235],[73.9878,20.4114],[74.0012,20.4207],[74.019,20.4155],[74.0219,20.431],[74.0862,20.4803]]],[[[74.2082,17.9017],[74.2293,17.9014],[74.2404,17.8918],[74.227,17.8707],[74.1885,17.883],[74.1964,17.9008],[74.2082,17.9017]]],[[[74.2274,20.7224],[74.2269,20.7011],[74.2363,20.6877],[74.2118,20.6593],[74.1999,20.654],[74.1635,20.6628],[74.1659,20.6763],[74.178,20.6819],[74.1594,20.6942],[74.1664,20.7258],[74.1939,20.719],[74.2204,20.73],[74.2274,20.7224]]],[[[74.1126,16.1631],[74.1011,16.1604],[74.0997,16.1828],[74.1175,16.2316],[74.1093,16.2432],[74.1117,16.2621],[74.1361,16.2825],[74.1558,16.33],[74.1798,16.3279],[74.1905,16.3184],[74.1805,16.2765],[74.1126,16.1631]]],[[[74.178,19.4571],[74.18,19.4414],[74.1656,19.4434],[74.1738,19.438],[74.1483,19.4067],[74.128,19.405],[74.1153,19.4258],[74.1049,19.4156],[74.099,19.463],[74.1267,19.4867],[74.1596,19.4882],[74.1589,19.4764],[74.1756,19.4725],[74.178,19.4571]]],[[[74.0433,20.6285],[74.067,20.62],[74.0698,20.5997],[74.0854,20.5796],[74.1414,20.5884],[74.1383,20.5485],[74.1103,20.5436],[74.0223,20.5659],[74.0149,20.5919],[73.9968,20.6076],[74.0194,20.6258],[74.0433,20.6285]]],[[[74.13,17.7635],[74.1094,17.769],[74.1119,17.7815],[74.138,17.787],[74.1415,17.778],[74.13,17.7635]]],[[[74.1323,15.3925],[74.1037,15.3906],[74.081,15.4286],[74.0826,15.4473],[74.1076,15.4564],[74.129,15.4413],[74.1366,15.4097],[74.1323,15.3925]]],[[[74.1372,21.2207],[74.1314,21.1954],[74.0781,21.17],[74.1009,21.1399],[74.0963,21.1334],[74.0787,21.1183],[74.0245,21.1191],[74.0191,21.0935],[74.0114,21.0892],[73.9965,21.1065],[73.9594,21.0684],[73.9681,21.0356],[73.9862,21.0371],[73.9879,21.0157],[73.9725,21.0162],[73.9624,21.0019],[73.9545,21.0034],[73.9473,21.0255],[73.9271,21.0292],[73.9179,21.0477],[73.9296,21.0578],[73.925,21.0839],[73.949,21.1144],[73.9792,21.1413],[73.9983,21.1398],[74.0034,21.163],[74.0508,21.1518],[74.0374,21.1879],[74.0891,21.21],[74.0962,21.2258],[74.1145,21.2197],[74.1335,21.2362],[74.1372,21.2207]]],[[[74.0943,16.3222],[74.0845,16.3041],[74.0988,16.2826],[74.0814,16.2626],[74.0513,16.249],[74.0489,16.2601],[74.0595,16.2695],[74.0634,16.2915],[74.0501,16.3148],[74.0143,16.316],[74.018,16.3522],[74.0381,16.3568],[74.0476,16.3876],[74.1022,16.4029],[74.117,16.3863],[74.1193,16.3604],[74.0943,16.3423],[74.0943,16.3222]]],[[[74.0159,19.28],[74.04,19.255],[74.0969,19.2383],[74.1073,19.2592],[74.1133,19.2202],[74.1062,19.2103],[74.0872,19.2116],[74.0613,19.2302],[74.0251,19.2412],[74.0129,19.2651],[74.0159,19.28]]],[[[74.0926,18.4259],[74.0916,18.4249],[74.0697,18.4287],[74.0753,18.4382],[74.0966,18.4386],[74.1029,18.4293],[74.0926,18.4259]]],[[[74.0302,18.454],[74.0529,18.4411],[74.0605,18.4242],[74.028,18.4097],[73.9687,18.4269],[73.9919,18.4294],[73.9954,18.4412],[74.0302,18.454]]],[[[74.0547,17.6096],[74.0222,17.6122],[74.0157,17.6329],[74.0457,17.6364],[74.0633,17.6231],[74.0547,17.6096]]],[[[74.0177,19.5131],[74.0581,19.4964],[74.0526,19.4712],[74.0138,19.4685],[73.9677,19.4988],[73.9751,19.5029],[73.9927,19.4927],[74.009,19.514],[74.0177,19.5131]]],[[[73.9478,18.32],[73.9747,18.3184],[73.9798,18.3073],[74.0279,18.2981],[74.0218,18.2869],[74.0249,18.2794],[74.0337,18.2842],[74.0338,18.2473],[74.0446,18.2252],[74.0369,18.2181],[74.0151,18.2232],[74.0068,18.2363],[74.0039,18.2093],[73.9859,18.2192],[73.9791,18.2061],[73.9598,18.2072],[73.9329,18.2492],[73.9348,18.2811],[73.9199,18.2879],[73.9305,18.3154],[73.9478,18.32]]],[[[74.0091,15.1249],[74.0086,15.1098],[74.03,15.0975],[74.0278,15.0895],[74.0082,15.0707],[73.9724,15.0744],[73.9683,15.0856],[73.9779,15.0939],[73.9656,15.1059],[73.9709,15.1214],[74.0091,15.1249]]],[[[73.9655,20.5738],[73.9936,20.5636],[74.0051,20.5257],[73.9812,20.5082],[73.9528,20.5217],[73.9345,20.5126],[73.925,20.5159],[73.9197,20.5337],[73.9405,20.5366],[73.9176,20.5615],[73.9261,20.574],[73.9499,20.5808],[73.9655,20.5738]]],[[[73.9384,17.342],[73.9187,17.3269],[73.8914,17.3275],[73.8885,17.3351],[73.9151,17.3463],[73.93,17.3382],[73.8992,17.3559],[73.9171,17.3675],[73.9361,17.3596],[73.9384,17.342]]],[[[73.8779,18.9373],[73.8707,18.9311],[73.8418,18.9379],[73.8247,18.9631],[73.7936,18.9831],[73.7962,19.0195],[73.867,18.9704],[73.8651,18.9548],[73.8779,18.9373]]],[[[73.8611,19.03],[73.8716,19.0137],[73.8728,18.9915],[73.8221,19.0201],[73.8213,19.0278],[73.8611,19.03]]],[[[73.7404,20.0927],[73.7219,20.0996],[73.7163,20.1214],[73.746,20.1185],[73.7488,20.095],[73.7404,20.0927]]],[[[73.6964,19.6948],[73.7117,19.7029],[73.7182,19.6808],[73.7076,19.6776],[73.7008,19.6624],[73.6666,19.6457],[73.6451,19.6496],[73.6386,19.6881],[73.6591,19.698],[73.6616,19.7257],[73.677,19.7269],[73.6964,19.6948]]],[[[73.7159,20.7325],[73.7124,20.7249],[73.7029,20.7258],[73.6802,20.745],[73.6948,20.7695],[73.7141,20.7465],[73.7159,20.7325]]],[[[73.6625,20.6217],[73.6696,20.5955],[73.6457,20.5707],[73.624,20.5717],[73.6088,20.5848],[73.5918,20.5883],[73.5853,20.5808],[73.5633,20.597],[73.5472,20.5964],[73.5278,20.6236],[73.4792,20.6452],[73.476,20.6541],[73.4814,20.6687],[73.4952,20.6749],[73.5299,20.6678],[73.5479,20.6521],[73.5758,20.6609],[73.6036,20.6345],[73.6445,20.6137],[73.655,20.6212],[73.6406,20.6571],[73.6634,20.6992],[73.6522,20.7042],[73.6635,20.7186],[73.68,20.7237],[73.704,20.7194],[73.7105,20.7118],[73.7023,20.6925],[73.6866,20.6789],[73.6657,20.6757],[73.6594,20.6499],[73.6727,20.6459],[73.6625,20.6217]]],[[[73.5611,18.7494],[73.5669,18.7403],[73.6224,18.7452],[73.6462,18.7371],[73.6484,18.7094],[73.5826,18.7027],[73.5687,18.7175],[73.5138,18.7034],[73.4895,18.6853],[73.4617,18.6882],[73.4489,18.7037],[73.4511,18.7215],[73.4806,18.7452],[73.5049,18.7524],[73.5207,18.7426],[73.5396,18.7642],[73.5611,18.7494]]],[[[73.642,20.1755],[73.6284,20.1684],[73.6244,20.1891],[73.6345,20.1966],[73.642,20.1755]]],[[[73.6031,20.7948],[73.6384,20.7528],[73.6404,20.726],[73.6161,20.7063],[73.6124,20.6915],[73.5981,20.6953],[73.5944,20.704],[73.5779,20.7003],[73.5592,20.7074],[73.5511,20.7297],[73.5737,20.7575],[73.5545,20.7596],[73.5558,20.7703],[73.5464,20.7677],[73.5556,20.7952],[73.5837,20.8027],[73.6031,20.7948]]],[[[73.615,20.1335],[73.5978,20.1097],[73.5513,20.1033],[73.5116,20.0572],[73.4936,20.0654],[73.5009,20.0477],[73.4804,20.0089],[73.4904,20.0043],[73.4677,19.9734],[73.4904,19.9442],[73.4931,19.924],[73.5009,19.9235],[73.509,19.9508],[73.529,19.9485],[73.5334,19.9343],[73.5788,19.9649],[73.622,19.9238],[73.6342,19.8994],[73.6103,19.8922],[73.6024,19.8709],[73.5867,19.8649],[73.5812,19.8448],[73.5652,19.8438],[73.5212,19.8862],[73.4627,19.8811],[73.4448,19.895],[73.448,19.8671],[73.4319,19.8486],[73.4319,19.8322],[73.4446,19.8325],[73.4461,19.8081],[73.4336,19.8043],[73.427,19.7894],[73.3968,19.8015],[73.4061,19.8191],[73.3885,19.8348],[73.4134,19.8485],[73.4077,19.8924],[73.3943,19.9044],[73.392,19.9252],[73.3954,19.9396],[73.4252,19.9495],[73.4216,19.9716],[73.4321,19.9845],[73.426,19.9982],[73.4502,20.0296],[73.4515,20.0507],[73.4406,20.0604],[73.4423,20.0942],[73.4625,20.1033],[73.4885,20.0989],[73.5012,20.0885],[73.5194,20.1256],[73.5298,20.1313],[73.5677,20.1397],[73.5876,20.128],[73.59,20.1386],[73.5789,20.1496],[73.5835,20.1692],[73.6119,20.1821],[73.6254,20.1624],[73.6173,20.1551],[73.615,20.1335]]],[[[73.3251,20.5865],[73.3192,20.5572],[73.3242,20.553],[73.3378,20.56],[73.3782,20.5382],[73.3988,20.5386],[73.4074,20.5097],[73.4264,20.4943],[73.4594,20.4946],[73.4634,20.4862],[73.4331,20.4801],[73.4092,20.4884],[73.401,20.4633],[73.5096,20.4877],[73.5209,20.4838],[73.5304,20.5001],[73.5575,20.5196],[73.5658,20.511],[73.5569,20.469],[73.5364,20.4469],[73.5562,20.4247],[73.5322,20.4071],[73.5509,20.3956],[73.5365,20.3921],[73.5236,20.3551],[73.5044,20.3891],[73.476,20.3779],[73.468,20.382],[73.4655,20.3577],[73.4791,20.3245],[73.464,20.31],[73.4035,20.2926],[73.3777,20.3094],[73.3437,20.3103],[73.3427,20.3193],[73.3228,20.3226],[73.3191,20.334],[73.2639,20.3429],[73.2608,20.3554],[73.2363,20.3678],[73.2431,20.3825],[73.2757,20.3872],[73.2782,20.3976],[73.2983,20.4126],[73.2942,20.4206],[73.2425,20.4323],[73.2357,20.4461],[73.2364,20.4786],[73.2462,20.4821],[73.2642,20.4718],[73.2678,20.4828],[73.271,20.5777],[73.3251,20.5865]]],[[[73.4112,20.2822],[73.4317,20.2796],[73.4799,20.2426],[73.517,20.2402],[73.5259,20.2271],[73.5135,20.2239],[73.5135,20.2094],[73.493,20.1844],[73.4612,20.1863],[73.4137,20.2107],[73.4127,20.255],[73.403,20.2552],[73.4032,20.2353],[73.3501,20.2043],[73.3274,20.2143],[73.3056,20.2011],[73.28,20.203],[73.2702,20.2131],[73.2584,20.2051],[73.2274,20.2117],[73.2066,20.2289],[73.2144,20.2925],[73.2381,20.2967],[73.2404,20.274],[73.2477,20.269],[73.2624,20.2766],[73.2711,20.2708],[73.2963,20.2736],[73.3362,20.282],[73.3404,20.2957],[73.3509,20.3008],[73.3437,20.3082],[73.3738,20.2884],[73.4112,20.2822]]],[[[73.4804,20.4993],[73.4692,20.4969],[73.4596,20.5101],[73.4536,20.5443],[73.4776,20.5222],[73.4804,20.4993]]],[[[73.3996,20.6255],[73.3883,20.6216],[73.3699,20.6337],[73.3687,20.6533],[73.3806,20.6757],[73.4005,20.68],[73.4082,20.6983],[73.4158,20.6992],[73.4383,20.6676],[73.4062,20.6472],[73.4085,20.6292],[73.3996,20.6255]]],[[[73.3791,20.1925],[73.4119,20.1776],[73.4133,20.1448],[73.4015,20.1304],[73.3632,20.1342],[73.3569,20.1488],[73.3513,20.1364],[73.3177,20.1668],[73.3483,20.1656],[73.3511,20.1834],[73.3791,20.1925]]],[[[73.3323,20.0906],[73.3629,20.0878],[73.4006,20.0561],[73.3979,20.0203],[73.3728,20.0082],[73.3043,20.0437],[73.2768,20.1139],[73.2955,20.1694],[73.3089,20.1737],[73.3139,20.1517],[73.3052,20.1268],[73.3164,20.0976],[73.3323,20.0906]]],[[[73.4027,18.1052],[73.402,18.0825],[73.3935,18.0749],[73.3601,18.074],[73.3645,18.0883],[73.3865,18.0824],[73.3862,18.0878],[73.344,18.0903],[73.33,18.1113],[73.333,18.1384],[73.3617,18.1633],[73.3932,18.1656],[73.4027,18.1052]]],[[[73.3013,19.0603],[73.3034,19.0256],[73.3165,19.0164],[73.3152,18.9842],[73.3262,18.9627],[73.3258,18.9388],[73.3129,18.922],[73.3002,18.9197],[73.2711,18.9328],[73.2408,18.9086],[73.2066,18.908],[73.2012,18.9195],[73.2078,18.9356],[73.1882,18.9519],[73.1888,18.9662],[73.1988,18.9755],[73.188,18.9895],[73.1885,19.0024],[73.2096,19.0074],[73.2205,19.0242],[73.249,19.0279],[73.253,19.0386],[73.2299,19.0385],[73.2109,19.0558],[73.2115,19.0711],[73.1556,19.0984],[73.1426,19.1162],[73.1891,19.1649],[73.2179,19.1674],[73.2261,19.1547],[73.227,19.1204],[73.2407,19.1028],[73.2818,19.0905],[73.3013,19.0603]]],[[[73.2717,19.5383],[73.3209,19.5314],[73.3247,19.4957],[73.2972,19.4745],[73.2783,19.4776],[73.2735,19.4435],[73.2648,19.4358],[73.2439,19.4371],[73.2353,19.4249],[73.2157,19.4259],[73.2002,19.4392],[73.2023,19.4747],[73.2187,19.4844],[73.2259,19.5013],[73.2,19.5032],[73.1954,19.5182],[73.2164,19.537],[73.2358,19.5358],[73.2502,19.547],[73.2717,19.5383]]],[[[73.3118,19.7269],[73.3022,19.7252],[73.2806,19.759],[73.279,19.7787],[73.2921,19.8048],[73.3075,19.8112],[73.3071,19.7915],[73.2885,19.7633],[73.3118,19.7269]]],[[[73.2801,18.0132],[73.2727,18.0061],[73.2521,18.0132],[73.2447,18.0049],[73.2776,17.9723],[73.2666,17.9499],[73.2041,17.957],[73.1999,17.9656],[73.1737,17.9697],[73.1568,17.9854],[73.1493,18.0662],[73.1729,18.0878],[73.2118,18.0862],[73.2323,18.0653],[73.2392,18.033],[73.2572,18.0301],[73.2801,18.0132]]],[[[73.2775,19.7793],[73.2728,19.7686],[73.2664,19.7706],[73.2682,19.807],[73.2759,19.8075],[73.2775,19.7793]]],[[[73.2571,18.4946],[73.2626,18.4869],[73.2568,18.4573],[73.2312,18.4415],[73.1817,18.4576],[73.164,18.482],[73.161,18.5019],[73.1637,18.5119],[73.1736,18.5111],[73.1802,18.4878],[73.1896,18.4886],[73.187,18.5161],[73.2031,18.5242],[73.242,18.5161],[73.2571,18.4946]]],[[[73.1999,18.8589],[73.2074,18.8501],[73.2417,18.846],[73.2579,18.8187],[73.248,18.7871],[73.2307,18.7909],[73.2082,18.7749],[73.1893,18.7764],[73.1735,18.8096],[73.1618,18.8087],[73.1603,18.8396],[73.1785,18.8555],[73.1999,18.8589]]],[[[73.2158,18.6761],[73.2425,18.6478],[73.2458,18.6333],[73.2316,18.6022],[73.2363,18.5802],[73.2125,18.5625],[73.2002,18.5377],[73.1812,18.5207],[73.1693,18.5219],[73.1779,18.5451],[73.1495,18.5561],[73.1395,18.5781],[73.1509,18.6176],[73.0995,18.6695],[73.0805,18.6593],[73.0722,18.6725],[73.0708,18.707],[73.1059,18.7274],[73.1327,18.7253],[73.1927,18.7087],[73.2158,18.6761]]],[[[73.2238,18.7099],[73.2187,18.7019],[73.2101,18.7043],[73.1959,18.7389],[73.2043,18.757],[73.2174,18.765],[73.234,18.7604],[73.2356,18.7492],[73.2238,18.7099]]],[[[73.0728,20.0394],[73.0868,20.0487],[73.0945,20.0451],[73.0811,20.0332],[73.0841,20.016],[73.0763,20.0147],[73.0728,20.0394]]],[[[73.0728,20.0394],[73.0639,20.03],[73.0336,20.0286],[73.0236,20.0448],[73.0303,20.0707],[73.0457,20.087],[73.0575,20.0858],[73.0682,20.0728],[73.0728,20.0394]]],[[[73.058,18.5293],[73.0306,18.5279],[73.0055,18.5654],[73.0038,18.5957],[72.9939,18.5999],[73.0078,18.6348],[73.0277,18.6425],[73.0382,18.6402],[73.0482,18.618],[73.0768,18.6065],[73.0851,18.5951],[73.0839,18.5559],[73.058,18.5293]]],[[[72.9685,19.6173],[73.0,19.6042],[73.0191,19.576],[73.0287,19.5827],[73.0466,19.5776],[73.0675,19.5253],[73.052,19.5082],[73.0348,19.5094],[73.0185,19.5229],[73.0179,19.5488],[72.9639,19.5189],[72.9437,19.522],[72.9255,19.5378],[72.9236,19.5647],[72.9179,19.5675],[72.9102,19.5489],[72.9077,19.5811],[72.9325,19.6006],[72.9571,19.5962],[72.952,19.6217],[72.9685,19.6173]]],[[[73.0509,19.3655],[73.026,19.3655],[73.0019,19.4063],[73.0061,19.4541],[73.0131,19.4694],[73.0245,19.4735],[73.0545,19.4577],[73.0621,19.4343],[73.0538,19.3934],[73.0611,19.376],[73.0509,19.3655]]],[[[72.9731,19.6986],[72.9976,19.6939],[73.0103,19.6641],[73.0085,19.6501],[72.9724,19.6473],[72.959,19.6832],[72.9731,19.6986]]],[[[72.9533,19.4304],[72.9663,19.4191],[72.9806,19.4195],[72.9904,19.3634],[72.9562,19.3374],[72.9288,19.3476],[72.9305,19.3695],[72.9062,19.374],[72.8719,19.4225],[72.8884,19.451],[72.9135,19.473],[72.9416,19.4671],[72.9533,19.4304]]],[[[72.9466,19.8397],[72.9754,19.8185],[72.9784,19.8049],[72.9616,19.7835],[72.9623,19.7555],[72.9478,19.7519],[72.9248,19.7599],[72.9142,19.8035],[72.8767,19.7843],[72.8552,19.8088],[72.8606,19.8336],[72.8805,19.8461],[72.8936,19.8364],[72.8977,19.8503],[72.914,19.854],[72.9466,19.8397]]],[[[72.9469,19.1843],[72.926,19.1802],[72.9238,19.1697],[72.9164,19.1699],[72.8887,19.19],[72.8832,19.2035],[72.8905,19.2143],[72.8843,19.2339],[72.9014,19.2692],[72.9376,19.2882],[72.9676,19.2522],[72.9559,19.2367],[72.9633,19.2222],[72.9469,19.1843]]],[[[72.9612,19.6362],[72.9666,19.629],[72.9499,19.6425],[72.9453,19.6673],[72.9612,19.6362]]],[[[72.8573,19.5966],[72.852,19.5894],[72.8141,19.5959],[72.8073,19.6072],[72.8171,19.6301],[72.8,19.6562],[72.835,19.6702],[72.8548,19.6558],[72.8573,19.5966]]],[[[72.83,20.0114],[72.8062,20.014],[72.7993,20.0256],[72.805,20.0352],[72.7858,20.065],[72.7978,20.0978],[72.8282,20.1091],[72.835,20.106],[72.833,20.0892],[72.8465,20.0854],[72.8487,20.0679],[72.8417,20.0499],[72.8464,20.0167],[72.83,20.0114]]]]}},{"type":"Feature","properties":{"name":"Western Satpura Range","kind":"mountain range","wikidata":null,"area_km2":7935,"source":"GMBA Mountain Inventory v2.0 (CC BY 4.0)"},"geometry":{"type":"MultiPolygon","coordinates":[[[[78.8967,22.7549],[78.9136,22.7403],[78.9259,22.707],[78.8985,22.6905],[78.8695,22.6988],[78.8635,22.6508],[78.8301,22.5839],[78.8447,22.5501],[78.8263,22.5038],[78.8114,22.4935],[78.8262,22.4801],[78.8469,22.4842],[78.8533,22.4711],[78.8559,22.4221],[78.8362,22.4032],[78.8112,22.3965],[78.7868,22.3746],[78.7187,22.364],[78.653,22.33],[78.5951,22.324],[78.5646,22.3117],[78.5592,22.3008],[78.5055,22.2741],[78.5011,22.2471],[78.4622,22.2519],[78.4154,22.2276],[78.4354,22.1923],[78.4172,22.1653],[78.3431,22.1569],[78.3321,22.1614],[78.3218,22.1823],[78.3025,22.1631],[78.282,22.1635],[78.2684,22.1818],[78.2645,22.1737],[78.2213,22.1741],[78.2032,22.1921],[78.2009,22.2124],[78.1852,22.2163],[78.182,22.2423],[78.1632,22.245],[78.1691,22.2822],[78.1762,22.2884],[78.182,22.2674],[78.1908,22.2676],[78.1906,22.2881],[78.2053,22.2988],[78.2158,22.2884],[78.2361,22.3021],[78.318,22.3029],[78.3309,22.2968],[78.3586,22.3049],[78.3613,22.3135],[78.3462,22.3157],[78.3419,22.3503],[78.3071,22.3885],[78.2952,22.3883],[78.2865,22.4079],[78.2946,22.4291],[78.253,22.4333],[78.2549,22.4469],[78.226,22.4488],[78.1777,22.4699],[78.1262,22.4653],[78.0758,22.4822],[78.0677,22.5207],[78.0953,22.5472],[78.1259,22.5528],[78.1428,22.5382],[78.1868,22.5295],[78.2634,22.5425],[78.3076,22.5646],[78.3548,22.5569],[78.3949,22.5676],[78.4279,22.567],[78.4801,22.5553],[78.5002,22.5409],[78.5104,22.5155],[78.525,22.5254],[78.5329,22.5214],[78.5405,22.5048],[78.528,22.481],[78.5455,22.4453],[78.5259,22.4195],[78.4924,22.4071],[78.4887,22.3871],[78.4571,22.3759],[78.446,22.3863],[78.4416,22.3727],[78.4279,22.3675],[78.4281,22.3575],[78.4019,22.3527],[78.3989,22.3404],[78.4155,22.3257],[78.4052,22.2957],[78.4585,22.294],[78.5035,22.3218],[78.5281,22.3259],[78.5418,22.3402],[78.5637,22.3428],[78.5858,22.3641],[78.6254,22.361],[78.6463,22.368],[78.6534,22.4037],[78.6819,22.412],[78.6772,22.4211],[78.7009,22.4345],[78.6929,22.4425],[78.7078,22.4374],[78.728,22.4673],[78.764,22.4612],[78.7841,22.4668],[78.771,22.4911],[78.7907,22.5052],[78.8009,22.5512],[78.7863,22.5968],[78.7637,22.6119],[78.7593,22.6344],[78.7218,22.7032],[78.7661,22.7303],[78.8388,22.7446],[78.8547,22.7392],[78.8967,22.7549]]],[[[78.6559,22.6864],[78.6422,22.6463],[78.6145,22.6353],[78.5586,22.6514],[78.5552,22.6649],[78.5765,22.6946],[78.5971,22.6822],[78.5991,22.6993],[78.6412,22.7091],[78.6559,22.6864]]],[[[78.2093,22.1114],[78.219,22.1039],[78.2362,22.111],[78.2576,22.1047],[78.2829,22.1082],[78.305,22.0949],[78.2982,22.0721],[78.2603,22.063],[78.2002,22.063],[78.1799,22.0263],[78.162,22.0155],[78.1525,22.0383],[78.1428,22.035],[78.1474,22.0224],[78.1397,22.0032],[78.0937,21.9936],[78.0656,22.0069],[78.0763,22.0173],[78.0797,22.0484],[78.1023,22.0612],[78.1229,22.0551],[78.1388,22.0675],[78.1528,22.0527],[78.1659,22.0996],[78.1855,22.1133],[78.2093,22.1114]]],[[[78.1842,21.5322],[78.1546,21.5371],[78.1458,21.5449],[78.1804,21.5686],[78.2009,21.548],[78.1842,21.5322]]],[[[77.9549,21.4729],[77.9809,21.4708],[78.004,21.4561],[78.0064,21.4274],[77.9808,21.3998],[77.9145,21.3832],[77.9006,21.3899],[77.8856,21.3844],[77.8454,21.3999],[77.8427,21.41],[77.8502,21.4165],[77.8853,21.42],[77.9015,21.4323],[77.9222,21.4696],[77.9549,21.4729]]],[[[77.8778,22.2183],[77.877,22.2082],[77.8526,22.2174],[77.8655,22.2165],[77.8778,22.2183]]],[[[77.7893,22.2856],[77.7957,22.2683],[77.7895,22.2499],[77.7824,22.251],[77.7699,22.2815],[77.7893,22.2856]]],[[[77.4982,21.5601],[77.5156,21.5342],[77.5054,21.5176],[77.4657,21.5312],[77.4695,21.5072],[77.5581,21.4929],[77.5795,21.5005],[77.5965,21.4852],[77.6303,21.3759],[77.5053,21.361],[77.4685,21.3818],[77.4165,21.3489],[77.3308,21.355],[77.2873,21.3325],[77.2633,21.3368],[77.2344,21.3182],[77.2375,21.3012],[77.2483,21.3071],[77.259,21.2994],[77.2633,21.2836],[77.2533,21.2693],[77.265,21.2639],[77.2584,21.2508],[77.2274,21.2327],[77.1942,21.2348],[77.1794,21.2529],[77.1578,21.2385],[77.1379,21.2446],[77.1207,21.2377],[77.1043,21.2467],[77.0244,21.2002],[76.9906,21.2011],[76.9797,21.1922],[76.9374,21.1894],[76.8785,21.193],[76.8754,21.2049],[76.8846,21.2189],[76.9229,21.2298],[76.9276,21.24],[76.9547,21.238],[76.9735,21.2505],[76.9739,21.2732],[76.9898,21.2805],[76.9814,21.2913],[76.9851,21.3342],[76.9891,21.347],[77.0032,21.3511],[77.0173,21.3945],[77.0383,21.4017],[77.0474,21.3915],[77.0624,21.4008],[77.1166,21.3864],[77.1498,21.3984],[77.1575,21.3898],[77.1775,21.3891],[77.1797,21.413],[77.2299,21.4435],[77.2354,21.4669],[77.2608,21.4901],[77.2953,21.4992],[77.319,21.4884],[77.3256,21.4739],[77.3467,21.4854],[77.332,21.4973],[77.3022,21.4999],[77.2929,21.5082],[77.3027,21.5465],[77.3599,21.5592],[77.3788,21.5427],[77.4251,21.5607],[77.4453,21.5809],[77.4982,21.5601]]],[[[76.9384,21.3551],[76.9198,21.3551],[76.9192,21.3624],[76.9411,21.3779],[76.9571,21.3698],[76.9384,21.3551]]],[[[76.6489,21.3051],[76.7018,21.296],[76.7592,21.2742],[76.7333,21.2485],[76.7135,21.2456],[76.7375,21.2176],[76.7582,21.2278],[76.7776,21.221],[76.7678,21.1944],[76.7463,21.1811],[76.727,21.1894],[76.7363,21.1974],[76.7265,21.203],[76.6922,21.1862],[76.675,21.1866],[76.6442,21.1493],[76.6161,21.155],[76.6019,21.1443],[76.5719,21.1449],[76.538,21.1153],[76.5237,21.1156],[76.5137,21.1051],[76.4798,21.1133],[76.4627,21.1045],[76.4425,21.1092],[76.4383,21.0924],[76.4059,21.0739],[76.3998,21.0584],[76.3848,21.0547],[76.3465,21.0655],[76.2903,21.0572],[76.2635,21.0802],[76.2887,21.0925],[76.3256,21.0697],[76.3284,21.0866],[76.3473,21.0988],[76.4291,21.0987],[76.4425,21.1173],[76.4823,21.1198],[76.4823,21.136],[76.4968,21.1573],[76.4615,21.1789],[76.5112,21.1861],[76.5647,21.2163],[76.6326,21.2256],[76.6372,21.2155],[76.6517,21.2102],[76.6619,21.2181],[76.6983,21.2227],[76.7048,21.2382],[76.683,21.2508],[76.6495,21.2422],[76.632,21.2632],[76.6209,21.2877],[76.6272,21.3018],[76.6489,21.3051]]],[[[76.4487,21.1552],[76.4281,21.1517],[76.4301,21.1619],[76.4549,21.1763],[76.4629,21.1632],[76.4487,21.1552]]],[[[75.8967,21.2812],[75.8891,21.2516],[75.8499,21.2436],[75.8309,21.2479],[75.8221,21.2604],[75.8347,21.283],[75.8967,21.2812]]],[[[75.8457,21.4589],[75.8343,21.4543],[75.8399,21.4694],[75.8621,21.4759],[75.8674,21.4695],[75.8457,21.4589]]],[[[75.8541,21.5469],[75.8659,21.5366],[75.8561,21.5176],[75.8363,21.5196],[75.8097,21.5467],[75.7993,21.5444],[75.7951,21.5303],[75.7727,21.5262],[75.7687,21.5165],[75.751,21.5418],[75.7652,21.5879],[75.7916,21.6035],[75.8019,21.5829],[75.8541,21.5469]]],[[[75.7773,21.3554],[75.7926,21.3381],[75.7714,21.3134],[75.7591,21.3217],[75.7487,21.3008],[75.7489,21.2941],[75.773,21.2951],[75.7764,21.3094],[75.7826,21.3092],[75.7829,21.2775],[75.7947,21.2691],[75.7791,21.2499],[75.7074,21.2709],[75.6851,21.2724],[75.673,21.264],[75.5662,21.2784],[75.4656,21.2739],[75.4347,21.2655],[75.4226,21.2749],[75.4198,21.3011],[75.4401,21.3042],[75.4722,21.3345],[75.4915,21.3409],[75.4952,21.3527],[75.5519,21.3659],[75.5984,21.3638],[75.6224,21.353],[75.6358,21.3601],[75.6533,21.3571],[75.6529,21.3478],[75.6768,21.3514],[75.7011,21.3445],[75.7156,21.3445],[75.7355,21.3599],[75.745,21.3533],[75.7561,21.3659],[75.7773,21.3554]]],[[[75.6155,21.5747],[75.6346,21.5695],[75.6383,21.5293],[75.6172,21.5278],[75.6104,21.514],[75.5597,21.5165],[75.5416,21.4957],[75.5318,21.5015],[75.532,21.5162],[75.4948,21.5204],[75.4888,21.5403],[75.5002,21.5474],[75.5613,21.5676],[75.6155,21.5747]]],[[[75.3403,21.7319],[75.3566,21.7107],[75.3727,21.7046],[75.4222,21.7202],[75.4482,21.7107],[75.4539,21.6956],[75.4463,21.6802],[75.4014,21.6913],[75.3984,21.6746],[75.371,21.6708],[75.3128,21.704],[75.3142,21.7174],[75.2783,21.7059],[75.2791,21.7269],[75.3403,21.7319]]],[[[75.4257,21.5653],[75.4511,21.5426],[75.4306,21.5235],[75.438,21.4964],[75.4312,21.485],[75.3861,21.4806],[75.3721,21.4883],[75.352,21.4749],[75.3225,21.4874],[75.3194,21.4985],[75.2844,21.509],[75.2866,21.5265],[75.3009,21.5325],[75.363,21.5262],[75.3605,21.5587],[75.4257,21.5653]]],[[[74.8959,21.609],[74.9507,21.5954],[74.9893,21.6008],[75.0235,21.5944],[75.0381,21.5856],[75.0423,21.572],[75.0187,21.5499],[75.0048,21.5602],[74.9521,21.5569],[74.9292,21.5662],[74.891,21.5651],[74.8833,21.5704],[74.8872,21.5895],[74.8781,21.6018],[74.8959,21.609]]],[[[74.8463,22.0325],[74.8934,22.001],[74.9055,22.005],[74.9107,21.9933],[74.8957,21.9686],[74.8379,21.9708],[74.8227,22.0136],[74.8328,22.0325],[74.8463,22.0325]]],[[[74.3581,22.0738],[74.3619,22.0542],[74.3784,22.0592],[74.3905,22.0466],[74.4407,22.0322],[74.4598,22.0448],[74.5283,22.055],[74.5687,22.0271],[74.6033,22.0342],[74.6167,22.0202],[74.642,22.0261],[74.6805,22.0196],[74.6863,22.0069],[74.6645,21.969],[74.6176,21.9693],[74.624,21.957],[74.6445,21.9529],[74.6564,21.9319],[74.6772,21.9321],[74.6884,21.9243],[74.6799,21.9134],[74.6196,21.9134],[74.6202,21.8834],[74.6104,21.8705],[74.6172,21.8639],[74.6386,21.8654],[74.6493,21.8377],[74.6761,21.8195],[74.7531,21.8244],[74.7895,21.8189],[74.7947,21.8099],[74.7718,21.7989],[74.7697,21.7881],[74.7956,21.7557],[74.7988,21.7307],[74.7578,21.7648],[74.7412,21.7581],[74.7357,21.7413],[74.7003,21.7339],[74.6813,21.7343],[74.6675,21.7448],[74.6064,21.7363],[74.5924,21.7469],[74.5507,21.7488],[74.509,21.7761],[74.5092,21.7973],[74.4996,21.8009],[74.492,21.7768],[74.4968,21.7633],[74.4843,21.7635],[74.4705,21.7371],[74.4231,21.7192],[74.4023,21.6976],[74.3171,21.6752],[74.2673,21.6738],[74.1464,21.6155],[74.078,21.6239],[74.0405,21.6197],[73.9584,21.5798],[73.9215,21.5948],[73.8729,21.588],[73.802,21.5436],[73.7679,21.5469],[73.7486,21.5603],[73.7489,21.5728],[73.7913,21.5876],[73.8137,21.6155],[73.8375,21.6075],[73.8428,21.624],[73.8801,21.6437],[73.8692,21.6718],[73.8445,21.6876],[73.8176,21.6769],[73.802,21.6809],[73.792,21.6911],[73.7988,21.7096],[73.7799,21.7175],[73.7352,21.7081],[73.722,21.7218],[73.6779,21.7301],[73.6884,21.7585],[73.6685,21.7623],[73.6635,21.7467],[73.617,21.7343],[73.6112,21.7531],[73.583,21.7684],[73.5802,21.7886],[73.5604,21.813],[73.5643,21.8321],[73.5767,21.8403],[73.6189,21.8379],[73.6853,21.8506],[73.7045,21.8351],[73.7448,21.8363],[73.7499,21.8257],[73.7976,21.8052],[73.8198,21.8657],[73.8359,21.8735],[73.8317,21.8857],[73.8528,21.9089],[73.8756,21.914],[73.8902,21.9298],[73.9026,21.9204],[73.9707,21.9538],[73.9792,21.948],[74.0741,22.0175],[74.1051,22.0081],[74.1216,22.0167],[74.1843,22.0091],[74.201,22.0217],[74.2117,22.0113],[74.2176,22.0208],[74.2101,22.0319],[74.2141,22.0396],[74.2556,22.0552],[74.2844,22.0468],[74.2869,22.0686],[74.3581,22.0738]]],[[[73.7807,21.8413],[73.7727,21.839],[73.7657,21.8545],[73.7717,21.859],[73.7807,21.8413]]]]}}]}