{"type": "FeatureCollection", "features": [{"type": "Feature", "properties": {"kind": "builtup", "area_km2": 99.6}, "geometry": {"type": "Polygon", "coordinates": [[[83.32722419483316, 26.760507019458085], [83.326717, 26.758845100000002], [83.32728253205646, 26.75755028529161], [83.32594491954649, 26.758094557955147], [83.32467218529156, 26.757529567943575], [83.32465146794354, 26.758339914708394], [83.32581699999999, 26.758845100000002], [83.32462397827963, 26.760001714835433], [83.32470980516683, 26.761983180541918], [83.32839615767305, 26.761991685521455], [83.33288908046858, 26.76011450832974], [83.3340603697499, 26.760303875455403], [83.33489654631511, 26.761976909585382], [83.33745767735992, 26.762004330653973], [83.3383004280938, 26.762742898566728], [83.33766036974991, 26.7639863245446], [83.33661826240474, 26.76423045048885], [83.33662891950102, 26.767302294940617], [83.33840835337618, 26.768357309355093], [83.33782891950105, 26.77090229494066], [83.34027218514433, 26.773960631979538], [83.3424767596631, 26.774718681631768], [83.34327218514429, 26.776360631979514], [83.34491888757704, 26.776564609121138], [83.34442397823429, 26.7780884850261], [83.34556386456896, 26.778432971468426], [83.3462239782343, 26.78228848502614], [83.34741348371209, 26.78398895469879], [83.34538559344885, 26.78623844069726], [83.34272361497395, 26.786302078234275], [83.34241700660486, 26.787419261325535], [83.340817, 26.787656147014484], [83.34088396590803, 26.788369369177726], [83.34237912853158, 26.788448235431044], [83.34267218514434, 26.789560631979537], [83.34418559352714, 26.789651759346253], [83.345590694775, 26.791093499414124], [83.34558045607288, 26.793222734669488], [83.34441826240474, 26.79423045048878], [83.34504273082229, 26.79792813409198], [83.34635235048883, 26.798593837595256], [83.34860835337618, 26.79835730935509], [83.34841700660486, 26.800619261325537], [83.34728152302212, 26.800592954704015], [83.34698164937734, 26.799496362376175], [83.34561826240474, 26.80023045048885], [83.34564273082226, 26.80152813409193], [83.34785247697788, 26.802297245295986], [83.34791485470402, 26.803530576977874], [83.34442041448803, 26.803215942210166], [83.34442041448803, 26.806874257789836], [83.34618045607287, 26.807867465330514], [83.34616386456895, 26.811257228531574], [83.34282314544748, 26.813291583693402], [83.34215595312004, 26.812095100000004], [83.33242397827964, 26.812801714835434], [83.33246131772859, 26.81415078227149], [83.33457912853156, 26.814248235431045], [83.33493784232694, 26.815391685521455], [83.33625003402786, 26.81536936920462], [83.33644880194848, 26.814326901948466], [83.33792142699518, 26.81359741361286], [83.34165767739503, 26.813604330661196], [83.34256707176012, 26.814439084013376], [83.3403783997214, 26.8156949555836], [83.33986181470843, 26.814529567943577], [83.33904273079538, 26.81456206597215], [83.33782397827963, 26.816401714835433], [83.33776386456894, 26.819057228531577], [83.33602041447857, 26.820015942326872], [83.33727218529157, 26.82196063205643], [83.33979615767305, 26.821991685521457], [83.34048253205646, 26.821339914708393], [83.34015487146843, 26.818448235431045], [83.34401038516454, 26.818388121720364], [83.34453354064269, 26.817196345644696], [83.34586181470843, 26.81776063205643], [83.3459620649652, 26.816250035034805], [83.344117, 26.816445100000003], [83.34431699339514, 26.815470938674466], [83.345767, 26.8153951], [83.34796386456895, 26.816232971468427], [83.34862397823433, 26.820688485026206], [83.34974116132554, 26.82099509339514], [83.34985146802056, 26.822539914855785], [83.35181038502611, 26.822588121765705], [83.35211699339514, 26.821470938674466], [83.35489126917771, 26.82072813409198], [83.35433637684892, 26.818714471895237], [83.35609126920461, 26.817728134027856], [83.35660045935731, 26.815396345644697], [83.3576088837411, 26.81696001910113], [83.3570289194581, 26.818302294833213], [83.35821212942948, 26.819511128713508], [83.35647218529157, 26.819929567943575], [83.35586131772858, 26.82135078227149], [83.35717804687997, 26.821995100000002], [83.35971860043401, 26.821421405170664], [83.36129654631571, 26.823776909572377], [83.36503745368428, 26.824376909572376], [83.36457013543105, 26.82283297146843], [83.36623745368429, 26.822576909572376], [83.36631002172037, 26.821801714835434], [83.36401309515388, 26.82092304128858], [83.3633192372774, 26.818200283215084], [83.36636206496522, 26.81844016496521], [83.36623745368429, 26.81751329042763], [83.363917, 26.817045100000005], [83.36417960669797, 26.816035974407608], [83.36626181470844, 26.81596063205643], [83.36636206496522, 26.815050035034794], [83.36471699339515, 26.81501926132554], [83.36342577545541, 26.81315173025007], [83.36456470827021, 26.81304085819132], [83.36477189328026, 26.814240184713626], [83.36629762810476, 26.81421447684892], [83.36657193503478, 26.81484016496521], [83.36975595312003, 26.8153951], [83.37044498573438, 26.814801909042313], [83.3708965463157, 26.815976909572377], [83.37231573762384, 26.815859749377232], [83.3710726822714, 26.813939417728513], [83.36998485901834, 26.813682730532847], [83.36986181470843, 26.811529567943577], [83.36850097128651, 26.81209022942949], [83.36695125421038, 26.81121730754457], [83.36710969550616, 26.809475919288904], [83.36854491955522, 26.80879564204428], [83.36989126917767, 26.80932813409204], [83.36991573759525, 26.80683045048878], [83.36927268227141, 26.804339417728514], [83.36784526333616, 26.80487832071128], [83.36747268230182, 26.803739417698285], [83.36639283867446, 26.80349510660486], [83.36638485911294, 26.80180746931502], [83.36929762810477, 26.801614476848922], [83.36966131769825, 26.80335078230179], [83.37098164951117, 26.803393837595255], [83.37128152302212, 26.802297245295986], [83.37438936533052, 26.800431643927123], [83.37577804701448, 26.800995099999998], [83.37834463473534, 26.800431643955424], [83.37833920754457, 26.802460845789632], [83.37442397827964, 26.802001714835434], [83.37450980516684, 26.80278318054192], [83.37679762315108, 26.80311447189524], [83.37561826240474, 26.80623045048885], [83.37625146794355, 26.808739914708394], [83.37764498573439, 26.808201909042026], [83.37808396597215, 26.80936936920462], [83.37942419483316, 26.809383180541918], [83.37949126920462, 26.80856206597215], [83.37833637684894, 26.807914471895238], [83.38008873677232, 26.80701187931921], [83.38044273079538, 26.810528134027855], [83.38219699775993, 26.810312427748293], [83.38168396590805, 26.812969369177733], [83.38352142701301, 26.811797413611043], [83.38760835337617, 26.81215730935509], [83.38758918610114, 26.814800852675756], [83.38585146794354, 26.81515028529161], [83.38565247697787, 26.81739295470402], [83.38448152302213, 26.81739295470402], [83.38422419483317, 26.816307019458087], [83.38284273079537, 26.81636206597215], [83.38284273079537, 26.817728134027856], [83.384017, 26.818245100000002], [83.38286131772858, 26.818739417728516], [83.38284273079537, 26.819528134027856], [83.38423745368429, 26.819576909572376], [83.38477839972141, 26.818395244416408], [83.38537804687996, 26.818995100000002], [83.38965479064491, 26.81840374662382], [83.390014833127, 26.81948920771315], [83.38769654631571, 26.81991329042763], [83.38745247697787, 26.820992954704018], [83.38550184937462, 26.821674419981093], [83.38099479245544, 26.822260845789636], [83.38068253205645, 26.820550285291613], [83.37892564662383, 26.81953289064491], [83.37949880957242, 26.8139746463158], [83.37875595312003, 26.813295100000005], [83.3768965463157, 26.813913290427628], [83.37686131772858, 26.81535078227149], [83.37858274578961, 26.815672892455435], [83.37861699999999, 26.817645100000004], [83.37688396597214, 26.818120830795383], [83.37682891945809, 26.818902294833215], [83.37791485470402, 26.81915962302213], [83.37864273079538, 26.821328134027855], [83.380417, 26.8230451], [83.37933354064269, 26.824093854355024], [83.37896212717291, 26.822249972827187], [83.37638908045338, 26.822894557955152], [83.37377193503478, 26.822250035034795], [83.37383519042757, 26.823715553684206], [83.37549291118731, 26.824534806754865], [83.37569654631571, 26.825576909572376], [83.37656206496521, 26.82564016496521], [83.37679479245544, 26.82442935421037], [83.37794116132554, 26.824595093395143], [83.37788519805153, 26.825763298051537], [83.37677193503478, 26.825850035034794], [83.37687218529156, 26.82736063205643], [83.37906036984504, 26.828103875537195], [83.37995235062264, 26.829793837623832], [83.38067268227141, 26.829750782271493], [83.38150969541793, 26.828075919350397], [83.38257912853156, 26.828048235431048], [83.38283519042757, 26.830915553684203], [83.38419615767306, 26.830991685521454], [83.38517460020803, 26.82923830481821], [83.3867050805419, 26.829702294833215], [83.38666181470843, 26.828329567943577], [83.38534491954661, 26.828894557955152], [83.38484073684741, 26.828211128713473], [83.3861050805419, 26.82598790516679], [83.38338936526465, 26.82645855604458], [83.38199283867446, 26.82569510660486], [83.38159479245545, 26.82382935421037], [83.38481038516454, 26.823788121720366], [83.38504880194847, 26.822726901948467], [83.38609762810476, 26.822614476848923], [83.38767218529156, 26.82676063205643], [83.38903745368428, 26.826776909572377], [83.38962314544747, 26.825598616306316], [83.39198164937734, 26.82739383762383], [83.39032511625891, 26.82313018089888], [83.39060272288977, 26.821426157246094], [83.39346036974996, 26.822103875455436], [83.39437804701444, 26.8249951], [83.3963620649652, 26.8250401649652], [83.39727632264008, 26.82380433065397], [83.40056206496519, 26.82384016496519], [83.40075487146842, 26.822648235431046], [83.40417912853157, 26.822048235431044], [83.40440776934602, 26.824335777359927], [83.4036350645965, 26.825206543456304], [83.40296020490341, 26.82503749997243], [83.40288253205645, 26.823550285291613], [83.40212361483545, 26.823502078279642], [83.39871052268455, 26.826471598814503], [83.39803745368428, 26.82531329042763], [83.39657193503479, 26.825250035034806], [83.39664273079538, 26.827328134027855], [83.39859615767305, 26.827991685521457], [83.40575560041727, 26.825595244412604], [83.40699615767305, 26.826791685521457], [83.40692289228684, 26.824997266872998], [83.41013920754456, 26.82562935421037], [83.41047218514429, 26.826760631979514], [83.41198559344882, 26.82685175930272], [83.41460776934603, 26.828954422640066], [83.41452090484611, 26.830523041288583], [83.41282041447856, 26.831415942326874], [83.41401699999999, 26.8326451], [83.41394116132552, 26.834095106604863], [83.41282397827963, 26.834401714835433], [83.41288396597214, 26.836369369204622], [83.41487268227141, 26.83635078227149], [83.41495125421038, 26.833672892455436], [83.41637460020792, 26.832838304818253], [83.41895595298556, 26.8333951], [83.42029762810478, 26.83281447684892], [83.42056386456896, 26.834057228531577], [83.41886131772858, 26.834339417728515], [83.41888396597214, 26.835769369204623], [83.42022419483315, 26.83578318054192], [83.42044880194847, 26.834726901948464], [83.42141110771315, 26.834597266872997], [83.42130980516684, 26.83638318054192], [83.42321257298701, 26.835797413611044], [83.42753920754456, 26.83702935421037], [83.42848396597215, 26.839369369204622], [83.43238559352714, 26.840051759346252], [83.4332613177286, 26.841750782271493], [83.43508396597214, 26.84296936920462], [83.43654463473534, 26.843031643955424], [83.44202430458208, 26.846075919350397], [83.44281496633997, 26.847002366427102], [83.4422613177286, 26.84895078227149], [83.44566920152964, 26.84971167199356], [83.44814569973984, 26.852202022837268], [83.4482613177286, 26.85375078227149], [83.44986036984503, 26.853903875537195], [83.45412090484612, 26.858767158711427], [83.4542613177286, 26.861550782271493], [83.45575939979197, 26.86103830481807], [83.45666131772859, 26.86275078227149], [83.45774116132553, 26.862995093395142], [83.46081212942947, 26.8679790712865], [83.45905146794354, 26.869150285291614], [83.45905146794354, 26.869939914708393], [83.46249341846692, 26.869535340440905], [83.46376707176012, 26.870839084013376], [83.46444273079538, 26.873528134027854], [83.46616707176013, 26.875039084013377], [83.46684273079538, 26.877728134027855], [83.46796386456894, 26.87803297146843], [83.46917193503478, 26.88204016496521], [83.47026036984504, 26.882103875537194], [83.47288396597214, 26.88556936920462], [83.4755620649652, 26.886240164965205], [83.47426181470843, 26.884129567943578], [83.47201309515388, 26.88332304128858], [83.47189126920462, 26.881162065972152], [83.47021914529599, 26.880930576977878], [83.46829126920461, 26.87576206597215], [83.46656692823989, 26.87485111598663], [83.465917, 26.873445100000005], [83.46648253205646, 26.87035028529161], [83.46429893531301, 26.870206543389195], [83.4622726822714, 26.867339417728516], [83.46004108881269, 26.86595539324514], [83.45989880957242, 26.864374646315802], [83.45818830026016, 26.862888177162738], [83.45696198896702, 26.860050195719467], [83.45524880194847, 26.859363298051537], [83.45388253205645, 26.85655028529161], [83.45158830026017, 26.854488177162736], [83.4520726822714, 26.852339417728516], [83.44927363015496, 26.85158632446281], [83.44847268227142, 26.849339417728515], [83.44508152302213, 26.84739295470402], [83.44485003402785, 26.846320830795385], [83.44328152302212, 26.84619295470402], [83.44305003402785, 26.845120830795384], [83.44154840647285, 26.845038440653752], [83.44002419483316, 26.843307019458088], [83.43670969541793, 26.84261428064961], [83.43536692823987, 26.84125111598663], [83.43525003402785, 26.839720830795383], [83.43138936526465, 26.83905855604458], [83.42944880194847, 26.837763298051538], [83.42925003402785, 26.836720830795382], [83.42707363025009, 26.8359863245446], [83.42637365930273, 26.83422650655118], [83.42774840647286, 26.832851759346255], [83.42926181470843, 26.83276063205643], [83.42925003402785, 26.831920830795383], [83.42438908044484, 26.833694557955713], [83.42323745368489, 26.83191329041462], [83.42177460027847, 26.832451895215257], [83.42091754203794, 26.830267180314834], [83.4215050805419, 26.828387905166792], [83.41899615767305, 26.82649851447855], [83.4182289194581, 26.826587905166793], [83.4182289194581, 26.828502294833214], [83.41985247697787, 26.828697245295988], [83.4205284435028, 26.830513164533745], [83.41944526322763, 26.83127832068078], [83.41905003409197, 26.830120830822274], [83.41682577545541, 26.829338469749917], [83.41608253197947, 26.825950285144238], [83.41192051628792, 26.82298895469879], [83.41461539972113, 26.821421405115153], [83.41599615767305, 26.821991685521457], [83.4190726822714, 26.820750782271492], [83.41905003402785, 26.819920830795382], [83.41734917226378, 26.819612192737285], [83.41787268227141, 26.817539417728515], [83.41585146794354, 26.817550285291613], [83.41641496633997, 26.819487833572904], [83.41558559352714, 26.820438440653753], [83.41356699999999, 26.8210951], [83.41052361497393, 26.820502078234288], [83.41001110771315, 26.822292933127002], [83.40851699339514, 26.822219261325536], [83.40821038502608, 26.821102078234283], [83.40438936533052, 26.82045855607288], [83.40351931361104, 26.819490672986998], [83.40375487146842, 26.818448235431045], [83.40646181470844, 26.81776063205643], [83.40735487146843, 26.816048235431044], [83.41059615778987, 26.816591685511952], [83.41084880194848, 26.815526901948466], [83.41190508049897, 26.81530229494062], [83.41187268230182, 26.814539417698285], [83.40971699339514, 26.813819261325534], [83.40894050113266, 26.8123886225284], [83.410117, 26.811634052985514], [83.41009126917771, 26.81036206590802], [83.40893637684893, 26.809975728104764], [83.40905285821245, 26.80772289674563], [83.41496206496521, 26.808240164965206], [83.41485003402785, 26.807320830795383], [83.41338936526465, 26.80725855604458], [83.41134917226378, 26.805812192737285], [83.41251573759526, 26.80205974951115], [83.41186181485571, 26.800729568020486], [83.41047218514429, 26.800729568020486], [83.4097387692451, 26.802898650051073], [83.40898286596332, 26.802879495055112], [83.40943745368429, 26.79831329042763], [83.40866131772859, 26.798339417728513], [83.40829762810476, 26.799475723151083], [83.4056289194581, 26.799587905166792], [83.40563519042757, 26.800915553684206], [83.406714854704, 26.80115962302213], [83.40726920168389, 26.80297852786661], [83.40484880194848, 26.802363298051535], [83.404117, 26.800845100000004], [83.40471358552143, 26.798415942326873], [83.40361511242295, 26.796364609121138], [83.40482430449384, 26.796275919288902], [83.40575235062265, 26.79799383762383], [83.40647268227141, 26.797950782271492], [83.40730969550616, 26.796275919288906], [83.40934491954661, 26.795595642044855], [83.41169654631571, 26.797376909572375], [83.41370184937462, 26.797415780018916], [83.41533784232695, 26.798591685521455], [83.41712289228686, 26.797397266873], [83.42151002172037, 26.797888485164574], [83.42141038516455, 26.795902078279642], [83.41684491954655, 26.796575691678388], [83.41334840647285, 26.795838440653753], [83.41314481389885, 26.794689347324248], [83.41428253205645, 26.79433991470839], [83.41419615767305, 26.79349851447855], [83.41110980516683, 26.793507019458087], [83.40997839972141, 26.7952949555836], [83.40949126920462, 26.79356206597215], [83.40873784232694, 26.79349851447855], [83.40837912853156, 26.79524196456896], [83.40563637189523, 26.79527572315108], [83.405317, 26.7924451], [83.40668908044121, 26.791914508344107], [83.40939615778993, 26.79259168551194], [83.40975487146842, 26.791448235431044], [83.411767, 26.7913951], [83.41233784221006, 26.79259168551194], [83.4150890804412, 26.791914508344107], [83.41778164951117, 26.792593837595255], [83.41874840655115, 26.79145175930274], [83.42149880958537, 26.79071555368492], [83.4215620649652, 26.789850035034796], [83.41732832775224, 26.789545432741665], [83.41850508049897, 26.78890229494062], [83.41919283867446, 26.785595093395145], [83.420317, 26.785234053120103], [83.42023745368428, 26.78451329042763], [83.41864880194848, 26.784363298051538], [83.4179251162589, 26.782930180898873], [83.41804880194847, 26.781926901948466], [83.419117, 26.7816340531201], [83.41909880957242, 26.7785746463158], [83.41732564662382, 26.778132890644912], [83.41795125421038, 26.774872892455434], [83.42025767735994, 26.774004330653977], [83.42221700660485, 26.774670938674465], [83.42245146802053, 26.775739914855762], [83.42370980505933, 26.776383180498943], [83.42615595298552, 26.7763951], [83.428117, 26.7744340531201], [83.42741038516455, 26.77070207827964], [83.42602041447856, 26.770815942326873], [83.426617, 26.772045100000003], [83.4262104206941, 26.775493000260465], [83.42524880194847, 26.775363298051534], [83.4250374536849, 26.774313290414618], [83.42344880194847, 26.774163298051533], [83.42323745368489, 26.77251329041462], [83.42067920935509, 26.77308645337618], [83.42025003409195, 26.771920830822268], [83.41855125421037, 26.771617307544567], [83.41801914529599, 26.76815962302213], [83.42211002172036, 26.767288485164574], [83.42147268227141, 26.765939417728514], [83.42038485901834, 26.76568273053285], [83.42040555674002, 26.764577035138792], [83.42391358552143, 26.76487425767313], [83.42385003402785, 26.762320830795385], [83.42297189328026, 26.76225001528638], [83.42273920754455, 26.763460845789634], [83.42155449442303, 26.76322493088993], [83.4227619889672, 26.762040004280912], [83.42267268227141, 26.761139417728515], [83.42155125421039, 26.76081730754457], [83.42161309515389, 26.759167158711424], [83.42328253205645, 26.758339914708394], [83.42354160157782, 26.756655618869157], [83.42757218407455, 26.75604460094218], [83.42711485470402, 26.759130576977878], [83.42430980516684, 26.759307019458088], [83.42362397827964, 26.76068848516457], [83.42690184937463, 26.760815780018913], [83.42788396597214, 26.762569369204623], [83.42946699999999, 26.762709865244876], [83.42993519281912, 26.758718440777933], [83.43079479245544, 26.75782935421037], [83.43398164937734, 26.75839383762383], [83.43452142699518, 26.75779741361286], [83.43822419483315, 26.757783180541917], [83.43867920935509, 26.75660374662382], [83.44483745368429, 26.756576909572377], [83.44551573762384, 26.75585974937723], [83.44504108881269, 26.754334806754866], [83.44590097128645, 26.753599970570672], [83.44731002172036, 26.754088485164573], [83.44612564662383, 26.752157309355095], [83.44787268227141, 26.751750782271493], [83.44791358552143, 26.750415942326875], [83.44611816904154, 26.749212684406036], [83.44787268227141, 26.74815078227149], [83.44804880194847, 26.747126901948466], [83.45202419483316, 26.74638318054192], [83.45328253205645, 26.745739914708395], [83.45355487146843, 26.744648235431047], [83.45625003402785, 26.74396936920462], [83.456917, 26.7432340531201], [83.4563251162589, 26.74136001910113], [83.45707363015497, 26.740503875537193], [83.45919615767305, 26.740991685521454], [83.46015487146843, 26.739248235431045], [83.46283745368429, 26.739176909572375], [83.46311699339515, 26.738070938674465], [83.46471358552144, 26.73787425767313], [83.46466181470844, 26.737129567943576], [83.46357013543106, 26.736857228531576], [83.463619145296, 26.73575962302213], [83.46589880957242, 26.735515553684206], [83.46583745368429, 26.73411329042763], [83.46454491954661, 26.734694557955155], [83.46332361483546, 26.73410207827964], [83.46174463473534, 26.73585855604458], [83.45490980516684, 26.737707019458085], [83.45449762810476, 26.738875723151082], [83.45189654631571, 26.73891329042763], [83.45149762810476, 26.740075723151083], [83.44808908045336, 26.740775691678394], [83.44650980516684, 26.740107019458087], [83.44558559352714, 26.74183844065375], [83.43890184937463, 26.744274419981092], [83.43690980516683, 26.744307019458088], [83.43668519805152, 26.74536329805154], [83.43530184937462, 26.746074419981092], [83.43324526333618, 26.74667832071099], [83.43233048593606, 26.745154441080953], [83.43303357199363, 26.742942898470282], [83.43589126920462, 26.740928134027854], [83.43591358552143, 26.739615942326875], [83.43529880957242, 26.7371746463158], [83.43406181470843, 26.735929567943575], [83.43317196820688, 26.735850105171284], [83.43308519805153, 26.73696329805154], [83.43150097128655, 26.737690229429496], [83.4305491722638, 26.736812192737286], [83.43053637684893, 26.73531447189524], [83.43296202096768, 26.735640144155923], [83.43476692823988, 26.73103908401338], [83.43613565376506, 26.729659122125522], [83.43998164937734, 26.730793837623832], [83.44129126920461, 26.728928134027857], [83.4412726822714, 26.728139417728514], [83.440117, 26.727645100000004], [83.44191573762383, 26.72705974937723], [83.44139283867446, 26.717795093395143], [83.44292142699518, 26.716997413612862], [83.44595595312003, 26.7175951], [83.44899615767305, 26.716991685521457], [83.45265003402785, 26.715169369204624], [83.45331573762383, 26.71325974937723], [83.45288152302213, 26.71109724529599], [83.45397912853157, 26.711048235431047], [83.45425146794355, 26.712139914708395], [83.45495595312003, 26.712195100000002], [83.45749880957243, 26.710915553684206], [83.45694330517067, 26.709493499565973], [83.457619145296, 26.707559623022128], [83.45871573762383, 26.70725974937723], [83.45806181470843, 26.705929567943578], [83.45670097128651, 26.70649022942949], [83.45351699339514, 26.70521926132554], [83.45269880957242, 26.7017746463158], [83.45132361483546, 26.70110207827964], [83.4518088837411, 26.702530180898876], [83.45063519042758, 26.7035746463158], [83.45062041447856, 26.704874257673133], [83.45174116132553, 26.705195093395144], [83.45238164671974, 26.707419937346412], [83.44830980516684, 26.707707019458088], [83.44771085455253, 26.70949158369369], [83.44666181470843, 26.707729567943577], [83.444919166873, 26.707289207713153], [83.44731002172036, 26.706688485164573], [83.44791573762383, 26.703630450622775], [83.44667268227141, 26.700539417728514], [83.44582397827963, 26.700601714835432], [83.44553920754456, 26.704060845789634], [83.44049654631571, 26.70291329042763], [83.44094116132553, 26.704495106604863], [83.43986131772859, 26.704739417728515], [83.43957912853156, 26.70584196456896], [83.43807218529156, 26.705929567943578], [83.43803519042757, 26.706715553684205], [83.44061038516455, 26.706788121720365], [83.44095487146843, 26.705648235431045], [83.44381700660485, 26.705070938674467], [83.44396386456894, 26.706257228531577], [83.44227218529157, 26.706529567943576], [83.442217, 26.707834053120102], [83.44385247697787, 26.70809724529599], [83.44396217265853, 26.709260363953824], [83.44115235062264, 26.708896362376176], [83.44102397827963, 26.709688485164573], [83.44218482773621, 26.710678007262718], [83.44217196820688, 26.712240094828722], [83.44354491954648, 26.711595642044713], [83.44588464778704, 26.712235758919107], [83.44554463473534, 26.71305855604458], [83.44287632260497, 26.713685869338807], [83.44196202096768, 26.712450055844084], [83.43905273068776, 26.711767178871376], [83.4395050805419, 26.71018790516679], [83.43822419483315, 26.709507019458087], [83.43484491954655, 26.71077569167839], [83.43282419483316, 26.707707019458088], [83.43206131772858, 26.707739417728515], [83.43173920754455, 26.708860845789637], [83.43010563371887, 26.70881141634838], [83.43102419483316, 26.70590701945809], [83.42875439330201, 26.7076542255924], [83.42761309515389, 26.70752304128858], [83.426917, 26.706045100000004], [83.42751002172037, 26.70420171483543], [83.4263203002359, 26.703699499639253], [83.42695125421038, 26.700472892455437], [83.43098164937734, 26.70079383762383], [83.43105003402785, 26.699920830795385], [83.42918164937734, 26.699296362376174], [83.42063215062537, 26.69927441998109], [83.41868152302213, 26.69859295470402], [83.41728253205645, 26.695750285291613], [83.41588396597214, 26.695120830795386], [83.41582397827963, 26.698288485164575], [83.41745247697787, 26.69849724529599], [83.41751485470401, 26.699730576977878], [83.40869654631571, 26.70171329042763], [83.40863519042757, 26.703115553684206], [83.4098136997641, 26.703590700360753], [83.40918274578962, 26.70561730754457], [83.40681699999999, 26.706056146879906], [83.40810980516683, 26.707383180541918], [83.41018559352715, 26.707451759346252], [83.41097189328026, 26.70924018471363], [83.41183745368429, 26.709176909572378], [83.411317, 26.705445100000002], [83.41191358552143, 26.704215942326872], [83.41076692823988, 26.703251115986628], [83.41077013543105, 26.70223297146843], [83.41614463473535, 26.701431643955424], [83.41696386456894, 26.702657228531578], [83.41405146794354, 26.703550285291612], [83.41519880718089, 26.704971759222072], [83.41286131772858, 26.706539417728514], [83.41283519042757, 26.707315553684204], [83.41482419483316, 26.707383180541918], [83.41528901426561, 26.706201909042314], [83.41597804687996, 26.7067951], [83.41917607840884, 26.706246620114744], [83.41822041447857, 26.707815942326874], [83.41822397827964, 26.710888485164574], [83.42030184937462, 26.711015780018915], [83.42120351406393, 26.711935758919054], [83.42021257300482, 26.713092786387143], [83.41582041447856, 26.712615942326874], [83.41642397827964, 26.716888485164574], [83.4176088837411, 26.71856001910113], [83.41701699999999, 26.7210340531201], [83.41761645795529, 26.72166718045346], [83.41461826237617, 26.724030450622774], [83.4152289194581, 26.727702294833215], [83.41701496633996, 26.7300023664271], [83.41701496633996, 26.736687833572905], [83.4157848277362, 26.741612192737286], [83.41386036984503, 26.744186324462813], [83.41284273079538, 26.74436206597215], [83.41268519805152, 26.74596329805154], [83.41105146794354, 26.746150285291613], [83.41069762810476, 26.74787572315108], [83.40863215067664, 26.747874419997196], [83.40457804701448, 26.7460951], [83.39925767735994, 26.747885869346025], [83.39547632264008, 26.747885869346028], [83.39321038502605, 26.746702078234275], [83.39059479245543, 26.74666084578963], [83.39021038502611, 26.745502078234296], [83.38815487146843, 26.745441964568954], [83.38723640832974, 26.743567180468535], [83.38849880957243, 26.742715553684206], [83.38921914529598, 26.739959623022127], [83.39030508049898, 26.739702294940617], [83.3903376800028, 26.737110250676654], [83.39211573759525, 26.733659749511222], [83.39093700224007, 26.731712427748295], [83.39269880957242, 26.731915553684207], [83.39451002172036, 26.728288485164573], [83.39517182732071, 26.723829836083976], [83.39742419494067, 26.724183180498944], [83.39759283867446, 26.722595093395142], [83.39871002172036, 26.722288485164572], [83.39859615767305, 26.72149851447855], [83.39697182734146, 26.721860363953823], [83.39631754203793, 26.720467180314834], [83.39686181470843, 26.719129567943575], [83.394967, 26.7196951], [83.39455691538376, 26.719059814794104], [83.39685003409197, 26.718169369177726], [83.39894840655118, 26.71585175930272], [83.40225003409196, 26.715169369177726], [83.40375487146842, 26.712848235431046], [83.40579615778994, 26.71339168551194], [83.40755560041733, 26.7121952444126], [83.40859631999719, 26.713710250676662], [83.4086289194581, 26.716302294833213], [83.40985146794354, 26.718739914708394], [83.41063745368429, 26.718776909572377], [83.4095251162589, 26.716330180898876], [83.40951573759526, 26.71203045048878], [83.40891714441267, 26.711456499582695], [83.41067268227141, 26.71035078227149], [83.4107619889672, 26.709450195719096], [83.40697804701445, 26.7088951], [83.40630097131229, 26.70949022943331], [83.40495173608397, 26.708840272679286], [83.40531573759526, 26.70663045048885], [83.40459615767305, 26.70589851447855], [83.4033449196852, 26.706494557961964], [83.40213784221012, 26.70589851448805], [83.40008650912117, 26.706996987577053], [83.39996692823988, 26.705839084013377], [83.401117, 26.704834053120102], [83.40039615767306, 26.70049851447855], [83.39957193503479, 26.7004500350348], [83.39937912853156, 26.704041964568958], [83.397967, 26.704695100000006], [83.39613784232694, 26.70409851447855], [83.39569762810476, 26.705275723151082], [83.39108152302212, 26.70579295470402], [83.390419145296, 26.701559623022128], [83.39158559352714, 26.701451759346256], [83.39246131772859, 26.703150782271493], [83.39319615767306, 26.703191685521457], [83.39339523078424, 26.70039154990623], [83.395117, 26.7006340531201], [83.39449126920462, 26.69576206597215], [83.39375595312003, 26.695095100000007], [83.39240272288977, 26.69566404275392], [83.3921620649652, 26.6944500350348], [83.39130980516684, 26.694507019458086], [83.39063519042757, 26.695915553684205], [83.39228519805152, 26.696126901948467], [83.3924289194581, 26.697702294833213], [83.39348519805152, 26.697926901948467], [83.39359699775993, 26.698977772251713], [83.39188396597214, 26.698720830795384], [83.3914547906449, 26.700486453376186], [83.38824273079538, 26.69996206597215], [83.38881483312699, 26.702489207713153], [83.38762397827963, 26.703001714835434], [83.3870289194581, 26.709102294833215], [83.38789880957242, 26.709115553684207], [83.38823637189523, 26.706814476848923], [83.39809762810476, 26.705614476848922], [83.39831485470401, 26.708730576977878], [83.39430980516684, 26.709507019458087], [83.39422041447857, 26.71027425767313], [83.39813920754456, 26.71042935421037], [83.39948519805154, 26.71236329805154], [83.39801257300482, 26.71309278638714], [83.39675595312004, 26.712495100000005], [83.39367920935508, 26.71308645337618], [83.39263745368429, 26.71071329042763], [83.387467, 26.70997981587172], [83.38374463466948, 26.71245855607288], [83.38227218514429, 26.712529568020486], [83.38193127720707, 26.714264042715936], [83.38059615778988, 26.713098514488053], [83.37697804701445, 26.7130951], [83.37570097131217, 26.714290229433296], [83.37414805728407, 26.713409377207107], [83.37467268230183, 26.7119394176983], [83.37225003409195, 26.709520830822267], [83.37033784221012, 26.70889851448805], [83.36943506453382, 26.711206543502797], [83.36782397827963, 26.710801714835434], [83.36787218529156, 26.71156063205643], [83.36896386456895, 26.71183297146843], [83.36888519805153, 26.712963298051537], [83.3660289194581, 26.71318790516679], [83.36713728240154, 26.7159008165287], [83.36543637189523, 26.71607572315108], [83.3650726822714, 26.714939417728516], [83.36429654631571, 26.71491329042763], [83.36481212945112, 26.716911128567627], [83.36373354051297, 26.717893854345636], [83.36268253197947, 26.715550285144243], [83.36157013543105, 26.715257228531573], [83.3614364083441, 26.71352301955872], [83.36228152302212, 26.711697245295987], [83.36389126920461, 26.711528134027855], [83.3639050805419, 26.709587905166792], [83.36192361483545, 26.70950207827964], [83.36165247697787, 26.71059295470402], [83.36055487146844, 26.71064196456896], [83.36091358552143, 26.707815942326874], [83.36008396597215, 26.707720830795385], [83.35996386456895, 26.709857228531575], [83.35881699999999, 26.710256146879903], [83.35882041448804, 26.713874257789836], [83.35991485470402, 26.714159623022127], [83.35998274578962, 26.715217307544567], [83.35874840655119, 26.71543844069728], [83.35787268230182, 26.713739417698285], [83.35709654631509, 26.713713290414628], [83.35699762315107, 26.71637572810476], [83.35586131769819, 26.716739417698285], [83.35581826240475, 26.71745974951122], [83.35694116132554, 26.717795093395143], [83.35702891950103, 26.71990229494062], [83.35811485470401, 26.720159623022127], [83.3587719350348, 26.721840164965197], [83.36075595298556, 26.7223951], [83.36147634103888, 26.721808585925523], [83.3623082245446, 26.722551730250082], [83.36239880718088, 26.724771759222072], [83.36007218514433, 26.725729568020462], [83.35973920754456, 26.72686084578963], [83.35766131769817, 26.7269394176983], [83.3575963199972, 26.729579949323337], [83.35613920754457, 26.73166084578963], [83.35163519042757, 26.7293746463158], [83.351017, 26.730656146879905], [83.35159762315108, 26.732575728104763], [83.34984273082226, 26.73296206590807], [83.34981826237616, 26.73545974937723], [83.35221348371208, 26.736701245301212], [83.34982041448804, 26.742015942210166], [83.35041645795573, 26.745067180444767], [83.34978274578962, 26.747017307544567], [83.34802397823431, 26.74800171497386], [83.34794116132554, 26.751295106604857], [83.34686131769817, 26.7515394176983], [83.34648873677237, 26.75267832068078], [83.34507218514429, 26.752129568020486], [83.34434116132554, 26.754295106604857], [83.34294463466948, 26.75505855607288], [83.33788396590805, 26.755120830822268], [83.33634463466952, 26.758658556072866], [83.33288908046846, 26.759375691670268], [83.32833784232695, 26.75869851447855], [83.32814569973984, 26.760288177162735], [83.32722419483316, 26.760507019458085]], [[83.4593050805419, 26.737902294833212], [83.46011166910253, 26.737555784929942], [83.46005247697788, 26.738792954704017], [83.45762233089748, 26.739334415069777], [83.45768152302213, 26.738097245295986], [83.4593050805419, 26.737902294833212]], [[83.45621110771314, 26.739197266873], [83.45641700660485, 26.74001926132554], [83.45519283867446, 26.739895106604862], [83.45531699339514, 26.739270938674466], [83.45621110771314, 26.739197266873]], [[83.45608396597214, 26.710120830795383], [83.45525285821245, 26.71056730325438], [83.45524880194847, 26.70932690194847], [83.45648126931223, 26.70932302112863], [83.45608396597214, 26.710120830795383]], [[83.45307218529156, 26.708929567943578], [83.45224492112862, 26.709359369312242], [83.45224880194847, 26.708126901948468], [83.45348519805152, 26.708126901948468], [83.45307218529156, 26.708929567943578]], [[83.44308253205645, 26.753350285291614], [83.44078830026017, 26.75128817716274], [83.43953519281912, 26.748771759222073], [83.43975487146844, 26.747648235431047], [83.44516386456895, 26.74783297146843], [83.44488873666383, 26.74907832071128], [83.4428289194581, 26.748587905166794], [83.44286131772859, 26.74935078227149], [83.44461496633997, 26.7504023664271], [83.44396217265853, 26.753660363953824], [83.44308253205645, 26.753350285291614]], [[83.44102891945809, 26.745587905166794], [83.44021609999544, 26.745926825374788], [83.44028152302212, 26.74469724529599], [83.44214116132554, 26.744795093395144], [83.44102891945809, 26.745587905166794]], [[83.43813784232694, 26.712791685521456], [83.43859762315107, 26.71457572810477], [83.43743637189523, 26.714875723151085], [83.43659283867447, 26.711795093395143], [83.43781700660485, 26.711670938674466], [83.43813784232694, 26.712791685521456]], [[83.43711754204472, 26.72762301954656], [83.43792844338917, 26.727377035313125], [83.43782430458207, 26.728614280649612], [83.43659283867447, 26.728495106604864], [83.43711754204472, 26.72762301954656]], [[83.43051916687301, 26.710200992286854], [83.43156699999999, 26.7097951], [83.43201699999999, 26.7102451], [83.43096700000001, 26.710695100000006], [83.43051916687301, 26.710200992286854]], [[83.43041038516455, 26.715188121720367], [83.43126560387137, 26.715308446278794], [83.43131088043324, 26.715935352041566], [83.43008527462521, 26.715996000004566], [83.43041038516455, 26.715188121720367]], [[83.42385003402785, 26.70436936920462], [83.42438908045338, 26.703795642044852], [83.42656386456895, 26.704632971468428], [83.42577912853156, 26.70764196456896], [83.42277377117043, 26.706863894624256], [83.42385003402785, 26.70436936920462]], [[83.42511573762383, 26.71025974937723], [83.42582988664687, 26.70927987320651], [83.42573127711022, 26.71186404275363], [83.4245491722638, 26.711012192737286], [83.42511573762383, 26.71025974937723]], [[83.42495235062265, 26.750593837623832], [83.42599762315106, 26.75091447189524], [83.42577912853156, 26.75384196456896], [83.42461914529599, 26.753730576977876], [83.42438164937735, 26.752096362376175], [83.42037377117043, 26.753063894624255], [83.42115487146843, 26.750648235431047], [83.422567, 26.7499951], [83.42495235062265, 26.750593837623832]], [[83.42501038516454, 26.716702078279642], [83.42468152302213, 26.715897245295988], [83.42591485470399, 26.715959623022123], [83.42584749081784, 26.717196987625684], [83.42501038516454, 26.716702078279642]], [[83.4209050805419, 26.703102294833215], [83.42115487146843, 26.702048235431047], [83.42326181470843, 26.70196063205643], [83.42414840647285, 26.700251759346255], [83.42596386456894, 26.70043297146843], [83.425914854704, 26.702730576977878], [83.42368396597215, 26.702920830795385], [83.42277912853156, 26.70464196456896], [83.42108152302212, 26.70459295470402], [83.4209050805419, 26.703102294833215]], [[83.42181496633997, 26.721087833572906], [83.42065765891905, 26.722081614063946], [83.41868152302213, 26.72139295470402], [83.41852564662383, 26.720357309355094], [83.42205343617867, 26.72000347936301], [83.42181496633997, 26.721087833572906]], [[83.40822419483315, 26.753307019458088], [83.40615487146843, 26.75324196456896], [83.40597013543105, 26.752032971468427], [83.40707268230183, 26.7517507823017], [83.40735487146843, 26.750648235431044], [83.40885003409196, 26.750569369177732], [83.41038936533052, 26.748831643927122], [83.41535595312004, 26.7493951], [83.41661257300481, 26.748797413612863], [83.41775595312004, 26.7493951], [83.41823637189523, 26.748214476848922], [83.42118918610115, 26.748489347324252], [83.42090184937463, 26.74967441998109], [83.41526131772859, 26.750339417728515], [83.41508519805153, 26.75136329805154], [83.41402397827963, 26.751601714835434], [83.41461496633997, 26.754687833572905], [83.41374463473534, 26.755658556044576], [83.41208527462528, 26.755596000004562], [83.41251002172037, 26.754001714835432], [83.41157193503479, 26.7538500350348], [83.41156034069726, 26.754863693448833], [83.4101186003768, 26.756268794849802], [83.40935595298555, 26.7556951], [83.40544479679376, 26.756159241837217], [83.40615487146843, 26.754248235431046], [83.4113620649652, 26.753640164965205], [83.41251002172037, 26.752201714835433], [83.40822419483315, 26.753307019458088]], [[83.41851916687301, 26.725800992286853], [83.41994116132553, 26.725595093395142], [83.42002397827963, 26.727688485164574], [83.42102055009407, 26.729216869215772], [83.41938936526465, 26.72925855604458], [83.41801309515388, 26.72792304128858], [83.41851916687301, 26.725800992286853]], [[83.41851573759526, 26.76243045048885], [83.41794330515022, 26.761693499623128], [83.41923176525646, 26.76034509999999], [83.41854805728407, 26.759280822792896], [83.41970184937462, 26.759015780018917], [83.420617, 26.7612451], [83.41985247697787, 26.763992954704015], [83.41861914529598, 26.763930576977874], [83.41851573759526, 26.76243045048885]], [[83.40827460030698, 26.767957171071263], [83.41119615778987, 26.767991685511948], [83.41283215067664, 26.766815780002805], [83.41820807314016, 26.76595591208028], [83.41816386456895, 26.767457228531576], [83.41646131772859, 26.767739417728514], [83.41613920754456, 26.76946084578963], [83.41508152302212, 26.769392954704013], [83.41482419494065, 26.768307019501044], [83.41297804701445, 26.7682951], [83.41190184932333, 26.770074419997204], [83.40928396597215, 26.769520830795383], [83.40926131772859, 26.770350782271493], [83.41039762315107, 26.77071447189524], [83.4100547906449, 26.771886453376183], [83.40596650098539, 26.77045028415946], [83.4066257754554, 26.76875173025008], [83.40827460030698, 26.767957171071263]], [[83.41542419494066, 26.771907019501054], [83.41496020478472, 26.77125270027854], [83.4163356539213, 26.76985912203203], [83.41754116132554, 26.770595093395144], [83.41741700660486, 26.771819261325536], [83.41542419494066, 26.771907019501054]], [[83.41671002176571, 26.7840017149739], [83.41621511242296, 26.783164609121144], [83.41745247697787, 26.783097245295988], [83.41751166914155, 26.784334415023274], [83.41671002176571, 26.7840017149739]], [[83.41611358551197, 26.757615942210165], [83.41469654631507, 26.757513290414636], [83.41425479064492, 26.758686453376182], [83.41192380906307, 26.758323085853956], [83.41268152302212, 26.756697245295985], [83.41423745368489, 26.75657690958538], [83.41527632260497, 26.755404330661197], [83.41758274578962, 26.756872892455437], [83.41737912853156, 26.758041964568957], [83.41611358551197, 26.757615942210165]], [[83.4164239782343, 26.83088848502614], [83.41632588028999, 26.831716586532462], [83.41568650918218, 26.831796987625403], [83.41562233085845, 26.830555784976728], [83.4164239782343, 26.83088848502614]], [[83.4148790710713, 26.773737499693095], [83.41517460009452, 26.772838304871748], [83.41638045607287, 26.773067465330513], [83.41613920754456, 26.77426084578963], [83.4148790710713, 26.773737499693095]], [[83.41479615778992, 26.77939168551194], [83.41566560387129, 26.77950844627879], [83.41571088043317, 26.78013535204156], [83.41447768497643, 26.780189769141554], [83.41479615778992, 26.77939168551194]], [[83.41401202427879, 26.781711833734256], [83.41319523075491, 26.781898650051073], [83.41331699339514, 26.780670938674465], [83.4145450729709, 26.780801049126865], [83.41401202427879, 26.781711833734256]], [[83.408017, 26.7630451], [83.40638908044484, 26.764094557955715], [83.40531754204427, 26.763067180444782], [83.40674840655115, 26.761451759302737], [83.40821181677659, 26.76139733727652], [83.408017, 26.7630451]], [[83.4047100217657, 26.81640171497386], [83.40424479679376, 26.81553095816278], [83.40606495347609, 26.814907870514215], [83.40610042800637, 26.816147301529725], [83.40523302883365, 26.81689022941152], [83.4047100217657, 26.81640171497386]], [[83.40462419483316, 26.811507019458087], [83.40428152302212, 26.810697245295987], [83.40551888757705, 26.810764609121144], [83.40543848670562, 26.811403980159206], [83.40462419483316, 26.811507019458087]], [[83.39871002176571, 26.7960017149739], [83.39813048592553, 26.795335758961098], [83.39912142701301, 26.794397413611044], [83.40185247697788, 26.795697245295987], [83.40202891950103, 26.79790229494062], [83.403714854704, 26.79875962302213], [83.40371166914154, 26.799934415023273], [83.40121914529598, 26.799330576977873], [83.40056206496521, 26.795850035034807], [83.39918908058343, 26.796494557948765], [83.39871002176571, 26.7960017149739]], [[83.4004746002006, 26.707957171099924], [83.40198274578962, 26.708272892455433], [83.40261645795572, 26.7102671804448], [83.40171860037685, 26.71126879484979], [83.39935125421037, 26.709217307544566], [83.39941914529598, 26.70815962302213], [83.4004746002006, 26.707957171099924]], [[83.40112197572121, 26.81637836626574], [83.40193876924509, 26.816191549948925], [83.40181700660486, 26.817419261325536], [83.4005889270291, 26.817289150873137], [83.40112197572121, 26.81637836626574]], [[83.39987460030699, 26.804557171071263], [83.40066920163895, 26.80471167209263], [83.40070042809378, 26.805347301433287], [83.39946479836107, 26.805378527907394], [83.39987460030699, 26.804557171071263]], [[83.39927907107129, 26.81993749969306], [83.39943694222562, 26.819139221158675], [83.4000811418372, 26.819122896793754], [83.4000811418372, 26.820367303206247], [83.39927907107129, 26.81993749969306]], [[83.394517, 26.8020451], [83.39861257298699, 26.801597413611045], [83.39961212943331, 26.80271112868776], [83.39881700660486, 26.804219261325535], [83.39670980505933, 26.804307019501056], [83.39648519805154, 26.805363298051535], [83.39552289228685, 26.805492933127002], [83.39393048592554, 26.803354441038902], [83.394517, 26.8020451]], [[83.39799615778988, 26.71399168551195], [83.39884749087886, 26.713493212422964], [83.39891485470402, 26.71473057697787], [83.39767768497643, 26.71478976914155], [83.39799615778988, 26.71399168551195]], [[83.38550508049897, 26.76790229494062], [83.38796206496521, 26.767440164965205], [83.38791573762383, 26.766630450622774], [83.38675449442304, 26.76622493088993], [83.38731700000001, 26.764856146879904], [83.38669126920462, 26.76356206597215], [83.38515487146843, 26.76344196456896], [83.38504880194847, 26.762726901948465], [83.38846181485575, 26.761960631979477], [83.38857013543104, 26.759832971468427], [83.39025003409195, 26.759569369177733], [83.39055487146842, 26.758448235431043], [83.39442419494067, 26.757783180498944], [83.39483637189522, 26.75661447684892], [83.39831166914153, 26.75615578497642], [83.39839631999719, 26.758379949323338], [83.39713618071109, 26.760302404493856], [83.3948721851443, 26.761129568020486], [83.39457912853157, 26.762241964568954], [83.39306131769818, 26.762339417698286], [83.39297124180867, 26.764442808270264], [83.39065146802056, 26.765350285144216], [83.39121645795571, 26.7666671804448], [83.39046036974996, 26.767586324544567], [83.38817193503479, 26.767650035034798], [83.38781110771315, 26.769492933127], [83.38571699339514, 26.769419261325535], [83.38550508049897, 26.76790229494062]], [[83.38282397827963, 26.748601714835434], [83.3823009714324, 26.749090229450985], [83.3814257754554, 26.748338469749918], [83.38073048592553, 26.746354441038882], [83.38163637189523, 26.74461447684892], [83.38391485470402, 26.744759623022127], [83.38457193503478, 26.74824016496521], [83.38549880957243, 26.748115553684205], [83.38596700000001, 26.7457951], [83.38892361497389, 26.747588121765705], [83.39334463466952, 26.748231643927134], [83.39429654631572, 26.750576909572377], [83.39595113403668, 26.74961070494489], [83.39602397827963, 26.752888485164572], [83.39711485470401, 26.75315962302213], [83.39777379521529, 26.754837499721486], [83.396767, 26.7556951], [83.39231699339514, 26.755019261325536], [83.39091754204428, 26.752867180444767], [83.39209880958535, 26.75171555368497], [83.39210508049895, 26.750387905059338], [83.39019615778993, 26.74969851448806], [83.38592361497389, 26.750302078234295], [83.38560463068504, 26.75142724088702], [83.38278936533048, 26.752058556072868], [83.38191754203794, 26.751067180314834], [83.38264880194848, 26.749526901948467], [83.384917, 26.7498340531201], [83.38436206496522, 26.748450035034796], [83.38282397827963, 26.748601714835434]], [[83.39382419494065, 26.812707019501044], [83.39275354392713, 26.811822734669487], [83.39299479245544, 26.81062935421037], [83.39599762315108, 26.812114471895235], [83.39568873677237, 26.81327832068078], [83.39382419494065, 26.812707019501044]], [[83.39033920754456, 26.815060845789635], [83.38858830026017, 26.814288177162737], [83.38871699339515, 26.812470938674466], [83.39157912853157, 26.812448235431045], [83.39159239842218, 26.81323458113085], [83.3900289194581, 26.813387905166792], [83.39057193503479, 26.81484016496521], [83.39203745368428, 26.814776909572377], [83.39266733274165, 26.813606427752244], [83.39480567224776, 26.815744767258334], [83.39362891950103, 26.816387905059397], [83.39352844335716, 26.81911316473019], [83.39146733274166, 26.82048377224776], [83.39032511625891, 26.818330180898876], [83.390917, 26.8164340531201], [83.39033920754456, 26.815060845789635]], [[83.39254491927797, 26.801894557942095], [83.3921376800028, 26.800110250676664], [83.39393127720707, 26.798026157284063], [83.39359699776762, 26.802177772227136], [83.39254491927797, 26.801894557942095]], [[83.38851573759526, 26.73003045048878], [83.38804880194847, 26.727926901948464], [83.39045631502357, 26.727900430858444], [83.39002041448803, 26.729474257789835], [83.39108519805153, 26.730963298051538], [83.38879479245543, 26.731060845789635], [83.38851573759526, 26.73003045048878]], [[83.39022419494061, 26.79498318049897], [83.39103848670561, 26.795086219840794], [83.39111888757704, 26.795725590878856], [83.38987768497644, 26.79578976914155], [83.39022419494061, 26.79498318049897]], [[83.39012361497392, 26.712502078234284], [83.38965479064491, 26.715486453376183], [83.38857013543104, 26.715257228531573], [83.38843745368493, 26.713113290414636], [83.38708396590803, 26.713120830822273], [83.38660045948703, 26.714293854345637], [83.38552187056669, 26.71331112868778], [83.38624880194847, 26.711726901948467], [83.38767632260497, 26.711004330661197], [83.39042055005108, 26.71167333075491], [83.39012361497392, 26.712502078234284]], [[83.38730508049898, 26.739102294940615], [83.38787634103883, 26.738608585925512], [83.38878045607288, 26.739467465330513], [83.38795228536392, 26.740655184544842], [83.38730508049898, 26.739102294940615]], [[83.3842746001794, 26.752957171120705], [83.38734463466952, 26.75243164392713], [83.38878594271593, 26.754809377207106], [83.38665767735992, 26.756285869346026], [83.38339479245543, 26.75566084578963], [83.38253637684892, 26.753314471895237], [83.3842746001794, 26.752957171120705]], [[83.38473784232694, 26.765591685521457], [83.38497912853157, 26.767041964568957], [83.38257013543104, 26.766857228531574], [83.38335487146843, 26.764448235431043], [83.38445247697787, 26.764497245295985], [83.38473784232694, 26.765591685521457]], [[83.38311002172036, 26.71808848516457], [83.38312592685983, 26.71615591208028], [83.38366733274165, 26.71580642775224], [83.38460351407447, 26.7181544410389], [83.38283835497437, 26.71907631973213], [83.38311002172036, 26.71808848516457]], [[83.38178164951117, 26.732896362404745], [83.38137013543104, 26.73163297146843], [83.38257912853157, 26.731448235431046], [83.38276217267929, 26.733260363916024], [83.38178164951117, 26.732896362404745]], [[83.37942419494065, 26.719707019501048], [83.37894805728408, 26.719080822792893], [83.3800912691778, 26.71872813409187], [83.38036181592544, 26.717044600941893], [83.3821737951411, 26.71845270012169], [83.38137218415947, 26.72024559901461], [83.37942419494065, 26.719707019501048]], [[83.38162891950103, 26.79970229494062], [83.38152588015923, 26.800516586705587], [83.38088650912117, 26.800596987577055], [83.38082233085846, 26.79935578497642], [83.38162891950103, 26.79970229494062]], [[83.378919166873, 26.826600992286853], [83.38116699999999, 26.8261951], [83.38161699999999, 26.8266451], [83.379367, 26.827095100000005], [83.378919166873, 26.826600992286853]], [[83.3771050805419, 26.767902294833213], [83.37719523075491, 26.766991549948926], [83.37782988649202, 26.766879873094755], [83.37784749087886, 26.768796987577037], [83.3771050805419, 26.767902294833213]], [[83.37578908072203, 26.762595642057903], [83.37602055005108, 26.763416869245095], [83.37479283867447, 26.763295106604858], [83.3749229491269, 26.76206702702909], [83.37578908072203, 26.762595642057903]], [[83.37202397823431, 26.75768848502614], [83.37192588015918, 26.758516586705653], [83.37128650912113, 26.758596987577036], [83.37122233085844, 26.75735578497644], [83.37202397823431, 26.75768848502614]], [[83.36617804701444, 26.7967951], [83.36822430449384, 26.796275919288902], [83.36906131769817, 26.7985507823017], [83.37073618071109, 26.798787795506144], [83.37073618071109, 26.799902404493857], [83.36912142701301, 26.800692786388957], [83.36591344994892, 26.799416869245096], [83.36629880958537, 26.79777464631508], [83.36451824565435, 26.79661164051298], [83.36561257298699, 26.796197413611043], [83.36617804701444, 26.7967951]], [[83.36867460020059, 26.713957171099924], [83.36947287884136, 26.714115042225647], [83.36948920320624, 26.714759241837218], [83.36825273068783, 26.714767178871373], [83.36867460020059, 26.713957171099924]], [[83.36673784221009, 26.73799168551194], [83.36705247697788, 26.739392954704012], [83.36521914529598, 26.73933057697787], [83.36528152302212, 26.737497245295987], [83.36673784221009, 26.73799168551194]], [[83.36210508049895, 26.80150229494066], [83.36247920935509, 26.800403746623818], [83.36467675966308, 26.801118681631756], [83.36468519805153, 26.804163298051535], [83.36355487146842, 26.804241964568956], [83.36327268230175, 26.80313941769821], [83.36224880194847, 26.802963298051534], [83.36210508049895, 26.80150229494066]], [[83.36262419483316, 26.816307019458087], [83.36211903366002, 26.815887833572905], [83.36253354064269, 26.814796345644694], [83.36361496633997, 26.8158023664271], [83.36262419483316, 26.816307019458087]], [[83.36182041448804, 26.812215942210166], [83.36095235326677, 26.812419937314733], [83.36119479245544, 26.81062935421037], [83.36238274578963, 26.810872892455436], [83.36182041448804, 26.812215942210166]], [[83.36001191096791, 26.813512585040083], [83.35886131772858, 26.813939417728513], [83.35857912853156, 26.81504196456896], [83.35737013543104, 26.814857228531576], [83.35855354392713, 26.809067465330504], [83.35931699339514, 26.807670938674466], [83.36081181677658, 26.807597337276523], [83.36001191096791, 26.813512585040083]], [[83.35907907107129, 26.795337499693062], [83.35938936533051, 26.794431643927123], [83.36056749901462, 26.79463991584054], [83.35975939972145, 26.795851895215286], [83.35907907107129, 26.795337499693062]], [[83.35851916687301, 26.79060099228685], [83.35978559344882, 26.79025175930272], [83.35994914088701, 26.791482730685047], [83.35871699339515, 26.791619261325536], [83.35851916687301, 26.79060099228685]], [[83.35252208906972, 26.794177614711835], [83.354167, 26.7937951], [83.35461685558741, 26.79425649958271], [83.35374463466948, 26.795258556072877], [83.35227781208027, 26.795286173140166], [83.35252208906972, 26.794177614711835]], [[83.34982891950105, 26.806902294940663], [83.34972588015918, 26.807716586705652], [83.34908650912114, 26.807796987577035], [83.34902233085845, 26.80655578497644], [83.34982891950105, 26.806902294940663]], [[83.34692289228686, 26.788092933127], [83.34668152302213, 26.786697245295986], [83.34851485470402, 26.786759623022128], [83.34845247697788, 26.787992954704013], [83.34692289228686, 26.788092933127]], [[83.34347907109496, 26.81453749979195], [83.3436369420842, 26.813739221311277], [83.34428114178756, 26.81372289674534], [83.34428114178756, 26.814967303254665], [83.34347907109496, 26.81453749979195]], [[83.34043166276489, 26.81659977009214], [83.34061700660484, 26.81741926132554], [83.33939283867447, 26.817295106604863], [83.33952294919973, 26.816067026982363], [83.34043166276489, 26.81659977009214]]]}}, {"type": "Feature", "properties": {"kind": "builtup", "area_km2": 18.1}, "geometry": {"type": "Polygon", "coordinates": [[[83.75119479245544, 26.54182935421037], [83.75267268227141, 26.541750782271492], [83.75284108881269, 26.540134806754867], [83.7568726822714, 26.536950782271493], [83.75869880957242, 26.535115553684204], [83.75881914529599, 26.53355962302213], [83.76190969541793, 26.531075919350396], [83.76476206496521, 26.5322401649652], [83.764117, 26.530845100000004], [83.76495487146843, 26.528048235431047], [83.7682547906449, 26.52740374662382], [83.76872361483545, 26.529188121720367], [83.76998908045351, 26.52859564204486], [83.77113784232694, 26.529791685521456], [83.772367, 26.529195100000003], [83.77487268227141, 26.529750782271492], [83.77487268227141, 26.528939417728516], [83.77371916687301, 26.528489207713154], [83.774917, 26.527834053120102], [83.77372564662383, 26.52673289064491], [83.77377013543105, 26.524632971468428], [83.774917, 26.5242340531201], [83.77373637684893, 26.523175728104768], [83.77372564662383, 26.520557309355095], [83.77489126920462, 26.520128134027857], [83.77504880194847, 26.518526901948466], [83.77609126920461, 26.518328134027854], [83.77615125421038, 26.516272892455437], [83.77729126920461, 26.515928134027856], [83.77764526333617, 26.514211879288727], [83.77881699999999, 26.5152451], [83.77814116132554, 26.517295106604863], [83.7769021109654, 26.517944949161915], [83.77764273079538, 26.520128134027857], [83.77898908045339, 26.519595642044855], [83.78198164937734, 26.520193837623832], [83.78331573762382, 26.518830450622776], [83.78216275810472, 26.518442808093162], [83.78159283867447, 26.51559509339514], [83.78285247697787, 26.515497245295986], [83.78304273079537, 26.517128134027857], [83.78443745368429, 26.517776909572376], [83.78511358552143, 26.515815942326874], [83.78340555661087, 26.514913164687073], [83.78335235328025, 26.513270262653304], [83.78646036984503, 26.513103875537194], [83.788417, 26.516445100000002], [83.78723519042758, 26.516974646315802], [83.78663519042757, 26.519515553684204], [83.78861038516455, 26.519588121720364], [83.78946495362558, 26.518507870646577], [83.79139880718088, 26.52171844077793], [83.79144273079538, 26.525528134027855], [83.79308519805153, 26.525726901948467], [83.79388396597214, 26.527969369204623], [83.79529880957242, 26.527915553684206], [83.7953050805419, 26.526587905166792], [83.79351700000001, 26.523645100000003], [83.79344073684742, 26.520879071286533], [83.794117, 26.520034053120103], [83.79352564662383, 26.51875730935509], [83.79469126920462, 26.518328134027854], [83.79531573762382, 26.51585974937723], [83.79473637684893, 26.512114471895238], [83.79649126920462, 26.511728134027855], [83.79533637684892, 26.51031447189524], [83.79768253205646, 26.509339914708395], [83.79788152302213, 26.507097245295988], [83.8001620649652, 26.507040164965204], [83.80041539956605, 26.50522140517079], [83.80189880957242, 26.505715553684205], [83.801317, 26.504445100000005], [83.80191358552143, 26.503215942326875], [83.80081914529599, 26.50115962302213], [83.80194463473535, 26.501031643955425], [83.80355595312004, 26.5021951], [83.80383199216203, 26.501145376499203], [83.8031251162589, 26.500330180898874], [83.80309880957242, 26.497174646315802], [83.80074330517067, 26.494996700434033], [83.80128253205645, 26.49355028529161], [83.7998289194581, 26.494187905166793], [83.80028519805153, 26.49576329805154], [83.79915487146843, 26.49584196456896], [83.79886181470843, 26.494729567943576], [83.79658830026017, 26.493888177162738], [83.79592564662383, 26.490557309355093], [83.79769126920462, 26.489528134027857], [83.7980792093551, 26.48720374662382], [83.80247268227141, 26.489550782271493], [83.80192564662383, 26.486357309355093], [83.80309880957242, 26.485915553684205], [83.80371358552144, 26.482815942326873], [83.80225146794355, 26.483350285291614], [83.80201105080027, 26.48502317301793], [83.80052361483546, 26.48450207827964], [83.79908908045336, 26.485775691678395], [83.79671699339515, 26.48561926132554], [83.79647268227141, 26.483939417728514], [83.79494840647286, 26.483838440653752], [83.79398164937734, 26.482696362376174], [83.79317193503479, 26.4826500350348], [83.79281110771315, 26.485092933127007], [83.79099615767305, 26.48389851447855], [83.788567, 26.484495100000004], [83.78739615767306, 26.48329851447855], [83.78602781105788, 26.483873032749848], [83.78513637684893, 26.482114471895237], [83.78685003402785, 26.48176936920462], [83.78691002172036, 26.481001714835433], [83.78579283867447, 26.480695106604863], [83.78516198896719, 26.4772501957191], [83.7839175420447, 26.476223019546545], [83.78569126920462, 26.475128134027855], [83.78604897638182, 26.472810853036222], [83.78725146794355, 26.475139914708393], [83.78853784232695, 26.475791685521454], [83.78931573762382, 26.475030450622775], [83.78824880194847, 26.47476329805154], [83.78831699339514, 26.474070938674465], [83.78974491954655, 26.47339564204471], [83.79108253205645, 26.473939914708392], [83.791717, 26.472634053120103], [83.79116020481813, 26.465852700207897], [83.79281257300482, 26.46499741361286], [83.79390980516683, 26.46618318054192], [83.7952726822714, 26.46615078227149], [83.79475125421038, 26.463472892455435], [83.79768253205646, 26.463139914708393], [83.79763745368429, 26.45991329042763], [83.79629654631572, 26.45991329042763], [83.79608519805153, 26.46096329805154], [83.794676341081, 26.461681614063785], [83.79268396597215, 26.461120830795384], [83.79316386456895, 26.462657228531576], [83.79148396597215, 26.462920830795383], [83.79113920754456, 26.464060845789636], [83.78786131772858, 26.463539417728516], [83.78637912853156, 26.47064196456896], [83.78417460020802, 26.471251895181936], [83.78389126920462, 26.469562065972152], [83.78253784232695, 26.46889851447855], [83.78292844338915, 26.47051316468703], [83.78127218529157, 26.470729567943575], [83.78111485470401, 26.47233057697788], [83.77947218529157, 26.472529567943578], [83.77861105080027, 26.47422317301764], [83.77526131772859, 26.473139417728515], [83.7752289194581, 26.476302294833214], [83.77701483312698, 26.477400992286853], [83.77696386456894, 26.479457228531576], [83.77581826237616, 26.479830450622774], [83.77638918610114, 26.484200852675755], [83.77518936526465, 26.48445855604458], [83.77238164937735, 26.482696362376174], [83.77128873666382, 26.483878320710993], [83.76986131772858, 26.483339417728516], [83.76922041447857, 26.484015942326874], [83.769217, 26.4876340531201], [83.76989326315258, 26.489811128713473], [83.76865146794354, 26.49055028529161], [83.76845247697787, 26.491592954704018], [83.76728152302212, 26.491592954704018], [83.76701038516454, 26.49050207827964], [83.76450980516684, 26.490507019458086], [83.76324273079538, 26.49116206597215], [83.76318482773621, 26.493212192737285], [83.7621335406427, 26.494093854355025], [83.76051916687301, 26.492489207713152], [83.76167268227141, 26.490539417728513], [83.76036699999999, 26.491095100000006], [83.75843519042758, 26.4905746463158], [83.76146131772859, 26.49495078227149], [83.76319762315107, 26.495314471895238], [83.76314116132554, 26.496895106604864], [83.76149654631571, 26.49711329042763], [83.76141826237617, 26.49785974937723], [83.76318274578962, 26.498272892455436], [83.76261826237617, 26.50205974937723], [83.76380888374109, 26.503330180898875], [83.76141826237617, 26.50745974937723], [83.76441483312699, 26.508000992286853], [83.76290184937463, 26.509674419981092], [83.75967218529156, 26.509729567943577], [83.7596289194581, 26.511702294833214], [83.76305247697788, 26.511897245295987], [83.76390980516683, 26.515383180541917], [83.76578908045339, 26.514795642044852], [83.76845247697787, 26.515497245295986], [83.76858274578962, 26.51661730754457], [83.76746131772859, 26.516939417728516], [83.76742397827964, 26.517688485164573], [83.76981483312699, 26.519489207713153], [83.76677189328026, 26.51985001528638], [83.76688396597214, 26.520769369204622], [83.76854116132553, 26.520995093395143], [83.76856386456895, 26.52265722853158], [83.76627218529157, 26.522929567943578], [83.76534463473534, 26.52525855604458], [83.76326131772859, 26.524739417728515], [83.76316707176012, 26.52865111598663], [83.76026131772859, 26.530739417728515], [83.76001700660485, 26.531819261325538], [83.7584890142656, 26.532488290957982], [83.75742419483316, 26.530707019458088], [83.75425146794355, 26.530750285291614], [83.7548965463157, 26.532176909572375], [83.75705247697788, 26.532297245295986], [83.75719762315107, 26.53337572810477], [83.75545146794354, 26.533750285291614], [83.7553906948293, 26.5357967004341], [83.75468908045345, 26.536175691678388], [83.7539433051707, 26.5357967004341], [83.75389126920462, 26.53376206597215], [83.75304273079539, 26.53376206597215], [83.75248464778704, 26.5390544410809], [83.75119479245544, 26.54182935421037]], [[83.80053784232695, 26.497991685521455], [83.80094116132553, 26.499295106604862], [83.7991112834713, 26.500015382401628], [83.79899283867447, 26.497595093395145], [83.80053784232695, 26.497991685521455]], [[83.79042419483316, 26.51690701945809], [83.78992187057052, 26.51637907128649], [83.79075487146844, 26.514848235431046], [83.79376386456894, 26.51503297146843], [83.79297912853157, 26.51744196456896], [83.79042419483316, 26.51690701945809]], [[83.78331358552143, 26.490074257673133], [83.78404749081783, 26.489693212374316], [83.78539880718088, 26.491718440777934], [83.78449762810476, 26.494675723151083], [83.78339283867446, 26.494495106604862], [83.78213519281911, 26.491371759222073], [83.78224880194847, 26.490326901948468], [83.78331358552143, 26.490074257673133]], [[83.78193784232694, 26.476991685521455], [83.78225631507007, 26.477789769102518], [83.78101914529599, 26.477730576977876], [83.78108650918217, 26.476493212374603], [83.78193784232694, 26.476991685521455]], [[83.77838908045342, 26.479995642044706], [83.77861700660485, 26.48081926132554], [83.77739283867446, 26.480695106604863], [83.77752294919972, 26.479467026982075], [83.77838908045342, 26.479995642044706]], [[83.77702041447856, 26.505015942326875], [83.77621609999544, 26.505326825374787], [83.77628152302212, 26.504097245295988], [83.77751088043324, 26.504154847958443], [83.77702041447856, 26.505015942326875]], [[83.77602419483316, 26.50910701945809], [83.77568152302213, 26.50829724529599], [83.776914854704, 26.50835962302213], [83.77686197178383, 26.508984940619616], [83.77602419483316, 26.50910701945809]], [[83.7713050805419, 26.517102294833215], [83.77159479245543, 26.51602935421037], [83.77338274578962, 26.516272892455437], [83.77193127711023, 26.518064042753917], [83.7713050805419, 26.517102294833215]], [[83.77058164937735, 26.512096362376173], [83.77013637684892, 26.50971447189524], [83.77130184937462, 26.509415780018916], [83.7722088837411, 26.51036001910113], [83.77205247697788, 26.51379295470402], [83.77081914529599, 26.513730576977878], [83.77058164937735, 26.512096362376173]], [[83.7701175420447, 26.526623019546754], [83.77129880957241, 26.525515553684205], [83.77140811971002, 26.523973613467255], [83.77201105080027, 26.523867026982074], [83.77216386456895, 26.526257228531577], [83.77097189328026, 26.52645001528638], [83.76990097128656, 26.528290229429352], [83.768919166873, 26.527200992286854], [83.7701175420447, 26.526623019546754]], [[83.76921191096791, 26.526112585040085], [83.76781914529599, 26.52633057697788], [83.76788650918216, 26.52449321237432], [83.76912844338912, 26.525177035312932], [83.76921191096791, 26.526112585040085]], [[83.76812289228685, 26.514492933127006], [83.76791699339515, 26.513670938674466], [83.76914116132554, 26.513795093395146], [83.76901700660486, 26.51441926132554], [83.76812289228685, 26.514492933127006]], [[83.7659050805419, 26.492987905166792], [83.76479283867447, 26.492195093395143], [83.76736386456895, 26.49223297146843], [83.76717912853157, 26.49344196456896], [83.7659050805419, 26.492987905166792]], [[83.76622397827964, 26.508088485164574], [83.76610365372123, 26.50894370387137], [83.76547674795845, 26.50898898043325], [83.76542233089748, 26.507755784930232], [83.76622397827964, 26.508088485164574]]]}}, {"type": "Feature", "properties": {"kind": "builtup", "area_km2": 11.1}, "geometry": {"type": "Polygon", "coordinates": [[[83.17932844338917, 26.754377035313126], [83.18075595312004, 26.7559951], [83.18311085455252, 26.754198616306315], [83.18377804687997, 26.7553951], [83.18493354064267, 26.754196345644697], [83.18557804687995, 26.754795100000003], [83.18985767739503, 26.7542043306612], [83.19217804687996, 26.7553951], [83.19449142776725, 26.754201491120877], [83.19517804687996, 26.7553951], [83.19683215062537, 26.754215780018914], [83.19889762810476, 26.754214476848922], [83.19921496633997, 26.755887833572906], [83.19851485470402, 26.757330576977875], [83.19679479245544, 26.757460845789634], [83.1964726822714, 26.756339417728515], [83.19572361483546, 26.756302078279642], [83.19564273079538, 26.758328134027856], [83.197314854704, 26.75855962302213], [83.19742891945809, 26.760702294833212], [83.19870980516684, 26.761983180541918], [83.20238164937734, 26.76199383762383], [83.2030004593573, 26.761396345644982], [83.20348396597214, 26.762569369204623], [83.20478164937735, 26.762593837623832], [83.20488253205646, 26.761750285291612], [83.20373637684892, 26.761375728104767], [83.20369880957242, 26.759374646315802], [83.20261914529598, 26.759130576977878], [83.20191903366003, 26.757087833572903], [83.20259283867446, 26.754395093395143], [83.20378559352714, 26.754251759346257], [83.2046613177286, 26.75595078227149], [83.20636707176011, 26.75683908401338], [83.20645146794354, 26.759539914708395], [83.20749341846692, 26.759735340440905], [83.20828396597214, 26.761369369204623], [83.20999762315107, 26.76171447189524], [83.20708396597215, 26.762320830795385], [83.20704273079538, 26.763728134027854], [83.21045247697788, 26.763897245295986], [83.21058274578962, 26.76501730754457], [83.20944273079537, 26.765362065972152], [83.20943519042757, 26.766715553684204], [83.21015235062265, 26.767393837623832], [83.21154683088992, 26.766832594423033], [83.21186131772859, 26.76795078227149], [83.21298274578962, 26.768272892455435], [83.21291485470401, 26.77113057697788], [83.21061826237617, 26.771430450622777], [83.21068396597215, 26.772169369204622], [83.21241699999999, 26.772645100000002], [83.21068396597215, 26.773120830795385], [83.21065146794355, 26.773939914708393], [83.21299762315107, 26.774314471895238], [83.21244273079537, 26.777528134027854], [83.21427632260497, 26.776404330661197], [83.21741038516454, 26.776388121720366], [83.21745003402785, 26.775520830795383], [83.21575449442304, 26.775224930889927], [83.21631358552143, 26.773215942326875], [83.21455125421038, 26.77221730754457], [83.21459523078423, 26.769391549906228], [83.21688253205646, 26.769739914708392], [83.21665765891912, 26.766808585936197], [83.21975235062266, 26.76799383762383], [83.22411358552144, 26.767274257673133], [83.22291903366003, 26.764287833572904], [83.2235050805419, 26.762387905166793], [83.2216726822714, 26.759939417728514], [83.22059283867446, 26.759695106604863], [83.22068152302212, 26.758497245295988], [83.22405003402785, 26.75776936920462], [83.22443637189524, 26.75601447684892], [83.22758164937734, 26.756593837623832], [83.22887268227142, 26.75595078227149], [83.22923637189524, 26.754814476848924], [83.23136210671973, 26.75544018471362], [83.231767, 26.753595100000002], [83.23321700660485, 26.753670938674468], [83.23340835337616, 26.754732890644913], [83.23157201103281, 26.755650195719102], [83.2310289194581, 26.757702294833212], [83.23361038516454, 26.758388121720365], [83.23436692823988, 26.75503908401338], [83.23728253205645, 26.752339914708394], [83.23815487146844, 26.750048235431045], [83.24033127711023, 26.749426157246088], [83.24126131772859, 26.751750782271493], [83.24258164937734, 26.751793837623833], [83.24345285821245, 26.749522896745628], [83.24563745368428, 26.749976909572375], [83.24604526333617, 26.748211879289016], [83.24818559352714, 26.748851759346255], [83.24913784232695, 26.749991685521454], [83.25165003402785, 26.749369369204622], [83.25303176524488, 26.746545100000002], [83.25294917226378, 26.744278007262718], [83.25649880957242, 26.739115553684204], [83.25657013543105, 26.73763297146843], [83.25828253205646, 26.736739914708394], [83.26207363015496, 26.730903875537194], [83.26435939979196, 26.73023830481821], [83.26519880718088, 26.731118440777934], [83.26526131772859, 26.733750782271493], [83.26723745368429, 26.733176909572375], [83.267917, 26.7312340531201], [83.26738485901835, 26.72800746946716], [83.27023745368429, 26.727176909572375], [83.27044880194848, 26.72612690194847], [83.27191085455252, 26.725398616306606], [83.27306131772859, 26.72955078227149], [83.27623745368429, 26.729576909572376], [83.27689126920461, 26.72816206597215], [83.27341914529599, 26.72495962302213], [83.274967, 26.7241951], [83.27743745368429, 26.724776909572377], [83.27770969541793, 26.723075919350396], [83.28343745368429, 26.721176909572375], [83.28471002172036, 26.71920171483543], [83.28209654631571, 26.71971329042763], [83.28173920754456, 26.720860845789634], [83.28023637189523, 26.72087572315108], [83.27925003402785, 26.717920830795382], [83.27663215062537, 26.718474419981092], [83.27563745368428, 26.71611329042763], [83.27374491954662, 26.716694557955297], [83.27232044767338, 26.716021546477254], [83.27269126920461, 26.71376206597215], [83.27105285821244, 26.714167303254666], [83.27029126920462, 26.71136206597215], [83.26864880194847, 26.711163298051538], [83.26734917226379, 26.708612192737288], [83.26849126920462, 26.70656206597215], [83.26637460020804, 26.707051895181795], [83.26547268227141, 26.705339417728513], [83.26412361483546, 26.70470207827964], [83.26403519042758, 26.706115553684207], [83.26696749905811, 26.71045028407454], [83.26407920935509, 26.710686453376187], [83.26362419483316, 26.709507019458087], [83.26109654631571, 26.70951329042763], [83.26032090484611, 26.711723041288582], [83.25862891945809, 26.712587905166792], [83.25865146794354, 26.715139914708395], [83.26069126920461, 26.715728134027856], [83.2616890142656, 26.711001909042025], [83.26381700660485, 26.711670938674466], [83.26405146794355, 26.712739914708393], [83.26533784232694, 26.713391685521454], [83.26911860043396, 26.712821405170647], [83.27059493274983, 26.71578428894214], [83.26768396597214, 26.716120830795383], [83.26766131772858, 26.71755078227149], [83.26922430458207, 26.717675919350395], [83.27108519805152, 26.718926901948468], [83.27135235062265, 26.719993837623832], [83.27631860043394, 26.71882140517079], [83.27839762315106, 26.721775728104767], [83.26829654631571, 26.72571329042763], [83.26801700660485, 26.726819261325538], [83.26348396597214, 26.728720830795385], [83.26317912853156, 26.72984196456896], [83.26167218529156, 26.729929567943575], [83.257314854704, 26.736330576977878], [83.25564273079537, 26.73716206597215], [83.25556707176011, 26.738651115986627], [83.25203519042758, 26.7431746463158], [83.25117912853156, 26.74604196456896], [83.24999283867446, 26.745895106604863], [83.24925003402785, 26.743120830795384], [83.24761609999544, 26.743526825374786], [83.2468726822714, 26.740139417728514], [83.24439615767305, 26.73889851447855], [83.24202314544748, 26.7406915836934], [83.24146181470843, 26.739529567943578], [83.2405719350348, 26.739450035034807], [83.24054914098166, 26.74108273053285], [83.23905767739502, 26.74188586933881], [83.23159479245544, 26.741260845789636], [83.23191573762384, 26.739030450622774], [83.2313251162589, 26.73836001910113], [83.23249880957242, 26.737315553684205], [83.23248253205645, 26.73595028529161], [83.23059615767305, 26.734698514478552], [83.22635235062265, 26.734696362376177], [83.22381826237617, 26.736630450622776], [83.22386131772859, 26.73795078227149], [83.22556386456895, 26.738232971468427], [83.22621699999999, 26.7408451], [83.22608519805152, 26.741763298051538], [83.22501826237617, 26.742030450622774], [83.22558274578962, 26.74581730754457], [83.22382041447857, 26.746215942326874], [83.22413127711022, 26.753264042753628], [83.22278164937735, 26.751496362376177], [83.21913784232694, 26.751498514478552], [83.21690184937462, 26.75267441998109], [83.214967, 26.752695100000004], [83.21261038516454, 26.751502078279643], [83.21063637189523, 26.751475723151085], [83.20966181470843, 26.749729567943575], [83.20810969541793, 26.74961428064961], [83.20727268227141, 26.747939417728514], [83.20595595312004, 26.747295100000006], [83.20450211096556, 26.74834525083801], [83.20756386456895, 26.75083297146843], [83.20821212942947, 26.752311128713508], [83.20725767739503, 26.75328586933881], [83.20578936526465, 26.753258556044578], [83.20478164937735, 26.752096362376175], [83.19936700000001, 26.753295100000006], [83.19881038516455, 26.75210207827964], [83.19577804687997, 26.752095100000005], [83.19525479064491, 26.753286453376187], [83.18972142699518, 26.753292786387142], [83.18761309515388, 26.75192304128858], [83.18735595312003, 26.750295100000006], [83.18546131772858, 26.750339417728515], [83.18490097128655, 26.752690229429497], [83.18393519281912, 26.751771759222073], [83.18389126920462, 26.74976206597215], [83.18218830026017, 26.74828817716274], [83.18148253205645, 26.746150285291613], [83.18017804687996, 26.745495100000007], [83.18108114178754, 26.748367303254376], [83.17773784232695, 26.74789851447855], [83.17748519805153, 26.74896329805154], [83.17641826237616, 26.749230450622775], [83.17650980516683, 26.749983180541918], [83.18056707176012, 26.75083908401338], [83.1811848277362, 26.753012192737287], [83.17932844338917, 26.754377035313126]], [[83.26551002172036, 26.728888485164575], [83.26631166910252, 26.728555784930233], [83.26625247697787, 26.729792954704017], [83.26502311956675, 26.729735352041565], [83.26551002172036, 26.728888485164575]], [[83.23487460020793, 26.749957171095016], [83.23578482773621, 26.750278007262718], [83.23553920754456, 26.751460845789637], [83.23435125421038, 26.75121730754457], [83.23487460020793, 26.749957171095016]], [[83.2295050805419, 26.745702294833215], [83.23031166910252, 26.745355784930233], [83.23024749081782, 26.746596987625402], [83.22960811971001, 26.74651658653246], [83.2295050805419, 26.745702294833215]], [[83.228319166873, 26.736600992286853], [83.229367, 26.736195100000003], [83.229817, 26.736645100000004], [83.228767, 26.737095100000005], [83.228319166873, 26.736600992286853]], [[83.22692289228685, 26.740092933127006], [83.22671699339514, 26.739270938674466], [83.22794116132553, 26.739395093395142], [83.22781700660485, 26.74001926132554], [83.22692289228685, 26.740092933127006]], [[83.22742891945809, 26.736702294833215], [83.22730365372121, 26.737543703871367], [83.22667674795844, 26.737588980433248], [83.22662233089748, 26.736355784930083], [83.22742891945809, 26.736702294833215]], [[83.22701110771314, 26.750597266873005], [83.22721700660485, 26.75141926132554], [83.22599283867447, 26.751295106604864], [83.22611699339515, 26.750670938674467], [83.22701110771314, 26.750597266873005]], [[83.2175175420447, 26.764823019546753], [83.21833876921576, 26.76459154990623], [83.21821700660485, 26.76581926132554], [83.21699283867447, 26.765695106604863], [83.2175175420447, 26.764823019546753]], [[83.20002419483316, 26.760507019458085], [83.19964880194847, 26.759126901948466], [83.20150042800641, 26.759142898470326], [83.20086920152964, 26.760378528006445], [83.20002419483316, 26.760507019458085]]]}}, {"type": "Feature", "properties": {"kind": "builtup", "area_km2": 7.1}, "geometry": {"type": "Polygon", "coordinates": [[[83.9468289194581, 26.914787905166794], [83.94758164937734, 26.91559383762383], [83.94867632260497, 26.914404330661196], [83.95235595312003, 26.914995100000002], [83.95307268227141, 26.91435078227149], [83.95246181470843, 26.912329567943576], [83.95043215062537, 26.91227441998109], [83.94956350908842, 26.91144433625242], [83.95098936526465, 26.910231643955427], [83.95845479064491, 26.90960374662382], [83.95949759167839, 26.91152301954655], [83.95883519042758, 26.914915553684207], [83.96261038516454, 26.917388121720364], [83.9627050805419, 26.91598790516679], [83.96159283867446, 26.91569510660486], [83.96092187057052, 26.913111128713517], [83.96157013543105, 26.911632971468432], [83.96278559352714, 26.911451759346257], [83.96426131772859, 26.913750782271492], [83.96506181470843, 26.91376063205643], [83.96449880957242, 26.9111746463158], [83.96335691538376, 26.910459814794123], [83.96423215067664, 26.909615780002806], [83.96625003409197, 26.909569369177728], [83.96659479245544, 26.90842935421037], [83.96806181485574, 26.908360631979477], [83.9675218705667, 26.90697907131225], [83.9682989354035, 26.906083656543696], [83.96956034069727, 26.90682650655118], [83.96970980505934, 26.908383180498948], [83.97048253197947, 26.908339914855762], [83.97055354392712, 26.906867465330514], [83.97133302867734, 26.906518836865153], [83.97208396590811, 26.908369369177773], [83.97486699999999, 26.909109865244876], [83.97539283867447, 26.906795093395143], [83.97645479064491, 26.90660374662382], [83.97740776934603, 26.908154422640067], [83.97747218514434, 26.911360631979537], [83.97830508049897, 26.91130229494062], [83.97856181584058, 26.90904460098537], [83.98036749901462, 26.909839915840553], [83.97982397823431, 26.91188848502614], [83.98339069477497, 26.917693499414042], [83.98342041447856, 26.922674257673133], [83.98423745368429, 26.922776909572377], [83.98433637684893, 26.916514471895237], [83.986717, 26.914834053120103], [83.98658164937734, 26.914096362376174], [83.98399479245543, 26.91466084578963], [83.98316020474391, 26.913237499635223], [83.9844736302501, 26.909703875455403], [83.98748519805153, 26.910326901948466], [83.9876613177286, 26.91135078227149], [83.98996386456895, 26.91283297146843], [83.99012361483545, 26.914988121720366], [83.9927050805419, 26.914902294833215], [83.99148253205645, 26.912350285291613], [83.9897251162589, 26.911330180898876], [83.99187920935509, 26.910203746623818], [83.99408519805152, 26.910326901948466], [83.99363519042757, 26.911915553684207], [83.99474116132554, 26.912195093395145], [83.99487218529157, 26.91376063205643], [83.99571002172036, 26.913688485164574], [83.99451903366003, 26.910087833572906], [83.99510508049897, 26.90878790505938], [83.99404880194847, 26.908563298051533], [83.99332623065398, 26.907135777359933], [83.9938726822714, 26.904539417728515], [83.991367, 26.9062951], [83.9873171444126, 26.904633700417307], [83.98830097131217, 26.903599970566706], [83.99022419494065, 26.904183180498958], [83.99048152302213, 26.90309724529599], [83.9927050805419, 26.902302294833213], [83.99261038516454, 26.90030207827964], [83.99128396597214, 26.900320830795383], [83.99089762810476, 26.901475723151083], [83.98921914529598, 26.901330576977877], [83.98792564662382, 26.896757309355092], [83.98911002176571, 26.896288485026126], [83.9885218705667, 26.89497907131225], [83.98921914529598, 26.89295962302213], [83.99031002176571, 26.8926884850261], [83.98981511242303, 26.89116460912114], [83.99446181470843, 26.890360632056428], [83.99459283867446, 26.888795093395142], [83.99571002172036, 26.888488485164572], [83.99569880957242, 26.8865746463158], [83.99247218529156, 26.888329567943575], [83.99221700660485, 26.88941926132554], [83.98905767739502, 26.890685869338807], [83.98631699339515, 26.890619261325536], [83.9861050805419, 26.88838790516679], [83.98532361483545, 26.88830207827964], [83.98561355232663, 26.89122154647725], [83.98454840655118, 26.89123844069728], [83.98361038502611, 26.890102078234296], [83.98173784221012, 26.890098514488052], [83.98205631502357, 26.89178976914155], [83.9786153996232, 26.892468794849805], [83.97657365930273, 26.890463693448833], [83.97651931361105, 26.888999527013002], [83.97769880958535, 26.88791555368497], [83.97835125421038, 26.884672892455434], [83.97947268230183, 26.8843507823017], [83.97949126917771, 26.88356206590802], [83.97749654631511, 26.88351329041462], [83.97556181584058, 26.885845599014626], [83.97527268230182, 26.884739417698285], [83.97368152302212, 26.884592954704015], [83.97175691538382, 26.88203038520588], [83.97346181470843, 26.88136063205643], [83.9734726822714, 26.880539417728514], [83.9713746003647, 26.881051895256046], [83.97047268230183, 26.8793394176983], [83.9684965463157, 26.87811329042763], [83.9690164579621, 26.879467180314833], [83.96843519041462, 26.88071555368491], [83.9701361807111, 26.881587795506142], [83.9720168555874, 26.88543370041729], [83.97085146802053, 26.885950285144244], [83.97057912853157, 26.887041964568954], [83.96905146802052, 26.887150285144237], [83.96842891945809, 26.889702294833214], [83.96929126920462, 26.889728134027855], [83.96948152302213, 26.888097245295988], [83.97053920754456, 26.888029354210367], [83.97082397827964, 26.890888485164574], [83.97159615767305, 26.890991685521456], [83.97181914529598, 26.88875962302213], [83.97361700660485, 26.888670938674466], [83.97618045607288, 26.892467465330512], [83.975617, 26.893856146879905], [83.97615297796816, 26.895276446078654], [83.97324273082221, 26.89736206590813], [83.97354183731474, 26.899059746733226], [83.970967, 26.899695100000002], [83.96779479245544, 26.89906084578963], [83.9675251162589, 26.89676001910113], [83.968717, 26.8944340531201], [83.96809880957242, 26.8925746463158], [83.96598936526465, 26.89245855604458], [83.96516206496521, 26.890650035034803], [83.96308396597215, 26.890120830795382], [83.96306131772859, 26.89155078227149], [83.96479880718088, 26.891918440777932], [83.96424273079538, 26.893928134027856], [83.96601483312699, 26.894400992286855], [83.96530223475513, 26.895945100000002], [83.96598482773621, 26.897612192737288], [83.96521700660486, 26.899019261325538], [83.9636613177286, 26.899139417728513], [83.9636289194581, 26.899902294833215], [83.967214833127, 26.901000992286853], [83.96688873677238, 26.90207832068078], [83.96543519041465, 26.90157464631503], [83.96475113403675, 26.90607949505504], [83.96397182732073, 26.906060363916055], [83.96391002172037, 26.903401714835432], [83.96312361483545, 26.90330207827964], [83.96181826237617, 26.904630450622776], [83.96281355232662, 26.907421546477252], [83.95892361497394, 26.908102078234275], [83.95725767735992, 26.909285869346032], [83.95412357930589, 26.909293000260465], [83.95373275303622, 26.908727076381833], [83.95457460020803, 26.90783830481821], [83.9561050805419, 26.908302294833213], [83.95549126920461, 26.90636206597215], [83.95410980516684, 26.906307019458087], [83.95388519805152, 26.90736329805154], [83.95283637189523, 26.907475723151084], [83.95189126920462, 26.90516206597215], [83.95109654631571, 26.90511329042763], [83.95042397827963, 26.906488485164573], [83.95107218529157, 26.90776063205643], [83.95214116132553, 26.907995093395144], [83.95218274578961, 26.90901730754457], [83.94746131772858, 26.909939417728513], [83.94745146794354, 26.910739914708394], [83.94861060887912, 26.91132067223275], [83.94743519042757, 26.9123746463158], [83.9468289194581, 26.914787905166794]], [[83.98790508049892, 26.908902294940724], [83.98837839958267, 26.907195244412602], [83.991217, 26.9088451], [83.98896699999999, 26.909895100000004], [83.98807363025004, 26.90978632454457], [83.98790508049892, 26.908902294940724]], [[83.98113784221013, 26.906591685511952], [83.98145631502356, 26.907389769141556], [83.98021914529598, 26.907330576977873], [83.98028650912113, 26.906093212422963], [83.98113784221013, 26.906591685511952]], [[83.96027907109989, 26.909937499799355], [83.96058936533052, 26.909031643927122], [83.96178274578962, 26.909272892455434], [83.96095228520593, 26.911055184616224], [83.96027907109989, 26.909937499799355]]]}}, {"type": "Feature", "properties": {"kind": "builtup", "area_km2": 6.3}, "geometry": {"type": "Polygon", "coordinates": [[[83.27202419483316, 26.737707019458085], [83.27126131772859, 26.737739417728513], [83.27097912853156, 26.73884196456896], [83.26942041447856, 26.739015942326873], [83.2700164579553, 26.740223019546555], [83.26942397827963, 26.742688485164575], [83.27073784232694, 26.743991685521454], [83.28401038516455, 26.743388121720365], [83.28294050118522, 26.74158862268461], [83.28332218321479, 26.740997337277385], [83.28488519805153, 26.741126901948466], [83.28513784232695, 26.742791685521457], [83.28812142699518, 26.741597413612862], [83.29001038516455, 26.742188121720364], [83.29251002172036, 26.74088848516457], [83.29247268227141, 26.740139417728514], [83.29135125421038, 26.73981730754457], [83.29141914529599, 26.738159623022128], [83.29412142699518, 26.736797413612862], [83.29685247697788, 26.73689724529599], [83.29770980516683, 26.73978318054192], [83.30375595312003, 26.7409951], [83.30432142699517, 26.74039741361286], [83.31638164937735, 26.739793837623832], [83.31692142699518, 26.73919741361286], [83.32359615767305, 26.739191685521455], [83.32388152302212, 26.738097245295986], [83.32543745368429, 26.737976909572374], [83.32652142699517, 26.736797413612862], [83.32748519805152, 26.73692690194847], [83.32824273079538, 26.739128134027855], [83.32899615767305, 26.739191685521455], [83.32935487146842, 26.738048235431044], [83.33151573762383, 26.73785974937723], [83.33145003402785, 26.737120830795384], [83.32924880194847, 26.736363298051536], [83.32931699339514, 26.735670938674467], [83.33727632260496, 26.733204330661195], [83.33893728240162, 26.733389383471305], [83.33855235062265, 26.734993837623833], [83.34043745368429, 26.734976909572378], [83.34092289228686, 26.733797266873], [83.34585003402785, 26.73436936920462], [83.34651358552144, 26.733015942326873], [83.34544880194848, 26.732763298051538], [83.34522419483316, 26.73170701945809], [83.34318936526465, 26.73165855604458], [83.34218164937735, 26.730496362376176], [83.33824880194847, 26.730963298051538], [83.338717, 26.725856146879906], [83.33809126920461, 26.72456206597215], [83.33735595312004, 26.723895100000004], [83.33545765891905, 26.724481614063944], [83.33295487146843, 26.72324196456896], [83.33158830026017, 26.721288177162737], [83.33161914529599, 26.72015962302213], [83.3333050805419, 26.719302294833213], [83.33331573762383, 26.717430450622775], [83.33093637684892, 26.716975728104767], [83.330917, 26.7102451], [83.33235487146843, 26.708048235431047], [83.33508253205645, 26.707939914708394], [83.33398830026016, 26.70580202283727], [83.33747268227141, 26.703150782271493], [83.34124880194847, 26.697926901948467], [83.34288253205645, 26.697139914708394], [83.34419283867446, 26.693795093395142], [83.34527268227141, 26.69355078227149], [83.3459620649652, 26.692050035034807], [83.34272289228686, 26.693292933127005], [83.34225003402786, 26.692120830795385], [83.34028396597215, 26.691520830795383], [83.34024273079538, 26.693528134027854], [83.3426088837411, 26.694730180898876], [83.34085146794354, 26.695750285291613], [83.34061105080026, 26.697423173017643], [83.33904273079538, 26.69696206597215], [83.33889291118732, 26.69975539324514], [83.33606131772859, 26.699939417728515], [83.33596386456895, 26.702657228531578], [83.33426131772859, 26.702939417728516], [83.3341725683976, 26.70444007249746], [83.33278559352715, 26.705838440653753], [83.330767, 26.706495100000005], [83.32715235062265, 26.705896362376176], [83.32582891945809, 26.706587905166792], [83.32588396597214, 26.70736936920462], [83.3281737951819, 26.708252700207968], [83.32701826237617, 26.71085974937723], [83.32764273079538, 26.712728134027856], [83.32889759167838, 26.71352301954659], [83.32841110771314, 26.714892933127008], [83.32699479245544, 26.714860845789637], [83.32666181470843, 26.713729567943577], [83.32582041447856, 26.713815942326875], [83.32760888374109, 26.71856001910113], [83.3270289194581, 26.721102294833212], [83.32986036984504, 26.721303875537195], [83.33179880718087, 26.72451844077793], [83.33125146794355, 26.725939914708395], [83.33263302871349, 26.725399970570518], [83.33360351406392, 26.726335758919046], [83.33183519042757, 26.7269746463158], [83.33161700660484, 26.729819261325538], [83.32958908045345, 26.730494557955293], [83.32770980516683, 26.729907019458086], [83.32663302871349, 26.73169022942949], [83.32564108881269, 26.73095539324514], [83.32555125421038, 26.728672892455435], [83.32788253205645, 26.727739914708394], [83.32778164937734, 26.725696362376176], [83.32648396597214, 26.725720830795385], [83.32609762810476, 26.726875723151082], [83.32345146794354, 26.72695028529161], [83.32461483312699, 26.730089207713153], [83.32314463473534, 26.73105855604458], [83.32208152302212, 26.730992954704018], [83.32182419483316, 26.729907019458086], [83.32057804687996, 26.729895100000004], [83.32017912853156, 26.73104196456896], [83.31859479245544, 26.731060845789635], [83.31827268227141, 26.728139417728514], [83.31577804687996, 26.728095100000004], [83.31575560027859, 26.7310949555836], [83.31398164937735, 26.729896362376174], [83.31218908045338, 26.73049455795515], [83.30975235062265, 26.729896362376174], [83.30908901426561, 26.73048829095769], [83.30866181470843, 26.729329567943577], [83.30714840647285, 26.729238440653752], [83.30622419483316, 26.728107019458086], [83.304367, 26.728695100000007], [83.30235487146844, 26.72804196456896], [83.30207268227142, 26.726939417728513], [83.30095125421037, 26.72661730754457], [83.30019615767306, 26.72329851447855], [83.29894491954661, 26.723894557955298], [83.29713784232695, 26.72329851447855], [83.29646131772859, 26.723939417728513], [83.29665479064491, 26.726886453376185], [83.29511699339514, 26.726819261325538], [83.29422419483316, 26.725107019458086], [83.29222397827964, 26.725201714835432], [83.29227218529157, 26.72596063205643], [83.29381700660485, 26.726070938674468], [83.29406131772859, 26.72715078227149], [83.29648396597214, 26.728969369204624], [83.29778908045338, 26.72839564204471], [83.2987004280064, 26.729142898470318], [83.29832361483545, 26.731388121720364], [83.30023745368429, 26.731376909572376], [83.30115487146843, 26.730248235431045], [83.30266181470843, 26.73016063205643], [83.30313354064269, 26.728996345644983], [83.30699834623485, 26.73025912212549], [83.30855235062265, 26.731993837623833], [83.30972289228686, 26.730797266873], [83.31577804687996, 26.731995100000002], [83.31765479064491, 26.73080374662382], [83.31813784232695, 26.731991685521457], [83.32084749081783, 26.731493212374318], [83.32170980516683, 26.73378318054192], [83.32298908045338, 26.73319564204471], [83.32505247697787, 26.73389724529599], [83.32581645795528, 26.73546718045345], [83.32498559352715, 26.736438440653753], [83.32173784232694, 26.73589851447855], [83.32046131772859, 26.736539417728515], [83.32013127711024, 26.737664042753913], [83.31817804687996, 26.736495100000006], [83.31694491954661, 26.737694557955297], [83.31317960669797, 26.7370542255924], [83.31289880957242, 26.7353746463158], [83.31215235062265, 26.735296362376175], [83.31117912853156, 26.73884196456896], [83.30720272288977, 26.73946404275392], [83.30627268227141, 26.736539417728515], [83.30435235062265, 26.736496362376176], [83.3042289194581, 26.737902294833212], [83.30528519805152, 26.738126901948466], [83.30540835337617, 26.739132890644914], [83.30372142699518, 26.739492786387146], [83.30156692823988, 26.73625111598663], [83.30145003402785, 26.734720830795386], [83.29817193503479, 26.734650035034807], [83.29939762315107, 26.73617572810477], [83.29763215062538, 26.736474419981093], [83.29551816904154, 26.735412684406036], [83.29641930557041, 26.73442002782323], [83.2979620649652, 26.7344401649652], [83.29788253205645, 26.733550285291614], [83.29475235062264, 26.732896362376174], [83.29519493274984, 26.73558428894214], [83.29369762810477, 26.736475723151084], [83.28698908045351, 26.737694557955294], [83.28453784232694, 26.73709851447855], [83.28424749081782, 26.7381969876254], [83.28272361483545, 26.73770207827964], [83.28221110771314, 26.738892933127005], [83.28071699339515, 26.73881926132554], [83.28041038516454, 26.73770207827964], [83.27849654631571, 26.737713290427628], [83.27898482773621, 26.740412192737285], [83.27726131772859, 26.741339417728515], [83.27676699999999, 26.742495100000006], [83.27464880194847, 26.74236329805154], [83.27333519281912, 26.739771759222073], [83.27329880957242, 26.7377746463158], [83.27202419483316, 26.737707019458085]], [[83.33501038516454, 26.72690207827964], [83.33468527462522, 26.72609419999544], [83.33591485470401, 26.72615962302213], [83.33584749081783, 26.72739698762569], [83.33501038516454, 26.72690207827964]], [[83.27207460020793, 26.739757171095018], [83.27296707176012, 26.74003908401338], [83.27277218407455, 26.741245599057823], [83.2715602048181, 26.74043749979205], [83.27207460020793, 26.739757171095018]]]}}, {"type": "Feature", "properties": {"kind": "builtup", "area_km2": 5.2}, "geometry": {"type": "Polygon", "coordinates": [[[83.89881826237617, 26.74445974937723], [83.90019615767305, 26.745791685521457], [83.90055487146843, 26.744648235431047], [83.90262419483317, 26.74458318054192], [83.90543215062537, 26.742815780018915], [83.907967, 26.7421951], [83.91039615767305, 26.742791685521457], [83.91154491954649, 26.74159564204471], [83.91432844338917, 26.74357703531299], [83.91297912853156, 26.74664196456896], [83.91097804687996, 26.746095100000005], [83.90910980516684, 26.746707019458086], [83.90856699999999, 26.748495100000007], [83.90764880194847, 26.74836329805154], [83.90742419483315, 26.747307019458088], [83.90433784232694, 26.74669851447855], [83.90412090484611, 26.748323041288582], [83.90249654631572, 26.74851329042763], [83.90242041447857, 26.749274257673132], [83.90402836628112, 26.74947878365163], [83.90433784232694, 26.750591685521456], [83.905567, 26.7499951], [83.90900835337617, 26.750357309355092], [83.90877218407455, 26.752045599057826], [83.90617804687996, 26.751495100000007], [83.90542397827964, 26.752201714835433], [83.90607218529156, 26.75416063205643], [83.90832090484612, 26.754367158711425], [83.9090168644684, 26.75705614355283], [83.90723519042757, 26.7581746463158], [83.9077906948293, 26.7601967004341], [83.90544273079539, 26.76176206597215], [83.90545146794355, 26.763739914708392], [83.90797804687996, 26.7643951], [83.91223745368428, 26.763776909572375], [83.91172564662384, 26.759957309355094], [83.91293920754455, 26.75962935421037], [83.91326131772858, 26.76075078227149], [83.91436386456895, 26.761032971468428], [83.91743519042758, 26.768515553684207], [83.91821038516454, 26.768588121720367], [83.9183050805419, 26.765987905166792], [83.91721914529599, 26.765730576977877], [83.9159251162589, 26.763130180898873], [83.91539283867446, 26.751995093395145], [83.91653920754456, 26.751829354210372], [83.91688396597215, 26.75296936920462], [83.91968519805152, 26.75372690194847], [83.92099880718088, 26.755718440777933], [83.92103519042757, 26.758315553684206], [83.92297804687996, 26.7601951], [83.92369880957241, 26.760115553684205], [83.92371573762382, 26.758830450622774], [83.92193519281912, 26.75717175922207], [83.922517, 26.754634053120103], [83.92199283867447, 26.752595093395144], [83.92485767739502, 26.751804330661198], [83.92587218529157, 26.75356063205643], [83.92718164937735, 26.753593837623832], [83.928517, 26.752256146879905], [83.92628152302213, 26.75139295470402], [83.92603745368429, 26.75031329042763], [83.92451699339514, 26.75021926132554], [83.92422419483316, 26.749107019458087], [83.92268650918217, 26.749596987625402], [83.92181038516455, 26.747302078279642], [83.92037197164191, 26.747850177958956], [83.92077607840884, 26.749643579885262], [83.91851699339514, 26.74901926132554], [83.91848152302212, 26.748297245295987], [83.92016202835808, 26.74764002204105], [83.92011358552143, 26.745615942326875], [83.91926131772858, 26.745539417728516], [83.91860272288977, 26.747264042753628], [83.917819145296, 26.74475962302213], [83.92377912853156, 26.742848235431047], [83.92341826237616, 26.74805974937723], [83.92422419483316, 26.74818318054192], [83.92444880194847, 26.747126901948466], [83.92551002172036, 26.746888485164572], [83.92618102212553, 26.74181375376506], [83.92814840647286, 26.739851759346255], [83.92966181470842, 26.73976063205643], [83.93051699339514, 26.738070938674465], [83.93254491954649, 26.73739564204471], [83.93383745368429, 26.737976909572374], [83.93411699339515, 26.736870938674468], [83.94046181470843, 26.73376063205643], [83.94131699339515, 26.732070938674468], [83.94345003402785, 26.731969369204624], [83.94621735098359, 26.729020712003138], [83.94740124696376, 26.729327076381836], [83.94617192746107, 26.729850086243015], [83.94693784232695, 26.731991685521457], [83.94943745368428, 26.731976909572378], [83.95071002172035, 26.73000171483543], [83.94847363015496, 26.73038632446281], [83.9477050805419, 26.72698790516679], [83.94692361483546, 26.72690207827964], [83.94486036984503, 26.729186324462813], [83.94386131772859, 26.729339417728514], [83.94361700660485, 26.73041926132554], [83.94148396597214, 26.730520830795385], [83.93945247697788, 26.73339295470402], [83.93609654631571, 26.73411329042763], [83.93591485470401, 26.735130576977877], [83.93454463473535, 26.73585855604458], [83.93298936526465, 26.73585855604458], [83.93199615767305, 26.734698514478552], [83.93062781105787, 26.73527303274985], [83.93027268227141, 26.734139417728514], [83.92953784232694, 26.73409851447855], [83.92797912853156, 26.73884196456896], [83.921167, 26.7388951], [83.92073275303622, 26.738327076381832], [83.92186181470844, 26.736529567943577], [83.91874491954661, 26.737694557955297], [83.91764935221295, 26.736235758919136], [83.9211009712865, 26.734999970570517], [83.92246181470843, 26.73556063205643], [83.92311358552143, 26.734874257673134], [83.92307268227141, 26.731739417728516], [83.92226131772858, 26.731739417728516], [83.921318600434, 26.733468794829342], [83.91993784232695, 26.73289851447855], [83.91807218529156, 26.733529567943577], [83.91771469442959, 26.734670172176777], [83.9144792093551, 26.734686453376188], [83.91349126920461, 26.731762065972152], [83.91248152302212, 26.73159295470402], [83.91176020481814, 26.73023749979211], [83.91169126920462, 26.728762065972152], [83.91032361483545, 26.728702078279643], [83.91201496633997, 26.7336023664271], [83.91082397827964, 26.734888485164575], [83.91314116132553, 26.735795093395147], [83.91202041447856, 26.737274257673132], [83.91372090484612, 26.738167158711423], [83.91374116132553, 26.739295106604864], [83.90912361483545, 26.74010207827964], [83.90090184937462, 26.74367441998109], [83.89877196820687, 26.743650105171284], [83.89881826237617, 26.74445974937723]], [[83.92011573762382, 26.740259749377376], [83.92071860043396, 26.739821405170648], [83.92219762315106, 26.740975728104768], [83.91983637189523, 26.741875723151082], [83.92011573762382, 26.740259749377376]]]}}, {"type": "Feature", "properties": {"kind": "builtup", "area_km2": 3.9}, "geometry": {"type": "Polygon", "coordinates": [[[84.14601699999999, 26.6946340531201], [84.14918164937734, 26.695393837623833], [84.15147632260496, 26.694204330661197], [84.15402419483316, 26.69418318054192], [84.15567632260496, 26.693004330661196], [84.15755595312004, 26.6935951], [84.16059615767306, 26.692991685521456], [84.16227920935509, 26.69180374662382], [84.16542419483316, 26.69178318054192], [84.16668253205646, 26.691139914708394], [84.16695487146843, 26.690048235431046], [84.17012142699518, 26.689397413612863], [84.17409291118732, 26.690134806754866], [84.17312361483545, 26.692388121720366], [84.17873920754455, 26.69182935421037], [84.1788692015296, 26.694378528006332], [84.17492361483545, 26.693902078279642], [84.17424273079538, 26.695928134027856], [84.18305247697788, 26.694897245295987], [84.18501212942947, 26.700579071286498], [84.18443519042758, 26.701915553684206], [84.18612090484612, 26.702167158711426], [84.18804273079537, 26.707328134027854], [84.18909341846692, 26.707535340440906], [84.19159880718088, 26.71071844077793], [84.19133920754456, 26.711860845789637], [84.18746131772859, 26.712539417728514], [84.18625146794355, 26.715739914708394], [84.18941257300482, 26.715197413612863], [84.19049654631571, 26.716376909572375], [84.19181038516454, 26.716388121720364], [84.19075125421038, 26.714272892455437], [84.19301257300482, 26.71339741361286], [84.19589654631571, 26.716976909572377], [84.19722314544748, 26.715798616306603], [84.19868519805152, 26.716526901948466], [84.19889654631571, 26.717576909572376], [84.20025003402785, 26.71756936920462], [84.2002726822714, 26.716139417728513], [84.19855125421039, 26.71581730754457], [84.19845003402786, 26.713720830795385], [84.19764273079538, 26.71376206597215], [84.19733127711022, 26.71546404275363], [84.19561914529599, 26.71473057697788], [84.19548253205646, 26.71315028529161], [84.19444880194847, 26.712963298051537], [84.19308253205645, 26.71015028529161], [84.19134917226378, 26.709212192737287], [84.19189126920462, 26.70596206597215], [84.19084880194848, 26.70576329805154], [84.18956202096768, 26.703450055844073], [84.18777013543105, 26.703257228531577], [84.1883050805419, 26.698187905166794], [84.18634491954661, 26.6986945579553], [84.18491699339515, 26.69801926132554], [84.18412564662383, 26.695157309355093], [84.18701038516454, 26.695388121720367], [84.18730563371886, 26.69427878365163], [84.19002419483316, 26.69418318054192], [84.19023199216201, 26.693145376499217], [84.18935235062266, 26.692696362376175], [84.18780097128648, 26.69337136315258], [84.18635235062266, 26.692696362376175], [84.18494820537576, 26.693838328829568], [84.18412187057052, 26.6923111287135], [84.184717, 26.6916340531201], [84.18413519281911, 26.689718440777934], [84.18769126920462, 26.686328134027857], [84.18835125421037, 26.681272892455436], [84.19068253205646, 26.679739914708392], [84.19077013543105, 26.67763297146843], [84.1919050805419, 26.677302294833215], [84.19131903366002, 26.6754023664271], [84.19251002172037, 26.673088485164573], [84.19258830026017, 26.671002022837268], [84.19463215062537, 26.669015780018913], [84.19728253205645, 26.669539914708395], [84.19677013543105, 26.66743297146843], [84.19789126920462, 26.667128134027855], [84.19926479847035, 26.66371167199356], [84.20149126920462, 26.663528134027857], [84.2015491722638, 26.66027800726272], [84.20389126920462, 26.658728134027857], [84.20394917226379, 26.65667800726272], [84.20569880957243, 26.655115553684205], [84.20581309515389, 26.653567158711425], [84.20957960669797, 26.651035974407606], [84.21105003402785, 26.65096936920462], [84.21135487146843, 26.649848235431048], [84.21405003402785, 26.64916936920462], [84.21424880194847, 26.648126901948466], [84.21565765891906, 26.64740858593606], [84.2168088837411, 26.64836001910113], [84.21629654631572, 26.650376909572376], [84.21707268227141, 26.65035078227149], [84.21747920935509, 26.64920374662382], [84.22005003402785, 26.649769369204623], [84.21946181470842, 26.647129567943576], [84.21653637684894, 26.646775728104767], [84.21828253205645, 26.645539914708394], [84.21829126920461, 26.64476206597215], [84.21294463473535, 26.64765855604458], [84.21148396597215, 26.647720830795382], [84.21046733289383, 26.649483772212665], [84.20982419483316, 26.647707019458085], [84.20794491954649, 26.648294557955147], [84.20597193503478, 26.647650035034793], [84.20488396597214, 26.650369369204622], [84.20743745368429, 26.649776909572378], [84.2079335406427, 26.648596345644982], [84.20954569973983, 26.649888177162737], [84.20691860043401, 26.651868794829344], [84.20546131772859, 26.651339417728515], [84.20416707176012, 26.65525111598663], [84.20219834623481, 26.657831077874402], [84.19885146794354, 26.656150285291613], [84.19999880718088, 26.658518440777932], [84.19996707176011, 26.660651115986628], [84.19787634108094, 26.663881614063946], [84.1972364083216, 26.66312301954659], [84.19788253205645, 26.661550285291614], [84.19585146794354, 26.661550285291614], [84.1964975916784, 26.664367180453436], [84.1957848277362, 26.666612192737286], [84.19224273079539, 26.66876206597215], [84.18914116132554, 26.677495106604862], [84.18624273079539, 26.67716206597215], [84.18796707176011, 26.680451115986628], [84.18608519805153, 26.68296329805154], [84.18504273079537, 26.68316206597215], [84.18485247697787, 26.68479295470402], [84.18213784232694, 26.68489851447855], [84.18142041447857, 26.685615942326873], [84.18208396597214, 26.686969369204622], [84.18368519805152, 26.687126901948467], [84.18361700660485, 26.68781926132554], [84.18147632260496, 26.687885869338807], [84.17857804687996, 26.686695100000005], [84.17745767739503, 26.68848586933881], [84.17377804687996, 26.687895100000006], [84.17321257300482, 26.688492786387144], [84.16773784232694, 26.68849851447855], [84.16550184937462, 26.689674419981092], [84.16350980516684, 26.689707019458087], [84.16317912853157, 26.69084196456896], [84.15950184937462, 26.692074419981093], [84.15573784232694, 26.692098514478552], [84.15414463473535, 26.69325855604458], [84.15101110771315, 26.693892933127007], [84.14613784232694, 26.69389851447855], [84.14601699999999, 26.6946340531201]]]}}, {"type": "Feature", "properties": {"kind": "builtup", "area_km2": 3.4}, "geometry": {"type": "Polygon", "coordinates": [[[83.89759479245544, 26.32162935421037], [83.89952142699518, 26.320397413612863], [83.90268253205646, 26.320939914708394], [83.9027050805419, 26.318987905166793], [83.90164880194847, 26.31876329805154], [83.9015251162589, 26.317760019101133], [83.90389880957242, 26.314915553684205], [83.90456692823987, 26.312239084013378], [83.90647363015496, 26.309703875537192], [83.90808253205645, 26.308939914708393], [83.90832294919973, 26.307867026982365], [83.91035595312003, 26.308395100000002], [83.91167268227142, 26.30775078227149], [83.9105251162589, 26.305760019101132], [83.91250411335312, 26.30367987320651], [83.91403745368429, 26.304776909572375], [83.91528253205645, 26.304139914708394], [83.91642314544747, 26.301798616306318], [83.91687218529157, 26.30356063205643], [83.91893127711022, 26.30302615724638], [83.91923519042757, 26.304715553684204], [83.91998164937735, 26.30479383762383], [83.92305003402785, 26.304169369204622], [83.92461539956605, 26.30182140517079], [83.92607268227141, 26.302350782271493], [83.92624880194847, 26.301326901948467], [83.92731358552143, 26.301074257673132], [83.9267810221255, 26.299013753765106], [83.92845003402785, 26.29876936920462], [83.92911573762383, 26.297430450622777], [83.92628152302213, 26.296592954704018], [83.92634160157783, 26.295855618869155], [83.92787268227141, 26.29575078227149], [83.92791002172036, 26.295001714835433], [83.92583637189523, 26.294875723151083], [83.92556692823987, 26.294239084013377], [83.92906181470843, 26.29216063205643], [83.92948901426561, 26.291001909042315], [83.93386181470844, 26.292760632056428], [83.93271824564468, 26.29081164064274], [83.93509880957242, 26.290315553684206], [83.9344726822714, 26.287139417728515], [83.93252361483545, 26.286502078279643], [83.93154463473535, 26.28765855604458], [83.92948396597214, 26.287720830795383], [83.9286009712864, 26.288971363152573], [83.92788253205646, 26.287150285291613], [83.92593784232695, 26.28589851447855], [83.92522397827963, 26.286601714835435], [83.92581645795529, 26.28846718045346], [83.92506036984503, 26.28938632446281], [83.92292289228685, 26.290092933127006], [83.92245003402785, 26.288920830795384], [83.92112361483545, 26.28890207827964], [83.92094914098165, 26.290482730532847], [83.91992142699517, 26.290692786387144], [83.917819145296, 26.289930576977877], [83.91770508054191, 26.287187905166792], [83.91706181470843, 26.285929567943576], [83.91626131772858, 26.285939417728514], [83.91561826237617, 26.28785974937723], [83.91680835337617, 26.288357309355092], [83.91621699999999, 26.289656146879903], [83.91676707176012, 26.293451115986628], [83.91597912853156, 26.29484196456896], [83.91137201103281, 26.296650195719103], [83.91204273079538, 26.299328134027856], [83.9137737951819, 26.300637499792057], [83.91270097128655, 26.301490229429497], [83.91011699339515, 26.30081926132554], [83.90982419483316, 26.299707019458086], [83.90785146794354, 26.299750285291612], [83.90725146794354, 26.302939914708393], [83.90809126920462, 26.302928134027855], [83.9084792093551, 26.30120374662382], [83.91001700660485, 26.301270938674467], [83.91016707176011, 26.302451115986628], [83.90886197178384, 26.304984940619615], [83.90723519042757, 26.305174646315802], [83.90768519805152, 26.30676329805154], [83.90604273079538, 26.30696206597215], [83.90356707176012, 26.313251115986628], [83.901114854704, 26.316930576977878], [83.90004273079538, 26.317162065972152], [83.89996707176012, 26.31865111598663], [83.89765146794355, 26.320750285291613], [83.89759479245544, 26.32162935421037]], [[83.93142419483316, 26.290707019458086], [83.93051699339514, 26.29061926132554], [83.93039283867446, 26.28999509339514], [83.93231088043323, 26.28995484795844], [83.93142419483316, 26.290707019458086]]]}}, {"type": "Feature", "properties": {"kind": "builtup", "area_km2": 3.2}, "geometry": {"type": "Polygon", "coordinates": [[[83.49678274578962, 26.299672892455437], [83.49683519042757, 26.301115553684205], [83.49788519805152, 26.301326901948467], [83.4986088837411, 26.302760019101132], [83.49807218529156, 26.30536063205643], [83.49945003402784, 26.305369369204623], [83.4998890142656, 26.304201909042025], [83.50128253205645, 26.304739914708392], [83.50071700000001, 26.303445100000005], [83.50117839972141, 26.301195244416405], [83.50216707176011, 26.302039084013376], [83.50225146794354, 26.303539914708395], [83.50337950557696, 26.303865269110076], [83.50284273079538, 26.305328134027857], [83.50423745368428, 26.305376909572377], [83.50373048593606, 26.303935758919046], [83.504917, 26.302234053120102], [83.5043251162589, 26.299760019101132], [83.50551573762382, 26.297430450622777], [83.50485003402785, 26.296120830795385], [83.50317013543105, 26.295857228531577], [83.50324880194847, 26.293526901948468], [83.50445247697787, 26.29349724529599], [83.50463519042758, 26.295115553684205], [83.50542419483315, 26.29518318054192], [83.50564880194847, 26.293526901948468], [83.50731002172036, 26.293288485164574], [83.50688650918215, 26.291093212374324], [83.50895595312004, 26.291595100000002], [83.51025479064491, 26.29100374662382], [83.50999762315107, 26.293375728104767], [83.50884273079538, 26.29376206597215], [83.50881826237617, 26.29505974937723], [83.51081038516455, 26.295188121720365], [83.51104880194848, 26.294126901948466], [83.51211573762383, 26.29385974937723], [83.51098830026017, 26.29240202283727], [83.51331002172036, 26.291488485164574], [83.51219283867447, 26.28999509339514], [83.51451002172035, 26.28968848516457], [83.51443745368428, 26.28891329042763], [83.5128130951539, 26.288723041288584], [83.5129229491997, 26.287467026982082], [83.51679615767306, 26.287991685521455], [83.51764491954646, 26.28671450832162], [83.52458164937735, 26.28739383762383], [83.52469880957243, 26.2859746463158], [83.52143637189523, 26.285875723151083], [83.52066703036712, 26.28458035967679], [83.51844526333618, 26.285878320710992], [83.5175620649652, 26.283450035034807], [83.51528152302213, 26.28339295470402], [83.51528152302213, 26.282097245295986], [83.5175620649652, 26.281440164965204], [83.51679615767306, 26.27929851447855], [83.51312361483545, 26.279302078279642], [83.51138908045351, 26.281094557955296], [83.50598164937735, 26.279896362376174], [83.50354491954661, 26.280494557955155], [83.50115235062265, 26.279896362376174], [83.50089341846692, 26.2815548595591], [83.499367, 26.281695100000004], [83.49823745368428, 26.28051329042763], [83.49689654631571, 26.28051329042763], [83.49686131772859, 26.28195078227149], [83.49788519805152, 26.282126901948466], [83.49809654631571, 26.283176909572376], [83.49978274578962, 26.283472892455435], [83.49921699999999, 26.2860340531201], [83.49985146794354, 26.287339914708394], [83.50057804687997, 26.2879951], [83.50366424805867, 26.2874057336209], [83.50401699999999, 26.288445100000004], [83.50285146794354, 26.288950285291612], [83.50274569973983, 26.290488177162736], [83.49982397827964, 26.293801714835432], [83.50049326315259, 26.297211128713485], [83.49921826237616, 26.29865974937723], [83.50034116132554, 26.299495106604862], [83.49678274578962, 26.299672892455437]]]}}, {"type": "Feature", "properties": {"kind": "builtup", "area_km2": 3.0}, "geometry": {"type": "Polygon", "coordinates": [[[83.56521826237616, 26.65205974937723], [83.57093127711022, 26.649826157246377], [83.5712289194581, 26.652702294833215], [83.57240278908391, 26.653132904303405], [83.57243519042757, 26.655115553684205], [83.57381038516455, 26.655188121720364], [83.57339671759838, 26.652989383471304], [83.57623745368429, 26.652776909572378], [83.57631002172036, 26.651401714835433], [83.57495595312004, 26.650695100000004], [83.57234820537576, 26.651238328829567], [83.57227363015497, 26.649303875537193], [83.57385003402786, 26.64916936920462], [83.57423637189524, 26.64801447684892], [83.57967632260497, 26.646804330661197], [83.58237912853157, 26.647448235431046], [83.58262397827964, 26.650288485164573], [83.5838975916784, 26.651767180453437], [83.58354463473535, 26.652458556044582], [83.58207218529157, 26.652529567943578], [83.5820289194581, 26.653302294833214], [83.58277804687997, 26.6539951], [83.5846763410809, 26.65340858593605], [83.58549291118732, 26.654134806754865], [83.58621496633997, 26.6580023664271], [83.58597218407455, 26.659045599057826], [83.58395235062265, 26.658496362376177], [83.58382397827964, 26.659288485164574], [83.58494116132553, 26.659595093395144], [83.58508396597215, 26.66116936920462], [83.58674116132553, 26.661395093395143], [83.58685146794355, 26.664139914708393], [83.58822419483316, 26.66418318054192], [83.58831002172036, 26.661001714835432], [83.58711916687301, 26.66048920771315], [83.58712564662383, 26.655557309355093], [83.58886181470844, 26.65516063205643], [83.58974840647285, 26.653451759346254], [83.59129880957242, 26.653315553684205], [83.5907175420447, 26.652023019546547], [83.5913050805419, 26.65078790516679], [83.59011916687301, 26.65028920771315], [83.59090563371886, 26.648078783651627], [83.59212090484611, 26.648167158711423], [83.59284273079538, 26.651528134027856], [83.59521060887911, 26.653169527767258], [83.59363302871344, 26.65429022942935], [83.59228396597214, 26.653720830795383], [83.59224273079538, 26.655128134027855], [83.59363302871344, 26.654599970570654], [83.59470980516684, 26.65578318054192], [83.59611573762383, 26.655659749377232], [83.59551903366003, 26.6520023664271], [83.596717, 26.650256146879904], [83.59611002172036, 26.64780171483543], [83.59261914529598, 26.646330576977878], [83.59251002172036, 26.644201714835432], [83.59139283867447, 26.643895106604862], [83.59135125421038, 26.642272892455438], [83.59425003402785, 26.641969369204624], [83.59444108881269, 26.639734806754866], [83.59643637189524, 26.638414476848922], [83.59843745368428, 26.638376909572376], [83.5991050805419, 26.63698790516679], [83.59712361483545, 26.63690207827964], [83.59421110771315, 26.638692933127007], [83.59275487146843, 26.63864196456896], [83.59248253205645, 26.637550285291614], [83.59172361483546, 26.637502078279642], [83.5909330287136, 26.639371363152573], [83.58870980516684, 26.63870701945809], [83.58802041447856, 26.639415942326874], [83.58796386456895, 26.642657228531576], [83.5862792093551, 26.642886453376185], [83.58527268227141, 26.640539417728515], [83.58310969541793, 26.64041428064961], [83.58054917226379, 26.637212192737287], [83.58068152302212, 26.63609724529599], [83.58282419483317, 26.63598318054192], [83.58288253205646, 26.635150285291612], [83.58078936526465, 26.63505855604458], [83.57850980516683, 26.633307019458087], [83.577817, 26.634056146879903], [83.57842891945809, 26.637102294833213], [83.5808088837411, 26.63876001910113], [83.5796289194581, 26.640102294833213], [83.58199762315107, 26.64111447189524], [83.58194116132553, 26.645095106604863], [83.58023637189524, 26.645275723151084], [83.57987268227141, 26.644139417728514], [83.57913784232694, 26.64409851447855], [83.57873920754456, 26.645860845789635], [83.57615235062265, 26.645296362376175], [83.57573920754456, 26.646460845789637], [83.57310980516684, 26.646507019458088], [83.57067218529157, 26.647729567943575], [83.57037912853157, 26.64884196456896], [83.56528396597214, 26.650720830795382], [83.56521826237616, 26.65205974937723]], [[83.584719166873, 26.649600992286853], [83.58576699999999, 26.649195100000004], [83.58621699999999, 26.649645100000004], [83.585167, 26.650095100000005], [83.584719166873, 26.649600992286853]]]}}, {"type": "Feature", "properties": {"kind": "builtup", "area_km2": 2.9}, "geometry": {"type": "Polygon", "coordinates": [[[84.21679479245545, 26.72722935421037], [84.21898559352714, 26.727851759346255], [84.21981019095797, 26.728923085734355], [84.21802891945809, 26.729387905166792], [84.21901700660484, 26.73101926132554], [84.21566131772859, 26.731739417728516], [84.21563519042758, 26.733115553684204], [84.21697804687996, 26.733795100000002], [84.21889762810476, 26.73321447684892], [84.21927218529156, 26.73436063205643], [84.22122419483316, 26.73498318054192], [84.22129126920461, 26.73296206597215], [84.21951903366002, 26.732487833572904], [84.21957013543104, 26.73103297146843], [84.22067268227141, 26.730750782271492], [84.22088650918218, 26.729693212374602], [84.22301038516454, 26.730188121720364], [84.22362314544748, 26.728998616306605], [84.22532361483545, 26.730188121720364], [84.22721038516454, 26.730188121720364], [84.22968253205646, 26.728339914708393], [84.23059479245543, 26.72602935421037], [84.232567, 26.7253951], [84.23439615767305, 26.725991685521457], [84.23674491954648, 26.72479564204471], [84.23805003402785, 26.72536936920462], [84.24064880194847, 26.721926901948468], [84.24171358552144, 26.721674257673133], [84.23936020481813, 26.71883749979211], [84.23936692823987, 26.716639084013377], [84.24059239842217, 26.716455618869155], [84.24095235062265, 26.71759383762383], [84.24223745368428, 26.717576909572376], [84.2423050805419, 26.716787905166793], [84.24124880194847, 26.71656329805154], [84.24101038516454, 26.71550207827964], [84.23831699339515, 26.71541926132554], [84.23801038516454, 26.713702078279642], [84.23723519042757, 26.7137746463158], [84.23697218407455, 26.715445599057826], [84.23557804687997, 26.714895100000007], [84.2349009712865, 26.71549022942949], [84.23344880194847, 26.71476329805154], [84.23263745368429, 26.71311329042763], [84.23003637189524, 26.713075723151082], [84.22965003402786, 26.711920830795385], [84.22830980516683, 26.71190701945809], [84.22816386456894, 26.713457228531578], [84.22704273079538, 26.71376206597215], [84.22584273079538, 26.716928134027857], [84.22846181470842, 26.71696063205643], [84.22855125421037, 26.714272892455437], [84.22961110771314, 26.713997266873], [84.23004273079538, 26.715728134027856], [84.23166036984503, 26.715903875537194], [84.23233876921577, 26.717698650094064], [84.22955235062265, 26.717296362376175], [84.22826131772858, 26.717939417728513], [84.2294164579553, 26.720423019546555], [84.22847634108088, 26.72148161406381], [84.22725003402785, 26.719720830795385], [84.22527218529156, 26.719129567943575], [84.2264088837411, 26.722160019101132], [84.225967, 26.722695100000006], [84.22148152302212, 26.721992954704017], [84.22135125421038, 26.720272892455437], [84.2224726822714, 26.719950782271493], [84.22251358552143, 26.719215942326873], [84.22048396597215, 26.717920830795382], [84.22031485470401, 26.721930576977876], [84.21629654631572, 26.72271329042763], [84.21614116132554, 26.724295106604863], [84.21502891945809, 26.724587905166793], [84.21513784232694, 26.725391685521455], [84.21673876921577, 26.72499154990623], [84.21679479245545, 26.72722935421037]], [[84.23722041447856, 26.721015942326872], [84.23662347731543, 26.722071598814505], [84.23513906725016, 26.720305911057867], [84.23749762810476, 26.71941447684892], [84.23722041447856, 26.721015942326872]], [[84.2177050805419, 26.724702294833214], [84.21854840647285, 26.723651759346254], [84.21968519805152, 26.723726901948467], [84.21968519805152, 26.726763298051537], [84.21784880194848, 26.726763298051537], [84.2177050805419, 26.724702294833214]]]}}, {"type": "Feature", "properties": {"kind": "builtup", "area_km2": 2.9}, "geometry": {"type": "Polygon", "coordinates": [[[83.7212289194581, 26.739587905166793], [83.71947218529156, 26.740129567943576], [83.71945146794354, 26.74093991470839], [83.72201038516454, 26.740988121720363], [83.72436699999999, 26.739195100000003], [83.72553784232694, 26.740991685521454], [83.72685003402785, 26.74096936920462], [83.72732289228685, 26.739797266873], [83.72998559352715, 26.740451759346254], [83.73093784232694, 26.742791685521457], [83.73417607840884, 26.741046620114744], [83.73387218529156, 26.74336063205643], [83.73707634108092, 26.74340858593606], [83.73914569973984, 26.74480202283727], [83.73995235062264, 26.74939383762383], [83.74188253205645, 26.748139914708393], [83.74227632260497, 26.746404330661196], [83.74429762810476, 26.746414476848923], [83.74468396597214, 26.747569369204623], [83.74598164937734, 26.747593837623832], [83.74624880194847, 26.746526901948467], [83.74783302871344, 26.74579997057051], [83.74886131772858, 26.747550782271492], [83.74962419483316, 26.74758318054192], [83.75168152302213, 26.74469724529599], [83.75847920935509, 26.741003746623818], [83.76098164937734, 26.74159383762383], [83.76585479064491, 26.74040374662382], [83.76617189328027, 26.74284018471362], [83.76711573762383, 26.742659749377232], [83.76711002172036, 26.73900171483543], [83.76601914529599, 26.738730576977876], [83.76531903366003, 26.736687833572905], [83.76648253205646, 26.736139914708392], [83.76638164937735, 26.735296362376175], [83.76383519042757, 26.736574646315802], [83.76413920754456, 26.739460845789637], [83.757967, 26.740695100000003], [83.75543637189523, 26.74067572315108], [83.7550726822714, 26.739539417728516], [83.75435235062265, 26.739496362376176], [83.75393127711023, 26.74066404275363], [83.75133784232695, 26.74009851447855], [83.75018908045351, 26.741294557955293], [83.74913519281911, 26.739518440777932], [83.75010097128644, 26.73859997057067], [83.75147268227141, 26.73915078227149], [83.75146181470843, 26.737129567943576], [83.74992294919973, 26.737623173017642], [83.74779615767305, 26.734698514478552], [83.74573302871352, 26.73597136315258], [83.74233784232695, 26.73529851447855], [83.74281699999999, 26.738445100000003], [83.74216386456895, 26.740457228531575], [83.73995235062264, 26.740096362376175], [83.73921539956604, 26.740668794829357], [83.73772564662383, 26.739557309355092], [83.73888253205645, 26.739139914708392], [83.74009126920461, 26.73656206597215], [83.73608152302212, 26.736992954704018], [83.73356692823988, 26.73325111598663], [83.73289126920461, 26.73056206597215], [83.73098164937734, 26.729296362376175], [83.73025146794355, 26.729350285291613], [83.73017124189528, 26.73084280809316], [83.7290613177286, 26.731139417728514], [83.72903519042758, 26.731915553684207], [83.72973784232694, 26.733191685521454], [83.73248114178755, 26.732722896745628], [83.73324273079538, 26.734928134027857], [83.73556707176012, 26.737639084013377], [83.73548519805152, 26.738763298051538], [83.73032142699518, 26.739492786387142], [83.72715487146843, 26.73884196456896], [83.72679615767305, 26.73769851447855], [83.71825146794355, 26.737150285291612], [83.71832361483546, 26.737988121720363], [83.72105247697787, 26.738097245295986], [83.7212289194581, 26.739587905166793]]]}}, {"type": "Feature", "properties": {"kind": "builtup", "area_km2": 2.8}, "geometry": {"type": "Polygon", "coordinates": [[[83.69481483312698, 26.932889207713153], [83.69189654631572, 26.93391329042763], [83.69094463473535, 26.93505855604458], [83.68949654631571, 26.93511329042763], [83.68943519042757, 26.935915553684204], [83.69142419483316, 26.935983180541918], [83.70023215062537, 26.931815780018916], [83.70282419483316, 26.93178318054192], [83.70308152302212, 26.93069724529599], [83.70572142699518, 26.92939741361286], [83.70842430458207, 26.930075919350397], [83.70932361483545, 26.931788121720366], [83.71258559352714, 26.931851759346255], [83.71355235062265, 26.93419383762383], [83.71542419483316, 26.93418318054192], [83.71564880194848, 26.933126901948466], [83.71668253205645, 26.932939914708392], [83.71631344990593, 26.930673330784234], [83.71853920754455, 26.93062935421037], [83.71879880718087, 26.931771759222073], [83.71761699999999, 26.933456146879905], [83.71839615767306, 26.934191685521455], [83.71988152302212, 26.93069724529599], [83.72303215062537, 26.928815780018915], [83.72682419483316, 26.928183180541918], [83.72811358552143, 26.926815942326872], [83.724967, 26.927295100000006], [83.72438164937735, 26.926696362376173], [83.71952361483545, 26.92670207827964], [83.71948396597215, 26.927569369204623], [83.72114116132553, 26.927795093395144], [83.72111485470401, 26.928930576977876], [83.71698716911008, 26.92965760557697], [83.71676692823988, 26.928439084013377], [83.71847268227141, 26.927550782271492], [83.71849880957242, 26.9267746463158], [83.71634840647285, 26.927238440653753], [83.71608253205645, 26.925550285291614], [83.713719166873, 26.92388920771315], [83.71611002172035, 26.923288485164573], [83.71609126920461, 26.92016206597215], [83.71539615767306, 26.91949851447855], [83.713717, 26.919645100000004], [83.71399479245544, 26.91862935421037], [83.7160726822714, 26.918550782271492], [83.71608253205645, 26.917150285291612], [83.71403215062537, 26.91767441998109], [83.7130726822714, 26.915939417728513], [83.71228396597215, 26.915920830795383], [83.71216386456895, 26.919857228531576], [83.71106131772859, 26.920139417728514], [83.71077912853157, 26.92124196456896], [83.70932289228685, 26.921292933127006], [83.70883745368428, 26.91951329042763], [83.70662233089747, 26.919934415069775], [83.70657013543105, 26.91883297146843], [83.70767268227141, 26.918550782271492], [83.7077050805419, 26.917787905166794], [83.70513784232695, 26.91589851447855], [83.70561496633997, 26.917287833572907], [83.70477218407456, 26.920645599058112], [83.70275235062265, 26.919496362376176], [83.70289762810476, 26.921275723151084], [83.69855235062265, 26.921296362376175], [83.69796699999999, 26.921895100000004], [83.69544273079538, 26.92136206597215], [83.69546131772859, 26.922750782271493], [83.69777379518186, 26.923652700207896], [83.69785146794354, 26.92693991470839], [83.69999834623485, 26.92705912212548], [83.7020164579553, 26.92926718045345], [83.70023637189523, 26.930275723151084], [83.69989126920461, 26.92856206597215], [83.69909654631572, 26.92851329042763], [83.69948519805152, 26.93136329805154], [83.69481483312698, 26.932889207713153]], [[83.70887907109493, 26.92733749979191], [83.70968908045344, 26.926314508321617], [83.71101575435532, 26.927478559357265], [83.70932142699517, 26.927892786387144], [83.70887907109493, 26.92733749979191]], [[83.70647907109495, 26.926137499791945], [83.70664880194848, 26.924726901948468], [83.70848907887137, 26.924130830687762], [83.70856386456894, 26.925257228531578], [83.70746131772859, 26.925539417728515], [83.70728114178755, 26.926567303254377], [83.70647907109495, 26.926137499791945]], [[83.7005050805419, 26.925702294833215], [83.70075487146843, 26.924648235431047], [83.70291002172036, 26.924488485164574], [83.7028726822714, 26.923739417728513], [83.70118830026016, 26.922888177162736], [83.70139479245543, 26.92222935421037], [83.70410184937462, 26.922215780018913], [83.70513784232695, 26.923391685521455], [83.70678164671973, 26.923070262653592], [83.706714854704, 26.924130576977877], [83.70562891945809, 26.924387905166792], [83.70535939979196, 26.926651895181795], [83.70390980516683, 26.926107019458087], [83.70208901426561, 26.927888290957693], [83.7005050805419, 26.925702294833215]]]}}, {"type": "Feature", "properties": {"kind": "builtup", "area_km2": 2.7}, "geometry": {"type": "Polygon", "coordinates": [[[83.47401699999999, 26.6958340531201], [83.47520888374109, 26.697560019101132], [83.47466131772859, 26.698950782271492], [83.47619834623485, 26.698459122125488], [83.48054569973984, 26.70220202283727], [83.4818088837411, 26.70416001910113], [83.48126131772858, 26.706150782271493], [83.48321257300482, 26.70559741361286], [83.48417049091157, 26.70644586374759], [83.48126131772858, 26.71035078227149], [83.48446181470842, 26.70916063205643], [83.48471699339514, 26.707470938674465], [83.486167, 26.7073951], [83.48727218529156, 26.70916063205643], [83.48982419483316, 26.710383180541918], [83.48866181470844, 26.707729567943577], [83.48623745368428, 26.70591329042763], [83.48458485901834, 26.70568273053285], [83.48507268227141, 26.702939417728516], [83.48369654631571, 26.70291329042763], [83.48302347731546, 26.704071598814796], [83.48208253205645, 26.701750285291613], [83.48099283867447, 26.701495106604863], [83.4802364083216, 26.69972301954655], [83.48101914529599, 26.69615962302213], [83.48296707176011, 26.696239084013378], [83.48302041447856, 26.70127425767313], [83.48383745368429, 26.701376909572375], [83.48458102212552, 26.698613753765063], [83.486317, 26.6976340531201], [83.48622419483316, 26.696907019458088], [83.48399283867447, 26.696695106604864], [83.48404058153308, 26.694335340440905], [83.48802419483316, 26.69418318054192], [83.48875765891903, 26.69232745221298], [83.49037804687995, 26.6929951], [83.49147920935509, 26.69180374662382], [83.49343745368428, 26.692376909572378], [83.49301914529599, 26.68955962302213], [83.49583745368429, 26.689376909572378], [83.49754491954661, 26.686995642044852], [83.4986088837411, 26.68796001910113], [83.49861826237617, 26.695259749377232], [83.49943745368428, 26.695376909572378], [83.50019283867447, 26.693195093395143], [83.501317, 26.6928340531201], [83.50067268227141, 26.691539417728514], [83.49955125421037, 26.69121730754457], [83.49955125421037, 26.689072892455435], [83.50191573762383, 26.68865974937723], [83.50186181470843, 26.687929567943577], [83.50035792159116, 26.68784357988526], [83.50023730557776, 26.687138829550985], [83.50238908045351, 26.68579564204486], [83.50530980516683, 26.687583180541917], [83.50665003402786, 26.68756936920462], [83.50731573762383, 26.68685974937723], [83.50671700000001, 26.685645100000006], [83.5073251162589, 26.682560019101132], [83.50804058153308, 26.681735340440902], [83.511367, 26.680395100000002], [83.51379615767306, 26.681591685521454], [83.51625003402785, 26.680369369204623], [83.51629880957242, 26.6789746463158], [83.51519283867447, 26.678195093395143], [83.52046181470843, 26.67556063205643], [83.5211050805419, 26.67358790516679], [83.51734491954662, 26.675894557955154], [83.51623745368428, 26.67471329042763], [83.51464880194847, 26.674563298051538], [83.51445003402785, 26.672920830795384], [83.51250980516684, 26.672907019458087], [83.51186131772859, 26.674350782271492], [83.51454463473534, 26.675031643955425], [83.5154168644684, 26.67605614355283], [83.51247218529157, 26.677729567943576], [83.51217912853157, 26.67884196456896], [83.51069654631571, 26.67891329042763], [83.50958908045351, 26.68009455795515], [83.50841038516454, 26.67890207827964], [83.50718908045351, 26.67949455795515], [83.50590980516684, 26.678907019458087], [83.50505247697787, 26.680592954704018], [83.50285146794354, 26.68135028529161], [83.50274569973983, 26.682888177162738], [83.50106131772858, 26.683739417728514], [83.50077912853156, 26.68484196456896], [83.49957013543104, 26.684657228531577], [83.49946181470843, 26.682529567943575], [83.49810980516683, 26.682507019458086], [83.49858482773621, 26.684612192737287], [83.49598559352714, 26.68723844065375], [83.49383637189523, 26.687875723151084], [83.49409126920462, 26.68616206597215], [83.49270980516684, 26.68610701945809], [83.4897890804535, 26.68969455795515], [83.48867268227141, 26.687939417728515], [83.48790980516684, 26.687907019458088], [83.48684498573438, 26.691488290957693], [83.48615595312003, 26.690895100000006], [83.48416181592545, 26.691445599057825], [83.48389126920462, 26.68976206597215], [83.4830965463157, 26.68971329042763], [83.48241826237617, 26.691030450622776], [83.48309759167839, 26.69252301954657], [83.4826547906449, 26.693886453376187], [83.47830980516683, 26.691507019458086], [83.47826131772858, 26.692350782271493], [83.47998274578961, 26.693272892455436], [83.47988519805152, 26.69496329805154], [83.47828396597214, 26.695120830795386], [83.4772547906449, 26.696886453376187], [83.47481038516455, 26.695102078279643], [83.47401699999999, 26.6958340531201]], [[83.50649654631572, 26.681313290427628], [83.50568650918217, 26.681796987625688], [83.50561914529598, 26.68055962302213], [83.50684872537478, 26.68049419999544], [83.50649654631572, 26.681313290427628]]]}}, {"type": "Feature", "properties": {"kind": "builtup", "area_km2": 2.6}, "geometry": {"type": "Polygon", "coordinates": [[[83.60541496633996, 26.445087833572906], [83.60465247697788, 26.44719295470402], [83.60185146794355, 26.44795028529161], [83.6018289194581, 26.449902294833215], [83.60490097128644, 26.448199970570528], [83.60673784232695, 26.449391685521455], [83.6087983462348, 26.448859122125604], [83.60961496633998, 26.4498023664271], [83.60958918610115, 26.45240085267576], [83.60841826237616, 26.452830450622777], [83.60912361483545, 26.454188121720364], [83.61104498573438, 26.453601909042312], [83.61148396597214, 26.454769369204623], [83.61296206496522, 26.454840164965212], [83.61287268227142, 26.453339417728515], [83.61115125421038, 26.45301730754457], [83.61053519281911, 26.44851844077793], [83.61494116132553, 26.448395093395142], [83.61621212942947, 26.4503790712865], [83.61502041447856, 26.452215942326873], [83.61560351406393, 26.45355444108096], [83.61483506468694, 26.455606543389077], [83.61317193503479, 26.455050035034795], [83.61264273079539, 26.455762065972152], [83.61261826237617, 26.457659749377232], [83.61326131772859, 26.45895078227149], [83.61498482773621, 26.45987800726272], [83.61446131772858, 26.46195078227149], [83.61645003402785, 26.461369369204622], [83.61711358552144, 26.458815942326872], [83.616019145296, 26.458530576977875], [83.6153175420447, 26.456423019546556], [83.61599283867447, 26.453795093395144], [83.61711358552144, 26.453474257673133], [83.61654917226379, 26.45147800726272], [83.61942419483316, 26.451183180541918], [83.61964108881268, 26.449534806754865], [83.62127268227141, 26.44935078227149], [83.62125003402785, 26.448520830795385], [83.61923637189524, 26.448475723151084], [83.61895125421039, 26.447872892455436], [83.62246181470843, 26.44696063205643], [83.62194805724607, 26.445480822889806], [83.6236726822714, 26.44515078227149], [83.62371573762383, 26.443830450622777], [83.61961914529599, 26.442930576977876], [83.61975487146843, 26.442248235431045], [83.62129126920462, 26.442128134027854], [83.62122419483316, 26.440707019458088], [83.61943302871356, 26.441890229429333], [83.61784880194847, 26.44116329805154], [83.61795487146843, 26.440448235431045], [83.61947268227141, 26.44035078227149], [83.61941038516454, 26.43950207827964], [83.61632142699519, 26.440092786387144], [83.61277804687997, 26.438895100000003], [83.61110184937462, 26.44007441998109], [83.60999283867447, 26.43989510660486], [83.60993637684894, 26.435914471895238], [83.6117050805419, 26.435502294833213], [83.6111251162589, 26.432360019101132], [83.61282419483317, 26.428707019458088], [83.60965146794355, 26.42815028529161], [83.60901826237617, 26.430059749377232], [83.61016386456895, 26.43043297146843], [83.61020835337617, 26.432532890644914], [83.6090289194581, 26.432987905166794], [83.6090088837411, 26.436130180898875], [83.60776386456895, 26.439257228531577], [83.60618908045345, 26.440094557955295], [83.6042289194581, 26.439587905166793], [83.60426131772859, 26.44035078227149], [83.60536386456894, 26.44063297146843], [83.60545146794354, 26.44213991470839], [83.60660835337617, 26.44255730935509], [83.60658274578962, 26.44461730754457], [83.60541496633996, 26.445087833572906]], [[83.61771002172036, 26.443801714835434], [83.6171491722638, 26.44307800726272], [83.61831860043401, 26.44222140517066], [83.61919880718088, 26.443118440777933], [83.61914116132553, 26.44469510660486], [83.61791699339514, 26.444819261325538], [83.61771002172036, 26.443801714835434]]]}}, {"type": "Feature", "properties": {"kind": "builtup", "area_km2": 2.3}, "geometry": {"type": "Polygon", "coordinates": [[[84.03582419483315, 26.689707019458087], [84.03506131772859, 26.689739417728514], [84.03465479064491, 26.690886453376187], [84.03090980516684, 26.690907019458088], [84.0308289194581, 26.691702294833213], [84.03519615767306, 26.691791685521455], [84.03765003402785, 26.691169369204623], [84.03803637189523, 26.690014476848923], [84.0418763410809, 26.68940858593605], [84.04398482773621, 26.69327800726272], [84.04403519042758, 26.695315553684207], [84.04538164937735, 26.695393837623833], [84.04551358552143, 26.692215942326875], [84.04376692823988, 26.691251115986628], [84.04373519281911, 26.688518440777933], [84.04605003402786, 26.68756936920462], [84.04823215062537, 26.685215780018915], [84.04938274578961, 26.685472892455437], [84.04889654631572, 26.686976909572376], [84.05171485470402, 26.68715962302213], [84.05106036984503, 26.68838632446281], [84.05002041447857, 26.688615942326873], [84.05009654631571, 26.689376909572378], [84.05138164937735, 26.689393837623832], [84.05524491954655, 26.685714508321617], [84.05772090484612, 26.687767158711424], [84.05787218529157, 26.68876063205643], [84.05866181470843, 26.68876063205643], [84.05809880957243, 26.6855746463158], [84.05651699339515, 26.68541926132554], [84.05633637684893, 26.684314471895238], [84.06085765891899, 26.682208585936078], [84.06597912853157, 26.682848235431045], [84.06637804687996, 26.6851951], [84.06766181470843, 26.68516063205643], [84.06872142699518, 26.683397413612862], [84.07115595312004, 26.6839951], [84.07172142699518, 26.683397413612862], [84.08224491954645, 26.68331450832162], [84.08298482773621, 26.68367800726272], [84.08305146794355, 26.685139914708394], [84.08378164937734, 26.68519383762383], [84.08397013543104, 26.68363297146843], [84.08506181470842, 26.68336063205643], [84.08511573762382, 26.682630450622774], [84.0758792093551, 26.682486453376185], [84.07546181470843, 26.680729567943576], [84.07295595312003, 26.680095100000006], [84.07104273079538, 26.68076206597215], [84.07137912853156, 26.68244196456896], [84.06812142699518, 26.682492786387144], [84.06439479245545, 26.681860845789636], [84.06399615767306, 26.68069851447855], [84.06138716911009, 26.68125760557697], [84.06035595312004, 26.678895100000005], [84.05849654631571, 26.67891329042763], [84.05765247697788, 26.680592954704018], [84.05565767739503, 26.681285869338808], [84.04957804687996, 26.680695100000005], [84.04890097128656, 26.681290229429496], [84.04655235062265, 26.680096362376176], [84.04568519805153, 26.68176329805154], [84.0446792093551, 26.681886453376187], [84.04376692823988, 26.67763908401338], [84.04472289228686, 26.676797266873], [84.04722419483316, 26.67738318054192], [84.04791573762382, 26.676030450622775], [84.04594491954661, 26.676494557955152], [84.04415235062265, 26.675896362376175], [84.04041826237616, 26.677230450622776], [84.0434088837411, 26.680760019101132], [84.04349759167839, 26.685967180453456], [84.04274569973984, 26.687688177162737], [84.0404792093551, 26.688486453376186], [84.04002419483317, 26.687307019458085], [84.03632361483545, 26.68670207827964], [84.0368088837411, 26.689330180898875], [84.03582419483315, 26.689707019458087]]]}}, {"type": "Feature", "properties": {"kind": "builtup", "area_km2": 2.2}, "geometry": {"type": "Polygon", "coordinates": [[[83.82517804687996, 26.908095100000004], [83.82510980516683, 26.90898318054192], [83.82755595312004, 26.908995100000002], [83.82990097128656, 26.907799970570654], [83.83055235062265, 26.90839383762383], [83.83273876921577, 26.907991549906228], [83.83284273079538, 26.909528134027855], [83.83448519805152, 26.910326901948466], [83.83516707176013, 26.911639084013377], [83.8352088837411, 26.913130180898875], [83.83421257300482, 26.914092786387144], [83.83201914529599, 26.913330576977877], [83.83316206496521, 26.910450035034806], [83.83208152302213, 26.91039295470402], [83.83183745368429, 26.90931329042763], [83.82984273079538, 26.91056206597215], [83.83043519042758, 26.913715553684206], [83.83274116132553, 26.915195093395145], [83.833417, 26.917845100000005], [83.83271166910252, 26.920534415069774], [83.83049654631571, 26.92011329042763], [83.82982041447856, 26.92207425767313], [83.83239615767306, 26.922191685521454], [83.83275487146844, 26.921048235431048], [83.83486181470843, 26.92096063205643], [83.83553519281912, 26.915318440777934], [83.83624880194847, 26.913926901948468], [83.83731358552143, 26.913674257673133], [83.83680555661088, 26.910977035312932], [83.83905767739503, 26.910204330661198], [83.84048519805152, 26.910926901948468], [83.84068396597215, 26.911969369204623], [83.84151358552144, 26.911874257673134], [83.840917, 26.910645100000004], [83.84151358552144, 26.909415942326874], [83.84085003402785, 26.908720830795385], [83.83877193503479, 26.908650035034796], [83.83808908045336, 26.909375691678395], [83.83731714441612, 26.90885649972144], [83.84091358552143, 26.906474257673132], [83.84082419483316, 26.905707019458088], [83.83853637684894, 26.90537572810477], [83.83971358552144, 26.904674257673133], [83.839117, 26.9028451], [83.83971573762383, 26.899230450622774], [83.83852511625891, 26.897530180898876], [83.8391050805419, 26.895587905166792], [83.837917, 26.895045100000004], [83.83874160157784, 26.893455618869154], [83.84087268227141, 26.89335078227149], [83.84147268227142, 26.891339417728513], [83.83915765891895, 26.891962747787016], [83.83835595312004, 26.890695100000006], [83.83708396597214, 26.890720830795384], [83.83633302871343, 26.891971363152596], [83.83346131772859, 26.891339417728513], [83.83348396597215, 26.892169369204623], [83.83516386456895, 26.89243297146843], [83.8363737951819, 26.896437499792057], [83.8354547906449, 26.897886453376188], [83.82986131772859, 26.897939417728516], [83.82985146794354, 26.898739914708393], [83.83109759167839, 26.89952301954659], [83.8309848277362, 26.902412192737287], [83.83028519805153, 26.90376329805154], [83.82921826237617, 26.904030450622777], [83.83036707176012, 26.906051115986628], [83.82953920754456, 26.907460845789636], [83.82517804687996, 26.908095100000004]], [[83.83461483312699, 26.90768920771315], [83.83331699339514, 26.90801926132554], [83.83319283867446, 26.906795093395143], [83.83441700660485, 26.906670938674466], [83.83461483312699, 26.90768920771315]], [[83.83242419483317, 26.899707019458088], [83.83223637189523, 26.898814476848923], [83.83459762315107, 26.89911447189524], [83.83429762810476, 26.899675723151084], [83.83242419483317, 26.899707019458088]], [[83.8317523506227, 26.904793837623835], [83.83205631507008, 26.90558976910252], [83.83081914529599, 26.905530576977878], [83.83088650918218, 26.904293212374604], [83.8317523506227, 26.904793837623835]]]}}, {"type": "Feature", "properties": {"kind": "builtup", "area_km2": 2.1}, "geometry": {"type": "Polygon", "coordinates": [[[84.02493784232695, 26.298791685521454], [84.02481826237617, 26.30165974937723], [84.02541699999999, 26.3022451], [84.02483519042758, 26.303515553684207], [84.02610980516684, 26.304783180541918], [84.02841483312699, 26.305200992286853], [84.02722397827964, 26.305801714835432], [84.02765247697788, 26.30799295470402], [84.02553784232694, 26.30749851447855], [84.02528519805152, 26.30856329805154], [84.02422041447856, 26.308815942326873], [84.02427218529157, 26.309560632056428], [84.02608464778704, 26.310235758919106], [84.02543519042757, 26.314315553684207], [84.02720835337617, 26.314757309355095], [84.02602397827964, 26.316688485164573], [84.02954116132553, 26.316395093395144], [84.029017, 26.3178340531201], [84.02959762315106, 26.31857572810477], [84.02846131772858, 26.318939417728515], [84.0284289194581, 26.319702294833213], [84.03134116132553, 26.320595093395145], [84.032017, 26.322645100000003], [84.03142397827963, 26.325688485164573], [84.03313876921577, 26.32539154990623], [84.03322397827964, 26.328088485164574], [84.03384273079539, 26.329928134027856], [84.03461038516454, 26.329988121720366], [84.03531002172036, 26.328001714835434], [84.0341491722638, 26.326412192737287], [84.03411002172037, 26.323801714835433], [84.03348253205645, 26.321950285291614], [84.03235125421038, 26.32161730754457], [84.0317251162589, 26.318530180898875], [84.03231002172036, 26.31540171483543], [84.02992380904202, 26.313567114265652], [84.03109126920462, 26.313128134027856], [84.03241914529599, 26.309759623022128], [84.03349126920462, 26.309528134027854], [84.03371699339515, 26.307870938674466], [84.03716206496522, 26.30904016496521], [84.03716206496522, 26.307450035034794], [84.03593637684892, 26.307175728104767], [84.03608152302212, 26.30549724529599], [84.03725247697787, 26.30549724529599], [84.03737193503478, 26.30724016496521], [84.03818164937735, 26.30719383762383], [84.03951002172036, 26.305201714835434], [84.03837013543105, 26.304857228531578], [84.03762419483316, 26.301507019458086], [84.03503637189523, 26.302075723151084], [84.03342419483316, 26.299707019458086], [84.03094491954661, 26.30029455795515], [84.02861038516454, 26.299102078279642], [84.02663215062537, 26.299074419981093], [84.02506181470844, 26.296729567943576], [84.02368396597214, 26.296720830795383], [84.02493784232695, 26.298791685521454]], [[84.031719166873, 26.303400992286853], [84.03276699999999, 26.302995100000004], [84.033217, 26.303445100000005], [84.032167, 26.303895100000005], [84.031719166873, 26.303400992286853]], [[84.02965492890505, 26.31015270020806], [84.0294970579158, 26.31095097868844], [84.02885285821245, 26.310967303254376], [84.02885285821245, 26.30972289674563], [84.02965492890505, 26.31015270020806]], [[84.02748253205645, 26.312950285291613], [84.02639283867447, 26.312695106604863], [84.02651699339515, 26.311470938674468], [84.02810184937462, 26.311415780018915], [84.02896707176012, 26.312239084013378], [84.02815939979196, 26.313451895181796], [84.02748253205645, 26.312950285291613]], [[84.02628253205646, 26.302150285291614], [84.02581914529598, 26.30135962302213], [84.02705247697787, 26.301297245295988], [84.02726131772859, 26.302350782271493], [84.02837124189527, 26.302647391906845], [84.02832311061785, 26.303720209483394], [84.02648152302213, 26.30379295470402], [84.02628253205646, 26.302150285291614]]]}}, {"type": "Feature", "properties": {"kind": "builtup", "area_km2": 2.1}, "geometry": {"type": "Polygon", "coordinates": [[[83.65011916687301, 26.608800992286852], [83.65257912853157, 26.607848235431046], [83.6528613177286, 26.61075078227149], [83.65548873666383, 26.610211879288727], [83.65584273079538, 26.611928134027856], [83.65662419483316, 26.61198318054192], [83.65728253205646, 26.610550285291612], [83.65602419483317, 26.609307019458086], [83.65391699339514, 26.60921926132554], [83.65316020481809, 26.60783749979205], [83.65388152302212, 26.606097245295988], [83.65602419483317, 26.60598318054192], [83.65695487146843, 26.604848235431046], [83.66187632260497, 26.603004330661197], [83.66381038516454, 26.604188121720366], [83.66355792159116, 26.602446620114744], [83.66921038516455, 26.601188121720366], [83.66951699339515, 26.600070938674467], [83.67101110771314, 26.599997266873], [83.6714289194581, 26.603502294833213], [83.67260835337616, 26.603957309355092], [83.67322397827964, 26.611888485164574], [83.67402419483317, 26.61198318054192], [83.67411573762384, 26.605830450622776], [83.67351903366003, 26.604602366427102], [83.67424880194848, 26.603126901948468], [83.67531002172036, 26.602888485164573], [83.67478830026016, 26.60020202283727], [83.67670969541793, 26.597675919350394], [83.67882419483315, 26.597583180541918], [83.67978936526465, 26.596431643955427], [83.68184498573439, 26.59580190904231], [83.68226131772859, 26.59695078227149], [83.68303745368429, 26.596976909572376], [83.68331699339515, 26.595870938674466], [83.68488253205645, 26.595739914708393], [83.6856009712864, 26.593918836847433], [83.68639880718088, 26.594318440777933], [83.68570211096556, 26.595344949161994], [83.68696707176012, 26.59663908401338], [83.68703519042758, 26.598115553684206], [83.68785003402785, 26.598169369204623], [83.6873050805419, 26.591987905166793], [83.6857719350348, 26.591850035034806], [83.68434463473534, 26.593058556044582], [83.68289654631572, 26.59311329042763], [83.68205247697787, 26.59479295470402], [83.68049654631571, 26.59491329042763], [83.67949762810477, 26.596075723151085], [83.67570980516683, 26.59610701945809], [83.67502347731545, 26.597271598814796], [83.6741251162589, 26.596330180898875], [83.6741050805419, 26.593187905166793], [83.67301914529598, 26.592930576977878], [83.67233048593606, 26.59095444108096], [83.6729050805419, 26.58958790516679], [83.67121914529599, 26.589330576977876], [83.6705050805419, 26.585387905166794], [83.66970980516683, 26.58530701945809], [83.66959762315106, 26.589175728104767], [83.66846131772859, 26.589539417728513], [83.66821700660485, 26.59061926132554], [83.66539734666542, 26.591261894608966], [83.66568253205645, 26.58955028529161], [83.66363519042757, 26.5889746463158], [83.66540807313672, 26.595134287936435], [83.66366131772858, 26.594939417728515], [83.66476386456895, 26.596457228531577], [83.66307218529157, 26.596729567943576], [83.66181826237617, 26.59865974937723], [83.66565003402785, 26.596969369204622], [83.66600272288977, 26.59582615724638], [83.66918164937735, 26.596393837623832], [83.6703556002786, 26.595195244416118], [83.67072090484612, 26.59832304128858], [83.668567, 26.599695100000005], [83.66711699339514, 26.59961926132554], [83.66681038516454, 26.59850207827964], [83.66489654631572, 26.59851329042763], [83.66521700660485, 26.60081926132554], [83.65830980516684, 26.602707019458087], [83.65797912853157, 26.60384196456896], [83.65229654631571, 26.60571329042763], [83.65146036984503, 26.607386324462812], [83.64924273079538, 26.60816206597215], [83.64928396597215, 26.608969369204623], [83.65011916687301, 26.608800992286852]]]}}, {"type": "Feature", "properties": {"kind": "builtup", "area_km2": 2.1}, "geometry": {"type": "Polygon", "coordinates": [[[83.34619479245544, 26.35762935421037], [83.34826181470844, 26.35756063205643], [83.35021309515388, 26.354167158711427], [83.35144749081782, 26.353493212374605], [83.352217, 26.356245100000002], [83.3516289194581, 26.357502294833214], [83.35388519805153, 26.357726901948467], [83.35461496633997, 26.360402366427103], [83.354017, 26.361656146879906], [83.35456386456895, 26.363057228531577], [83.35228396597215, 26.363320830795384], [83.35222397827964, 26.364688485164574], [83.35297804687995, 26.3653951], [83.35546181470843, 26.36476063205643], [83.356117, 26.361634053120103], [83.35491903366002, 26.358687833572905], [83.35551358552144, 26.355015942326872], [83.35321914529598, 26.354730576977875], [83.35319283867446, 26.352395093395142], [83.35564491954655, 26.35091450832162], [83.35849126920462, 26.352128134027854], [83.35853519281912, 26.347718440777932], [83.35924880194847, 26.346326901948466], [83.3603050805419, 26.346102294833212], [83.36108152302212, 26.341497245295987], [83.36439615767306, 26.341991685521457], [83.36464880194848, 26.340926901948468], [83.36561110771315, 26.340797266873], [83.36608396597215, 26.341969369204623], [83.36742419483316, 26.34198318054192], [83.36708527462521, 26.34029419999544], [83.37023637189523, 26.33841447684892], [83.37283745368428, 26.338376909572375], [83.37348253205646, 26.336950285291614], [83.37092361483545, 26.336902078279643], [83.36983302871344, 26.33809022942935], [83.36852361483545, 26.33750207827964], [83.36634463473534, 26.33925855604458], [83.36190097128656, 26.3404902294295], [83.35860555661084, 26.33791316468703], [83.35911002172035, 26.335801714835434], [83.35767218529156, 26.335129567943575], [83.35701826237617, 26.33765974937723], [83.35816386456895, 26.33803297146843], [83.35811485470401, 26.33973057697788], [83.35646131772859, 26.339939417728516], [83.35597839972141, 26.341694955583602], [83.35543745368429, 26.33931329042763], [83.35287218529156, 26.339929567943578], [83.35154569973983, 26.343288177162737], [83.34863519042757, 26.3465746463158], [83.34854116132553, 26.34869510660486], [83.34683519042757, 26.3489746463158], [83.34677193503478, 26.34984016496521], [83.34818164937735, 26.34979383762383], [83.35008873666382, 26.348611879289013], [83.3510164579553, 26.35026718045346], [83.35034116132553, 26.352895106604862], [83.34625146794355, 26.356150285291612], [83.34619479245544, 26.35762935421037]], [[83.35731002172037, 26.34420171483543], [83.35695792159116, 26.343246620114744], [83.35876386456894, 26.34343297146843], [83.35859239842216, 26.34463458113085], [83.35731002172037, 26.34420171483543]], [[83.35662419483316, 26.34770701945809], [83.35624880194847, 26.346926901948468], [83.35808114178755, 26.34632289674563], [83.35808519805153, 26.34756329805154], [83.35662419483316, 26.34770701945809]], [[83.35419615767306, 26.34889851447855], [83.35321914529598, 26.348730576977875], [83.35268152302213, 26.346897245295988], [83.35578274578961, 26.348272892455437], [83.35495228536394, 26.350055184544555], [83.35419615767306, 26.34889851447855]]]}}, {"type": "Feature", "properties": {"kind": "builtup", "area_km2": 2.1}, "geometry": {"type": "Polygon", "coordinates": [[[83.32851916687301, 26.854200992286852], [83.33089126920461, 26.853728134027854], [83.33156275810472, 26.848647391906844], [83.33327268227141, 26.847750782271493], [83.33470969541793, 26.845475919350395], [83.33623745368429, 26.845376909572376], [83.33730097128644, 26.84419997057067], [83.33863745368429, 26.844776909572378], [83.34021539956592, 26.842421405170686], [83.34283745368428, 26.842976909572375], [83.34304880194847, 26.84192690194847], [83.34409880957242, 26.841715553684207], [83.34443637189523, 26.84001447684892], [83.3488726822714, 26.840550782271492], [83.34888253205645, 26.837950285291612], [83.34651916687301, 26.83748920771315], [83.34825003402786, 26.83696936920462], [83.3483050805419, 26.836187905166792], [83.346517, 26.835045100000006], [83.34825003402786, 26.834569369204623], [83.34900097128657, 26.83331883684741], [83.35074463473535, 26.833431643955425], [83.35214569973984, 26.83480202283727], [83.35281496633996, 26.836887833572906], [83.35161826237616, 26.838659749377232], [83.35282891945809, 26.841702294833215], [83.35632090484611, 26.842567158711425], [83.35643519042758, 26.844115553684205], [83.35819880718088, 26.84631844077793], [83.35886131772858, 26.85015078227149], [83.36025003402786, 26.85016936920462], [83.36072289228686, 26.848997266873], [83.36389126920461, 26.849528134027857], [83.36326181470844, 26.848129567943577], [83.36097013543105, 26.84725722853158], [83.36151358552144, 26.844615942326875], [83.36039283867447, 26.844295106604864], [83.36027268227141, 26.842739417728513], [83.35679283867447, 26.841895106604863], [83.35549880957242, 26.8379746463158], [83.35427268227141, 26.836139417728514], [83.35315125421037, 26.83581730754457], [83.35309880957242, 26.8337746463158], [83.35076692823988, 26.831651115986627], [83.35125003402786, 26.823520830795385], [83.35042041447856, 26.823615942326875], [83.35032090484611, 26.827523041288583], [83.34867218529156, 26.827729567943578], [83.34788519805153, 26.82936329805154], [83.34683519042757, 26.829574646315802], [83.34672311061784, 26.831720209483393], [83.34503519042758, 26.8319746463158], [83.34552090484611, 26.835323041288582], [83.34402314544748, 26.8366915836934], [83.34346181470843, 26.835529567943578], [83.34263519042757, 26.835574646315802], [83.34305631507007, 26.83838976910252], [83.34075487146843, 26.83904196456896], [83.3411050805419, 26.837387905166793], [83.33973784232694, 26.83669851447855], [83.33826036984503, 26.838986324462812], [83.33604273079538, 26.83976206597215], [83.33633920754455, 26.841460845789637], [83.33528152302212, 26.84139295470402], [83.33499615767305, 26.84029851447855], [83.33258908045345, 26.840894557955295], [83.33124273079538, 26.84036206597215], [83.33123519042758, 26.841715553684207], [83.33228519805152, 26.84192690194847], [83.33247218529156, 26.84296063205643], [83.33569762810477, 26.843014476848925], [83.33600835337617, 26.844132890644914], [83.33367218529156, 26.845129567943577], [83.33229291118731, 26.84735539324514], [83.33005146794355, 26.84875028529161], [83.32996386456895, 26.852057228531578], [83.32762397827963, 26.85360171483543], [83.32768396597214, 26.854369369204623], [83.32851916687301, 26.854200992286852]]]}}]}