{"type": "FeatureCollection", "features": [{"type": "Feature", "properties": {"name": "Rapti", "layer": "minor", "sub_basin": "Ghaghara", "kind": "river"}, "geometry": {"type": "MultiLineString", "coordinates": [[[83.6551826, 26.3179416], [83.6596929, 26.3178516], [83.6620631, 26.3170865], [83.6625761, 26.3163586], [83.6649344, 26.3151153], [83.6672043, 26.3102854], [83.6670804, 26.3052643], [83.6678409, 26.3038137], [83.6677996, 26.30214], [83.6683302, 26.3021293], [83.669574, 26.2987553], [83.6695386, 26.2973207], [83.671861, 26.2946427], [83.6752976, 26.2940952], [83.6800308, 26.2923255]], [[83.5437405, 26.3536102], [83.5448043, 26.350765], [83.5453245, 26.3458906], [83.5461228, 26.3447308], [83.5479451, 26.3438947], [83.54972, 26.3410564], [83.5516627, 26.3405287], [83.5532225, 26.341447], [83.5542397, 26.3414847], [83.5581419, 26.339979], [83.5633188, 26.3359877], [83.5664612, 26.3319211], [83.5690798, 26.3298675], [83.5700968, 26.3299051], [83.5723499, 26.3311778], [83.5748851, 26.330957], [83.5804584, 26.3329664], [83.5838713, 26.3322706], [83.5874809, 26.3273369], [83.5885417, 26.3245109], [83.5913143, 26.3232997], [83.5913652, 26.3221766], [83.590585, 26.3204736], [83.5914518, 26.3192995], [83.5919458, 26.3171859], [83.5957853, 26.3150421], [83.5969151, 26.3118641], [83.5968814, 26.3104621], [83.5962431, 26.3098083], [83.5927111, 26.3085447], [83.5901802, 26.3068407], [83.5897129, 26.3052017], [83.589867, 26.3035156], [83.59088, 26.3019529], [83.59321, 26.3001542], [83.5991234, 26.2969179], [83.6024523, 26.2962215], [83.6046307, 26.296214], [83.6057719, 26.2967527], [83.6088691, 26.2961309], [83.6128794, 26.2978756], [83.6177109, 26.3013924], [83.6240894, 26.2989322], [83.6283294, 26.2986691], [83.6306753, 26.2996394], [83.6326035, 26.3025317], [83.6349568, 26.3038008], [83.6370726, 26.3062109], [83.6382839, 26.3069045], [83.6394055, 26.3066431], [83.6420575, 26.3038394], [83.644174, 26.3035582], [83.6464391, 26.3039318], [83.6475354, 26.3053453], [83.6478475, 26.3072528], [83.6501076, 26.3128295], [83.6530535, 26.3165984], [83.6551826, 26.3179416]], [[83.5437405, 26.3536102], [83.5486308, 26.3583009], [83.5500483, 26.3621012], [83.5513023, 26.3702105], [83.5524546, 26.3740159], [83.5541096, 26.3766155], [83.5565554, 26.3789607], [83.5582332, 26.3825167], [83.5582899, 26.3849078], [83.5557031, 26.3878281], [83.5506759, 26.3886423], [83.5474844, 26.3884643], [83.545636, 26.3889851], [83.5447872, 26.3895994], [83.5449524, 26.3909718], [83.5478685, 26.3934805], [83.5494784, 26.3941673], [83.5510714, 26.3941368], [83.5518793, 26.3945997], [83.5648888, 26.3943494], [83.5691937, 26.3966585], [83.5729393, 26.3977822], [83.5777756, 26.4000808], [83.5825605, 26.4002272], [83.5848872, 26.3975506], [83.5850152, 26.3918068], [83.5781036, 26.3804584], [83.5772444, 26.3778437], [83.5771587, 26.374257], [83.5809518, 26.3662893], [83.5824872, 26.3638673], [83.5853382, 26.3609413], [83.5861345, 26.3609258], [83.5866481, 26.3601981], [83.591166, 26.3603494], [83.5938604, 26.3619714], [83.5957298, 26.3624134], [83.5984359, 26.3645136], [83.6008478, 26.3654233], [83.60491, 26.3686929], [83.6121636, 26.372139], [83.6132253, 26.3721182], [83.6145294, 26.3711357], [83.6160699, 26.3689524], [83.6159831, 26.3653658], [83.613242, 26.3618314], [83.6094625, 26.3592741], [83.6059775, 26.3579071], [83.6027522, 26.3562957], [83.6016617, 26.355121], [83.6005943, 26.3549026], [83.5981539, 26.3527973], [83.5967751, 26.3506713], [83.5967291, 26.3487584], [83.5969773, 26.3480359], [83.608089, 26.3463832], [83.6117755, 26.3451148], [83.6152197, 26.3448079], [83.6181099, 26.343555], [83.6196558, 26.3416108], [83.6224646, 26.3370103], [83.622215, 26.3267287], [83.6213552, 26.3241143], [83.6185744, 26.3189062], [83.6181932, 26.3141293], [83.6216016, 26.3123877], [83.6290301, 26.3122411], [83.6354441, 26.3140279], [83.6405083, 26.3148844], [83.6471996, 26.3171437], [83.6551826, 26.3179416]], [[82.95, 27.198269292105266], [82.9535203, 27.1993795], [82.9544881, 27.1988944], [82.9560886, 27.1947788], [82.9576353, 27.1939326], [82.9664987, 27.1933574], [82.9712209, 27.194319], [82.9751295, 27.196755], [82.9796438, 27.197195], [82.9855771, 27.1941643], [82.9929315, 27.193266], [82.9950318, 27.1910082], [82.9948153, 27.1901368], [82.9912756, 27.1895036], [82.9902721, 27.1884721], [82.9890841, 27.1851677], [82.9891092, 27.1834746], [82.9898033, 27.1824691], [82.9909026, 27.1820397], [82.9956496, 27.1813075], [82.9966143, 27.1807054], [82.9968891, 27.1785406], [82.9948211, 27.1766538], [82.9950515, 27.1753653], [82.9965869, 27.1728104], [82.9982976, 27.1714618], [83.012182, 27.1663289], [83.0138108, 27.1640916], [83.0181911, 27.1624103], [83.019309, 27.1614365], [83.0195285, 27.1589216], [83.018622, 27.1569621], [83.0168821, 27.156869], [83.0152284, 27.1577912], [83.0137547, 27.1576343], [83.0126627, 27.1564549], [83.0118764, 27.153776], [83.0119757, 27.1484524], [83.0151898, 27.1452342], [83.018302, 27.1436917], [83.0209207, 27.1443095], [83.0244618, 27.1477237], [83.0275018, 27.1528796], [83.0318221, 27.1585539], [83.0344607, 27.1601877], [83.0380858, 27.1609691], [83.0429496, 27.1601167], [83.0456678, 27.1589386], [83.0467233, 27.1582047], [83.047236, 27.1570606], [83.0472025, 27.1553269], [83.04592, 27.154689], [83.0434012, 27.1558043], [83.0423308, 27.155761], [83.037526, 27.1527256], [83.0324795, 27.1510092], [83.0299679, 27.1490147], [83.0297399, 27.147583], [83.0301974, 27.1470378], [83.0325167, 27.1459856], [83.0361183, 27.1455714], [83.0412362, 27.1475257], [83.0442456, 27.1475989], [83.0466398, 27.1469639], [83.0497447, 27.1450621], [83.0528058, 27.1443568], [83.0536146, 27.1447031], [83.0546587, 27.1468396], [83.0546719, 27.1509655], [83.0539994, 27.1542051], [83.0515239, 27.1610007], [83.0510622, 27.1647752], [83.0523494, 27.1656522], [83.0544306, 27.1660983], [83.058292, 27.1652609], [83.0602727, 27.1639744], [83.0634202, 27.1608158], [83.067448, 27.1582415], [83.0700427, 27.1576029], [83.0712854, 27.1596167], [83.0714693, 27.1621851], [83.0699658, 27.1673513], [83.0696593, 27.1721998], [83.0701529, 27.1735076], [83.0713009, 27.1740877], [83.072565, 27.1737689], [83.0741974, 27.17177], [83.0765685, 27.1699389], [83.0823763, 27.169489], [83.0855283, 27.1699776], [83.0905082, 27.1682248], [83.0968654, 27.1651344], [83.0997984, 27.1613206], [83.104101, 27.1591594], [83.1077162, 27.1560523], [83.107961, 27.1549122], [83.1068608, 27.1533749], [83.1028151, 27.1549939], [83.1019452, 27.1549479], [83.1010515, 27.1537063], [83.1011579, 27.1523292], [83.1021378, 27.1511775], [83.1055021, 27.1489116], [83.1070928, 27.1482285], [83.1116931, 27.1476171], [83.1201631, 27.1499935], [83.1238361, 27.1491408], [83.1267839, 27.1467972], [83.1278262, 27.145441], [83.128017, 27.1442898], [83.1281043, 27.1379736], [83.128669, 27.1341374], [83.1315626, 27.1291156], [83.1359755, 27.1252174], [83.1452897, 27.1204745], [83.1497057, 27.1167672], [83.1551148, 27.1094182], [83.1551148, 27.1072966], [83.1577944, 27.1043889], [83.1599125, 27.1033977], [83.1616264, 27.1035611], [83.1633871, 27.1060201], [83.1664343, 27.1086494], [83.1692054, 27.1082214], [83.1721551, 27.1060682], [83.1728928, 27.1003154], [83.1723949, 27.096879], [83.1703697, 27.0919368], [83.169184, 27.0862154], [83.1685926, 27.0781879], [83.1692142, 27.077221], [83.1726296, 27.0769737], [83.1752175, 27.0780795], [83.1779996, 27.0782252], [83.1794563, 27.0762877], [83.1800386, 27.0734077], [83.1799366, 27.068434], [83.1813932, 27.0664965], [83.1835104, 27.0655049], [83.1858609, 27.0654662], [83.1875821, 27.0660119], [83.1891133, 27.0677089], [83.1915624, 27.0724525], [83.1933034, 27.0739547], [83.1965089, 27.0739017], [83.1973479, 27.0731223], [83.1989428, 27.0675465], [83.1988242, 27.0618076], [83.1966361, 27.0593561], [83.1897476, 27.0569822], [83.1870263, 27.0493726], [83.1869909, 27.0476509], [83.1876082, 27.0464926], [83.189531, 27.0464609], [83.1906189, 27.0473997], [83.1910817, 27.0491144], [83.1928382, 27.0513817], [83.1939183, 27.0519379], [83.1956275, 27.0519097], [83.1971033, 27.0509284], [83.2023259, 27.045101], [83.2024604, 27.0412716], [83.2009333, 27.039766], [83.19619, 27.0377396], [83.1914272, 27.0347565], [83.1853829, 27.0317944], [83.182741, 27.0280106], [83.1824332, 27.023423], [83.1843281, 27.0220523], [83.1868952, 27.0222014], [83.1886355, 27.0237036], [83.1900273, 27.0290388], [83.1917677, 27.0305409], [83.1936902, 27.0305092], [83.1951619, 27.0293366], [83.1984098, 27.0210543], [83.1998812, 27.0198817], [83.20159, 27.0198534], [83.2050946, 27.0240052], [83.2076459, 27.0233887], [83.2088601, 27.0201154], [83.2103354, 27.019134], [83.2113636, 27.0172032], [83.2145077, 27.0142804], [83.2155398, 27.0125409], [83.2159272, 27.0106208], [83.2160492, 27.0062174], [83.2149098, 27.0027919], [83.2142532, 27.0020374], [83.213098, 26.9978466], [83.2124881, 26.9890541], [83.2145876, 26.9872968], [83.2271819, 26.9868947], [83.2282416, 26.9864942], [83.2299218, 26.9851265], [83.2313444, 26.981658], [83.2311028, 26.9803225], [83.2275786, 26.9752149], [83.226056, 26.9739009], [83.2221297, 26.9720594], [83.2153131, 26.9708274], [83.2097622, 26.9709199], [83.2078525, 26.9715258], [83.2042666, 26.9736905], [83.2006409, 26.973942], [83.1945918, 26.9705977], [83.1924056, 26.9681461], [83.1925521, 26.9648905], [83.1946358, 26.9623683], [83.196739, 26.9608026], [83.2045705, 26.9574195], [83.2102986, 26.9556019], [83.2136784, 26.9538233], [83.2161962, 26.9516762], [83.2168247, 26.9510916], [83.2190652, 26.9458874], [83.2201205, 26.9452956], [83.2203181, 26.9445268], [83.2221297, 26.9439315], [83.2221297, 26.9429607], [83.224958, 26.94177], [83.2263962, 26.9390668], [83.2263283, 26.9358147], [83.2254426, 26.9342987], [83.2213077, 26.9305407], [83.2172129, 26.9286955], [83.2099249, 26.9272862], [83.204538, 26.9248881], [83.2029966, 26.9226173], [83.2029057, 26.9182175], [83.2033206, 26.9176365], [83.2052333, 26.917222], [83.2139945, 26.9176501], [83.2216769, 26.9175217], [83.2227359, 26.9171212], [83.2267265, 26.9139924], [83.2279549, 26.9114841], [83.2281083, 26.908611], [83.2325213, 26.9052836], [83.2336733, 26.8991405], [83.2380335, 26.8933261], [83.2445428, 26.8882406], [83.2515266, 26.8854432], [83.2521464, 26.8844758], [83.2518604, 26.8810361], [83.2444745, 26.8748461], [83.2420355, 26.870486], [83.2404259, 26.8649635], [83.2397068, 26.8642019], [83.2397068, 26.8561782], [83.2393682, 26.8554372], [83.2397068, 26.8536949], [83.2389053, 26.8535072], [83.2362577, 26.8493418], [83.234081, 26.8472735], [83.2301862, 26.8446599], [83.229957, 26.8438983], [83.229905, 26.8414114], [83.2307351, 26.8398483], [83.2313523, 26.8398496], [83.231559, 26.8388958], [83.2343193, 26.8382752], [83.2368782, 26.8382321], [83.2405307, 26.8398686], [83.2428988, 26.8398734], [83.2431147, 26.8406145], [83.2454927, 26.8421052], [83.2493433, 26.8426141], [83.2501439, 26.8401128], [83.2498742, 26.8374382], [83.2454645, 26.8306237], [83.2413407, 26.8272489], [83.2398361, 26.8267002], [83.2343002, 26.8271763], [83.2307473, 26.8306807], [83.2292707, 26.831471], [83.2269171, 26.8311278], [83.2268532, 26.8280671], [83.2272358, 26.8259556], [83.2280607, 26.8246022], [83.2309898, 26.8218738], [83.2375835, 26.8209972], [83.2450823, 26.8225928], [83.2495155, 26.8204126], [83.2515992, 26.8180809], [83.2522066, 26.8165396], [83.2521017, 26.8115659], [83.2505367, 26.8081478], [83.2434654, 26.7964029], [83.238213, 26.7899852], [83.2343322, 26.7879456], [83.228569, 26.7876599], [83.2276885, 26.7863351], [83.2276446, 26.7842308], [83.2288915, 26.7826789], [83.2326761, 26.7801275], [83.2345783, 26.77933], [83.2384027, 26.7786913], [83.2417727, 26.7767207], [83.2421669, 26.7751831], [83.2432124, 26.7742086], [83.2430798, 26.7678957], [83.2443143, 26.7657698], [83.2442902, 26.764622], [83.2464936, 26.7578868], [83.2510124, 26.7497727], [83.2526767, 26.7478308], [83.2547873, 26.746838], [83.26288, 26.7465088], [83.2650189, 26.746855], [83.2710378, 26.7492399], [83.2738444, 26.7509141], [83.2766715, 26.7535447], [83.2788758, 26.7569515], [83.2793795, 26.7605789], [83.2802645, 26.7620946], [83.2821988, 26.7628268], [83.2855962, 26.7621942], [83.2874895, 26.7610134], [83.2895796, 26.7590636], [83.2910262, 26.7569336], [83.2938822, 26.7509518], [83.2939476, 26.7440614], [83.2947629, 26.742325], [83.2970697, 26.7405628], [83.3006917, 26.7405], [83.3032855, 26.7421774], [83.3103621, 26.7441594], [83.3183202, 26.7474653], [83.320693, 26.7487635], [83.3215702, 26.7498963], [83.3280624, 26.7543756], [83.3308409, 26.7547096], [83.3325331, 26.7541057], [83.3360845, 26.75079], [83.3406134, 26.7434382], [83.3454049, 26.7383781], [83.3480572, 26.7329728], [83.3481696, 26.728378], [83.3487919, 26.7276015], [83.3489546, 26.7253022], [83.3497899, 26.7245219], [83.350366, 26.7216412], [83.3502391, 26.7061424], [83.3488353, 26.7004261], [83.3487723, 26.6975567], [83.3491857, 26.6969752], [83.3527727, 26.6953808], [83.3608657, 26.6952371], [83.3692351, 26.6979587], [83.3741463, 26.6984451], [83.3795218, 26.7006454], [83.3833555, 26.7005767], [83.3888163, 26.697034], [83.3898385, 26.6951019], [83.3897831, 26.6926151], [83.3869123, 26.6880737], [83.3850725, 26.6819829], [83.3849959, 26.6785396], [83.3872147, 26.6729499], [83.3871551, 26.6702718], [83.3860394, 26.6679954], [83.3831864, 26.6642192], [83.3829225, 26.6619274], [83.3837486, 26.6607644], [83.3845832, 26.6599839], [83.3864866, 26.6593756], [83.3913749, 26.658905], [83.3954414, 26.6597886], [83.4010283, 26.6619842], [83.4089146, 26.6622243], [83.4169965, 26.6616948], [83.4212158, 26.6598957], [83.4247358, 26.6554299], [83.4255528, 26.6538841], [83.4262531, 26.6471732], [83.4261666, 26.6433473], [83.4252633, 26.6410674], [83.4241687, 26.6397477], [83.4215754, 26.6380726], [83.4187953, 26.6375491], [83.4045334, 26.6378079], [83.400642, 26.6351991], [83.4002034, 26.6346329], [83.4003692, 26.6325248], [83.402042, 26.631155], [83.4087975, 26.6285448], [83.4106787, 26.6269797], [83.416578, 26.6241934], [83.4199576, 26.6229836], [83.42378, 26.6225312], [83.4273981, 26.6224652], [83.4333878, 26.6236953], [83.4367975, 26.6238242], [83.4374491, 26.6243864], [83.4408675, 26.6248978], [83.4447465, 26.6269316], [83.4479478, 26.6272555], [83.4494683, 26.6285671], [83.454403, 26.6301985], [83.457813, 26.6303269], [83.45866, 26.6301199], [83.4594895, 26.6291477], [83.4597925, 26.6237836], [83.4591278, 26.6226476], [83.4552312, 26.619849], [83.4473427, 26.610043], [83.4467043, 26.6100548], [83.444537, 26.6083723], [83.443651, 26.6068576], [83.4378445, 26.604285], [83.4343877, 26.6020518], [83.4334498, 26.5982416], [83.4351174, 26.59668], [83.436811, 26.5962662], [83.4504292, 26.5960159], [83.4519274, 26.596371], [83.454746, 26.5986155], [83.4577469, 26.5995169], [83.4620728, 26.6024989], [83.4705934, 26.6027236], [83.4754569, 26.6012936], [83.4777403, 26.5987632], [83.47806, 26.5941643], [83.4770767, 26.5884413], [83.4739263, 26.5810364], [83.4721934, 26.579729], [83.4706514, 26.5774612], [83.4695877, 26.5774809], [83.4667561, 26.5746629], [83.4600313, 26.5714384], [83.4547129, 26.5715367], [83.4494162, 26.5725913], [83.4454274, 26.5726648], [83.4446187, 26.5722012], [83.4432565, 26.570791], [83.4413135, 26.5672384], [83.4401141, 26.56128], [83.4403637, 26.5605578], [83.4448024, 26.556888], [83.4487634, 26.555619], [83.4511182, 26.553901], [83.4515627, 26.5500654], [83.4498967, 26.5469863], [83.4498476, 26.5448342], [83.4503684, 26.5443462], [83.4527666, 26.5445412], [83.4546822, 26.546898], [83.456831, 26.5478151], [83.4637709, 26.5488828], [83.4713306, 26.553766], [83.4750529, 26.5536968], [83.4784266, 26.5500456], [83.4789198, 26.5483619], [83.4790864, 26.5440529], [83.4779789, 26.5421598], [83.4723851, 26.5417855], [83.4672955, 26.5402056], [83.465673, 26.5390396], [83.4655524, 26.533779], [83.4673254, 26.5299187], [83.4694081, 26.5279663], [83.4725539, 26.525994], [83.4759875, 26.5249732], [83.4762477, 26.5242065], [83.4778152, 26.5242064], [83.4783412, 26.5232549], [83.481232, 26.5217656], [83.4817304, 26.5196759], [83.4825004, 26.5196758], [83.4834973, 26.5162213], [83.4833538, 26.5100044], [83.4806354, 26.5074237], [83.4806244, 26.5069455], [83.478742, 26.5060237], [83.4779116, 26.5046039], [83.4744017, 26.5022771], [83.473544, 26.4996617], [83.4732013, 26.4963191], [83.4827625, 26.4959016], [83.4906905, 26.4938395], [83.4920026, 26.4930973], [83.4932759, 26.4906812], [83.493226, 26.4885292], [83.4915874, 26.4866462], [83.487264, 26.4836173], [83.4861404, 26.481007], [83.4860852, 26.4786158], [83.4881168, 26.4745111], [83.4912166, 26.4706256], [83.4919694, 26.4686977], [83.4948253, 26.4657735], [83.4961426, 26.4652704], [83.4968952, 26.4633425], [83.4968509, 26.4614296], [83.4929223, 26.4596212], [83.489428, 26.4599912], [83.4859477, 26.4611555], [83.4771864, 26.4615584], [83.4768014, 26.4563759], [83.4777754, 26.4554544], [83.4780665, 26.4507842], [83.4787973, 26.4479], [83.4788988, 26.443652], [83.4804443, 26.44153], [83.4845615, 26.4385825], [83.4883063, 26.4367113], [83.4940388, 26.4318195], [83.4966614, 26.4303349], [83.4990406, 26.4298117], [83.5036933, 26.4242222], [83.5036266, 26.4213528], [83.5025255, 26.419699], [83.5003566, 26.4178261], [83.4952445, 26.4150516], [83.4944146, 26.4136319], [83.4946027, 26.4102794], [83.495366, 26.4088297], [83.4979604, 26.4061496], [83.4977941, 26.3989762], [83.4990884, 26.3975166], [83.5012069, 26.3972375], [83.5022801, 26.3976957], [83.5052841, 26.4012274], [83.5085204, 26.4033192], [83.5111924, 26.4039864], [83.5162373, 26.403891], [83.5209888, 26.4026049], [83.5267462, 26.3989073], [83.5261535, 26.3962871], [83.5204996, 26.3930454], [83.5185964, 26.3911678], [83.5163943, 26.3878605], [83.5146954, 26.3833475], [83.5167969, 26.3823509], [83.5183897, 26.3823207], [83.5226988, 26.3848703], [83.526709, 26.3859902], [83.5320187, 26.3858892], [83.5335835, 26.3846633], [83.5332618, 26.3822772], [83.5305454, 26.3796976], [83.5297153, 26.3782781], [83.5296536, 26.3756479], [83.5301452, 26.373964], [83.5332071, 26.3686429], [83.5361337, 26.3575831], [83.5387091, 26.3541849], [83.5400248, 26.3536813], [83.5437405, 26.3536102]]]}}, {"type": "Feature", "properties": {"name": "Burhi Rapti", "layer": "minor", "sub_basin": "Ghaghara", "kind": "river"}, "geometry": {"type": "LineString", "coordinates": [[82.95, 27.253515586885573], [82.9533925, 27.2573805], [82.9555101, 27.2585664], [82.956356, 27.2584338], [82.9630741, 27.2525298], [82.9628412, 27.2509584], [82.9572368, 27.2486708], [82.9568192, 27.2475697], [82.9576375, 27.2462704], [82.9593848, 27.2455956], [82.9611484, 27.2456208], [82.9656252, 27.2471708], [82.9658485, 27.2483339], [82.9648021, 27.2510382], [82.9653428, 27.2545882], [82.9686059, 27.2572698], [82.9714945, 27.2579157], [82.9729237, 27.2575969], [82.9749808, 27.2562158], [82.9755435, 27.2551547], [82.9750829, 27.2522452], [82.9732613, 27.24977], [82.9711299, 27.2480009], [82.9658327, 27.2448907], [82.9657887, 27.2430239], [82.9676678, 27.2424049], [82.972117, 27.242788], [82.9736683, 27.2421168], [82.9777149, 27.2420404], [82.9799758, 27.2410054], [82.9825812, 27.2379796], [82.9846587, 27.2374734], [82.986818, 27.2376659], [82.9879176, 27.2399796], [82.9886185, 27.2447521], [82.9877142, 27.2479209], [82.9880265, 27.2500744], [82.9892293, 27.2502724]]}}, {"type": "Feature", "properties": {"name": "Doi", "layer": "minor", "sub_basin": "Ghaghara", "kind": "river"}, "geometry": {"type": "MultiLineString", "coordinates": [[[82.98479203167382, 27.4], [82.98536047683956, 27.4]], [[82.98735504620016, 27.4], [82.988832, 27.3994929], [82.9901137, 27.3981422], [82.9909497, 27.3924463], [82.9926366, 27.3922851], [82.9934742, 27.3912749], [82.9945493, 27.3914543], [82.995454, 27.3898728], [82.9966251, 27.3905648], [82.9985994, 27.3897326], [82.9990853, 27.3902001], [82.9983148, 27.3914112], [82.9986361, 27.3918823], [83.0019543, 27.3913985], [83.0030488, 27.3924046], [83.00377, 27.3916413], [83.0043053, 27.389283], [83.0059717, 27.3888153], [83.0050609, 27.3868563], [83.0062387, 27.3871991], [83.0072822, 27.3866907], [83.0076497, 27.3868317], [83.0074981, 27.388346], [83.0078877, 27.3888757], [83.0093278, 27.3893713], [83.0096964, 27.3885205], [83.0104834, 27.3894124], [83.0111149, 27.3882671], [83.0124575, 27.3888846], [83.0123744, 27.3893872], [83.0111432, 27.3899826]]]}}, {"type": "Feature", "properties": {"name": "Banganga", "layer": "minor", "sub_basin": "Ghaghara", "kind": "river"}, "geometry": {"type": "LineString", "coordinates": [[82.9892293, 27.2502724], [82.9927255, 27.2534548], [82.9926273, 27.2542975], [82.9911254, 27.2549329], [82.9853482, 27.2557516], [82.9840685, 27.2570006], [82.9832843, 27.2591607], [82.9840684, 27.2632826], [82.9818945, 27.2640398], [82.9804746, 27.2668719], [82.9784716, 27.2677116], [82.9804758, 27.2696523], [82.9814101, 27.2712492], [82.9810528, 27.2758979], [82.980616, 27.2767047], [82.9780779, 27.2782886], [82.9767648, 27.2796957], [82.9761545, 27.281239], [82.9763784, 27.283325], [82.9753059, 27.2856324], [82.9709515, 27.2858715], [82.9675496, 27.2903832], [82.9640232, 27.2898007], [82.960082, 27.2930734], [82.9590853, 27.292771], [82.9579623, 27.2913289], [82.9569299, 27.2915014], [82.9552806, 27.2970175], [82.9519079, 27.2992933], [82.95, 27.301284664784887]]}}, {"type": "Feature", "properties": {"name": "Phajitwa Nala", "layer": "minor", "sub_basin": "Ghaghara", "kind": "river"}, "geometry": {"type": "LineString", "coordinates": [[82.95, 27.218261776383763], [82.9541356, 27.2174267], [82.9552928, 27.2165751], [82.9560908, 27.2179029], [82.9603154, 27.2196623], [82.9616789, 27.2190338], [82.9650228, 27.2215975], [82.9657271, 27.2214103], [82.9661801, 27.2201666], [82.9667905, 27.2199262], [82.9710995, 27.2207802], [82.9746182, 27.2206095], [82.9752582, 27.2203202], [82.9748657, 27.2183013], [82.9765039, 27.2143572], [82.9805996, 27.211816], [82.981648, 27.2100632], [82.9823224, 27.2102075], [82.9830862, 27.2116876], [82.9855566, 27.2132764], [82.9862102, 27.2132143], [82.9875525, 27.2115035], [82.9904169, 27.2116703], [82.9922009, 27.2112119]]}}, {"type": "Feature", "properties": {"name": "Ghaghara", "layer": "major", "sub_basin": null, "kind": "river"}, "geometry": {"type": "MultiLineString", "coordinates": [[[84.205438, 25.9887361], [84.207961, 25.987389], [84.2171487, 25.984776], [84.2252497, 25.9812317], [84.2319853, 25.9762844], [84.2374475, 25.9730423], [84.2456838, 25.9651873], [84.2506019, 25.9614793], [84.2541549, 25.956369], [84.2578143, 25.9548446], [84.2596226, 25.9533651], [84.26643305375387, 25.95]], [[84.1837363, 26.0076627], [84.185502, 26.0053371], [84.186069, 26.0029111], [84.1859994, 26.0007943], [84.1842321, 25.9959547], [84.1946822, 25.9920082], [84.1983937, 25.98618], [84.2027, 25.9860706], [84.2033646, 25.9890251], [84.205438, 25.9887361]], [[84.1837363, 26.0076627], [84.1767245, 26.0048427], [84.1722356, 26.0039918], [84.169719, 26.0021137], [84.1684471, 26.0020721], [84.1658592, 26.0032099], [84.1637325, 26.0065617], [84.1622299, 26.012267], [84.1606694, 26.0132369], [84.1512695, 26.0150377], [84.1478804, 26.0187061], [84.1476394, 26.0213672], [84.1468055, 26.0227505], [84.1452468, 26.0237919], [84.1399778, 26.0256382], [84.1388118, 26.0265269], [84.1383077, 26.0283329], [84.1403975, 26.0319441], [84.1406017, 26.0335183], [84.138551, 26.0367961], [84.1373499, 26.0419917], [84.1326983, 26.0487754], [84.1317423, 26.0514533], [84.1301263, 26.0532853], [84.1252876, 26.0563411], [84.1179865, 26.0566551], [84.1135157, 26.0586971], [84.1104049, 26.0610661], [84.1023379, 26.0624019], [84.1010288, 26.0638676], [84.0985998, 26.0706703], [84.0967529, 26.0727944], [84.0916029, 26.0761433], [84.0895584, 26.0769083], [84.0794787, 26.0838268]], [[84.1792221, 26.0212034], [84.1819851, 26.0160255], [84.1834237, 26.0117942], [84.1837363, 26.0076627]], [[84.1792221, 26.0212034], [84.1856674, 26.018385], [84.1916289, 26.0128188], [84.1957225, 26.0070103], [84.1982112, 26.0017908], [84.1981666, 25.9968116], [84.1993076, 25.9941508], [84.2015489, 25.9915188], [84.205438, 25.9887361]], [[84.1657373, 26.033458], [84.1713225, 26.0285498], [84.1772462, 26.0244032], [84.1792221, 26.0212034]], [[84.0794787, 26.0838268], [84.0836026, 26.0844494], [84.0861481, 26.0854672], [84.0886971, 26.0866045], [84.0914521, 26.0886974]], [[84.0914521, 26.0886974], [84.0956475, 26.0871649], [84.1029245, 26.0822116], [84.1107509, 26.0779628], [84.1141173, 26.0752528], [84.1177756, 26.0734929], [84.1213928, 26.0702985], [84.1258175, 26.0675636], [84.1306549, 26.0607519], [84.1373589, 26.0553603], [84.149212, 26.0416639], [84.1536555, 26.0374059], [84.1568237, 26.0353734], [84.1657373, 26.033458]], [[84.0391661, 26.0991898], [84.0450804, 26.0947823], [84.0496724, 26.0884576], [84.0536891, 26.0852559], [84.0565645, 26.0838743], [84.0634143, 26.0825213], [84.0708205, 26.0821121], [84.0782704, 26.0832565], [84.0794787, 26.0838268]], [[84.0391661, 26.0991898], [84.042785, 26.1010581], [84.0463075, 26.1038486], [84.0513989, 26.1058855], [84.0524429, 26.1069143], [84.0565485, 26.108628], [84.0587292, 26.1087575]], [[84.0803252, 26.100274], [84.0877626, 26.0936536], [84.0914521, 26.0886974]], [[84.0803252, 26.100274], [84.0845379, 26.0988102], [84.0918209, 26.0979534], [84.0976446, 26.0965947], [84.1008307, 26.0953182], [84.1098855, 26.0885483], [84.1192787, 26.0794089], [84.1213097, 26.077801], [84.1241611, 26.0766399], [84.1290105, 26.0712003], [84.1346803, 26.065869], [84.1393346, 26.0640919], [84.14712, 26.053937], [84.1514359, 26.0506367], [84.1598136, 26.0398048], [84.1657373, 26.033458]], [[84.0587292, 26.1087575], [84.0601543, 26.1088422], [84.0720426, 26.1051293], [84.0803252, 26.100274]], [[84.0556917, 26.1133405], [84.0571197, 26.1120195], [84.0587292, 26.1087575]], [[83.9963534, 26.1153645], [84.0020454, 26.1129843], [84.0038596, 26.1115082], [84.0114335, 26.10751], [84.0124596, 26.1062907], [84.016392, 26.1047666], [84.0358405, 26.099063], [84.0391661, 26.0991898]], [[83.9405815, 26.1232512], [83.9413882, 26.1236643], [83.9458841, 26.1233259], [83.9490299, 26.1220603], [83.9507701, 26.122031], [83.954036, 26.1209927], [83.9675428, 26.1206931], [83.9878829, 26.1183257], [83.9910215, 26.1168201], [83.9963534, 26.1153645]], [[83.9405815, 26.1232512], [83.9454032, 26.1290457], [83.9507701, 26.1322646], [83.9524794, 26.1338562], [83.956128, 26.138661]], [[83.956128, 26.138661], [83.9619313, 26.1352876], [83.9649481, 26.1341441], [83.9774255, 26.1314505], [83.9838995, 26.1288748], [83.9914989, 26.1234943], [83.9941356, 26.1198476], [83.9954563, 26.1163508], [83.9963534, 26.1153645]], [[83.956128, 26.138661], [83.962109, 26.1454508], [83.9654251, 26.1523057], [83.9691033, 26.155621], [83.9719025, 26.1567063], [83.9750198, 26.1571747], [83.9787189, 26.156837], [83.9874923, 26.1548479], [84.0036364, 26.1472905], [84.0110762, 26.1446475]], [[84.0110762, 26.1446475], [84.0137427, 26.1398866], [84.0174299, 26.134922], [84.0223335, 26.1300477], [84.0289308, 26.1254339], [84.0344017, 26.1235881], [84.0449462, 26.1180192], [84.0518101, 26.1154671], [84.0541655, 26.1138173], [84.0556917, 26.1133405]], [[84.0110762, 26.1446475], [84.0143499, 26.1432223], [84.0283716, 26.1413582], [84.0312339, 26.1404791], [84.0378395, 26.1371386], [84.0441709, 26.1326527], [84.0510347, 26.1258396], [84.0532053, 26.1220091], [84.0550563, 26.1139282], [84.0556917, 26.1133405]], [[83.8616002, 26.1859014], [83.8650852, 26.1846527], [83.8676846, 26.182683], [83.8687004, 26.1809866], [83.8685488, 26.1752484], [83.8662839, 26.1697949], [83.8661451, 26.1645349], [83.8671418, 26.1621213], [83.8671039, 26.1606867], [83.8681068, 26.1585121], [83.8690466, 26.1539466], [83.8705414, 26.1503261], [83.874609, 26.1435097], [83.875379, 26.1435093], [83.8774407, 26.1406084], [83.8849829, 26.1351825], [83.8880789, 26.1320056], [83.8909479, 26.1302689], [83.8937914, 26.1275757], [83.9063129, 26.1201268], [83.9120754, 26.1176088], [83.9220877, 26.1154761], [83.9265899, 26.1153774], [83.9295223, 26.1160308], [83.9357554, 26.1211568], [83.9405815, 26.1232512]], [[83.7846268, 26.221284], [83.7872285, 26.2193159], [83.7898054, 26.2163913], [83.7916425, 26.2156351], [83.7919012, 26.2147959], [83.7937264, 26.2147952], [83.7947556, 26.2129384], [83.803115, 26.2033463], [83.8091392, 26.1972346], [83.8209301, 26.1894216], [83.8251267, 26.1876582], [83.8290768, 26.1866175], [83.8333168, 26.1865275], [83.8359856, 26.1871884], [83.8392281, 26.1895117], [83.842162, 26.1901668], [83.8456071, 26.1900934], [83.8551034, 26.1882159], [83.8574884, 26.1881648], [83.8616002, 26.1859014]], [[83.7751255, 26.2226642], [83.7786069, 26.2227526], [83.7814065, 26.2206022], [83.7830984, 26.2204864], [83.7846268, 26.221284]], [[83.6076317, 26.2306363], [83.6092238, 26.2306649], [83.6107656, 26.2313522]], [[83.6107656, 26.2313522], [83.6153006, 26.2296843], [83.6215206, 26.2291431], [83.6235549, 26.2282657], [83.6278441, 26.2274036], [83.6351439, 26.2249267], [83.6373004, 26.2236281], [83.640022, 26.2237535], [83.6426622, 26.2259736], [83.6427244, 26.2312352], [83.6435519, 26.2325344], [83.6496496, 26.2324131], [83.6511858, 26.2328609], [83.6569753, 26.2363935], [83.6590416, 26.2395218], [83.6607399, 26.2411624], [83.662631, 26.2452511], [83.663173, 26.2484099], [83.6633806, 26.254147], [83.6622166, 26.2580576], [83.6622136, 26.2606293], [83.663893, 26.264184], [83.6658304, 26.2647432], [83.6703386, 26.2646529], [83.6842815, 26.2625185], [83.6883933, 26.2624953], [83.6917587, 26.2644607], [83.6952366, 26.2682776], [83.6972353, 26.2712872], [83.6992012, 26.2729818], [83.7023294, 26.2733968], [83.7097884, 26.2718565]], [[83.6107656, 26.2313522], [83.6151257, 26.2334195], [83.6195882, 26.2342287], [83.6223579, 26.236327], [83.6237271, 26.2380942], [83.6245239, 26.2381382], [83.6261481, 26.2394817], [83.63069, 26.2524886], [83.6350435, 26.260275], [83.6373508, 26.2673054], [83.640671, 26.2729246], [83.6479871, 26.279357], [83.6508503, 26.286052], [83.6543683, 26.2900595], [83.6597602, 26.291613], [83.6690197, 26.2924183], [83.6785749, 26.2919021], [83.6800308, 26.2923255], [83.691112, 26.2897098], [83.6947838, 26.287961], [83.6963217, 26.2857768], [83.7004879, 26.2825825], [83.7051067, 26.276269], [83.7064089, 26.2752857], [83.7082056, 26.2728569], [83.7097884, 26.2718565]], [[83.7701592, 26.2530883], [83.7715881, 26.2507411], [83.7728283, 26.2473662], [83.7735503, 26.2444805], [83.7734891, 26.2420895], [83.7742417, 26.2403993], [83.7747658, 26.2401491], [83.7747229, 26.2384755], [83.7778248, 26.2353009], [83.7792929, 26.2304859], [83.7792377, 26.228334], [83.7799779, 26.2261656], [83.7817722, 26.2237359], [83.7846268, 26.221284]], [[83.7701592, 26.2530883], [83.7758826, 26.2508718], [83.7796776, 26.2474053], [83.7828809, 26.2407358], [83.7846571, 26.2355315], [83.7875562, 26.2319112], [83.7920219, 26.2298083], [83.7924319, 26.2284218], [83.7923343, 26.2246345], [83.7937518, 26.222825], [83.8123691, 26.2239365], [83.8197757, 26.2233904], [83.8292374, 26.219385], [83.8333373, 26.2166064], [83.8421434, 26.2043386], [83.8506019, 26.198664], [83.8578793, 26.1910444], [83.859989, 26.1895997], [83.8616002, 26.1859014]], [[83.7226357, 26.266343], [83.727038, 26.2579337], [83.7281429, 26.2521983], [83.7283578, 26.2430213], [83.7301758, 26.2372713], [83.7331692, 26.2356812], [83.7349668, 26.2362075], [83.7357491, 26.2353868], [83.7395753, 26.2349864], [83.741691, 26.2339773], [83.7439769, 26.2326428], [83.7480679, 26.2286159], [83.7514235, 26.2272593], [83.7571918, 26.2225537], [83.7604539, 26.2210379], [83.7635602, 26.2204102], [83.7694467, 26.2203685], [83.7751255, 26.2226642]], [[83.7226357, 26.266343], [83.727144, 26.2662507], [83.7288858, 26.2669327]], [[83.7288858, 26.2669327], [83.7323188, 26.2600993], [83.7358919, 26.2549015], [83.7393609, 26.251678], [83.745194, 26.248982], [83.7474701, 26.2465173], [83.7519487, 26.2391062], [83.7550866, 26.2356711], [83.7628489, 26.2297875], [83.7732092, 26.2244742], [83.7751255, 26.2226642]], [[83.7288858, 26.2669327], [83.7363299, 26.26979], [83.7397512, 26.2704384], [83.7434728, 26.2702763], [83.7485166, 26.2682565], [83.7527335, 26.2656721], [83.758812, 26.2630428], [83.766715, 26.2573014], [83.7701592, 26.2530883]], [[83.4127665, 26.2783405], [83.4171661, 26.2772706], [83.4212103, 26.2750399], [83.4260707, 26.2710385], [83.4332, 26.2670845], [83.4483148, 26.263433], [83.4535783, 26.2604297], [83.4555453, 26.2582394], [83.4591319, 26.2561645], [83.4622895, 26.2550294], [83.4672932, 26.2545776], [83.4716268, 26.2561474], [83.4859432, 26.2557363], [83.4923423, 26.2571233], [83.4972649, 26.2600448], [83.5042707, 26.273835], [83.5052605, 26.2753234], [83.5089027, 26.2779098], [83.512815, 26.2784099], [83.5231422, 26.2774964]], [[83.7097884, 26.2718565], [83.7121178, 26.2701459], [83.7129134, 26.2701297], [83.7191942, 26.2666525], [83.7226357, 26.266343]], [[83.5231422, 26.2774964], [83.5265569, 26.2771444], [83.5337997, 26.2737052], [83.5398163, 26.2722985], [83.5455348, 26.2717584], [83.5499531, 26.2700949], [83.5530035, 26.2678116], [83.5591712, 26.2593682], [83.5606908, 26.2563248], [83.5670579, 26.2529725], [83.5704173, 26.2500139], [83.5713579, 26.2500142], [83.5746409, 26.2472281], [83.5807369, 26.2458898], [83.5867136, 26.242903], [83.5867448, 26.2417494], [83.5896951, 26.2375655], [83.5907342, 26.2366482], [83.5918567, 26.2364469], [83.5934609, 26.2314519], [83.5943659, 26.2304773], [83.5960186, 26.2302656], [83.6002863, 26.2312587], [83.6038034, 26.2313692], [83.6076317, 26.2306363]], [[83.5231422, 26.2774964], [83.5287456, 26.2788251], [83.5379092, 26.2825973], [83.540938, 26.2827547], [83.5420402, 26.2822312], [83.5451889, 26.2824963], [83.5493022, 26.2847399], [83.5566938, 26.2912176], [83.5592364, 26.2923282], [83.5633678, 26.2923071], [83.5648565, 26.2909786], [83.5668306, 26.2902946], [83.5688638, 26.2887482], [83.5713333, 26.285471], [83.5747225, 26.2840419], [83.5778224, 26.2838383], [83.579265, 26.2842409], [83.5841807, 26.2867289], [83.5897509, 26.2866205], [83.5934633, 26.2853999], [83.5954928, 26.2806437], [83.5954211, 26.2781136], [83.5919461, 26.2698193], [83.5896884, 26.2663656], [83.5872989, 26.2582409], [83.5882902, 26.2551021], [83.5941411, 26.2481512], [83.5953875, 26.2387742], [83.5961847, 26.2364188], [83.5997708, 26.2334148], [83.6027921, 26.2333452], [83.6076317, 26.2306363]], [[83.3647176, 26.3114999], [83.3648546, 26.3080306], [83.3635892, 26.3010473], [83.3635264, 26.2864432], [83.3652946, 26.2838735], [83.3682424, 26.2809862], [83.3772486, 26.2771308], [83.3969048, 26.2748886], [83.4127665, 26.2783405]], [[83.3647603, 26.3274466], [83.364092, 26.3200233], [83.3647176, 26.3114999]], [[83.3647603, 26.3274466], [83.3716369, 26.3239137], [83.3807838, 26.3174481], [83.3877703, 26.3110287], [83.3890713, 26.3087931], [83.3933895, 26.3057074], [83.3954718, 26.3020862], [83.4023306, 26.2959975], [83.406845, 26.291128], [83.4085934, 26.2881108], [83.4094615, 26.2874035], [83.4130973, 26.2792533], [83.4127665, 26.2783405]], [[83.3073138, 26.33142], [83.3077041, 26.3310544], [83.3167008, 26.3346287], [83.3223046, 26.3359657], [83.3242417, 26.3371517], [83.3287796, 26.3370719], [83.3313897, 26.3362365], [83.3362727, 26.3300506], [83.3395537, 26.3271221], [83.3427082, 26.3257028], [83.3454944, 26.3256534], [83.3481386, 26.326396], [83.351053, 26.3285689], [83.3531369, 26.3291777], [83.3543326, 26.3292282], [83.3582862, 26.3279379], [83.3647176, 26.3114999]], [[83.3073138, 26.33142], [83.3096761, 26.3339156], [83.3129712, 26.3359635], [83.3246913, 26.3408754]], [[83.3246913, 26.3408754], [83.3438685, 26.3423647], [83.3498897, 26.3408186]], [[83.3498897, 26.3408186], [83.3511417, 26.3399058], [83.3593714, 26.3302149], [83.3647603, 26.3274466]], [[83.2856129, 26.3600231], [83.2854742, 26.3593467], [83.2870505, 26.358554], [83.2963465, 26.3561921], [83.3034839, 26.3522407], [83.3044147, 26.3510763], [83.3039244, 26.348023], [83.3050634, 26.3466636], [83.3117041, 26.3443469], [83.3141189, 26.3430608], [83.321421, 26.3418804], [83.3246913, 26.3408754]], [[83.2856129, 26.3600231], [83.2933391, 26.3595932], [83.2974573, 26.3584692], [83.3056647, 26.3548818], [83.3129511, 26.3529366], [83.3435017, 26.3515127], [83.3455575, 26.3500691], [83.3498897, 26.3408186]], [[83.1356676, 26.364645], [83.1386856, 26.3623689], [83.1528729, 26.3579098], [83.1554162, 26.3589447], [83.1564332, 26.3600045], [83.1585085, 26.3608675], [83.1638234, 26.3643684], [83.1661836, 26.3661835], [83.1678478, 26.3696844], [83.1704675, 26.3711961], [83.1742767, 26.3700273], [83.1770121, 26.3682769], [83.1780624, 26.3682767], [83.1805717, 26.3661918], [83.1820095, 26.3637759], [83.1841155, 26.3628799], [83.1886909, 26.3632825], [83.1924737, 26.3664729], [83.1955666, 26.3670912], [83.202897, 26.3671604], [83.2050894, 26.3653058], [83.2068432, 26.3627888], [83.2082077, 26.3620005], [83.2193621, 26.3621005], [83.2211532, 26.3614006], [83.225292, 26.3612352], [83.2270533, 26.3591005], [83.229259, 26.3579151], [83.2302829, 26.3560798], [83.2308861, 26.354443], [83.2309464, 26.3522413], [83.230194, 26.3467045], [83.2302285, 26.3432593], [83.2371817, 26.330416], [83.2389426, 26.3294386], [83.2441156, 26.329279], [83.2512218, 26.3301628], [83.2529476, 26.3289134], [83.2553973, 26.3280104], [83.2589902, 26.3284514], [83.2614405, 26.3313517], [83.2625284, 26.3338447], [83.2631553, 26.337135], [83.2655716, 26.3421887], [83.2657839, 26.3446967], [83.267261, 26.3467525], [83.2748913, 26.3535105], [83.2786807, 26.3537884], [83.2801954, 26.3528073], [83.2858145, 26.3444377], [83.2920068, 26.3316379], [83.2946659, 26.3279306], [83.2985966, 26.3263873], [83.3020616, 26.3271904], [83.3044022, 26.3283824], [83.3073138, 26.33142]], [[83.1104891, 26.373298], [83.1120586, 26.3706412], [83.1147865, 26.3689784], [83.1193653, 26.3677939], [83.1276294, 26.3643429], [83.1315129, 26.3640462], [83.1356676, 26.364645]], [[83.1104891, 26.373298], [83.1129778, 26.3732581], [83.1151732, 26.3751663], [83.1163436, 26.375596], [83.1194961, 26.3755453], [83.12245, 26.3738532], [83.1249269, 26.3732153], [83.1277446, 26.3730203], [83.1289149, 26.3734499]], [[83.1289149, 26.3734499], [83.1328905, 26.3694466], [83.13338, 26.3674407], [83.1356676, 26.364645]], [[83.1289149, 26.3734499], [83.1300912, 26.3741784], [83.1342601, 26.3751574], [83.1414169, 26.3777456], [83.1547899, 26.380884], [83.1666777, 26.3851223], [83.17839, 26.3866372], [83.1931477, 26.3845841], [83.2014604, 26.3822753], [83.2094312, 26.3824411], [83.2130971, 26.3831272], [83.2151068, 26.3839905], [83.2225861, 26.3844628], [83.2362555, 26.3792985], [83.2475352, 26.3789575], [83.2518304, 26.3779874], [83.2552802, 26.376284], [83.2619304, 26.3761134], [83.2657269, 26.3748045], [83.2735814, 26.3695028], [83.2757605, 26.3670732], [83.2774431, 26.3662788], [83.2790053, 26.3648166], [83.2826401, 26.3609266], [83.2856129, 26.3600231]], [[83.0273127, 26.4592233], [83.0333594, 26.4540469], [83.0333452, 26.4532997], [83.0373618, 26.446211], [83.0380461, 26.4385758], [83.0422508, 26.4326801], [83.0494804, 26.4286806], [83.0522535, 26.4260958], [83.0534174, 26.4233656], [83.0592587, 26.4191093], [83.0627444, 26.4190547], [83.0673543, 26.4170388], [83.0681611, 26.4158302], [83.0689852, 26.4155182], [83.0699579, 26.4143069], [83.0763202, 26.4011397], [83.0824474, 26.3930894], [83.0859137, 26.3896863], [83.0883736, 26.3881523], [83.0917646, 26.3833144], [83.0959997, 26.3792105], [83.0999349, 26.3767558], [83.1104891, 26.373298]], [[82.9790652, 26.4852843], [82.9820925, 26.4836838], [82.9829034, 26.482625], [82.98305, 26.4815763], [82.9875941, 26.4758266], [82.991369, 26.4733775], [82.995487, 26.471521], [83.0107368, 26.4697935], [83.0183331, 26.4674345], [83.0194672, 26.4659221], [83.0273127, 26.4592233]], [[82.9790652, 26.4852843], [82.9850917, 26.4866353], [82.9921403, 26.4862684], [82.993548, 26.485637], [82.9955848, 26.4819894], [82.99803, 26.4797133], [83.0108051, 26.4772221], [83.0168124, 26.4744319], [83.023438, 26.4739856], [83.0260978, 26.4729687], [83.0276097, 26.4719695], [83.0285268, 26.4698886], [83.0285239, 26.4663868], [83.0270996, 26.4619309], [83.0273127, 26.4592233]], [[82.95, 26.491979329509558], [82.9563127, 26.491097], [82.9692155, 26.4880635], [82.976479, 26.4855624], [82.9790652, 26.4852843]]]}}, {"type": "Feature", "properties": {"name": "Budha", "layer": "minor", "sub_basin": "Ghaghara", "kind": "river"}, "geometry": {"type": "LineString", "coordinates": [[82.95, 27.02975023895131], [82.9515716, 27.027933], [82.9530202, 27.0282704], [82.9537292, 27.0276141]]}}, {"type": "Feature", "properties": {"name": "Barar", "layer": "minor", "sub_basin": "Ghaghara", "kind": "river"}, "geometry": {"type": "LineString", "coordinates": [[82.9650596, 26.9822341], [82.9641961, 26.9831799], [82.9660097, 26.9859514], [82.9694937, 26.9877687], [82.9689185, 26.9912935], [82.967413, 26.9921771], [82.9634063, 26.9920933], [82.9618541, 26.9904659], [82.9590474, 26.9902924], [82.9574259, 26.9892401], [82.9550957, 26.9888441], [82.9547059, 26.989424], [82.952788, 26.9896677], [82.9525702, 26.9908908], [82.9517747, 26.9911896], [82.9517357, 26.9934147], [82.9510216, 26.9937841], [82.9516391, 26.9968606], [82.9502843, 26.9972394], [82.9511089, 26.9985189], [82.9511275, 26.9995232], [82.9503557, 27.0011134], [82.9503795, 27.0024047], [82.9528649, 27.0025114], [82.9527981, 27.0032299], [82.9516848, 27.003677], [82.9520197, 27.0044614], [82.955633, 27.0049101], [82.9556648, 27.0066319], [82.9572025, 27.0074701], [82.9582021, 27.0095363], [82.9601429, 27.0105121], [82.9609811, 27.0125089], [82.9636549, 27.0141195], [82.9641661, 27.0157624], [82.9659589, 27.0173861], [82.9655904, 27.0191138], [82.9630272, 27.019152], [82.9623758, 27.0185876], [82.9607738, 27.0186114], [82.9601409, 27.0190514], [82.959994, 27.0197712], [82.961146, 27.0214045], [82.9613328, 27.0228369], [82.9631632, 27.0221638], [82.9634395, 27.0240972], [82.9616277, 27.0257746], [82.9606665, 27.0257889], [82.9590843, 27.0268888], [82.9564541, 27.0276454], [82.953808, 27.0275411], [82.9537061, 27.0284053], [82.9543307, 27.0296877], [82.955388, 27.0305332], [82.9569508, 27.0305459], [82.9595344, 27.0294311], [82.9615491, 27.0278942], [82.9631946, 27.0280491], [82.9634169, 27.0292298], [82.9619502, 27.0300769], [82.9610109, 27.0312749], [82.9596608, 27.0340935], [82.9596434, 27.0353137], [82.9621679, 27.0396534], [82.9652483, 27.041545], [82.9671577, 27.040799], [82.9676224, 27.0399309], [82.9674668, 27.0380317], [82.9680203, 27.0376287], [82.9736256, 27.0395542], [82.9734908, 27.0409197], [82.9716362, 27.0424543], [82.9709078, 27.0442233], [82.9709813, 27.0460162], [82.9702863, 27.0474258], [82.9708271, 27.0484941], [82.9714708, 27.048628], [82.9727366, 27.047748], [82.9739023, 27.0457931], [82.9759152, 27.0441484], [82.9776709, 27.0416105], [82.9789887, 27.0413755], [82.9790605, 27.0452135], [82.9825321, 27.0487135], [82.982674, 27.0520122], [82.9833099, 27.0538684], [82.985647, 27.0545508], [82.9875945, 27.0536963], [82.9877376, 27.054914], [82.9883066, 27.055336], [82.9878154, 27.0569221], [82.9858732, 27.0580636], [82.9824638, 27.0578996], [82.9807918, 27.0584987], [82.9796609, 27.0601662], [82.9796837, 27.0613857], [82.9811923, 27.0627624], [82.9834447, 27.063195], [82.9904575, 27.0631612], [82.9928837, 27.0643086], [82.9949852, 27.0673625], [82.9945238, 27.0705268], [82.9924414, 27.0727469], [82.9925024, 27.0738582], [82.9931604, 27.0747453], [82.9991728, 27.074762], [83.0068403, 27.0711655], [83.0097327, 27.0715162], [83.0105035, 27.0720068], [83.010602, 27.072974], [83.0099807, 27.074024], [83.0039459, 27.0749409], [83.0028327, 27.077541], [83.0017223, 27.0781678], [83.0007096, 27.079726], [82.9992011, 27.0805023], [82.9963567, 27.0805812], [82.9946974, 27.081862], [82.9941769, 27.0840226], [82.9948316, 27.0847303], [82.9958294, 27.0845], [82.9972082, 27.0832234], [82.9984104, 27.0832052], [82.9989008, 27.0837001], [82.9992967, 27.0855598], [82.998582, 27.0880463], [82.9991654, 27.0892215], [83.0014265, 27.0900842], [83.0111484, 27.0890755], [83.0114499, 27.0880663], [83.0096301, 27.085116], [83.0095621, 27.083646], [83.0113565, 27.0831522], [83.0131693, 27.0836269], [83.0161431, 27.086129], [83.0193715, 27.0872638], [83.0238763, 27.088056], [83.0260707, 27.08752], [83.0282418, 27.0857645], [83.0306144, 27.0861587], [83.0319941, 27.0870344], [83.0341282, 27.0896208], [83.033084, 27.0916102], [83.0310214, 27.0927542], [83.0312099, 27.0942224], [83.0259111, 27.0980351], [83.0248173, 27.0974419], [83.0242775, 27.0985624], [83.0225412, 27.098934], [83.0211382, 27.0984727], [83.0209234, 27.0972814], [83.0204262, 27.097161], [83.0193256, 27.0977416], [83.0187171, 27.0993937], [83.0163389, 27.0987239], [83.0154332, 27.0995247], [83.0129758, 27.0981733], [83.0102955, 27.0978374], [83.0097835, 27.100528], [83.0115588, 27.1019152], [83.0115402, 27.1039633], [83.0093427, 27.1045836], [83.0045489, 27.107107], [83.0002079, 27.1071863], [82.9987702, 27.1065742], [82.9946209, 27.1060726], [82.9921011, 27.1069971], [82.9869056, 27.1074825], [82.9846034, 27.1081476], [82.9794933, 27.1073311], [82.9776639, 27.1083346], [82.9764799, 27.1105437], [82.9749801, 27.1109908], [82.9739138, 27.1108525], [82.9719969, 27.1096735], [82.9690437, 27.1072166], [82.9660875, 27.1069171], [82.962051, 27.1088972], [82.9594887, 27.1121074], [82.9585127, 27.1142719], [82.9583008, 27.1196956], [82.9577117, 27.1214039], [82.9569486, 27.1219827], [82.955304, 27.1220574], [82.9538051, 27.1214054], [82.9529791, 27.1190108], [82.95, 27.11464850979499]]}}, {"type": "Feature", "properties": {"name": "Barao", "layer": "minor", "sub_basin": "Ghaghara", "kind": "river"}, "geometry": {"type": "LineString", "coordinates": [[82.95, 26.93942235290649], [82.9502779, 26.9385731], [82.952097, 26.9373622], [82.9522445, 26.9366783], [82.9515043, 26.9356128], [82.9521274, 26.9346707], [82.95358, 26.935295], [82.9530403, 26.9364153], [82.9538331, 26.9381616], [82.9545581, 26.938402], [82.9589681, 26.9344257], [82.960106, 26.9353416], [82.9606699, 26.9312071], [82.9614795, 26.9316973], [82.9614301, 26.9333485], [82.9619203, 26.9338794], [82.9628027, 26.9339739], [82.963309, 26.9332129], [82.9637926, 26.9333851], [82.9639071, 26.9374019], [82.9650917, 26.9386759], [82.9639423, 26.9414558], [82.965832, 26.941894], [82.9664043, 26.9425313], [82.9663823, 26.9435004], [82.9659934, 26.9441162], [82.9633552, 26.9443349], [82.9617643, 26.942744], [82.9615641, 26.9448998], [82.9588078, 26.9452278], [82.9592112, 26.947554], [82.9570644, 26.9483752], [82.9566206, 26.9503552], [82.9547861, 26.9507412], [82.9551739, 26.9543952], [82.9538061, 26.9562094], [82.9536665, 26.9573238], [82.9546457, 26.9583139], [82.9537575, 26.9600851], [82.9538128, 26.9609096], [82.9574169, 26.9587751], [82.9581775, 26.9587638], [82.9578283, 26.9615317], [82.9561917, 26.9618071], [82.9557687, 26.9627463], [82.9574926, 26.9628642], [82.9591511, 26.9637724], [82.9593685, 26.964702], [82.957008, 26.9648089], [82.9565422, 26.9656051], [82.9581548, 26.9661911], [82.9587291, 26.9669361], [82.9580798, 26.9686321], [82.9603769, 26.9694231], [82.9620021, 26.9706906], [82.9619414, 26.971732], [82.961194, 26.9724607], [82.961669, 26.9743194], [82.960919, 26.9749046], [82.9608582, 26.975946], [82.9643172, 26.9746029], [82.9654968, 26.9755899], [82.9667579, 26.9744947], [82.9673184, 26.9744864], [82.9676153, 26.9753789], [82.9688937, 26.9752163], [82.9689878, 26.9759684], [82.9676026, 26.9768502], [82.9674572, 26.9776417], [82.9664703, 26.9784099], [82.9663788, 26.9799541], [82.967698, 26.9798267], [82.9677507, 26.9805077], [82.9652458, 26.9814779], [82.9650596, 26.9822341]]}}, {"type": "Feature", "properties": {"name": "Makoria Nala", "layer": "minor", "sub_basin": "Ghaghara", "kind": "river"}, "geometry": {"type": "LineString", "coordinates": [[82.95, 26.875758108636976], [82.9507486, 26.8752502], [82.9510342, 26.8761043], [82.9534817, 26.8766898], [82.9540018, 26.8756805], [82.9551667, 26.8757764], [82.9567709, 26.8744324], [82.9577455, 26.8742782], [82.9579616, 26.8730897], [82.9585931, 26.8729249], [82.9592842, 26.8735165], [82.9610777, 26.8735948], [82.962128, 26.8746778], [82.9638891, 26.8743904], [82.9638423, 26.8756393], [82.9651605, 26.8748138], [82.9652825, 26.8754887], [82.9673701, 26.8761698], [82.9685375, 26.8773084], [82.968969, 26.875579], [82.970697, 26.8749809], [82.9713315, 26.8736969], [82.9724366, 26.8739206], [82.9721945, 26.8724793], [82.9730131, 26.8726314], [82.9741711, 26.8720855], [82.9740266, 26.8711214], [82.9751575, 26.8710574], [82.9760313, 26.8703856], [82.9774841, 26.8710367], [82.9786281, 26.8701523], [82.9791161, 26.8710327], [82.9796166, 26.8701838], [82.9802433, 26.8710669], [82.9809086, 26.8704138], [82.98136, 26.8717798], [82.9833386, 26.8714184], [82.9836218, 26.8694531], [82.9844233, 26.86909], [82.9839114, 26.868756], [82.9831771, 26.8692287], [82.9830699, 26.8683523], [82.9822976, 26.8686971], [82.9818791, 26.8682045], [82.9813272, 26.8684353], [82.9807282, 26.8669126], [82.9799142, 26.8671739], [82.9803815, 26.8665162], [82.9794776, 26.8659479], [82.9801996, 26.8650096], [82.9789058, 26.8645179], [82.9793124, 26.8635165], [82.977834, 26.862962], [82.9782862, 26.8609235], [82.9775003, 26.8599995], [82.9774259, 26.8590514], [82.9759659, 26.8584433], [82.9750451, 26.8568263], [82.9737402, 26.8564723], [82.9742795, 26.8559195], [82.9737433, 26.8550878], [82.9747573, 26.8537795], [82.9735731, 26.8515886], [82.9705279, 26.8508631], [82.9697408, 26.8513945], [82.969009, 26.8510195], [82.9682402, 26.8517973], [82.9675234, 26.851529], [82.9655827, 26.8537881], [82.9645904, 26.8540397], [82.9641368, 26.8537121], [82.9637645, 26.8543757], [82.9620836, 26.8547661], [82.9613157, 26.8541433], [82.957747, 26.8553366], [82.9567885, 26.8512285], [82.9567869, 26.8466238], [82.9549263, 26.8431632], [82.9551574, 26.8423627], [82.9564866, 26.8421407], [82.9573388, 26.840876], [82.9561351, 26.8387093]]}}, {"type": "Feature", "properties": {"name": "Kuwana", "layer": "minor", "sub_basin": "Ghaghara", "kind": "river"}, "geometry": {"type": "LineString", "coordinates": [[82.95, 26.580009514546663], [82.9539062, 26.5794082], [82.9565444, 26.580517], [82.9577847, 26.5819912], [82.9595704, 26.5887961], [82.9613247, 26.5904347], [82.9652229, 26.5906061], [82.9701745, 26.5890393], [82.971581, 26.589133], [82.9752474, 26.5905706], [82.9787021, 26.5909205], [82.9838728, 26.5908425], [82.98679, 26.5897651], [82.9881944, 26.5897439], [82.994228, 26.5948192], [82.9984151, 26.600152], [83.0007404, 26.6015519], [83.0055373, 26.6019381], [83.0100039, 26.598368], [83.0119947, 26.595582], [83.0137107, 26.5951539], [83.0147441, 26.5957696], [83.0161642, 26.5999386], [83.0174845, 26.6022147], [83.0186446, 26.602771], [83.022037, 26.6031782], [83.0269496, 26.6029304], [83.0299273, 26.6016789], [83.0360948, 26.5969336], [83.0405097, 26.5907225], [83.0449506, 26.5892184], [83.0513383, 26.586019], [83.0522725, 26.5847989], [83.0526397, 26.5806597], [83.0551131, 26.5764877], [83.0637299, 26.576353], [83.0680253, 26.5772616], [83.0710049, 26.5794538], [83.0720273, 26.5794951], [83.0731628, 26.5787883], [83.0786364, 26.5746261], [83.0816709, 26.5730855], [83.0828556, 26.5716316], [83.0843962, 26.5687942], [83.0840152, 26.5623705], [83.0853732, 26.5599952], [83.0870704, 26.5586479], [83.0955802, 26.5563888], [83.0997192, 26.5558637], [83.102094, 26.5565147], [83.1047331, 26.5576208], [83.1075864, 26.5598716], [83.108964, 26.5617441], [83.1099131, 26.5645419], [83.109638, 26.5700002], [83.1110261, 26.5723892], [83.1126935, 26.5727643], [83.1168273, 26.5719517], [83.1193962, 26.5727142], [83.1232886, 26.5758091], [83.1261061, 26.576223], [83.1304418, 26.5759235], [83.1343391, 26.5792476], [83.1380733, 26.5807947], [83.1412556, 26.5802838], [83.1445344, 26.5782213], [83.1462196, 26.5762994], [83.1468132, 26.5708932], [83.1459385, 26.5686685], [83.1415565, 26.563458], [83.1414742, 26.5625408], [83.1431489, 26.5601024], [83.1471267, 26.5579136], [83.1478126, 26.5570987], [83.1492691, 26.5533434], [83.1515758, 26.5506076], [83.1522814, 26.5476108], [83.1531458, 26.5461615], [83.1538989, 26.5423602], [83.1551438, 26.5407898], [83.1666519, 26.5354346], [83.1718889, 26.5293206], [83.1764656, 26.525284], [83.1780454, 26.5245116], [83.1800752, 26.523904], [83.182822, 26.5240309], [83.1840881, 26.5266508], [83.1872373, 26.530847], [83.1894324, 26.5320736], [83.1929414, 26.5320154], [83.1959862, 26.5311037], [83.2007855, 26.5286127], [83.2030314, 26.5261066], [83.2035713, 26.5244327], [83.2035346, 26.5226536], [83.202879, 26.5218034], [83.198229, 26.5191252], [83.1938628, 26.51782], [83.1927547, 26.5166902], [83.1928494, 26.5150811], [83.1945411, 26.5135604], [83.1950893, 26.5122883], [83.1963405, 26.5079617], [83.1964529, 26.5041134], [83.1960503, 26.500044], [83.1926161, 26.49126], [83.187623, 26.4873242], [83.1760082, 26.4840141], [83.1732795, 26.4815905], [83.1710424, 26.4782401], [83.1710911, 26.477493], [83.1724046, 26.4762084], [83.174808, 26.4751928], [83.182304, 26.4705338], [83.1844053, 26.4672267], [83.1847597, 26.465843], [83.1849777, 26.4609022], [83.1843155, 26.4597076], [83.1818458, 26.457452], [83.175911, 26.4541629], [83.1733778, 26.4519082], [83.1733439, 26.4502439], [83.1741588, 26.4495416], [83.1840956, 26.4458181], [83.1858068, 26.442173], [83.1853856, 26.4402855], [83.18339, 26.4362425], [83.1803663, 26.4318145], [83.1808119, 26.4286497], [83.1827043, 26.4276424], [83.1870376, 26.4275133], [83.1907133, 26.429519], [83.1931235, 26.432005], [83.1948611, 26.4327799], [83.2031752, 26.4339618], [83.2102889, 26.4356801], [83.2164878, 26.4363225], [83.2176943, 26.4360726], [83.2211563, 26.4338903], [83.2238521, 26.4316634], [83.2269344, 26.4306546], [83.2296469, 26.4282168], [83.2343896, 26.4263187], [83.2359532, 26.424857], [83.2397437, 26.4231662], [83.242149, 26.4213074], [83.2437024, 26.4193674], [83.2449992, 26.4153267], [83.2450493, 26.4126468], [83.2444801, 26.4108384], [83.2417425, 26.4069619], [83.2393798, 26.4057581], [83.2351271, 26.4056388], [83.233097, 26.405099], [83.2306282, 26.4038968], [83.2304821, 26.4019857], [83.2312057, 26.4010166], [83.2396989, 26.3956103], [83.241262, 26.3941486], [83.2418814, 26.3882058], [83.2430135, 26.3864643], [83.2510143, 26.3829793], [83.2554161, 26.3801294], [83.2572752, 26.3776099], [83.259479, 26.3763284]]}}, {"type": "Feature", "properties": {"name": "Kathehia", "layer": "minor", "sub_basin": "Ghaghara", "kind": "river"}, "geometry": {"type": "MultiLineString", "coordinates": [[[82.95, 26.753564878422594], [82.9510429, 26.7535441], [82.9519236, 26.7522907], [82.9513599, 26.75123], [82.95, 26.75098679606344]], [[82.95, 26.74944560338887], [82.9528462, 26.7465278], [82.9535552, 26.7468026], [82.9545718, 26.7488011], [82.9554714, 26.7484577], [82.9564146, 26.7461016], [82.9595842, 26.7434643], [82.9598894, 26.7414469], [82.9607188, 26.7415502], [82.9615591, 26.7427997], [82.9621571, 26.7426459], [82.9656825, 26.7388261], [82.965269, 26.737134], [82.9637316, 26.7378615], [82.963193, 26.7367653], [82.963705, 26.7359707], [82.9654083, 26.7353379], [82.9661377, 26.7336328], [82.9669576, 26.7337577], [82.9676201, 26.7345919], [82.9676019, 26.7363496], [82.966412, 26.7367104], [82.9664731, 26.7371358], [82.9678699, 26.737364], [82.9729152, 26.736346], [82.9733104, 26.7368912], [82.9724738, 26.738561], [82.974604, 26.7397952], [82.9753886, 26.7412456], [82.9761542, 26.7416869], [82.9783512, 26.7403107], [82.9798847, 26.7413387], [82.9809228, 26.7409833], [82.9817178, 26.7404591], [82.9823466, 26.7380673], [82.9828866, 26.7376577], [82.9860209, 26.7385663], [82.9870909, 26.7398255], [82.9899404, 26.7385676], [82.9904954, 26.7409073], [82.9922329, 26.7416259], [82.9936918, 26.7410387], [82.994512, 26.7413653], [82.9947803, 26.7424615], [82.9935491, 26.7439221], [82.9943393, 26.7445869], [82.9978732, 26.7456736], [82.9989842, 26.7453126], [82.9993174, 26.7445759], [82.9977657, 26.741978], [82.9981413, 26.7410885], [82.9989612, 26.7412405], [82.9993826, 26.7433457], [83.0039617, 26.7441871], [83.0053938, 26.7389028], [83.0068643, 26.7391794], [83.0079003, 26.7411371], [83.0109046, 26.7415098], [83.0126698, 26.7432769], [83.0137915, 26.7427215], [83.0140757, 26.7401458], [83.0103119, 26.7383495], [83.0096765, 26.7364455], [83.0083346, 26.7359278], [83.0074904, 26.7335487], [83.0052651, 26.7320876], [83.0053723, 26.7307105], [83.0070153, 26.7295493], [83.0067771, 26.7275197], [83.0088308, 26.7269502], [83.0092314, 26.7270039], [83.0095203, 26.7281955], [83.0107142, 26.7279381], [83.0106125, 26.7260858], [83.0097403, 26.7257403], [83.010055, 26.7247787], [83.0107817, 26.7244686], [83.0110231, 26.7231493], [83.0103381, 26.7221432], [83.0102781, 26.7189747], [83.0085371, 26.718463], [83.0084321, 26.7164314], [83.0126844, 26.7124197], [83.0134132, 26.7122291], [83.0125207, 26.7108076], [83.0126717, 26.7082338], [83.0145162, 26.707189], [83.0142023, 26.7046822], [83.0119471, 26.7051353], [83.0119967, 26.7042375], [83.0131135, 26.7034431], [83.0133639, 26.702602], [83.0126261, 26.7023143], [83.0124128, 26.7016], [83.011279, 26.7014977], [83.0109856, 26.700067], [83.0089424, 26.6976463], [83.0092469, 26.6961467], [83.0076416, 26.6957526], [83.0086579, 26.6931656], [83.0051338, 26.6933988], [83.0054948, 26.6913601], [83.0044322, 26.6914958], [83.0039527, 26.6907855], [83.0027548, 26.6908038], [83.0022088, 26.6900945], [83.0012736, 26.6899293], [83.0009713, 26.6915485], [83.0023204, 26.6924848], [83.0028258, 26.6945701], [83.0015566, 26.6978784], [83.0000325, 26.6982604], [82.9990273, 26.6979169], [82.9979907, 26.6958994], [82.9956025, 26.6963542], [82.9943525, 26.6971506], [82.9934827, 26.6969246], [82.9927936, 26.6956792], [82.9910462, 26.6948086], [82.9910216, 26.6934934], [82.9918146, 26.6931824], [82.9914684, 26.69247], [82.9897978, 26.6921365], [82.9872731, 26.6924139], [82.9857256, 26.6915402], [82.9827904, 26.6912257], [82.9809744, 26.6902364], [82.9799151, 26.6905514], [82.9789402, 26.6918219], [82.9790324, 26.6931959], [82.9781839, 26.6941056], [82.9789959, 26.694811], [82.9773431, 26.6954339], [82.9782363, 26.6969155], [82.974287, 26.6957788], [82.9734737, 26.6914256], [82.9725907, 26.690482], [82.9705186, 26.6900347], [82.9699574, 26.6920763], [82.9692386, 26.6928047], [82.9678786, 26.6912702], [82.9648281, 26.6919139], [82.9643268, 26.6900077], [82.9657688, 26.6887902], [82.9658243, 26.6881914], [82.9645133, 26.6856994], [82.9637713, 26.6851722], [82.9628432, 26.6794549], [82.9640988, 26.6789577], [82.9657369, 26.6811458], [82.9681527, 26.6821861], [82.9703421, 26.6782065], [82.9684732, 26.6779355], [82.9677945, 26.6772281], [82.9701435, 26.6746813], [82.9695679, 26.6723577], [82.9669583, 26.6716194], [82.9671956, 26.670061], [82.9661753, 26.6688803], [82.9673576, 26.6680254], [82.9674019, 26.6668287], [82.966395, 26.6663654], [82.9642734, 26.6668157], [82.9638631, 26.6662238], [82.9639664, 26.6610197], [82.9650144, 26.660107], [82.9664128, 26.6601459], [82.9666901, 26.6571518], [82.9648472, 26.6546677], [82.9649515, 26.6531114], [82.9628069, 26.6523062], [82.9617192, 26.6510667], [82.9615684, 26.6501121], [82.963865, 26.6483436], [82.9667923, 26.6482999], [82.9676184, 26.6497825], [82.9689545, 26.6500615], [82.9707509, 26.6500346], [82.9722644, 26.6491149], [82.9731416, 26.6497595], [82.9731073, 26.6514942], [82.9740398, 26.65154], [82.9747872, 26.652366], [82.9767743, 26.6518577], [82.9774021, 26.6534031], [82.9759472, 26.6539034], [82.9760338, 26.6549785], [82.9796701, 26.657256], [82.9818591, 26.6568642], [82.984554, 26.6586176], [82.9858713, 26.6578801], [82.9883393, 26.6546136], [82.9899813, 26.6534526], [82.9914439, 26.6533706], [82.992612, 26.6553264], [82.9935468, 26.6554916], [82.995313, 26.6538502], [83.0006864, 26.6529314], [83.0013416, 26.6523833], [83.0015108, 26.6507661], [83.0021603, 26.649919], [83.0034199, 26.6496606], [83.004428, 26.6501835], [83.006239, 26.6474051], [83.0078762, 26.6460047], [83.00874, 26.6459317], [83.0090918, 26.6469429], [83.0095587, 26.6469956], [83.0100142, 26.6464504], [83.0099757, 26.6444178], [83.0117122, 26.6447501], [83.0120967, 26.6439668], [83.0133729, 26.6410769], [83.0140344, 26.6373591], [83.0160884, 26.6333809], [83.0158548, 26.6315904], [83.0177351, 26.6289902], [83.0176073, 26.6257629], [83.0146242, 26.6263468], [83.0129398, 26.6252364], [83.0155325, 26.6216087], [83.0151682, 26.6199399], [83.0136947, 26.6194242], [83.0136021, 26.6180502], [83.0142582, 26.6175618], [83.0157948, 26.6178971], [83.0165071, 26.6168695], [83.0167403, 26.6151318], [83.0197105, 26.6138902], [83.0200926, 26.6129873], [83.0199323, 26.6115546], [83.0191342, 26.6115668], [83.0190159, 26.612346], [83.0184861, 26.6124738], [83.0171038, 26.6097441], [83.0154332, 26.6093511], [83.0155412, 26.6080339], [83.0139383, 26.6076996], [83.014114, 26.6064411], [83.0161205, 26.6070084], [83.0164224, 26.6053892], [83.0142165, 26.6048249], [83.0133712, 26.6058545], [83.0125742, 26.6059265], [83.011146, 26.6042739], [83.0111233, 26.6030783], [83.0118413, 26.6023497], [83.01121, 26.6006251], [83.0130766, 26.6008358], [83.0141791, 26.6028521], [83.0149095, 26.6027811], [83.0155439, 26.6011568]]]}}, {"type": "Feature", "properties": {"name": "Ichara", "layer": "minor", "sub_basin": "Ghaghara", "kind": "river"}, "geometry": {"type": "LineString", "coordinates": [[82.963059, 26.6817321], [82.9620181, 26.6829402], [82.9618817, 26.6846812], [82.9604062, 26.6851728], [82.9547123, 26.6843494], [82.9531242, 26.6846502], [82.95, 26.683564432384642]]}}, {"type": "Feature", "properties": {"name": "Barka Nala", "layer": "minor", "sub_basin": "Ghaghara", "kind": "river"}, "geometry": {"type": "LineString", "coordinates": [[82.9782989, 26.5832498], [82.982602, 26.5849614], [82.9830331, 26.5844602], [82.9821877, 26.5820284], [82.9839594, 26.5819775], [82.9845177, 26.5832045], [82.9881546, 26.5862973], [82.9886151, 26.5898775]]}}, {"type": "Feature", "properties": {"name": "Pikia", "layer": "minor", "sub_basin": "Ghaghara", "kind": "river"}, "geometry": {"type": "LineString", "coordinates": [[82.95, 26.386164193273544], [82.9507067, 26.3863508], [82.9511612, 26.3875998], [82.9532057, 26.3868518], [82.9534185, 26.3875961], [82.9528442, 26.3888604], [82.9551834, 26.3896927], [82.9551272, 26.3920556], [82.9559131, 26.3932697], [82.9579029, 26.3931503], [82.9573777, 26.3952811], [82.9586162, 26.3958307], [82.9588429, 26.3973223], [82.9605617, 26.3969079], [82.9604335, 26.395355], [82.9607925, 26.3950207], [82.9614602, 26.3952201], [82.9612571, 26.3968078], [82.9620951, 26.3972437], [82.9629969, 26.3957353], [82.9643948, 26.3959236], [82.9638378, 26.3945267], [82.9647245, 26.3940051], [82.9657451, 26.3953353], [82.9675922, 26.3946797], [82.9686122, 26.39598], [82.9706043, 26.39598], [82.9711895, 26.3953134], [82.9718322, 26.3923735], [82.9742585, 26.3943104], [82.9749605, 26.394569], [82.9760475, 26.3941041], [82.9767761, 26.3957974], [82.9788145, 26.3947202], [82.9795537, 26.3969814], [82.9814267, 26.3959366], [82.981991, 26.395928], [82.9826721, 26.3968446], [82.9834, 26.396714], [82.9836344, 26.3950361], [82.9841897, 26.3945493], [82.9861959, 26.3970903], [82.9877509, 26.3967977], [82.9884643, 26.3958899], [82.9893385, 26.3964746], [82.991784, 26.3958695], [82.9930547, 26.3963585], [82.9941148, 26.3944587], [82.9956337, 26.394017], [82.9966741, 26.3928451], [82.9971096, 26.3912836], [82.9977678, 26.3909746], [82.9972233, 26.3902653], [82.9975384, 26.3893635], [82.9983338, 26.3892916], [82.998876, 26.3898814], [83.0001327, 26.389623], [83.0010226, 26.3910447], [83.0021387, 26.3903698], [83.0036114, 26.3910052], [83.0042538, 26.3898592], [83.0064994, 26.3892269], [83.0064116, 26.388092], [83.007198, 26.3875418], [83.0069763, 26.3863492], [83.0073689, 26.3860442], [83.0093613, 26.3860735], [83.0106629, 26.3846782], [83.0143675, 26.3839637], [83.0157938, 26.3821478], [83.0175892, 26.3822996], [83.0185758, 26.381806], [83.0222893, 26.3815695], [83.0239934, 26.3804071], [83.024694, 26.3788415], [83.0262319, 26.3794158], [83.0281464, 26.378848], [83.0276477, 26.3770617], [83.0285632, 26.37633], [83.0271388, 26.3747374], [83.0281916, 26.3742428], [83.0284445, 26.3735811], [83.0272397, 26.3730615], [83.0271619, 26.3724647], [83.02882, 26.3723793], [83.0315069, 26.3705438], [83.0336249, 26.370212], [83.0345107, 26.3679259], [83.0353689, 26.3676734], [83.0356778, 26.3664726], [83.0367992, 26.3660964], [83.0375041, 26.3647699], [83.0420694, 26.3639814], [83.0427089, 26.3627157], [83.0426082, 26.3609233], [83.0419137, 26.3593195], [83.0420945, 26.3583599], [83.0433496, 26.3580414], [83.0443553, 26.3585639], [83.0456138, 26.3584247], [83.0467888, 26.3573898], [83.0474053, 26.3549284], [83.0487244, 26.3544893], [83.0497232, 26.3546531], [83.0502736, 26.3556611], [83.0516157, 26.3564176], [83.0547484, 26.3570862], [83.0563334, 26.3601113], [83.0557285, 26.3631705], [83.0571198, 26.3630291], [83.0574839, 26.3646978], [83.0593871, 26.3670002], [83.0634804, 26.3692683], [83.0642474, 26.3711698], [83.0658633, 26.3723404], [83.0659725, 26.3745513], [83.0678239, 26.3741634], [83.0691119, 26.37211], [83.0701691, 26.3718541], [83.0721065, 26.3724814], [83.0741987, 26.3742425], [83.076588, 26.3742048], [83.0771935, 26.3746138], [83.0774869, 26.3760444], [83.0766613, 26.377971], [83.0781913, 26.3781262], [83.0782006, 26.3786045], [83.0772283, 26.3798159], [83.0771165, 26.380894], [83.0793569, 26.3800214], [83.0829968, 26.3794257], [83.0854327, 26.3783705], [83.0872978, 26.3752911], [83.088584, 26.3697691], [83.0914467, 26.3667934], [83.0961685, 26.3638478], [83.0983561, 26.3636934], [83.0988395, 26.3646425], [83.1038637, 26.3669543], [83.1089737, 26.3668725], [83.1147865, 26.3689784]]}}, {"type": "Feature", "properties": {"name": "Kanwar", "layer": "minor", "sub_basin": "Ghaghara Confluence to Gomti confluence", "kind": "river"}, "geometry": {"type": "LineString", "coordinates": [[82.95, 26.032313104361744], [82.9504202, 26.0303448], [82.9520676, 26.0300905], [82.9549881, 26.0334337], [82.9550853, 26.0352692], [82.9554727, 26.0356079], [82.9617701, 26.0359727], [82.9634038, 26.0349723], [82.9638972, 26.0341613], [82.9639163, 26.03175], [82.9621134, 26.0304567], [82.9619368, 26.0277614], [82.9628113, 26.0269446], [82.9651594, 26.0267945], [82.9646069, 26.0243918], [82.9651479, 26.022719], [82.9658392, 26.0223068], [82.9654941, 26.0208194], [82.9683513, 26.020719], [82.9694607, 26.0223097], [82.9724778, 26.0239863], [82.9737407, 26.0235654], [82.9752376, 26.0220503], [82.9766296, 26.0217422], [82.977951, 26.0244777], [82.9783956, 26.0244709], [82.9796489, 26.0235335], [82.9811308, 26.0212149], [82.982076, 26.0207987], [82.983412, 26.0208933], [82.9844539, 26.0222552], [82.9854787, 26.0226989], [82.9862398, 26.0226299], [82.9871637, 26.021066], [82.9877343, 26.0209999], [82.9892262, 26.0226419], [82.9911545, 26.0204312], [82.9952863, 26.0205405], [82.9981008, 26.0194358], [82.9994244, 26.0194957], [83.0019622, 26.0217864], [83.0029093, 26.0250915], [83.0037727, 26.0253086], [83.0067776, 26.0245439], [83.0077206, 26.024984], [83.008582, 26.0271219], [83.007877, 26.0282622], [83.0073372, 26.0311203], [83.0084765, 26.0311146], [83.0108447, 26.0286251], [83.0121729, 26.0283311], [83.0114529, 26.0299761], [83.0119817, 26.0309534], [83.0111241, 26.0323689], [83.0121763, 26.0324025], [83.014427, 26.0312831], [83.0141632, 26.0341151], [83.0155762, 26.0363781], [83.0163964, 26.0363001], [83.0175731, 26.0349635], [83.0185526, 26.0352985], [83.0190297, 26.0374361], [83.0167939, 26.038136], [83.0164948, 26.0398469], [83.0199487, 26.0404788], [83.0234664, 26.0430185], [83.0235735, 26.045169], [83.0247626, 26.0466318], [83.0247472, 26.0477136], [83.0266124, 26.0476689], [83.0267631, 26.0498653], [83.0293024, 26.0511454], [83.0282197, 26.0527378], [83.0247571, 26.0533321], [83.0246836, 26.0544925], [83.0256102, 26.0573778], [83.0279766, 26.0573073], [83.0339317, 26.0627066], [83.0363053, 26.0627932], [83.035904, 26.0655531], [83.0337035, 26.0670794], [83.0334646, 26.0681973]]}}, {"type": "Feature", "properties": {"name": "Mangai,Mangaiadi", "layer": "minor", "sub_basin": "Ghaghara Confluence to Gomti confluence", "kind": "river"}, "geometry": {"type": "LineString", "coordinates": [[82.96305536343482, 25.95], [82.9644889, 25.952314], [82.9652797, 25.9549898], [82.9672883, 25.9571594], [82.9672047, 25.9587842], [82.9693573, 25.9598299], [82.9707627, 25.9629295], [82.9729748, 25.9640004]]}}, {"type": "Feature", "properties": {"name": "Lerui", "layer": "minor", "sub_basin": "Ghaghara Confluence to Gomti confluence", "kind": "river"}, "geometry": {"type": "LineString", "coordinates": [[83.39478063382937, 25.95], [83.3947758, 25.9539271], [83.3943915, 25.9545635], [83.3905127, 25.9561526], [83.3881899, 25.9557445], [83.3857097, 25.9569419], [83.3852007, 25.9581307], [83.3855578, 25.9599799], [83.3847274, 25.9610777], [83.3813512, 25.9627715], [83.3812327, 25.9634962], [83.3788186, 25.9651708], [83.3781009, 25.9665799], [83.3779891, 25.9702619], [83.3768873, 25.9711233], [83.3762775, 25.9726028]]}}, {"type": "Feature", "properties": {"name": "Bhainsahi", "layer": "minor", "sub_basin": "Ghaghara Confluence to Gomti confluence", "kind": "river"}, "geometry": {"type": "MultiLineString", "coordinates": [[[83.31813107648988, 25.95], [83.3192852, 25.9504334], [83.32026433409092, 25.95]], [[83.32275771984128, 25.95], [83.32404156909243, 25.95]], [[83.32616740375144, 25.95], [83.3305339, 25.9530729], [83.3333617, 25.9535657], [83.337411, 25.9515089], [83.339058, 25.9528497], [83.3412246, 25.9528909], [83.34210719522997, 25.95]]]}}, {"type": "Feature", "properties": {"name": "Mangai", "layer": "minor", "sub_basin": "Ghaghara Confluence to Gomti confluence", "kind": "river"}, "geometry": {"type": "MultiLineString", "coordinates": [[[82.95, 25.978840397278464], [82.9516444, 25.9778888], [82.9523331, 25.9755971], [82.9540985, 25.9740698], [82.9552266, 25.9703908], [82.9584735, 25.9699819], [82.9646311, 25.9653268], [82.9677362, 25.9644396], [82.9700722, 25.9650647], [82.9722455, 25.9640714], [82.9819247, 25.9631445], [82.9906756, 25.9694354], [82.9948722, 25.9700919], [82.9962181, 25.9710319], [82.9990158, 25.9714695], [83.0012936, 25.9725153], [83.002024, 25.9725041], [83.0043818, 25.970727], [83.0063107, 25.9708775], [83.0070062, 25.9690057], [83.0082621, 25.9686863], [83.0102753, 25.9662539], [83.0117348, 25.9661714], [83.0124471, 25.9651999], [83.0139112, 25.9653575], [83.0159412, 25.9638253], [83.0181311, 25.9637315], [83.019846, 25.9631047], [83.0205831, 25.9634536], [83.020338, 25.964538], [83.0214678, 25.9645806], [83.0245656, 25.963332], [83.0266903, 25.9632991], [83.0275086, 25.9644271], [83.0274718, 25.9659886], [83.0287379, 25.9662092], [83.0299558, 25.967391], [83.0334987, 25.9685968], [83.0351324, 25.9671906], [83.0352814, 25.9645467], [83.0373454, 25.9613326], [83.0384592, 25.9605348], [83.041171, 25.9599523], [83.0411538, 25.959052], [83.0403457, 25.9584642], [83.0403343, 25.957864], [83.0420478, 25.9571769], [83.0417685, 25.9564608], [83.0404339, 25.9561214], [83.0410016, 25.9545516], [83.0406857, 25.951915], [83.0395995, 25.9506711], [83.0380153, 25.9511761], [83.0375346, 25.9503431], [83.03807838239669, 25.95]], [[83.0714616225, 25.95], [83.07243086241134, 25.95]]]}}, {"type": "Feature", "properties": {"name": "Basnahi Nala", "layer": "minor", "sub_basin": "Ghaghara Confluence to Gomti confluence", "kind": "river"}, "geometry": {"type": "LineString", "coordinates": [[83.73205294794356, 25.95], [83.7319646, 25.9512799], [83.730644, 25.9526718], [83.7291807, 25.9568835], [83.7264681, 25.9603099], [83.7245407, 25.9616305], [83.7224706, 25.9620231], [83.7212214, 25.9634865], [83.7206503, 25.9669129], [83.7210072, 25.9696969], [83.7203291, 25.975015], [83.71883, 25.976978], [83.7192583, 25.9792623], [83.7190442, 25.9810469], [83.7184731, 25.9809041], [83.7186159, 25.9798334], [83.7181162, 25.9795479], [83.7170811, 25.9819035], [83.7124769, 25.9870788], [83.7117273, 25.9890419], [83.7120842, 25.9899699], [83.7102997, 25.9974652], [83.7095501, 25.9984646], [83.7029114, 25.9998922], [83.701805, 26.0005704], [83.6995207, 26.0041396], [83.695202, 26.0062811], [83.6900623, 26.0040682], [83.688242, 26.0039611], [83.6868501, 26.0044965], [83.6798901, 26.0088866], [83.676428, 26.0099931], [83.6756785, 26.0106712], [83.6760711, 26.0118133], [83.6770348, 26.0122773], [83.6792477, 26.0121346], [83.6798901, 26.0129912], [83.6798901, 26.0146687], [83.6764994, 26.0172028], [83.674572, 26.019737], [83.6730373, 26.0203794], [83.6635789, 26.0215215], [83.6623654, 26.0222711], [83.6606522, 26.0244483], [83.6574518, 26.0248647], [83.6534543, 26.0274821], [83.6502183, 26.0280056], [83.6456497, 26.0336687], [83.6430323, 26.0358578], [83.6407004, 26.0364289], [83.6366553, 26.0361433]]}}, {"type": "Feature", "properties": {"name": "Lakhra", "layer": "minor", "sub_basin": "Ghaghara Confluence to Gomti confluence", "kind": "river"}, "geometry": {"type": "LineString", "coordinates": [[83.7568935, 26.0141825], [83.7593062, 26.0153406], [83.7629798, 26.0126355], [83.768265, 26.0118632], [83.7723417, 26.0104355], [83.7739663, 26.0088843], [83.7762325, 26.0045713], [83.7775872, 26.0031234], [83.7804652, 26.0003227], [83.783691, 25.9986148], [83.7848858, 25.9970587], [83.7862949, 25.9961298], [83.7885376, 25.9955084], [83.793946, 25.9956604], [83.8004393, 25.9938722], [83.8015397, 25.9909753], [83.8035031, 25.9895817], [83.8030152, 25.987212], [83.8035203, 25.9858945], [83.8034263, 25.9844457], [83.8058495, 25.9823257], [83.8054567, 25.9793378], [83.8042497, 25.9767737], [83.8046606, 25.9747746], [83.8063145, 25.9727761], [83.8059727, 25.9679603], [83.8085743, 25.9673388], [83.8116672, 25.962872], [83.8134397, 25.9627645], [83.8151867, 25.9635505], [83.8177986, 25.961999], [83.8182532, 25.9612049], [83.817905, 25.9587225], [83.815457, 25.9522947], [83.81301920464614, 25.95]]}}, {"type": "Feature", "properties": {"name": "Awra Nala", "layer": "minor", "sub_basin": "Ghaghara Confluence to Gomti confluence", "kind": "river"}, "geometry": {"type": "LineString", "coordinates": [[83.91988684860513, 25.95], [83.9188937, 25.9510638], [83.9152798, 25.9523422], [83.9145216, 25.954116], [83.9138199, 25.9608183], [83.9102862, 25.9641183], [83.9057734, 25.9660375], [83.903941, 25.9661642], [83.8987984, 25.9653347], [83.8973306, 25.9656689], [83.895149, 25.9675015], [83.8931326, 25.9715457], [83.8936471, 25.9727597], [83.8956642, 25.9728316], [83.9033927, 25.9697929], [83.9073719, 25.9691918], [83.9086604, 25.9704055], [83.9083511, 25.9715611], [83.9076722, 25.9720847], [83.9019509, 25.9750872], [83.8984563, 25.9776241], [83.8946266, 25.9785589], [83.8924246, 25.978654], [83.8898629, 25.9777607], [83.8870116, 25.974895], [83.8833767, 25.975956], [83.8837463, 25.9775942], [83.8868974, 25.9819988], [83.8875967, 25.9837183], [83.8847512, 25.9939047], [83.8837325, 25.993634], [83.8791779, 25.9900371], [83.8807906, 25.9839849], [83.8793823, 25.9818413], [83.8774898, 25.9811779], [83.8760667, 25.9815615], [83.8754076, 25.9824416], [83.8723665, 25.9902177], [83.8653101, 25.9922438], [83.8591073, 25.9957228], [83.8574293, 25.995655], [83.856905, 25.9949825], [83.8570302, 25.9928072], [83.8581043, 25.9902754], [83.8582294, 25.9883664], [83.8575755, 25.9869898], [83.856357, 25.9865203], [83.8543146, 25.9869487], [83.8490609, 25.9893173], [83.8486012, 25.9904004], [83.84882, 25.9944577], [83.8480807, 25.995464], [83.8457335, 25.9953643], [83.8409099, 25.9935308], [83.8396563, 25.994027], [83.8390364, 25.9960308], [83.8393201, 25.9994337], [83.8443593, 26.0071745], [83.845163, 26.0089889], [83.8451973, 26.0114576], [83.8440184, 26.0119718], [83.8379154, 26.0108105], [83.8295514, 26.005803], [83.8272991, 26.0055451], [83.8254907, 26.0065508], [83.8235616, 26.0093392], [83.8211119, 26.0145556], [83.819663, 26.0258425], [83.8182872, 26.0302648], [83.8166971, 26.0334098], [83.8126727, 26.0388465], [83.7994348, 26.052885], [83.7956688, 26.0582716]]}}, {"type": "Feature", "properties": {"name": "Baheta", "layer": "minor", "sub_basin": "Ghaghara", "kind": "river"}, "geometry": {"type": "LineString", "coordinates": [[84.49574849492527, 25.95], [84.4945257, 25.9527274], [84.4966547, 25.9530557], [84.4967246, 25.9551871], [84.4953842, 25.9596485], [84.4967321, 25.959824], [84.4970382, 25.9611692], [84.50001, 25.9632315], [84.4992561, 25.9661417], [84.5001242, 25.9671403], [84.5002233, 25.9686925], [84.498715, 25.9732341], [84.4986715, 25.976601], [84.4964554, 25.9777794], [84.495563, 25.9791747], [84.4930923, 25.9801472], [84.4906375, 25.9821576], [84.4885531, 25.9850568], [84.4879704, 25.9866594], [84.4877039, 25.9899859], [84.4881014, 25.9930229]]}}, {"type": "Feature", "properties": {"name": "Masan", "layer": "minor", "sub_basin": "Gandak and others", "kind": "river"}, "geometry": {"type": "MultiLineString", "coordinates": [[[84.2890994, 27.1144245], [84.2907543, 27.1120103], [84.2906698, 27.10938], [84.2919309, 27.1079285], [84.2958095, 27.1059536], [84.3020437, 27.1043831], [84.3037093, 27.103241], [84.3043755, 27.1021702], [84.3045897, 27.0996004], [84.3032096, 27.0959361], [84.3024244, 27.0912009], [84.301544, 27.0902016], [84.3024244, 27.0862279], [84.3045659, 27.0854664], [84.3052559, 27.084705], [84.3051132, 27.0833249], [84.3038758, 27.0809217], [84.3040424, 27.0771621], [84.3094676, 27.0688578], [84.3106097, 27.0675967], [84.3143931, 27.0652886], [84.3156066, 27.0638847], [84.315321, 27.0622667], [84.3137268, 27.0606011], [84.3138458, 27.0562704], [84.3152021, 27.0533199], [84.3155352, 27.0530106], [84.3174388, 27.0534865], [84.317986, 27.0556994], [84.3197706, 27.0568891], [84.3211983, 27.0545572], [84.3221633, 27.054134], [84.322626, 27.053082], [84.3263379, 27.0492034], [84.3270518, 27.046943], [84.3260524, 27.0447301], [84.3227212, 27.0441828], [84.3226498, 27.0438497], [84.324363, 27.0393287], [84.3256955, 27.0378296], [84.326909, 27.0374489], [84.3290267, 27.0376393], [84.3321438, 27.039876], [84.3358796, 27.040566], [84.3380449, 27.043231], [84.3386636, 27.0433024], [84.341162, 27.0421364], [84.3423517, 27.0391859], [84.3430656, 27.0385197], [84.347301, 27.0388528], [84.3519647, 27.0376155], [84.3576992, 27.0380438], [84.3602691, 27.0375441], [84.362482, 27.0424696], [84.3641, 27.0427075], [84.3649566, 27.0422792], [84.3656704, 27.0410419], [84.365147, 27.0333086], [84.3654563, 27.0304295], [84.3662653, 27.0282404], [84.3676454, 27.0274314], [84.3692872, 27.0316906], [84.3717619, 27.0319523], [84.3719522, 27.0306674], [84.3705245, 27.0285497], [84.3707863, 27.0269793], [84.3736416, 27.024814], [84.3762115, 27.0210544], [84.3792096, 27.0198885], [84.3814225, 27.0222679], [84.382636, 27.0221966], [84.3829929, 27.0214113], [84.382636, 27.0191984], [84.3832309, 27.0179849], [84.3868238, 27.017747], [84.3879184, 27.0158196], [84.3904168, 27.0140112], [84.3955565, 27.0133212], [84.3958658, 27.0126073], [84.3935101, 27.0115604], [84.3933436, 27.01068], [84.3939622, 27.0097758], [84.3954613, 27.009871], [84.3980311, 27.0112748], [84.3993636, 27.0109655], [84.4000299, 27.0090857], [84.3985342, 27.0070262], [84.3989353, 27.0060876], [84.3997443, 27.0062542], [84.4023379, 27.0083005], [84.4040987, 27.0083005], [84.4053361, 27.0069204], [84.4070493, 27.0068728], [84.4081676, 27.0083005], [84.4080486, 27.0092761], [84.4057406, 27.0103468], [84.4053836, 27.011489], [84.4069065, 27.013226], [84.409976, 27.0128453], [84.4145208, 27.0089192]], [[84.2849724, 27.1215362], [84.2852058, 27.1188046], [84.2872509, 27.1159401], [84.2890994, 27.1144245]], [[84.2849724, 27.1215362], [84.2860299, 27.120159], [84.2902177, 27.1196593], [84.2925972, 27.1179937], [84.2924782, 27.1162091], [84.2894325, 27.1149717], [84.2890994, 27.1144245]], [[84.2580724, 27.2496065], [84.257564, 27.247569], [84.2574834, 27.2436778], [84.2581562, 27.2428321], [84.2617832, 27.2424157], [84.2630721, 27.2405349], [84.2662062, 27.2378172], [84.2674037, 27.2350766], [84.2654157, 27.2277331], [84.2657115, 27.2255547], [84.2666675, 27.2237183], [84.2761789, 27.2177169], [84.2807951, 27.2175979], [84.2822227, 27.216313], [84.2847688, 27.2115303], [84.285435, 27.2078897], [84.2850781, 27.2062955], [84.2861489, 27.2042015], [84.2861726, 27.2031784], [84.2856492, 27.2002992], [84.2834601, 27.1964683], [84.2824369, 27.1845472], [84.2840549, 27.1825008], [84.2855302, 27.1822867], [84.2883618, 27.1829529], [84.2906222, 27.1825722], [84.292502, 27.1806449], [84.2932872, 27.1777657], [84.2937155, 27.1744583], [84.2930493, 27.1726023], [84.2923057, 27.1720625], [84.2920647, 27.1707098], [84.2925972, 27.1691521], [84.2898611, 27.1655329], [84.2903129, 27.1620613], [84.289541, 27.1590641], [84.290884, 27.1566599], [84.2929065, 27.1549943], [84.2930374, 27.1534648], [84.2919858, 27.1521766], [84.296785, 27.1408127], [84.2972133, 27.1376956], [84.296744, 27.1355888], [84.2955477, 27.1344595], [84.2944745, 27.132286], [84.2886949, 27.128725], [84.2853874, 27.1246799], [84.2848164, 27.123395], [84.2849724, 27.1215362]], [[84.2567083, 27.2666396], [84.2558545, 27.2646], [84.2535427, 27.2626517], [84.2540788, 27.2615709], [84.2531647, 27.2600322], [84.2523664, 27.2559152], [84.2529005, 27.2540103], [84.2580724, 27.2496065]], [[84.2567083, 27.2666396], [84.2600133, 27.2616408], [84.2611157, 27.2560166], [84.2605998, 27.2538415], [84.2580724, 27.2496065]], [[84.09375800714739, 27.4], [84.0945987, 27.3978449], [84.098112, 27.3956784], [84.1048459, 27.3887102], [84.1074124, 27.3874275], [84.112751, 27.3813322], [84.1215051, 27.3777896], [84.1258189, 27.3770391], [84.1305812, 27.3738663], [84.1326307, 27.370148], [84.1350315, 27.3640875], [84.1366418, 27.3627993], [84.1415605, 27.3609255], [84.1454544, 27.3584661], [84.1475039, 27.3554212], [84.1492313, 27.3507953], [84.1490849, 27.3498291], [84.1475624, 27.3481896], [84.1472697, 27.3427146], [84.1476796, 27.3411043], [84.1499632, 27.3380301], [84.1542671, 27.3336677], [84.1607961, 27.3319403], [84.1683791, 27.3332285], [84.1720974, 27.3328187], [84.1772503, 27.3302422], [84.1784507, 27.3258212], [84.1811442, 27.3242695], [84.1841368, 27.3250208], [84.1910709, 27.3243907], [84.1980083, 27.3246023], [84.2067224, 27.3240523], [84.2103181, 27.3229525], [84.2195821, 27.3185531], [84.2329494, 27.3092891], [84.2347763, 27.3093499], [84.2378934, 27.3083981], [84.2397494, 27.3071608], [84.2415814, 27.3049578], [84.2430805, 27.2999618], [84.2406145, 27.2924275], [84.2407589, 27.2916636], [84.2432341, 27.2893775], [84.2481249, 27.2880905], [84.2510429, 27.2858228], [84.2516571, 27.2838605], [84.2512802, 27.2827761], [84.2485051, 27.2812092], [84.248018, 27.2798845], [84.2514585, 27.2749577], [84.2540144, 27.2730645], [84.255428, 27.270594], [84.2567083, 27.2666396]]]}}, {"type": "Feature", "properties": {"name": "Harha", "layer": "minor", "sub_basin": "Gandak and others", "kind": "river"}, "geometry": {"type": "LineString", "coordinates": [[84.22202547580771, 27.4], [84.220555, 27.398778], [84.2179535, 27.3985242], [84.2158279, 27.397731], [84.2149395, 27.3979214], [84.2135118, 27.3996663], [84.2127187, 27.3995711], [84.2122111, 27.3992856], [84.2108786, 27.396113], [84.2103392, 27.3958274], [84.2085308, 27.396462], [84.2066907, 27.3963033], [84.2048189, 27.3949391], [84.2027567, 27.3921155], [84.2011386, 27.3911637], [84.1956183, 27.3904023], [84.1918429, 27.3890063], [84.1839113, 27.3842474], [84.1792476, 27.366798], [84.1779151, 27.3646406], [84.1742983, 27.3634668], [84.1737907, 27.3623564], [84.1738859, 27.3613094], [84.1749646, 27.3595962], [84.1775027, 27.3575657], [84.1770585, 27.3556304], [84.1750598, 27.3531241], [84.1742983, 27.3513474], [84.1775661, 27.3477941], [84.1779151, 27.3466202], [84.1774709, 27.3422737], [84.17874, 27.339577], [84.1819761, 27.3371024], [84.1836258, 27.3338346], [84.184641, 27.3301543], [84.1841368, 27.3250208]]}}, {"type": "Feature", "properties": {"name": "Achha", "layer": "minor", "sub_basin": "Gandak and others", "kind": "river"}, "geometry": {"type": "LineString", "coordinates": [[84.17639304606296, 27.4], [84.1779246, 27.3955542], [84.1781296, 27.3899329], [84.17933, 27.3884397], [84.182492, 27.3867708], [84.1841999, 27.3845359]]}}, {"type": "Feature", "properties": {"name": "Bhaluhi", "layer": "minor", "sub_basin": "Gandak and others", "kind": "river"}, "geometry": {"type": "LineString", "coordinates": [[84.15592314999999, 27.4], [84.1542872, 27.3994359], [84.1543158, 27.3979172], [84.1534849, 27.3964559], [84.1504476, 27.3953097], [84.1512499, 27.3943355], [84.150906, 27.3931894], [84.1532556, 27.3930174], [84.1553473, 27.3894071], [84.1542585, 27.3879457], [84.1540579, 27.385195], [84.1535995, 27.3848798], [84.1531124, 27.3854815], [84.1527112, 27.3849084], [84.1528258, 27.3827307], [84.1524247, 27.3824155], [84.1509347, 27.3822723], [84.1494733, 27.3839342], [84.1475822, 27.3834471], [84.1472081, 27.3818233], [84.1505926, 27.3763451], [84.1503707, 27.3744222], [84.1488176, 27.3719816], [84.1457114, 27.3706873], [84.144565, 27.3693561], [84.1448978, 27.3685795], [84.1473385, 27.3683946], [84.1474864, 27.3671373], [84.1454895, 27.3668415], [84.1436775, 27.3673222], [84.1421614, 27.3650295], [84.141015, 27.365954], [84.1402015, 27.364105], [84.1390921, 27.3645857], [84.138338, 27.3636384], [84.1361822, 27.3631669]]}}, {"type": "Feature", "properties": {"name": "Dhayar K", "layer": "minor", "sub_basin": "Gandak and others", "kind": "river"}, "geometry": {"type": "LineString", "coordinates": [[84.14489070493953, 27.4], [84.1441559, 27.3985776], [84.144068, 27.3968648], [84.1458906, 27.3927367], [84.1449244, 27.3854684], [84.1472081, 27.3818233]]}}, {"type": "Feature", "properties": {"name": "Manor", "layer": "minor", "sub_basin": "Gandak and others", "kind": "river"}, "geometry": {"type": "LineString", "coordinates": [[84.02994829953704, 27.4], [84.0297016, 27.3993829], [84.0279724, 27.3988641], [84.0274289, 27.3976783], [84.0285159, 27.3974437], [84.0294546, 27.3963938], [84.0312209, 27.395665], [84.0311715, 27.3951833], [84.0288864, 27.3935405], [84.0316779, 27.3935899], [84.0309492, 27.3918731], [84.032845, 27.3907866], [84.0329872, 27.3889951], [84.0341729, 27.3872906], [84.0341976, 27.3850673], [84.0320484, 27.3828564], [84.0291829, 27.3845115], [84.0271943, 27.3844374], [84.0274536, 27.3830664], [84.0268978, 27.3826341], [84.0250945, 27.3833875], [84.0237605, 27.3852155], [84.0229576, 27.3846474], [84.0228341, 27.3772981], [84.0203144, 27.3761618], [84.021142, 27.3734321], [84.0202403, 27.3705542], [84.0211049, 27.3696278], [84.0211763, 27.3685175], [84.0168559, 27.3699242], [84.0139907, 27.3690413], [84.0135828, 27.369776], [84.0138051, 27.3709618], [84.0134098, 27.3711223], [84.0072958, 27.3696278], [84.0022408, 27.3695484], [84.0014086, 27.3684693], [84.0021893, 27.3662052], [84.0016037, 27.3646437], [83.9993396, 27.3640191], [83.996646, 27.361872], [83.9936011, 27.360779], [83.9904391, 27.3570314], [83.9901658, 27.355509], [83.9909466, 27.3506293], [83.990322, 27.3494192], [83.9849348, 27.3434465], [83.977752, 27.3340385], [83.9763857, 27.3329064], [83.9749803, 27.332477], [83.9716622, 27.3325941], [83.9709595, 27.3320085], [83.9697884, 27.329393], [83.9677975, 27.3269337], [83.9663921, 27.3233032], [83.96254, 27.3175099], [83.9603002, 27.3149737], [83.9565288, 27.3139032], [83.9531033, 27.3120587], [83.9513906, 27.3120422], [83.9477006, 27.3150332], [83.9463511, 27.3141996], [83.9451159, 27.3125363], [83.9436831, 27.3134256], [83.942415, 27.3120751], [83.9405047, 27.3113999], [83.9382662, 27.3121684], [83.9380667, 27.3088431], [83.9391973, 27.3041878], [83.939297, 27.2998649], [83.9380667, 27.2959079], [83.9367366, 27.2936134], [83.9333115, 27.2895234], [83.9301027, 27.2869204], [83.927738, 27.284142], [83.9237773, 27.2809497], [83.9214126, 27.2795901], [83.9196392, 27.2793536], [83.9160922, 27.2752155], [83.9152055, 27.2735011], [83.9152055, 27.2721415], [83.9165277, 27.2700976], [83.9159328, 27.2687651], [83.9165039, 27.26403], [83.9202872, 27.2620788], [83.9217625, 27.2623406], [83.9229522, 27.2616267], [83.9323035, 27.2596756], [83.9361916, 27.2558846], [83.9388946, 27.2554401], [83.9402985, 27.2539173], [83.941631, 27.2510143], [83.9407982, 27.2457081], [83.941631, 27.2441377], [83.9507443, 27.2415441], [83.9530286, 27.2418772], [83.955884, 27.2436618], [83.9577161, 27.2433525], [83.9587631, 27.2421627], [83.9595245, 27.2402592], [83.960048, 27.2360237], [83.9632365, 27.2335253], [83.9648572, 27.2297429], [83.9694425, 27.2262472], [83.9708821, 27.2218278], [83.9749914, 27.2151122], [83.9748475, 27.2131843], [83.9736171, 27.2110609], [83.9743054, 27.2071989], [83.9729909, 27.2041613], [83.9728256, 27.2024319], [83.9715214, 27.2014743], [83.9710762, 27.1996529], [83.971303, 27.1980623], [83.970546, 27.1968927], [83.9666586, 27.1948113], [83.9634641, 27.195387], [83.9611633, 27.1921803]]}}, {"type": "Feature", "properties": {"name": "Bhabsa", "layer": "minor", "sub_basin": "Gandak and others", "kind": "river"}, "geometry": {"type": "LineString", "coordinates": [[84.0554493, 27.4], [84.0554074, 27.3983283], [84.0542132, 27.3970294], [84.0529982, 27.3966105], [84.0538781, 27.3959191], [84.0535219, 27.3933633], [84.0543599, 27.3923997], [84.0536057, 27.3921692], [84.0535638, 27.3911637], [84.0527887, 27.3903257], [84.0529563, 27.389383], [84.0541085, 27.3892363], [84.0534162, 27.3879969], [84.0554665, 27.3864406], [84.0555777, 27.380833], [84.056467, 27.3793878], [84.0590316, 27.3798092], [84.0585915, 27.3769175], [84.0601725, 27.3749536], [84.0602096, 27.3735455], [84.0611236, 27.372755], [84.061383, 27.3713963], [84.0627664, 27.3703341], [84.0633345, 27.3682837], [84.0653972, 27.3688148], [84.0676947, 27.3659987], [84.0676082, 27.3615768], [84.0662742, 27.361058], [84.0643694, 27.3613932], [84.0631121, 27.360025], [84.0616918, 27.3571549], [84.0573687, 27.3562285], [84.0570475, 27.3550922], [84.058925, 27.3525971], [84.0589003, 27.3514114], [84.0542561, 27.3523378], [84.0521192, 27.3520907], [84.0521563, 27.3508679], [84.0533071, 27.3484552], [84.0527636, 27.3470554], [84.0512155, 27.3452273], [84.049651, 27.3442392], [84.0452044, 27.3436463], [84.0436728, 27.3419336], [84.0426626, 27.3396124], [84.0386597, 27.3339938], [84.0320028, 27.3302059], [84.0290164, 27.3261949], [84.0275525, 27.3256386], [84.0234536, 27.3259899], [84.0189448, 27.3285371], [84.0158414, 27.3287128], [84.0147874, 27.3273367], [84.0147288, 27.3243503], [84.0134516, 27.3173529], [84.0125952, 27.3165624], [84.0110361, 27.3164526], [84.0061614, 27.3174627], [84.004756, 27.3169796], [84.0025821, 27.3148497], [84.0012646, 27.3145422], [83.9974219, 27.3152669], [83.9906148, 27.3139054], [83.989621, 27.3144923], [83.9848617, 27.3127197], [83.9810189, 27.3066811], [83.9814142, 27.3034093], [83.9810189, 27.3022016], [83.9779228, 27.2993909], [83.9770664, 27.2975464], [83.9780738, 27.2955482], [83.9777114, 27.2939672], [83.9779749, 27.293012], [83.9794242, 27.2908216], [83.978469, 27.2884666], [83.9777279, 27.2876431], [83.9738083, 27.2864739], [83.9728861, 27.2866221], [83.9720132, 27.2880055], [83.9711733, 27.2880549], [83.9661174, 27.2844152], [83.965508, 27.283213], [83.9664138, 27.2819943], [83.9650504, 27.2810669], [83.9641152, 27.2795921], [83.9642231, 27.2786569], [83.9651224, 27.2781533], [83.9652303, 27.2775778], [83.9632159, 27.2752756], [83.9604821, 27.2738008], [83.9589713, 27.272362], [83.95818, 27.2702037], [83.9565253, 27.2700599], [83.9558568, 27.268807], [83.9610775, 27.2663463], [83.9596144, 27.2652822], [83.9595811, 27.2646836], [83.960479, 27.2638856], [83.9583508, 27.262888], [83.9589493, 27.2618572], [83.958384, 27.2607266], [83.9590158, 27.2592634], [83.958517, 27.2582659], [83.9591821, 27.2571353], [83.9601132, 27.2568693], [83.9602129, 27.2551401], [83.9595479, 27.25105], [83.9585503, 27.2485228], [83.9593816, 27.2479575], [83.9609777, 27.2477913], [83.961885, 27.2467148], [83.9633598, 27.2481176], [83.9660216, 27.2444126], [83.9664893, 27.2445565], [83.9679281, 27.2435853], [83.9687554, 27.2422903], [83.9716691, 27.241427], [83.9726762, 27.2405637], [83.9743309, 27.236571], [83.9743309, 27.2334055], [83.9759856, 27.2297005], [83.9787913, 27.2287293], [83.9802301, 27.2276502], [83.9814531, 27.2256358], [83.9832157, 27.2198086], [83.9859495, 27.2160676], [83.9903739, 27.2125065], [83.9918127, 27.2103482], [83.9916329, 27.20819], [83.9867408, 27.2041253], [83.9864531, 27.2016073], [83.9876821, 27.2001505], [83.9933895, 27.1986157], [83.9949242, 27.1976085], [83.9953079, 27.1955462], [83.9942528, 27.1920451], [83.9971304, 27.1900307], [83.9994326, 27.1893592], [84.002646, 27.1873928], [84.0045165, 27.1855703], [84.0046603, 27.1820212], [84.0041136, 27.1798054], [84.0048042, 27.1789517], [84.0049001, 27.1778006], [84.0072023, 27.1766975], [84.0083054, 27.1766975], [84.0101759, 27.1744913], [84.0096003, 27.1718055], [84.0119984, 27.1683043], [84.0126728, 27.1644265]]}}, {"type": "Feature", "properties": {"name": "Jhikari", "layer": "minor", "sub_basin": "Gandak and others", "kind": "river"}, "geometry": {"type": "LineString", "coordinates": [[84.0949385, 27.3428757], [84.0959441, 27.3428967], [84.0966564, 27.3414093], [84.0979133, 27.3415978], [84.0955461, 27.3378479], [84.0956299, 27.3365281], [84.0942053, 27.336989], [84.0900155, 27.3349778], [84.0892403, 27.3339304], [84.089366, 27.3333857], [84.0907487, 27.3335533], [84.0912934, 27.3323592], [84.0858675, 27.3281065], [84.0847363, 27.3277923], [84.08195, 27.3292797], [84.0813844, 27.3278132], [84.079876, 27.3272266], [84.078661, 27.3259278], [84.0784305, 27.3213818], [84.0768578, 27.3206059], [84.0789233, 27.316796], [84.0807092, 27.3147173], [84.0810169, 27.3133015], [84.0786305, 27.3081883], [84.0773423, 27.307105], [84.0754685, 27.3035624], [84.0733898, 27.3021278], [84.0722186, 27.2997563], [84.0722186, 27.2967699], [84.0717549, 27.2954528], [84.069935, 27.2941349], [84.0629375, 27.2911778], [84.0606538, 27.2892162], [84.0598341, 27.2881915], [84.0594827, 27.2861127], [84.0578724, 27.2830678], [84.0564911, 27.2824512], [84.0532426, 27.2828217], [84.0517357, 27.2822412], [84.0493272, 27.2770041], [84.0479438, 27.2759542], [84.046758, 27.2741879], [84.0454982, 27.2746696], [84.0441642, 27.2743855], [84.0436825, 27.2718164], [84.041101, 27.2687162], [84.0415354, 27.2658959], [84.0410392, 27.2639855], [84.0397917, 27.2633308], [84.0396806, 27.2625527], [84.0409651, 27.2626515], [84.0419286, 27.2610705], [84.0414962, 27.2595636], [84.0390676, 27.2583439], [84.040522, 27.2575842], [84.0415704, 27.2529431], [84.0401623, 27.2517821], [84.0405081, 27.2508928], [84.0400635, 27.2472861], [84.0408416, 27.2460015], [84.0430278, 27.2454704], [84.0430155, 27.2444946], [84.041768, 27.2429754], [84.0415827, 27.2420613], [84.0421015, 27.2411473], [84.0436084, 27.2412338], [84.0423979, 27.239801], [84.0416568, 27.2398133], [84.0405452, 27.2407397], [84.0394582, 27.2404556], [84.0396064, 27.2394057], [84.0406069, 27.2388376], [84.0382601, 27.235058], [84.0373708, 27.2312413], [84.0398658, 27.2285363], [84.0399399, 27.2275482], [84.0428688, 27.2225705], [84.045018, 27.221922], [84.0480287, 27.2191985], [84.0462408, 27.218059], [84.0467239, 27.2139856], [84.0474358, 27.2137699], [84.0477137, 27.2143258], [84.0483807, 27.2142331], [84.0497054, 27.2127139], [84.0513822, 27.2117227], [84.0545025, 27.2115107], [84.054555, 27.2104309], [84.0556914, 27.2105791], [84.0563336, 27.2088663], [84.0554608, 27.2078617], [84.0554629, 27.2056783]]}}, {"type": "Feature", "properties": {"name": "Kosi N", "layer": "minor", "sub_basin": "Gandak and others", "kind": "river"}, "geometry": {"type": "MultiLineString", "coordinates": [[[84.0978071, 27.2687548], [84.0984164, 27.2669281], [84.0986799, 27.2624266], [84.0976877, 27.2518977], [84.0963084, 27.2513376], [84.0939369, 27.2517987], [84.090202, 27.2496224], [84.089329, 27.2461995], [84.0878128, 27.2450738], [84.0873074, 27.2439022], [84.0880426, 27.2427995], [84.0889844, 27.2426387], [84.0891223, 27.2422022]], [[84.0971441, 27.2743115], [84.0965938, 27.2716272], [84.0978071, 27.2687548]], [[84.0971441, 27.2743115], [84.0976177, 27.2726382], [84.0999224, 27.271028], [84.1002066, 27.270144], [84.0978071, 27.2687548]], [[84.123917, 27.3432326], [84.123254, 27.3426643], [84.1230014, 27.3405806], [84.1215175, 27.3392546], [84.12237, 27.337897], [84.1214228, 27.3380864], [84.1206019, 27.3374866], [84.1213281, 27.33635], [84.1205388, 27.3363816], [84.1204757, 27.3357817], [84.1196232, 27.3353713], [84.1200021, 27.3345188], [84.1192128, 27.3335717], [84.1182025, 27.333698], [84.1178552, 27.3330981], [84.1166871, 27.3328139], [84.1170343, 27.3318984], [84.1167502, 27.3311722], [84.1154242, 27.3311722], [84.1153413, 27.3252486], [84.1142521, 27.3250591], [84.1130445, 27.3237568], [84.1131865, 27.3228096], [84.1140863, 27.3225018], [84.1142994, 27.3211284], [84.1134944, 27.3207259], [84.1129305, 27.3195151], [84.1110852, 27.318817], [84.1120668, 27.3177721], [84.1114652, 27.3130227], [84.1123834, 27.3118195], [84.1135549, 27.3114078], [84.1133016, 27.3100147], [84.1113069, 27.3087798], [84.1064308, 27.30726], [84.1048636, 27.3059946], [84.1047465, 27.3040818], [84.106347, 27.3020518], [84.1061128, 27.2972112], [84.1074011, 27.2939711], [84.1044342, 27.2899113], [84.1020615, 27.2804325], [84.0971441, 27.2743115]]]}}, {"type": "Feature", "properties": {"name": "Kangla", "layer": "minor", "sub_basin": "Gandak and others", "kind": "river"}, "geometry": {"type": "LineString", "coordinates": [[84.1980475, 27.308188], [84.1971122, 27.3062472], [84.1972061, 27.3041501], [84.1989902, 27.3000811], [84.1987711, 27.2993612], [84.1995849, 27.2987978], [84.1999605, 27.2971076], [84.2009621, 27.2956992], [84.2002735, 27.2942281], [84.2010247, 27.2939151], [84.2014942, 27.2917867], [84.2007743, 27.2904095], [84.2020263, 27.2896896], [84.2015255, 27.2892827], [84.2018698, 27.2886567], [84.2030905, 27.289001], [84.2040608, 27.2882498], [84.204186, 27.2869665], [84.20356, 27.2855893], [84.2038104, 27.2831166], [84.2043112, 27.2823341], [84.2024645, 27.2783904], [84.2034035, 27.2773888], [84.2017133, 27.2712227], [84.1999918, 27.2693447], [84.1996421, 27.2678655], [84.1978985, 27.2663479], [84.1973496, 27.2649594], [84.1996744, 27.263345], [84.2000619, 27.2643459], [84.2008691, 27.2644105], [84.2005785, 27.2608587], [84.201192, 27.2600514], [84.2029679, 27.2597286], [84.203646, 27.2605035], [84.2033877, 27.2637324], [84.2042595, 27.2653792], [84.2043241, 27.2672843], [84.2050667, 27.2674457], [84.206326, 27.2654761], [84.2079728, 27.2642491], [84.2079728, 27.2626669], [84.2055834, 27.2609878], [84.2033554, 27.2578558], [84.2028065, 27.2563382], [84.201192, 27.2559184], [84.2002233, 27.2550143], [84.2004171, 27.2528832], [84.2000619, 27.2522697], [84.1981245, 27.2513979], [84.1978016, 27.250623], [84.1989963, 27.2478784], [84.1955971, 27.2436676], [84.1892767, 27.2416085], [84.1881614, 27.2419231], [84.1880355, 27.2432901], [84.1865026, 27.2429241], [84.1859592, 27.2418087], [84.1839001, 27.2410365], [84.1832423, 27.2399783], [84.1833281, 27.2387486], [84.182127, 27.238291], [84.1813548, 27.2361461], [84.1801822, 27.2354025], [84.1784663, 27.2352309], [84.1773509, 27.2342013], [84.1777227, 27.2325712], [84.1769219, 27.2309982], [84.1774367, 27.2304262], [84.1769505, 27.2283099], [84.1772365, 27.2272517], [84.1758923, 27.2251354], [84.1760925, 27.2237055], [84.1740048, 27.219959], [84.1723175, 27.2195014], [84.1713451, 27.2186434], [84.1717169, 27.2178426], [84.1712307, 27.2173565], [84.1712879, 27.2149255], [84.1718313, 27.2150971], [84.1722031, 27.2140676], [84.1740048, 27.213753], [84.1747198, 27.212466], [84.1735758, 27.2115508], [84.1733756, 27.2106643], [84.1705157, 27.2098349], [84.1700867, 27.2101495], [84.1694861, 27.2096633], [84.1675128, 27.2074612], [84.1670838, 27.2060598], [84.167427, 27.2054878], [84.1659399, 27.2040007], [84.166569, 27.2019415], [84.1670266, 27.2017127], [84.1661401, 27.2013695], [84.1668264, 27.2006546], [84.1659685, 27.1973943], [84.1671124, 27.1958499], [84.1669694, 27.1952779], [84.1676844, 27.1946488], [84.167856, 27.1935906], [84.1666262, 27.1927898], [84.1665404, 27.1921892], [84.166855, 27.1912455], [84.168285, 27.1902445], [84.1683708, 27.1887287], [84.1662259, 27.188214], [84.1657397, 27.1875848], [84.1645957, 27.1875848], [84.1640523, 27.1870128], [84.1637091, 27.185783], [84.1646243, 27.1834665], [84.1622506, 27.1816076], [84.1620504, 27.1796628], [84.1611924, 27.1790908], [84.159934, 27.1790622], [84.1596195, 27.1763453], [84.1585327, 27.1745722], [84.1565594, 27.1756875], [84.155158, 27.1752014], [84.1551866, 27.1730564], [84.1535278, 27.17237], [84.1534134, 27.1711117], [84.1512399, 27.1690526], [84.1522695, 27.1687666], [84.1528701, 27.1676226], [84.1527557, 27.1657351], [84.1515545, 27.1656207], [84.1514401, 27.166593], [84.1509825, 27.1666216], [84.1489234, 27.1655635], [84.1486374, 27.1641335], [84.147379, 27.1625606], [84.1458347, 27.1627607], [84.1467213, 27.1640477], [84.1459205, 27.1646769], [84.1434324, 27.1612164], [84.143461, 27.160387], [84.1443189, 27.159529], [84.1421454, 27.1597006], [84.142031, 27.1584423], [84.1413446, 27.1584423], [84.1400577, 27.1586425], [84.1394285, 27.1597292], [84.1385705, 27.159672], [84.1377983, 27.1585853], [84.1385133, 27.1579561], [84.1383703, 27.1575271], [84.135396, 27.1564403], [84.134967, 27.1551534], [84.1335228, 27.155101], [84.132722, 27.1531562], [84.13215, 27.1537663], [84.1311967, 27.1533087], [84.1311586, 27.1517072], [84.1302434, 27.1502963], [84.1297858, 27.1511733], [84.128985, 27.1509827], [84.1287181, 27.1488091], [84.126659, 27.1483516], [84.126659, 27.1474745], [84.1260489, 27.1468644], [84.1264302, 27.1462543], [84.125515, 27.1462924], [84.1241423, 27.1446146], [84.1240279, 27.1437376], [84.1223119, 27.1441952], [84.1209773, 27.1436994], [84.1206722, 27.1439664], [84.1212061, 27.1447671], [84.1196808, 27.1439664], [84.1199859, 27.1429749], [84.1214349, 27.1414115], [84.1217018, 27.1397718], [84.1204053, 27.1387423], [84.1198715, 27.1363399], [84.1186894, 27.1354629], [84.1186131, 27.1343952], [84.1176979, 27.1335944], [84.1170878, 27.1314972], [84.1153337, 27.130887], [84.1156007, 27.1284847], [84.1134271, 27.1273026], [84.1134271, 27.1263874], [84.1184224, 27.1222692], [84.1184987, 27.1209345], [84.1173929, 27.1196762], [84.1205578, 27.1194093], [84.1207866, 27.1178458], [84.1191469, 27.117312], [84.1201002, 27.1159392], [84.1196045, 27.114719], [84.1218925, 27.1149859], [84.1222357, 27.1140326], [84.122617, 27.1145665], [84.1229983, 27.1139564], [84.1226551, 27.1133081], [84.1233034, 27.1125455], [84.124066, 27.1120879], [84.1253244, 27.1125455], [84.1258201, 27.1119735], [84.1258963, 27.1111727], [84.1253244, 27.1107151], [84.1263921, 27.1088467], [84.1287181, 27.1086179], [84.128985, 27.1073214], [84.1296714, 27.106635], [84.1315018, 27.1067113], [84.1313874, 27.1058723], [84.1307391, 27.1054529], [84.1316162, 27.1036226], [84.1308916, 27.0999237], [84.1291376, 27.1003813], [84.1282224, 27.0995424], [84.1268115, 27.0994661], [84.1262395, 27.0987798], [84.1228458, 27.0987035]]}}, {"type": "Feature", "properties": {"name": "Harha", "layer": "minor", "sub_basin": "Gandak and others", "kind": "river"}, "geometry": {"type": "LineString", "coordinates": [[84.0891223, 27.2422022], [84.0871926, 27.2414901], [84.0868939, 27.2399509], [84.0857912, 27.2387793], [84.083494, 27.2382509], [84.0821845, 27.236482], [84.0821386, 27.2350577], [84.0800021, 27.2334267], [84.0798643, 27.2325537], [84.0791751, 27.2319564], [84.0793129, 27.231497], [84.0798183, 27.2315429], [84.0798183, 27.2308997], [84.0787386, 27.2294754], [84.0785319, 27.2269713], [84.0778197, 27.2264889], [84.0765103, 27.2269713], [84.07419, 27.2258457], [84.0720536, 27.225593], [84.0718009, 27.224743], [84.0709509, 27.2241916], [84.0714793, 27.2233417], [84.0709509, 27.2225376], [84.0714793, 27.2208836], [84.070882, 27.2207457], [84.070882, 27.2216187], [84.0701469, 27.2219403], [84.0692777, 27.2204509], [84.0692165, 27.2192257], [84.0680831, 27.2194095], [84.0677768, 27.2182456], [84.0669805, 27.2188582], [84.0664904, 27.2181843], [84.0635499, 27.2171429], [84.0641931, 27.2160402], [84.0636294, 27.2151025], [84.0607665, 27.2152782], [84.0599102, 27.2147951], [84.0589337, 27.2107671], [84.0573774, 27.2090379], [84.0584273, 27.2078398], [84.0582667, 27.2071357], [84.0559816, 27.2065429], [84.0549877, 27.2048047], [84.0537954, 27.2038255], [84.0537337, 27.2033191], [84.0547094, 27.2023804], [84.0533384, 27.2008364], [84.0530296, 27.1989713], [84.0539807, 27.1982673], [84.0556235, 27.1987984], [84.0563275, 27.1984649], [84.0571427, 27.1970568], [84.0565745, 27.1950559], [84.057328, 27.1925114], [84.0582049, 27.1919926], [84.0605263, 27.192985], [84.0610211, 27.1927955], [84.0613416, 27.1922136], [84.0610781, 27.1895566], [84.0627908, 27.1878], [84.0654698, 27.1873608], [84.0679291, 27.187756], [84.0691149, 27.1871632], [84.070081, 27.1858237], [84.0709594, 27.1856041], [84.071662, 27.1859115], [84.0756585, 27.1856261], [84.0805552, 27.1842646], [84.0827511, 27.1844184], [84.0860229, 27.1825519], [84.0863303, 27.1804], [84.0875655, 27.1798705], [84.0885939, 27.1800612], [84.0893166, 27.1795216], [84.0897338, 27.1767768], [84.0889873, 27.1744712], [84.0889214, 27.1720557], [84.0890312, 27.1711774], [84.0903926, 27.1702552], [84.0904146, 27.1693988], [84.089141, 27.1681911], [84.089119, 27.1652486], [84.0884383, 27.1638433], [84.0873843, 27.1635798], [84.0848152, 27.1645679], [84.0842442, 27.1623282], [84.0844199, 27.1614498], [84.0878015, 27.1584635], [84.0889433, 27.1560041], [84.0860887, 27.1528201], [84.0862864, 27.1509317], [84.0847054, 27.1490653], [84.0847054, 27.1477258], [84.0869012, 27.1467816], [84.0871867, 27.1461887], [84.0854739, 27.1443003], [84.0860668, 27.1417092], [84.0853202, 27.1406991], [84.0850567, 27.1390742], [84.0858692, 27.1366807], [84.0885261, 27.1366587], [84.0903267, 27.1346825], [84.090173, 27.1331673], [84.0908757, 27.1313667], [84.0941914, 27.1299175], [84.0952235, 27.1281608], [84.0952674, 27.1272166], [84.0935107, 27.1265578], [84.0933708, 27.1260827], [84.09496, 27.124362], [84.0968484, 27.1240326], [84.0992638, 27.1215074], [84.0999006, 27.1199264], [84.0992858, 27.1171157], [84.1010205, 27.1161495], [84.1034798, 27.1165887], [84.1046656, 27.1146124], [84.1067956, 27.1141952], [84.1079813, 27.112746], [84.1099795, 27.1116481], [84.1114508, 27.1096718], [84.1132074, 27.1087715], [84.1161718, 27.1045335], [84.1175332, 27.1037869], [84.1206733, 27.1003175], [84.1224739, 27.0992635], [84.1228458, 27.0987035], [84.1218151, 27.0966943], [84.1240988, 27.0927857], [84.1232205, 27.0896896], [84.1235718, 27.0888552], [84.1267558, 27.0862421], [84.127173, 27.0815211], [84.1289956, 27.0787982], [84.128776, 27.0774368], [84.1267575, 27.0754317]]}}, {"type": "Feature", "properties": {"name": "Bari Gandak Or Narayni", "layer": "minor", "sub_basin": "Gandak and others", "kind": "river"}, "geometry": {"type": "MultiLineString", "coordinates": [[[84.1342772, 27.0369932], [84.1360615, 27.0264426], [84.1362324, 27.0212986], [84.1367874, 27.0185469], [84.1383161, 27.0154656], [84.1518776, 27.0055588], [84.1575435, 27.0033715], [84.1602869, 27.0011093], [84.1655234, 26.999298], [84.1740431, 26.9971865], [84.177183, 26.9946093], [84.1781651, 26.9924847], [84.1779564, 26.9912887], [84.1743239, 26.9823561], [84.1716131, 26.9792165], [84.1722637, 26.9767175], [84.1746687, 26.9730771], [84.181389, 26.9669132], [84.1952832, 26.9583372]], [[84.1414107, 27.0414233], [84.1399772, 27.0387241], [84.1363653, 27.0379433], [84.1342772, 27.0369932]], [[84.1343944, 27.0419433], [84.1342772, 27.0369932]], [[84.1343944, 27.0419433], [84.1335716, 27.0421029], [84.1282171, 27.0482787], [84.1277767, 27.0512885], [84.1286576, 27.05283], [84.1341632, 27.057308], [84.1375014, 27.0612184]], [[84.1355823, 27.0480772], [84.1343944, 27.0419433]], [[84.1355823, 27.0480772], [84.1384141, 27.0457354], [84.1414107, 27.0414233]], [[84.1413866, 27.0481386], [84.1414107, 27.0414233]], [[84.1357098, 27.0530004], [84.1355823, 27.0480772]], [[84.1357098, 27.0530004], [84.137324, 27.051019], [84.1413866, 27.0481386]], [[84.1357098, 27.0530004], [84.1356925, 27.0576536], [84.137037, 27.0592908], [84.1375014, 27.0612184]], [[84.1401564, 27.0578415], [84.1408931, 27.0566909], [84.1413866, 27.0481386]], [[84.1401564, 27.0578415], [84.1375014, 27.0612184]], [[84.1112556, 27.0705732], [84.1210368, 27.0756891], [84.1227079, 27.0758886], [84.1266139, 27.0754736], [84.1299768, 27.0742998], [84.1335302, 27.0743315], [84.1372046, 27.0753784], [84.1385586, 27.0748197], [84.1392282, 27.0736262]], [[84.1392282, 27.0736262], [84.1397168, 27.0720155], [84.1396533, 27.0680814], [84.1375014, 27.0612184]], [[84.1392282, 27.0736262], [84.1440725, 27.0707539], [84.1458629, 27.0690038], [84.1473912, 27.0658982], [84.1478271, 27.0626267], [84.1468992, 27.0608509], [84.1453848, 27.0595868], [84.1422977, 27.0590843], [84.1401564, 27.0578415]], [[84.0745873, 27.102676], [84.0750429, 27.1015689], [84.0749666, 27.0997772], [84.0717877, 27.094882], [84.0708179, 27.0901025], [84.0842991, 27.0668247], [84.0881465, 27.0660558], [84.0904222, 27.0618609], [84.0921874, 27.0607811], [84.0942039, 27.0601204], [84.0982195, 27.0603504], [84.1023216, 27.0611558], [84.1066981, 27.0630791], [84.1083718, 27.067536], [84.1104284, 27.0701887], [84.1112556, 27.0705732]], [[84.0745873, 27.102676], [84.0769469, 27.1017289], [84.0855369, 27.0916781], [84.0919331, 27.0877656], [84.0947769, 27.0866212], [84.0965171, 27.0849703], [84.0972603, 27.0835886], [84.0971249, 27.082765], [84.0929018, 27.0799313], [84.0933043, 27.0780963], [84.0941487, 27.0773202], [84.0983795, 27.0762126], [84.1004566, 27.0740664], [84.1018465, 27.0708432], [84.1026133, 27.0701907], [84.1068352, 27.0713213], [84.1085227, 27.0739046], [84.1093252, 27.0743459], [84.1101606, 27.0741294], [84.1112556, 27.0705732]], [[84.0711534, 27.1090648], [84.0730722, 27.1061933], [84.0745873, 27.102676]], [[84.058072, 27.1156302], [84.0628708, 27.1143874], [84.0655173, 27.112154], [84.0711534, 27.1090648]], [[84.0444774, 27.1218329], [84.0477381, 27.1172098], [84.0519782, 27.1154952], [84.0541698, 27.1151712], [84.058072, 27.1156302]], [[84.0444774, 27.1218329], [84.0474152, 27.1228337], [84.0530852, 27.1216174], [84.053616, 27.1212145], [84.0544379, 27.118031], [84.0556932, 27.1164904], [84.058072, 27.1156302]], [[84.0407951, 27.1229783], [84.0444774, 27.1218329]], [[84.0407951, 27.1229783], [84.0475931, 27.1250889]], [[84.0475931, 27.1250889], [84.0495957, 27.125123], [84.0570883, 27.1214028], [84.0627665, 27.1214996], [84.0696034, 27.1143292], [84.0709972, 27.1111916], [84.0711534, 27.1090648]], [[84.0167832, 27.1592886], [84.0167612, 27.1567853], [84.015031, 27.1536915], [84.0155821, 27.1492259], [84.0103839, 27.1492453], [84.0089171, 27.1487025], [84.0084828, 27.1478744], [84.0088021, 27.1463702], [84.0115307, 27.1423965], [84.0130113, 27.1338206], [84.0142596, 27.1320374], [84.0160503, 27.1306416], [84.0188804, 27.1294065], [84.0232187, 27.1283326], [84.0325269, 27.1276274], [84.0407951, 27.1229783]], [[84.0167832, 27.1592886], [84.0248581, 27.1558043], [84.0302213, 27.1424164], [84.0320124, 27.1410326], [84.0346845, 27.1395655], [84.0403992, 27.1375945], [84.0429781, 27.1374675], [84.0488295, 27.1387331], [84.0508767, 27.1379241], [84.0505198, 27.1359491], [84.0483783, 27.1329748], [84.0473789, 27.1300243], [84.0475931, 27.1250889]], [[83.85931395095756, 27.4], [83.8592996, 27.3829598], [83.8565695, 27.3557833], [83.8475921, 27.3453292], [83.84301, 27.3390768], [83.8421016, 27.3360834], [83.8422218, 27.3303366], [83.841655, 27.3274768], [83.8422163, 27.3255747], [83.841077, 27.3167988], [83.8399438, 27.3135676], [83.8362998, 27.3072447], [83.8329194, 27.3028432], [83.8326936, 27.2990061], [83.8315596, 27.2975258], [83.8294215, 27.2970427], [83.8279144, 27.2976144], [83.8264322, 27.2972126], [83.8248433, 27.2915116], [83.8274228, 27.2813087], [83.82737, 27.2793004], [83.828359, 27.2746451], [83.8280229, 27.2689622], [83.8294872, 27.2616304], [83.8366229, 27.2564467], [83.8432671, 27.2565766], [83.8452548, 27.257501], [83.8481513, 27.2596679], [83.8505412, 27.2630631], [83.8521997, 27.2638982], [83.8555675, 27.2636699], [83.8613314, 27.2599293], [83.8638966, 27.2601583], [83.8736508, 27.2587514], [83.8770368, 27.2573548], [83.880099, 27.2578145], [83.8833807, 27.2565663], [83.8850687, 27.2543844], [83.8874045, 27.2444871], [83.8904665, 27.2405444], [83.8903081, 27.2393808], [83.8894653, 27.2385261], [83.8866547, 27.2371035], [83.8862892, 27.2361236], [83.8865907, 27.2353135], [83.8880528, 27.2344216], [83.892491, 27.2334167], [83.8960838, 27.2292393], [83.901789, 27.2265832], [83.9039933, 27.2261565], [83.9075335, 27.2236316], [83.9106305, 27.2221684], [83.9172526, 27.2206641], [83.9246036, 27.2161295], [83.9256931, 27.214424], [83.9259747, 27.2103673], [83.9287786, 27.2060651], [83.9414851, 27.2017952], [83.9449839, 27.198424], [83.948353, 27.1974275], [83.95409, 27.1938783], [83.9611633, 27.1921803], [83.9631583, 27.1881532], [83.967403, 27.1828748], [83.9753458, 27.1794979], [83.9800003, 27.1801395], [83.9838161, 27.1783604], [83.9895551, 27.1777551], [83.9932777, 27.1767851], [84.0039455, 27.1694914], [84.0110236, 27.166295], [84.0167832, 27.1592886]]]}}, {"type": "Feature", "properties": {"name": "Balor", "layer": "minor", "sub_basin": "Gandak and others", "kind": "river"}, "geometry": {"type": "LineString", "coordinates": [[84.3465734, 27.372534], [84.343603, 27.3685146], [84.3429527, 27.3670987], [84.3431536, 27.36605], [84.3424368, 27.3656365], [84.3422344, 27.3647507], [84.3398086, 27.3641044], [84.3392483, 27.3619491], [84.3380893, 27.3605757], [84.3371299, 27.3603029], [84.3356887, 27.3580189], [84.335655, 27.3565139], [84.3361467, 27.3557309], [84.3352714, 27.3551724], [84.336067, 27.3536522], [84.3372774, 27.3531395], [84.3378003, 27.3520224], [84.338792, 27.3518656], [84.3436731, 27.3488117], [84.3440333, 27.3478601], [84.3429435, 27.3452932], [84.3435471, 27.3441292], [84.3431261, 27.3435994], [84.3431949, 27.3424298], [84.3409381, 27.3411644], [84.3397346, 27.3391217], [84.3377501, 27.3395309], [84.3373952, 27.3380464], [84.3363153, 27.3364824], [84.3361413, 27.3348495], [84.3345218, 27.3330693], [84.3339195, 27.3304058], [84.3311355, 27.3301783], [84.3302655, 27.3294823], [84.3300514, 27.3272872], [84.3316307, 27.3251993], [84.3345619, 27.3251993], [84.335713, 27.3225357], [84.3357799, 27.3211973], [84.3355746, 27.3203724], [84.3328219, 27.3200462], [84.331778, 27.3193904], [84.3325007, 27.3168607], [84.3342541, 27.3142909], [84.3342541, 27.3133138], [84.3328889, 27.31318], [84.3311221, 27.3142374], [84.3296498, 27.3141704], [84.3301183, 27.3126446], [84.3297703, 27.311614], [84.3317378, 27.3111322], [84.332233, 27.3104496], [84.3301718, 27.3096867], [84.3302655, 27.3091111], [84.3321527, 27.3085891], [84.3333975, 27.307679], [84.3345084, 27.3051359], [84.3340801, 27.3026866], [84.3307473, 27.2966368], [84.3310017, 27.2960746], [84.3320992, 27.2961282], [84.332581, 27.2956463], [84.3327806, 27.2916352], [84.3301049, 27.2904398], [84.3296766, 27.2892352], [84.3326747, 27.2850592], [84.3331164, 27.2809368], [84.3354185, 27.2788087], [84.3390725, 27.2764664], [84.3410266, 27.2738698], [84.3444397, 27.2718621], [84.344105, 27.2713134], [84.3429808, 27.2715677], [84.3420438, 27.271126], [84.3410802, 27.2703631], [84.3409463, 27.2696136], [84.3429138, 27.2686097], [84.3435697, 27.267646], [84.3435295, 27.2663879], [84.3423383, 27.2657321], [84.3426328, 27.2649959], [84.3435429, 27.2644873], [84.3447341, 27.2616766], [84.3482007, 27.2624261], [84.349847, 27.2614089], [84.3498738, 27.2607798], [84.3482542, 27.259254], [84.3482275, 27.2566708], [84.3493919, 27.2565503], [84.3518948, 27.2578486], [84.3534742, 27.2567377], [84.3541166, 27.2549174], [84.3532333, 27.253753], [84.3533002, 27.2527357], [84.3564054, 27.2486802], [84.3563786, 27.247034], [84.355696, 27.2463647], [84.3559369, 27.2452003], [84.3571148, 27.2443303], [84.3593366, 27.2453877], [84.3602869, 27.2431525], [84.3604207, 27.2421085], [84.3597916, 27.2411849], [84.3600058, 27.2375845], [84.3606215, 27.2376648], [84.3609829, 27.2388025], [84.3620001, 27.239271], [84.363459, 27.2375845], [84.3641684, 27.2349478], [84.3647573, 27.2350415], [84.3646368, 27.2362862], [84.3652793, 27.2363398], [84.3665374, 27.2349076], [84.367742, 27.2355769], [84.3692946, 27.2344793], [84.3691206, 27.2313875], [84.3685986, 27.2311198], [84.3678357, 27.232204], [84.3673806, 27.2316686], [84.3660288, 27.2286972], [84.3659351, 27.2274123], [84.364851, 27.2257527], [84.3650384, 27.2252574], [84.3667917, 27.2247488], [84.3652525, 27.2228047], [84.3647707, 27.2213893], [84.3633954, 27.221841], [84.3634155, 27.2211183], [84.3643591, 27.2202048], [84.3636163, 27.2193616], [84.3629236, 27.2199438], [84.3628835, 27.2183979], [84.3611267, 27.2165107], [84.3635058, 27.2164605], [84.3637568, 27.2159987], [84.362231, 27.2132583], [84.3622711, 27.2098653], [84.3610665, 27.2090221], [84.3604743, 27.2078978], [84.3632649, 27.2080182], [84.3631545, 27.2070947], [84.3640881, 27.2058198], [84.3646803, 27.2027581], [84.365915, 27.2019551], [84.36722, 27.2025975], [84.3682339, 27.2023767], [84.3695489, 27.2004192], [84.3707435, 27.1997667], [84.3700107, 27.1989436], [84.3701412, 27.1984115], [84.3721736, 27.1974911], [84.3717574, 27.1953097], [84.3696794, 27.1949784], [84.3701613, 27.191716], [84.3726809, 27.1916055], [84.3736245, 27.1903106], [84.3736446, 27.189889], [84.3722392, 27.19015], [84.3717875, 27.1881222], [84.3726508, 27.1858335], [84.3751704, 27.1855624], [84.374926, 27.1841222], [84.3770676, 27.1847694], [84.3766661, 27.1838358], [84.378995, 27.1817178], [84.3787742, 27.1809147], [84.3779008, 27.1802722], [84.3784128, 27.1784653], [84.3800892, 27.1769696], [84.3798182, 27.1746708], [84.3809726, 27.1742291], [84.3818057, 27.1748114], [84.3842752, 27.1751627], [84.3845362, 27.1755241], [84.383191, 27.1770399], [84.385791, 27.1779032], [84.3865438, 27.177331], [84.3856806, 27.1762067], [84.3868651, 27.1743998], [84.3876481, 27.1742793], [84.3892029, 27.1795335], [84.3922757, 27.1814568], [84.3930085, 27.1791881], [84.3958293, 27.1788066], [84.3968131, 27.1781742], [84.3969436, 27.1769395], [84.3996897, 27.1768667], [84.4011195, 27.1762], [84.4016772, 27.1756389], [84.4015746, 27.1736703], [84.403502, 27.1731885], [84.4030737, 27.1707525], [84.4043318, 27.1688921], [84.4023643, 27.1666435], [84.399674, 27.1666703], [84.3999417, 27.1656932], [84.401588, 27.1653184], [84.4039437, 27.163806], [84.4058978, 27.164328], [84.404894, 27.1626817], [84.4055899, 27.1619322], [84.4084141, 27.1628958], [84.4099667, 27.1610488], [84.410917, 27.1622132], [84.4117736, 27.1623203], [84.4135136, 27.161022], [84.4132325, 27.159175], [84.4135537, 27.1581979], [84.4150528, 27.1594427], [84.41694, 27.1588671], [84.4176092, 27.1580507], [84.417462, 27.1562839], [84.4180107, 27.1546912], [84.4190949, 27.1536606], [84.4205806, 27.1531653], [84.4211159, 27.1513852], [84.4247967, 27.151064], [84.4262556, 27.1519072], [84.4312747, 27.1478249], [84.4340453, 27.14828], [84.4341524, 27.1512514], [84.4346342, 27.1517734], [84.4362538, 27.150194], [84.4382748, 27.1504884], [84.4401353, 27.1499932], [84.4409785, 27.1489091], [84.4406706, 27.1471289], [84.4424642, 27.1419224], [84.4395999, 27.1388306], [84.439533, 27.137104], [84.4380741, 27.1361135], [84.436053, 27.1356718], [84.4361467, 27.1349089], [84.4366285, 27.1340657], [84.4413198, 27.1314591], [84.444512, 27.1308166], [84.4487682, 27.1306761], [84.4484269, 27.1284375], [84.4457166, 27.1267411], [84.4453853, 27.1235489], [84.4476138, 27.1224346], [84.4482976, 27.1195625], [84.4492612, 27.1193841], [84.4508317, 27.1204548], [84.4513135, 27.1202942], [84.4538655, 27.1173496], [84.4539012, 27.1164216], [84.4522415, 27.1136555], [84.4530851, 27.1119457]]}}, {"type": "Feature", "properties": {"name": "Harbora", "layer": "minor", "sub_basin": "Gandak and others", "kind": "river"}, "geometry": {"type": "MultiLineString", "coordinates": [[[84.505504, 27.024534], [84.5057265, 27.0237082], [84.5080535, 27.0230079], [84.510339, 27.0150894], [84.5114799, 27.0150329], [84.5137391, 27.0160947], [84.5166761, 27.0147392], [84.5185964, 27.0126721], [84.5221885, 27.0128302], [84.5239619, 27.0123897], [84.5242217, 27.0093285], [84.5257241, 27.0087524], [84.5277461, 27.0088427], [84.5277461, 27.0072161], [84.5306378, 27.0064706], [84.5329648, 27.0046632], [84.5348173, 27.001907], [84.5337555, 26.9997495], [84.5367151, 26.9973774], [84.5373702, 26.9976259], [84.5371556, 26.9991282], [84.5380028, 27.0000206], [84.540951, 26.9998851], [84.5442721, 27.0003821], [84.5437298, 27.0026187], [84.5451531, 27.0050586], [84.5462515, 27.0047497], [84.5473772, 27.003058], [84.55, 27.00177696489179]], [[84.5087352, 27.0322609], [84.5077377, 27.031793], [84.5076277, 27.0302441], [84.5069104, 27.0295303], [84.5047392, 27.030905], [84.502851, 27.030985], [84.5025008, 27.0302188], [84.5029167, 27.0291024], [84.5049233, 27.0279256], [84.5055641, 27.0260398], [84.505504, 27.024534]], [[84.5087352, 27.0322609], [84.508991, 27.0314008], [84.5103466, 27.0306552], [84.5100529, 27.0290964], [84.5092734, 27.0282718], [84.5070594, 27.0290738], [84.5059186, 27.0288027], [84.5059298, 27.0274811], [84.5078727, 27.0268711], [84.5081439, 27.0263966], [84.505504, 27.024534]], [[84.4825106, 27.1605706], [84.4844931, 27.1597896], [84.4883694, 27.156926], [84.4884597, 27.1551488], [84.4874807, 27.1514588], [84.487797, 27.147091], [84.4881886, 27.1460518], [84.4907792, 27.1434311], [84.4920744, 27.1409912], [84.4930233, 27.1317737], [84.4918184, 27.1262763], [84.4907942, 27.1238214], [84.4888061, 27.1227068], [84.4855228, 27.1223905], [84.4847998, 27.1218785], [84.4852969, 27.1205982], [84.4879476, 27.1203874], [84.4887308, 27.1199958], [84.4887459, 27.1194988], [84.4876615, 27.1166974], [84.4843781, 27.1147093], [84.4833841, 27.1136249], [84.4829624, 27.1106578], [84.4830979, 27.1092571], [84.4838811, 27.108745], [84.4854023, 27.1090011], [84.4872548, 27.1100252], [84.4882338, 27.1099951], [84.4883844, 27.1095433], [84.4880531, 27.1086095], [84.4846191, 27.1066967], [84.484107, 27.1057478], [84.4859294, 27.1044375], [84.4865921, 27.1031121], [84.4867729, 27.1004463], [84.4855981, 27.0971479], [84.4871946, 27.0943917], [84.4846944, 27.0847223], [84.4866373, 27.0843458], [84.4898303, 27.0845265], [84.4925714, 27.0834271], [84.4927371, 27.0819812], [84.4898604, 27.0796617], [84.4890923, 27.0771314], [84.490749, 27.0752036], [84.4902972, 27.0734264], [84.4906888, 27.0725076], [84.4947252, 27.0725679], [84.4955235, 27.0719504], [84.4963217, 27.0702334], [84.4959602, 27.0689381], [84.4943487, 27.069149], [84.4926016, 27.0686821], [84.4922702, 27.0671308], [84.4898002, 27.0633203], [84.4894086, 27.0619798], [84.4903273, 27.0612268], [84.4924961, 27.0623865], [84.4944842, 27.062281], [84.4939872, 27.0609858], [84.4905532, 27.0579585], [84.4903123, 27.0571903], [84.4994347, 27.0541], [84.4989715, 27.0502989], [84.5011517, 27.0504344], [84.5028122, 27.0516205], [84.5036481, 27.0516205], [84.504179, 27.0489434], [84.5057604, 27.0466277], [84.5066561, 27.0467756], [84.5073418, 27.047938], [84.5080535, 27.0479267], [84.5098947, 27.0425611], [84.510019, 27.0409684], [84.5125719, 27.0378959], [84.5119647, 27.0371242], [84.5111147, 27.0376135], [84.5082568, 27.0376248], [84.5064382, 27.0363823], [84.5060767, 27.0349816], [84.5085053, 27.0351736], [84.509104, 27.0346992], [84.5087352, 27.0322609]], [[84.4821518, 27.162323], [84.4818623, 27.1617095], [84.4825106, 27.1605706]], [[84.4821518, 27.162323], [84.4787464, 27.1636368], [84.4760235, 27.1618025], [84.4763674, 27.1609999], [84.477084, 27.160742], [84.4802655, 27.1616018], [84.4807935, 27.1607516], [84.4825106, 27.1605706]], [[84.4947403, 27.1720626], [84.4918786, 27.170436], [84.4865469, 27.1706016], [84.4831431, 27.1696528], [84.4819231, 27.1679057], [84.4831394, 27.1643968], [84.4829219, 27.1628704], [84.4821518, 27.162323]], [[84.4962916, 27.1744423], [84.4947403, 27.1720626]], [[84.4962916, 27.1744423], [84.4996653, 27.1720927], [84.5002376, 27.1710987], [84.5000268, 27.1700444], [84.4988821, 27.1698636], [84.4961259, 27.1722283], [84.4947403, 27.1720626]], [[84.497617, 27.1789606], [84.4962916, 27.1744423]]]}}, {"type": "Feature", "properties": {"name": "Maniari", "layer": "minor", "sub_basin": "Gandak and others", "kind": "river"}, "geometry": {"type": "MultiLineString", "coordinates": [[[84.55, 27.187853804833626], [84.5467458, 27.1845956], [84.5447416, 27.1842375], [84.5438538, 27.1847375], [84.5448742, 27.1870076], [84.5449547, 27.1885591], [84.5442691, 27.1887832], [84.5428929, 27.1875093], [84.5416791, 27.1877441], [84.5409659, 27.1854372], [84.5333833, 27.1795024], [84.5315115, 27.1747118], [84.5313846, 27.1701749], [84.5301156, 27.1681762], [84.5307184, 27.1662092], [84.5305597, 27.1650036], [84.5295901, 27.1628046], [84.5274602, 27.1618136], [84.5298042, 27.1595566], [84.5303575, 27.1582181], [84.530179, 27.1557554], [84.5309227, 27.152629], [84.5306918, 27.1519866], [84.5292463, 27.1516151], [84.5287544, 27.1532514], [84.5280059, 27.1534097], [84.5258533, 27.1505009], [84.526305, 27.1500993], [84.5273089, 27.15027], [84.5284114, 27.1479907], [84.5290054, 27.1482423], [84.529176, 27.1501495], [84.529959, 27.1503704], [84.5298988, 27.1490654], [84.5317157, 27.1485334], [84.5324184, 27.1477604], [84.532057, 27.147138], [84.5272486, 27.1460639], [84.5268772, 27.1455118], [84.5271181, 27.1443574], [84.528393, 27.1440864], [84.5294169, 27.1447288], [84.5302051, 27.1437781], [84.5320671, 27.1432733], [84.5334323, 27.1435845], [84.5338338, 27.143213], [84.533285, 27.1419125], [84.5304118, 27.1401993], [84.5291626, 27.1389144], [84.5297337, 27.1382362], [84.5311792, 27.1383612], [84.5318038, 27.1377366], [84.5311435, 27.1368086], [84.5294303, 27.1359341], [84.5300192, 27.1315931], [84.5284056, 27.1312077], [84.5286272, 27.12992], [84.5303271, 27.1302011], [84.5293232, 27.1279659], [84.5295106, 27.1250615], [84.5300594, 27.1247804], [84.5309294, 27.1257842], [84.5308758, 27.1267613], [84.5315852, 27.1269353], [84.5325087, 27.1249678], [84.5322544, 27.1223444], [84.5345833, 27.1213272], [84.5358013, 27.1202297], [84.537287, 27.1198683], [84.5378893, 27.1136044], [84.5404457, 27.1131894], [84.5417861, 27.111818], [84.5421322, 27.1107267], [84.5419716, 27.1092946], [84.5402717, 27.1074341], [84.5409543, 27.1047706], [84.5403387, 27.1015717], [84.5406063, 27.1003939], [84.5451303, 27.0985201], [84.5470577, 27.096673], [84.5469506, 27.0963116], [84.5454783, 27.0962046], [84.5437517, 27.094759], [84.5439123, 27.0943173], [84.5445949, 27.0946921], [84.5467097, 27.0944244], [84.5452909, 27.0919483], [84.5467766, 27.0892045], [84.5457861, 27.0889368], [84.5449563, 27.0873842], [84.5442202, 27.0871567], [84.5433635, 27.0845735], [84.5408205, 27.0843058], [84.5393081, 27.0866882], [84.5384782, 27.0862733], [84.5385585, 27.0835429], [84.5401111, 27.0806518], [84.5387994, 27.0786575], [84.5408294, 27.0766722], [84.5405662, 27.0751909], [84.5385108, 27.0748079], [84.5380767, 27.0739596], [84.5408874, 27.0708544], [84.5460538, 27.0689672], [84.5460137, 27.0669327], [84.5430959, 27.0657281], [84.5446485, 27.0641621], [84.5460404, 27.0645503], [84.5476198, 27.0657415], [84.5478875, 27.0653801], [84.5473655, 27.0633992], [84.548115, 27.0623218], [84.5474625, 27.0618801], [84.544963, 27.0620507], [84.544963, 27.0613481], [84.5492795, 27.0599126], [84.55, 27.05903839286109]], [[84.55, 27.05705649891305], [84.5477938, 27.056098], [84.5475428, 27.0554555], [84.5481853, 27.0537289], [84.5468993, 27.0544316], [84.5457393, 27.053807], [84.5462033, 27.0518618], [84.5456857, 27.0509874], [84.5459356, 27.0502021], [84.547399, 27.0496668], [84.5467922, 27.0484175], [84.547506, 27.0467936], [84.5494156, 27.0463474], [84.55, 27.045689914051724]], [[84.55, 27.045081631260498], [84.5490765, 27.0441524], [84.5492315, 27.0422218], [84.55, 27.041522592979128]]]}}, {"type": "Feature", "properties": {"name": "Bhuraha", "layer": "minor", "sub_basin": "Gandak and others", "kind": "river"}, "geometry": {"type": "LineString", "coordinates": [[84.384726, 27.3724092], [84.3820911, 27.3718749], [84.3801363, 27.3704519], [84.3792333, 27.3652184], [84.3797174, 27.3639694], [84.378281, 27.3612381], [84.3750234, 27.3597421], [84.3740733, 27.3582098], [84.3731426, 27.3577824], [84.3704012, 27.3577543], [84.3683761, 27.356629], [84.3682641, 27.3560149], [84.3688296, 27.3559977], [84.3689215, 27.3550911], [84.3675898, 27.3546476], [84.3678182, 27.3535274], [84.3664225, 27.3518174], [84.363442, 27.3506403], [84.3637685, 27.3502138], [84.3646231, 27.3503181], [84.3642754, 27.3482367], [84.3651423, 27.3473858], [84.3652883, 27.346432], [84.3637486, 27.3455325], [84.3630746, 27.3438776], [84.3615856, 27.3431935], [84.3620191, 27.3427681], [84.3654764, 27.3422065], [84.3648725, 27.3392627], [84.3659154, 27.3392734], [84.3660589, 27.3405885], [84.3665931, 27.3406417], [84.3695202, 27.3397164], [84.3676652, 27.3383838], [84.3671719, 27.3372323], [84.3661588, 27.3369831], [84.3661944, 27.3383687], [84.3640149, 27.3373193], [84.3647459, 27.3366342], [84.365336, 27.3344191], [84.3673931, 27.3345835], [84.3673575, 27.3331979], [84.3662206, 27.3321831], [84.3664938, 27.3296543], [84.3672314, 27.3284438], [84.3675504, 27.3244346], [84.366323, 27.3169795], [84.3666644, 27.3159353], [84.3694156, 27.3139271], [84.3704398, 27.3115776], [84.3705, 27.3058744], [84.3700984, 27.3041875], [84.3704398, 27.3004925], [84.3696566, 27.2949499], [84.3700181, 27.293745], [84.3755204, 27.2865759], [84.3773479, 27.2816759], [84.381806, 27.2730006], [84.3875695, 27.2698277], [84.3883727, 27.2688839], [84.3883326, 27.2664138], [84.3890354, 27.2643655], [84.3884129, 27.2611926], [84.3916661, 27.2589836], [84.3998091, 27.2581817], [84.4002209, 27.2571763], [84.4, 27.2560919], [84.4043979, 27.2480391], [84.4147902, 27.2415778], [84.4158143, 27.2404934], [84.4170522, 27.2373092], [84.4210255, 27.2342129], [84.422366, 27.2337008], [84.4237366, 27.2340321], [84.4237215, 27.2357039], [84.425171, 27.2368471], [84.4267338, 27.2363214], [84.4282098, 27.2341677], [84.4296707, 27.233505], [84.434415, 27.2373155], [84.4354325, 27.2374678], [84.4355931, 27.2363968], [84.4361822, 27.2361826], [84.4376013, 27.2372803], [84.4444023, 27.239824], [84.4478296, 27.2375213], [84.4512301, 27.2386191], [84.450882, 27.2363164], [84.4512568, 27.2350044], [84.4547377, 27.2336924], [84.4552435, 27.2328558], [84.4562639, 27.2323804], [84.4583791, 27.2283373], [84.4615922, 27.2242942], [84.4631184, 27.2233035], [84.465874, 27.2228398], [84.466867, 27.2221789], [84.4667063, 27.2207866], [84.4656889, 27.2187784], [84.4659031, 27.2167167], [84.4701336, 27.2107725], [84.46842, 27.2034896], [84.4672602, 27.20114], [84.4669741, 27.1943591], [84.4662512, 27.1936629], [84.4645911, 27.1933149], [84.4605212, 27.1939039], [84.4593089, 27.1936879], [84.4593698, 27.192699], [84.4622884, 27.1884685], [84.4627971, 27.1867281], [84.4613244, 27.1839702], [84.4585398, 27.1829259], [84.4592895, 27.1812391], [84.458995, 27.1799003], [84.4518191, 27.1779457], [84.4493825, 27.1769282], [84.4479367, 27.1753752], [84.4487132, 27.1743042], [84.4554338, 27.1724835], [84.455889, 27.1717873], [84.4556748, 27.1694846], [84.4524082, 27.1660038], [84.4536934, 27.1639153], [84.4510159, 27.1619607], [84.4504062, 27.1602346], [84.4524082, 27.1589618], [84.4555409, 27.1582121], [84.4568262, 27.1571678], [84.4571475, 27.1559629], [84.4562906, 27.1541154], [84.4562103, 27.151304], [84.4599589, 27.1472876], [84.4600124, 27.1451991], [84.4610299, 27.1426822], [84.4633326, 27.1402992], [84.4665203, 27.1390403], [84.4672419, 27.1378091], [84.4671883, 27.1361758], [84.4654747, 27.1345157], [84.465073, 27.1324807], [84.4654747, 27.131731], [84.468661, 27.1306065], [84.4678845, 27.1269114], [84.4674561, 27.1261082], [84.4625026, 27.1227612], [84.4595037, 27.1221989], [84.4591021, 27.1214492], [84.4599589, 27.1162012], [84.4588879, 27.1145411], [84.4564513, 27.1127204], [84.451953, 27.1117029], [84.4504, 27.110498], [84.4508284, 27.1087308], [84.4515781, 27.1080882], [84.4551125, 27.1073653], [84.4543628, 27.1043664], [84.4544164, 27.1025189], [84.4562906, 27.0983687], [84.4559158, 27.0972709], [84.4548715, 27.0966283], [84.4508016, 27.0976457], [84.4506678, 27.0969228], [84.4519262, 27.0936829], [84.4489274, 27.0913535], [84.447535, 27.0883814], [84.4476689, 27.0842044], [84.4504268, 27.0802952], [84.4478028, 27.0772963], [84.4485257, 27.0736548], [84.4477225, 27.0728515], [84.4399843, 27.0690762], [84.437039, 27.0671216], [84.4356734, 27.0651937], [84.4336653, 27.0639353], [84.4297639, 27.0651152], [84.4277211, 27.0628107], [84.4271053, 27.0613916], [84.4265965, 27.0551529], [84.4250435, 27.0541354], [84.416718, 27.0513616], [84.4163415, 27.0508688], [84.4162879, 27.0491552], [84.4175732, 27.0473076], [84.4231157, 27.0450317], [84.4240796, 27.0436126], [84.4237583, 27.0427558], [84.4230889, 27.042488], [84.419742, 27.0427022], [84.4184032, 27.0420864], [84.4179212, 27.0409618], [84.4182425, 27.039516], [84.4229015, 27.0376417], [84.4230622, 27.0366777], [84.4189655, 27.0354728], [84.4169573, 27.0340002], [84.4170376, 27.0332772], [84.4173322, 27.0328221], [84.4215359, 27.0316707], [84.4273462, 27.031162], [84.4278014, 27.0307068], [84.4274533, 27.0296893], [84.4260878, 27.0291538], [84.4206256, 27.0299035], [84.4198759, 27.0288057], [84.4194474, 27.0267976], [84.4133426, 27.0236648], [84.4116022, 27.0200769], [84.408282, 27.0175868], [84.4080365, 27.0171545], [84.4086837, 27.016489], [84.4098618, 27.0161676], [84.4125394, 27.0165425], [84.4166092, 27.016248], [84.416877, 27.0153108], [84.4145208, 27.0089192]]}}, {"type": "Feature", "properties": {"name": "Kataha", "layer": "minor", "sub_basin": "Gandak and others", "kind": "river"}, "geometry": {"type": "LineString", "coordinates": [[84.4333564, 27.3695128], [84.4335392, 27.3676947], [84.4319961, 27.3652721], [84.4292635, 27.3590978], [84.4300386, 27.3574145], [84.4277648, 27.3530932], [84.4282578, 27.3509901], [84.4261906, 27.3498585], [84.4268699, 27.3494085], [84.426308, 27.3488036], [84.4264881, 27.3484364], [84.4299623, 27.3478562], [84.4292058, 27.3468595], [84.4297969, 27.3457763], [84.4279228, 27.3454999], [84.4270687, 27.3444884], [84.4286792, 27.344017], [84.426911, 27.3429679], [84.4279358, 27.3418459], [84.4270167, 27.3409054], [84.4275428, 27.3398788], [84.4264723, 27.338206], [84.4259013, 27.3376701], [84.4255379, 27.338512], [84.4246034, 27.3388181], [84.4240986, 27.3381109], [84.4245298, 27.3369831], [84.4243601, 27.3351329], [84.4265243, 27.3352975], [84.4260517, 27.3345907], [84.4269333, 27.333367], [84.4254828, 27.3338829], [84.4258307, 27.3329979], [84.4251297, 27.3325897], [84.4240449, 27.3333815], [84.4237469, 27.3328197], [84.424415, 27.3319951], [84.4240055, 27.3313749], [84.4254012, 27.330099], [84.426, 27.3283853], [84.4300432, 27.3258369], [84.4309268, 27.3244914], [84.4305051, 27.3234874], [84.4279548, 27.3213185], [84.4276535, 27.3198927], [84.4281556, 27.3178243], [84.4302039, 27.3165793], [84.4305159, 27.3147712], [84.4311535, 27.3139324], [84.4334973, 27.3145108], [84.4342002, 27.3142498], [84.435385, 27.3126834], [84.4379416, 27.312342], [84.4382767, 27.3084663], [84.4378349, 27.3068798], [84.4383571, 27.3060163], [84.4422328, 27.3050725], [84.4435181, 27.3035011], [84.4456869, 27.3022158], [84.4497757, 27.3010188], [84.4522194, 27.3010744], [84.4528084, 27.3023328], [84.4532636, 27.3024131], [84.4552718, 27.3018776], [84.45683, 27.29969], [84.4591505, 27.2981549], [84.4594004, 27.2964412], [84.4569728, 27.2934781], [84.457187, 27.2920857], [84.4575797, 27.291336], [84.4614711, 27.2883729], [84.4613997, 27.2849813], [84.4636237, 27.2812372], [84.4647684, 27.2750922], [84.4660787, 27.2717938], [84.4645876, 27.268661], [84.4670577, 27.2610551], [84.4686542, 27.2585549], [84.4684132, 27.2558439], [84.4662143, 27.2526509], [84.4667866, 27.2506929], [84.4657323, 27.2499248], [84.4666059, 27.2489308], [84.4658227, 27.2446082], [84.4664251, 27.2429816], [84.4663046, 27.2419725], [84.4675848, 27.2405115], [84.46885, 27.2398488], [84.4696633, 27.2400145], [84.4700097, 27.2409935], [84.4714405, 27.2393367], [84.4730521, 27.2402254], [84.4744829, 27.2396229], [84.4766367, 27.2398338], [84.4770734, 27.2394271], [84.4767571, 27.2378758], [84.4757029, 27.236701], [84.4741064, 27.2369269], [84.4720128, 27.2380716], [84.4710489, 27.2377704], [84.4707326, 27.2360233], [84.4726153, 27.2345473], [84.4729316, 27.2337641], [84.473037, 27.2266552], [84.4711694, 27.2241701], [84.4699043, 27.2238538], [84.4675257, 27.224278], [84.4666059, 27.2233869], [84.4663701, 27.2224437]]}}, {"type": "Feature", "properties": {"name": "Pandai", "layer": "minor", "sub_basin": "Gandak and others", "kind": "river"}, "geometry": {"type": "LineString", "coordinates": [[84.55, 27.3139715186506], [84.5414151, 27.3126343], [84.536957, 27.3125942], [84.5354308, 27.3115901], [84.5341656, 27.3078147], [84.5348283, 27.3025132], [84.5331291, 27.2986516], [84.5319394, 27.2977909], [84.531294, 27.2960469], [84.5314345, 27.293617], [84.5334016, 27.2906048], [84.5333423, 27.2866286], [84.5321173, 27.2806241], [84.5294866, 27.2765676], [84.5268157, 27.2739369], [84.5256108, 27.2731939], [84.5229338, 27.2727253], [84.521949, 27.2713678], [84.5222971, 27.2703727], [84.5251076, 27.2704088], [84.5260316, 27.2699882], [84.5266457, 27.2686716], [84.5262972, 27.2673827], [84.5251632, 27.2660507], [84.5237821, 27.2653387], [84.5173472, 27.2640116], [84.5142898, 27.2627012], [84.5123619, 27.2615415], [84.5110817, 27.2600203], [84.5107956, 27.2585745], [84.5118197, 27.2577612], [84.5154595, 27.2583494], [84.517285, 27.2579468], [84.5178077, 27.2567351], [84.5173391, 27.254792], [84.516539, 27.2535411], [84.5114281, 27.2519626], [84.5076026, 27.2495377], [84.5060513, 27.2470074], [84.5059007, 27.2458628], [84.5064579, 27.2454561], [84.5074068, 27.2458176], [84.5089882, 27.2455615], [84.5094551, 27.2443566], [84.5090033, 27.2416757], [84.5074369, 27.2377297], [84.5044096, 27.2337234], [84.5021956, 27.2320064], [84.4996352, 27.230681], [84.4965878, 27.2305266], [84.4969392, 27.2274428], [84.4980688, 27.224521], [84.4991532, 27.222804], [84.5022709, 27.2201532], [84.5021655, 27.2195809], [84.5004786, 27.2185115], [84.4993038, 27.2170204], [84.497135, 27.2130744], [84.4968037, 27.2106797], [84.4973459, 27.2072909], [84.4993641, 27.2031942], [84.5036114, 27.2007543], [84.5032198, 27.1997904], [84.4984755, 27.1964317], [84.4972856, 27.1944587], [84.4976019, 27.1936303], [84.4988369, 27.1926965], [84.5003581, 27.1935098], [84.5028583, 27.1934194], [84.5038072, 27.1926363], [84.5043795, 27.1908289], [84.5042289, 27.1902566], [84.5002226, 27.1870787], [84.497617, 27.1789606]]}}, {"type": "Feature", "properties": {"name": "Sikrana", "layer": "minor", "sub_basin": "Gandak and others", "kind": "river"}, "geometry": {"type": "LineString", "coordinates": [[84.4145208, 27.0089192], [84.4198032, 27.0031371], [84.4206122, 27.0004245], [84.4207712, 26.9970941], [84.4220221, 26.9955845], [84.4248585, 26.9956069], [84.4296779, 26.9994489], [84.4318908, 26.9997344], [84.4337756, 26.9987725], [84.4342941, 26.9976881], [84.4351983, 26.9971646], [84.4403855, 26.9950469], [84.4403379, 26.9907639], [84.4417894, 26.9888841], [84.4439547, 26.9883368], [84.4476191, 26.9902404], [84.4504362, 26.9899648], [84.4528539, 26.987385], [84.4536867, 26.9851246], [84.4559948, 26.9830544], [84.4639422, 26.9808653], [84.4680586, 26.9808653], [84.469177, 26.980437], [84.4703191, 26.9778672], [84.4690601, 26.9736552], [84.4677217, 26.9711758], [84.4678757, 26.9672394], [84.4692571, 26.9651465], [84.4742214, 26.9614965], [84.476006, 26.9609968], [84.4774337, 26.9615203], [84.4845959, 26.966422], [84.4869516, 26.9686349], [84.4883317, 26.968968], [84.4899973, 26.9683732], [84.4906397, 26.9672786], [84.4905445, 26.9664696], [84.4896166, 26.9641139], [84.4875806, 26.9612169], [84.4878126, 26.9593163], [84.4920243, 26.9560327], [84.4914889, 26.9516247], [84.492167, 26.9507146], [84.4940944, 26.9498758], [84.4955221, 26.9500186], [84.4965571, 26.9508395], [84.4978956, 26.9551404], [84.500751, 26.9591736], [84.5054266, 26.961672], [84.506408, 26.9616878], [84.5077823, 26.9607262], [84.5084591, 26.9581351], [84.506533, 26.9533736], [84.5088709, 26.9521066], [84.5104592, 26.952517], [84.5126007, 26.9572105], [84.5106376, 26.9625643], [84.5122794, 26.964224], [84.5147065, 26.963867], [84.5161877, 26.9622252], [84.51708, 26.9574782], [84.5181508, 26.955533], [84.5197081, 26.9555714], [84.5211397, 26.9572446], [84.5218806, 26.9613865], [84.5222375, 26.9620646], [84.5237009, 26.9624929], [84.5263956, 26.9608868], [84.5274087, 26.9596314], [84.53075, 26.9590129], [84.5324275, 26.9591914], [84.5359789, 26.9608689], [84.5414754, 26.9612258], [84.5423499, 26.9607619], [84.5435456, 26.9587809], [84.5445271, 26.9552831], [84.5457228, 26.9540875], [84.5463474, 26.955533], [84.5477929, 26.9568714], [84.55, 26.956682941130186]]}}, {"type": "Feature", "properties": {"name": "Bohta", "layer": "minor", "sub_basin": "Ghaghara", "kind": "river"}, "geometry": {"type": "LineString", "coordinates": [[84.4881014, 25.9930229], [84.4890327, 25.9956218], [84.4870773, 25.9979973], [84.486488, 26.0000014], [84.486628, 26.0023802], [84.4845718, 26.0049074], [84.4847667, 26.0070089], [84.4828584, 26.0089205], [84.4828735, 26.0098502], [84.4821213, 26.0111637], [84.482302, 26.0133111], [84.4831232, 26.0149535], [84.4806239, 26.0165602], [84.4780175, 26.0203805], [84.4776962, 26.0211303], [84.4779818, 26.0254862], [84.477482, 26.0272], [84.4776605, 26.0285568], [84.4798742, 26.0315559], [84.4800884, 26.0336625], [84.4813737, 26.0372329], [84.4804454, 26.0379112], [84.4807094, 26.0386344], [84.485404, 26.0398778], [84.4874279, 26.0410094], [84.4871201, 26.0423262], [84.4896796, 26.0469144], [84.4908695, 26.0543712], [84.4898595, 26.0579273], [84.4910468, 26.0608177], [84.4917065, 26.0650254], [84.4917197, 26.069565], [84.4903402, 26.0706875], [84.4853916, 26.0709255], [84.483012, 26.0739397], [84.4795218, 26.0743759], [84.4762697, 26.0812768], [84.4734935, 26.0834582], [84.4723433, 26.0852825], [84.4643716, 26.0907953], [84.4604849, 26.0923421], [84.4600089, 26.0929766], [84.4602865, 26.0963081], [84.459533, 26.0971013], [84.4565981, 26.1051127], [84.4557256, 26.1056283], [84.4554876, 26.1092374], [84.4539805, 26.1122119], [84.4502128, 26.1171298], [84.4497765, 26.1183196], [84.4476349, 26.1202233], [84.4471193, 26.1226426], [84.4451759, 26.124586], [84.4455329, 26.1256171], [84.4578673, 26.1340648], [84.4585018, 26.1351356], [84.459533, 26.1354926], [84.4600089, 26.13696], [84.4610004, 26.1377136], [84.4611591, 26.1395379], [84.4628248, 26.1422348], [84.4632611, 26.1442575], [84.4609211, 26.1445748], [84.4609211, 26.1465182], [84.4602866, 26.1467561], [84.4612384, 26.1506032], [84.4604055, 26.1507222], [84.4605245, 26.1515154], [84.4600882, 26.151912], [84.4600882, 26.156235], [84.4606832, 26.1587732], [84.4584622, 26.1593681], [84.4580259, 26.1598837], [84.4569154, 26.1628186], [84.4542582, 26.1649999], [84.4535443, 26.1663484], [84.4534253, 26.1684107], [84.4456973, 26.171435], [84.4444931, 26.1728245], [84.4436165, 26.1751822], [84.431113, 26.1796114], [84.4305418, 26.1830844], [84.4300404, 26.1835988], [84.4236165, 26.1855458], [84.4189147, 26.1862692]]}}, {"type": "Feature", "properties": {"name": "Gandak", "layer": "major", "sub_basin": "Gandak and others", "kind": "river"}, "geometry": {"type": "MultiLineString", "coordinates": [[[84.5012025, 26.5175733], [84.504664, 26.5156114], [84.5059842, 26.5139303], [84.5061834, 26.512683], [84.5051539, 26.5088421], [84.505476, 26.5076278], [84.5063774, 26.5067255], [84.5154405, 26.5025207], [84.5264787, 26.5002301], [84.5299264, 26.4982774], [84.531267, 26.4956732], [84.5345063, 26.4943378], [84.5420428, 26.4928778], [84.547101, 26.4913433], [84.55, 26.491259062382262]], [[84.4805105, 26.5369061], [84.4850118, 26.5343549], [84.4858965, 26.5333559], [84.4891439, 26.5257165], [84.4903676, 26.5245433], [84.496022, 26.5202781], [84.5012025, 26.5175733]], [[84.4805105, 26.5369061], [84.484913, 26.5369243], [84.4892801, 26.5379676], [84.4911364, 26.5391802], [84.4920898, 26.5408812], [84.4933786, 26.5413554], [84.501228, 26.5383306], [84.5088158, 26.5370899], [84.5096509, 26.5354592], [84.5092888, 26.5328893], [84.5082139, 26.5315814], [84.5042448, 26.5295535], [84.5009723, 26.5258014], [84.5003271, 26.5205862], [84.5012025, 26.5175733]], [[84.4775108, 26.5385551], [84.4805105, 26.5369061]], [[84.4711216, 26.5456576], [84.4727979, 26.5425426], [84.4747702, 26.5401494], [84.4775108, 26.5385551]], [[84.4711216, 26.5456576], [84.4770365, 26.5445498], [84.477996, 26.5425994], [84.4775108, 26.5385551]], [[84.4472609, 26.5775677], [84.4469339, 26.5724668], [84.4473532, 26.5686317], [84.4464093, 26.5617941], [84.4471164, 26.5588043], [84.448921, 26.5577794], [84.4519882, 26.557254], [84.4556582, 26.555397], [84.4630967, 26.5498787], [84.4711216, 26.5456576]], [[84.4601565, 26.5862926], [84.4559368, 26.5794753], [84.4528322, 26.5766426], [84.4507595, 26.576592], [84.447796, 26.5777715], [84.4472609, 26.5775677]], [[84.4601565, 26.5862926], [84.4525728, 26.5892133], [84.4508965, 26.5885064], [84.4488039, 26.5867402], [84.4466326, 26.5860333], [84.4472609, 26.5775677]], [[84.4614925, 26.5965748], [84.4629786, 26.5940038], [84.4627791, 26.5904167], [84.462257, 26.5882774], [84.4601565, 26.5862926]], [[84.4614925, 26.5965748], [84.4649844, 26.5976187], [84.4707981, 26.6039958], [84.4722635, 26.6050055], [84.4748119, 26.6054001], [84.4777724, 26.6027451], [84.4817988, 26.5953276], [84.4827643, 26.5950663], [84.4842925, 26.5960157], [84.4904413, 26.5980741], [84.4972432, 26.5967106], [84.4975799, 26.5947536], [84.4954405, 26.5924539], [84.4959567, 26.5920294], [84.4992234, 26.5917652], [84.4990382, 26.5899814], [84.4997017, 26.5888426], [84.5026234, 26.5868722], [84.502906, 26.5856835], [84.5021692, 26.5828567], [84.5025635, 26.5817622], [84.5043035, 26.5804464], [84.5046764, 26.5791334], [84.5044673, 26.5782022], [84.5024081, 26.5754865], [84.5037682, 26.5737678], [84.5046363, 26.5734385], [84.5074897, 26.5737459], [84.5108012, 26.570194], [84.5126495, 26.5692645], [84.5159076, 26.5695357], [84.5190587, 26.5664264], [84.5205408, 26.5658603], [84.5214847, 26.56576], [84.5272958, 26.5674056], [84.5294557, 26.5672458], [84.5332697, 26.564896], [84.5359494, 26.5641368], [84.5416054, 26.5648493], [84.5438734, 26.5646861], [84.5447108, 26.5638829], [84.5447701, 26.562518], [84.5456982, 26.5612252], [84.5481021, 26.5588186], [84.55, 26.55330966667417]], [[84.4580713, 26.6042937], [84.4595468, 26.599885], [84.4614925, 26.5965748]], [[84.3909678, 26.6357035], [84.3907752, 26.6332749], [84.3917936, 26.628281], [84.3934849, 26.6239497], [84.394669, 26.6143752], [84.399542, 26.6081046], [84.4059175, 26.6041095], [84.4105049, 26.6039591], [84.4132874, 26.6021542], [84.4147013, 26.6024216], [84.4173779, 26.6016703], [84.4185516, 26.6025302], [84.4201308, 26.6053879], [84.4219357, 26.6105017], [84.41983, 26.6157659], [84.4204317, 26.6201276], [84.4213341, 26.6217821], [84.4234398, 26.6235118], [84.425771, 26.6269711], [84.4293521, 26.6282485], [84.4341968, 26.6268677], [84.4391473, 26.6230302], [84.4409956, 26.6175887], [84.4420922, 26.6169038], [84.4448586, 26.6123953], [84.4498851, 26.6074819], [84.452429, 26.6059005], [84.4580713, 26.6042937]], [[84.3927673, 26.649088], [84.3909678, 26.6357035]], [[84.3868465, 26.6683559], [84.3873765, 26.6674559], [84.3877214, 26.6640295], [84.3888692, 26.6600557], [84.3910245, 26.6550301], [84.3916442, 26.6505888], [84.3927673, 26.649088]], [[84.3868465, 26.6683559], [84.3903366, 26.6661226], [84.3921842, 26.6640945], [84.3934265, 26.6558254], [84.3927673, 26.649088]], [[84.3487928, 26.6733031], [84.3626013, 26.6582065], [84.3791203, 26.6533648], [84.3831763, 26.6515963], [84.3867791, 26.6492563], [84.3875776, 26.6472868], [84.3872127, 26.6430132], [84.3874838, 26.6383324], [84.3909678, 26.6357035]], [[84.3487928, 26.6733031], [84.3688327, 26.6801022], [84.3727688, 26.6798746], [84.3787665, 26.6786965], [84.3806943, 26.6777058], [84.3823276, 26.6759922], [84.3868465, 26.6683559]], [[84.3919161, 26.7364688], [84.3979001, 26.727588], [84.4057311, 26.7189716], [84.4113193, 26.7160157], [84.419534, 26.7106734], [84.4307539, 26.6983093], [84.4422615, 26.6672414], [84.4429523, 26.6635538], [84.4461058, 26.6537535], [84.4472603, 26.647295], [84.4453797, 26.6377097], [84.4461163, 26.6332346], [84.4472997, 26.6299151], [84.4500361, 26.6252402], [84.4582875, 26.604768], [84.4580713, 26.6042937]], [[84.376874, 26.7512343], [84.3770459, 26.7500905], [84.3800286, 26.7456935], [84.3835479, 26.7424314], [84.3900136, 26.7387327], [84.3919161, 26.7364688]], [[84.3782423, 26.7577111], [84.3765019, 26.7558548], [84.3750116, 26.7550932], [84.376874, 26.7512343]], [[84.3782423, 26.7577111], [84.3792858, 26.7555915], [84.376874, 26.7512343]], [[84.3613064, 26.7645231], [84.3624687, 26.7656949], [84.3655121, 26.7666811], [84.3694471, 26.7667906], [84.3733485, 26.7659274], [84.3765798, 26.7629413], [84.3779133, 26.7607381], [84.3782423, 26.7577111]], [[84.3613064, 26.7645231], [84.3609515, 26.7586728], [84.3584581, 26.7557048], [84.3569997, 26.7565703], [84.3556762, 26.7561617], [84.3520708, 26.7573165], [84.3487884, 26.757096], [84.3411578, 26.7597215], [84.3395045, 26.7621036], [84.3370397, 26.763593], [84.3344279, 26.7664882], [84.3336001, 26.7682828], [84.3339138, 26.7717396], [84.3327023, 26.7756279], [84.3284417, 26.7828038], [84.3251896, 26.7869722], [84.3217071, 26.7891707], [84.3186744, 26.7902471], [84.3109964, 26.7899715], [84.3083949, 26.7916102], [84.305668, 26.7918018], [84.3044647, 26.7924578], [84.3032532, 26.7957423], [84.3015793, 26.7978713], [84.3005606, 26.8004496], [84.3002987, 26.8027929], [84.295219, 26.8051088], [84.2891277, 26.8104162], [84.2883931, 26.8117443], [84.2889129, 26.8159175]], [[84.3679826, 26.7805525], [84.3704372, 26.7740484], [84.372118, 26.7716896], [84.3748061, 26.7690593], [84.3788504, 26.766452], [84.3808779, 26.7643268], [84.3834834, 26.7593258], [84.3855652, 26.7564269], [84.388271, 26.7469017], [84.3912781, 26.7399006], [84.3919161, 26.7364688]], [[84.2677034, 26.8108362], [84.2695496, 26.8081149], [84.272858, 26.7960762], [84.2766564, 26.7905216], [84.2773069, 26.7873781], [84.2790108, 26.7846082], [84.288293, 26.7797886], [84.2979484, 26.7795242], [84.3022807, 26.7785537], [84.304899, 26.7774112], [84.3075264, 26.774151], [84.3066478, 26.7669647], [84.3031226, 26.7594754], [84.3030644, 26.7564533], [84.3042547, 26.7524354], [84.3064353, 26.7496012], [84.3107049, 26.7460281], [84.3145433, 26.7441216], [84.3179725, 26.7413502], [84.3227435, 26.7334309], [84.3227376, 26.7269515], [84.321784, 26.7228405], [84.3180607, 26.7169803], [84.3149895, 26.7143016], [84.3153424, 26.706218], [84.3171346, 26.7038412], [84.3224427, 26.7010188], [84.3302072, 26.697956], [84.3336737, 26.6955653], [84.3384244, 26.6906763], [84.3397306, 26.688318], [84.3390898, 26.682502], [84.3392545, 26.6799488], [84.3387365, 26.6786044], [84.3425583, 26.6767842], [84.3472472, 26.6755052], [84.3487928, 26.6733031]], [[84.2677034, 26.8108362], [84.2753104, 26.8157083], [84.2839088, 26.8194714], [84.2864105, 26.8196193]], [[84.2889129, 26.8159175], [84.2956068, 26.8123139], [84.2962891, 26.8123481], [84.2980288, 26.8137466], [84.3036231, 26.8140195], [84.3114007, 26.8165779], [84.3163128, 26.8152817], [84.3189394, 26.811734], [84.3212931, 26.8109836], [84.3219071, 26.8097555], [84.3205085, 26.8070948], [84.3202015, 26.8050822], [84.3203721, 26.8008182], [84.3208156, 26.7996925], [84.3225211, 26.7990444], [84.3286613, 26.7991126], [84.3330959, 26.7979187], [84.3335393, 26.7970318], [84.3335393, 26.7950192], [84.3344944, 26.7926314], [84.3381103, 26.7922561], [84.339236, 26.7914374], [84.3393383, 26.7861842], [84.3433636, 26.7780655], [84.352642, 26.770288], [84.3552345, 26.7666722], [84.359942, 26.7643525], [84.3613064, 26.7645231]], [[84.2889129, 26.8159175], [84.2887657, 26.8187305], [84.2879734, 26.8193605], [84.2864117, 26.8196193]], [[84.2864117, 26.8196193], [84.285625, 26.8207813]], [[84.2864105, 26.8196193], [84.2864117, 26.8196193]], [[84.2864105, 26.8196193], [84.285625, 26.8207813]], [[84.3617171, 26.8179805], [84.3638208, 26.8150635], [84.364623, 26.812657], [84.3667621, 26.7840466], [84.3679826, 26.7805525]], [[84.3617171, 26.8179805], [84.3667064, 26.8182575], [84.3710761, 26.8157542], [84.3761705, 26.8139976], [84.3803645, 26.81167], [84.3839438, 26.8068172], [84.3847782, 26.8030183], [84.3859859, 26.8002296], [84.3850856, 26.7985608], [84.3846464, 26.7940154], [84.3820773, 26.790502], [84.3787616, 26.7878451], [84.3720203, 26.7845513], [84.3679826, 26.7805525]], [[84.324913, 26.8412222], [84.3292849, 26.8391306], [84.3355005, 26.8347638], [84.355437, 26.8226504], [84.3617171, 26.8179805]], [[84.2733894, 26.8443221], [84.2736239, 26.8419544], [84.2748679, 26.8379656], [84.2746898, 26.832704], [84.2757198, 26.8314301], [84.2772205, 26.8265386], [84.2787896, 26.8258223], [84.2815527, 26.82207], [84.285625, 26.8207813]], [[84.2733894, 26.8443221], [84.2786274, 26.8419894], [84.2808991, 26.8417814], [84.2852072, 26.8440156], [84.2884364, 26.8464568], [84.2921221, 26.847147], [84.3013452, 26.8462206]], [[84.2220825, 26.8465431], [84.2220144, 26.8372006], [84.2259951, 26.8321293], [84.2517558, 26.8218535], [84.2531277, 26.8204161], [84.2584127, 26.818054], [84.2596085, 26.8157098], [84.2665888, 26.8119916], [84.2677034, 26.8108362]], [[84.2220825, 26.8465431], [84.2241789, 26.8508949], [84.2259185, 26.8560206], [84.2277017, 26.8587174], [84.2301829, 26.8608698], [84.2334983, 26.8626493], [84.2389336, 26.8646045], [84.2439691, 26.8702799]], [[84.3114048, 26.8447626], [84.3232129, 26.8420355], [84.324913, 26.8412222]], [[84.3114048, 26.8447626], [84.3183401, 26.8476697], [84.3200342, 26.8472311], [84.3221046, 26.8462921], [84.3231216, 26.8452907], [84.324913, 26.8412222]], [[84.3013452, 26.8462206], [84.3114048, 26.8447626]], [[84.2439691, 26.8702799], [84.24633, 26.8702948], [84.2518279, 26.8716004], [84.261613, 26.8719716]], [[84.261613, 26.8719716], [84.2641797, 26.8709735], [84.2659245, 26.8696121], [84.2699586, 26.8589173], [84.2726511, 26.8473596], [84.2726042, 26.8451708], [84.2733894, 26.8443221]], [[84.2482186, 26.8876708], [84.2477189, 26.87989], [84.2482899, 26.8788192], [84.2566418, 26.8756546], [84.261613, 26.8719716]], [[84.2482186, 26.8876708], [84.2505449, 26.8881107], [84.2508519, 26.886064], [84.253001, 26.8847677], [84.2547748, 26.8843584], [84.2583907, 26.8802308], [84.2647014, 26.876922], [84.267328, 26.8766832], [84.2675668, 26.8760351], [84.2716943, 26.8761033], [84.2738093, 26.8773995], [84.2750714, 26.8788323], [84.2773228, 26.8797533], [84.2820644, 26.8786617], [84.2827125, 26.875114], [84.2833947, 26.8743977], [84.2830195, 26.872351], [84.2835994, 26.8683258], [84.2864989, 26.8643006], [84.2888527, 26.8635501], [84.2925367, 26.8601389], [84.2939012, 26.8574099], [84.2970736, 26.8547151], [84.2989498, 26.8517474], [84.2996586, 26.8482839], [84.3013452, 26.8462206]], [[84.2482186, 26.8876708], [84.2483375, 26.8923346], [84.2478854, 26.8947378], [84.2482661, 26.895761], [84.2494083, 26.8976646], [84.2525016, 26.9003534], [84.2546669, 26.9032325], [84.2554283, 26.9049933], [84.2555949, 26.907468], [84.2537389, 26.9112037], [84.250717, 26.9139401], [84.2415085, 26.9161768], [84.2402474, 26.9172], [84.2393432, 26.918937], [84.2390576, 26.9213878], [84.2377965, 26.924957], [84.2390814, 26.9267654], [84.2457201, 26.931334], [84.246315, 26.9340703], [84.2459343, 26.9357597], [84.2420558, 26.9423747], [84.2404615, 26.9470146], [84.2388435, 26.9494417], [84.2332042, 26.9534629], [84.2317765, 26.9557948], [84.2261847, 26.9586264], [84.2218238, 26.9587879], [84.2198519, 26.9582834], [84.2172491, 26.9548496], [84.2151937, 26.948009]], [[84.2285224, 26.8890085], [84.2323403, 26.8851937], [84.2334761, 26.8777901], [84.2360597, 26.8747275], [84.2405015, 26.8712496], [84.2439691, 26.8702799]], [[84.2128143, 26.889624], [84.2186473, 26.8883124], [84.2226963, 26.8892937], [84.2285224, 26.8890085]], [[84.2128143, 26.889624], [84.2165071, 26.8913134], [84.219353, 26.8936459], [84.2209994, 26.8941857], [84.2230231, 26.8938393], [84.2250941, 26.8924696], [84.2285224, 26.8890085]], [[84.2001531, 26.9268052], [84.196322, 26.9262462], [84.1948061, 26.9255567], [84.1941769, 26.9229578], [84.1957634, 26.9114794], [84.1952476, 26.9082083], [84.1968627, 26.9037245], [84.1965919, 26.9017], [84.1956118, 26.8999742], [84.1942925, 26.8994741], [84.1872012, 26.9000526], [84.1841751, 26.8988193], [84.1837326, 26.8969332], [84.1839587, 26.8906493], [84.1853632, 26.8888113], [84.1990178, 26.8807961], [84.2009637, 26.8784695], [84.2099739, 26.861422], [84.2129968, 26.8604801], [84.2166044, 26.8604145], [84.2182488, 26.8584723], [84.2220978, 26.8518718], [84.2220825, 26.8465431]], [[84.2001531, 26.9268052], [84.1997452, 26.9243343], [84.2008335, 26.9178815], [84.2013394, 26.9076941], [84.2037496, 26.89449], [84.2078632, 26.8917033], [84.2128143, 26.889624]], [[84.2151937, 26.948009], [84.2171535, 26.9432848], [84.2175005, 26.9390418], [84.2147554, 26.9348817], [84.2001531, 26.9268052]], [[84.1474199, 26.9737518], [84.1443236, 26.9664714], [84.1446619, 26.9635428], [84.1464108, 26.960577], [84.1513563, 26.9554404], [84.1728352, 26.9557991], [84.1952832, 26.9583372], [84.1992877, 26.956758], [84.2021078, 26.9563067], [84.2094401, 26.952697], [84.2151937, 26.948009]], [[84.1765432, 26.9880612], [84.1754713, 26.9881429], [84.1667843, 26.9855366], [84.1573093, 26.9815053], [84.1544171, 26.9794407], [84.1503333, 26.9755161], [84.1474199, 26.9737518]], [[84.0884577, 26.9958305], [84.094688, 26.9968617], [84.0959352, 26.9976321], [84.0960301, 26.9985493], [84.0951249, 27.0002808], [84.0966655, 27.0022079], [84.0971707, 27.0037129], [84.0970985, 27.0075102], [84.0996797, 27.0107127], [84.1028329, 27.0129904]], [[84.0884577, 26.9958305], [84.086593, 26.9964391], [84.0839492, 27.000347], [84.0786991, 27.003286], [84.077802, 27.0052799], [84.0787824, 27.0098965], [84.0782098, 27.0123491], [84.0760483, 27.0146578], [84.0732501, 27.0159737], [84.0733714, 27.0197294], [84.0751738, 27.0212884], [84.0760948, 27.0233082], [84.0787317, 27.0254659], [84.079157, 27.0272795], [84.0786236, 27.0284246], [84.0739299, 27.0319766], [84.0733827, 27.0339614], [84.0714855, 27.0345214], [84.0673673, 27.0382407]], [[84.1028329, 27.0129904], [84.1077686, 27.0148809], [84.1114966, 27.0152506], [84.1148895, 27.015337], [84.1242905, 27.0137478], [84.1258845, 27.012655], [84.1276837, 27.0098634], [84.1286438, 27.0073274], [84.1340715, 27.0051553], [84.1366476, 27.0048982], [84.1379866, 27.0039871], [84.1395441, 27.0017857], [84.1436894, 26.9989905], [84.1469113, 26.9978545], [84.1481065, 26.9965384], [84.1484131, 26.9949421], [84.1493155, 26.9881175], [84.1494847, 26.9825901], [84.1474199, 26.9737518]], [[84.0607793, 27.0188143], [84.0602016, 27.0165581], [84.0601208, 27.0119377], [84.0628645, 27.0075181], [84.06414, 27.0029153], [84.0649887, 27.0016405], [84.0664946, 26.995011], [84.0674723, 26.9935871], [84.0719082, 26.9921828], [84.0754967, 26.993136], [84.0811984, 26.9930854], [84.0846195, 26.9950872], [84.0884577, 26.9958305]], [[84.0607793, 27.0188143], [84.0630183, 27.0228735], [84.0672636, 27.0258093], [84.0680108, 27.0272679], [84.0667123, 27.0335269], [84.0673673, 27.0382407]], [[84.0557595, 27.0330841], [84.0562671, 27.0300948], [84.0601589, 27.0222549], [84.0607793, 27.0188143]], [[84.0975586, 27.0443627], [84.1002427, 27.042915], [84.1006522, 27.0408024], [84.1013156, 27.0398119], [84.1028863, 27.0393233], [84.1040434, 27.0381448], [84.1056082, 27.0381429], [84.1059445, 27.0371221], [84.104932, 27.0313875], [84.1041576, 27.0302983], [84.0996618, 27.0270485], [84.0971646, 27.0237659], [84.0968041, 27.0227048], [84.0970996, 27.0197582], [84.0955215, 27.0166657], [84.0959219, 27.0149426], [84.0975524, 27.0142967], [84.0986385, 27.0129449], [84.1009925, 27.0124943], [84.1028329, 27.0129904]], [[84.0975586, 27.0443627], [84.0962363, 27.0453744], [84.0944435, 27.0450512], [84.0888756, 27.046286], [84.0882615, 27.0441027], [84.0876191, 27.0437301], [84.0852201, 27.043481], [84.0834808, 27.0448107], [84.0827207, 27.0448304], [84.0811882, 27.0438192], [84.0784697, 27.043773], [84.076964, 27.0429167], [84.0750162, 27.0430499], [84.073062, 27.0414279], [84.0688767, 27.0395345], [84.0673673, 27.0382407]], [[84.0975586, 27.0443627], [84.0993675, 27.0451956], [84.1011293, 27.0467371], [84.1031848, 27.0470308], [84.1056807, 27.0468105], [84.1097181, 27.0438742], [84.1108927, 27.0418188], [84.1117736, 27.0385888], [84.1108927, 27.0341843], [84.1139024, 27.0298532], [84.1156642, 27.0280914], [84.1184538, 27.0265498], [84.1211699, 27.0266966], [84.1282171, 27.0318352], [84.1314471, 27.0330097], [84.1349059, 27.0333846]], [[84.0641165, 27.0464129], [84.0634866, 27.0450413], [84.062481, 27.0443476], [84.0589744, 27.0446465], [84.0574516, 27.0441953], [84.0551955, 27.0426724], [84.0543495, 27.0401343], [84.0557595, 27.0349453], [84.0557595, 27.0330841]], [[84.0641165, 27.0464129], [84.0641541, 27.0422284], [84.0648388, 27.0407145], [84.0673673, 27.0382407]], [[84.0402312, 27.0644808], [84.0405761, 27.0628591], [84.0386181, 27.0618782], [84.037882, 27.0598973], [84.0380961, 27.0588667], [84.0415583, 27.056688], [84.0443422, 27.0533092], [84.0453892, 27.0508583], [84.0447943, 27.0494307], [84.0474831, 27.0460756], [84.0479352, 27.043601], [84.0490774, 27.0429347], [84.0532438, 27.0377261], [84.0557595, 27.0330841]], [[84.0402312, 27.0644808], [84.0500911, 27.0635009], [84.0581768, 27.0665037], [84.0596477, 27.0666118], [84.0628416, 27.065885], [84.0660656, 27.0659169], [84.0688793, 27.0646886], [84.0701869, 27.0631039], [84.0708737, 27.0612312], [84.0709457, 27.0592527], [84.0703837, 27.0576251], [84.0684609, 27.0548771], [84.0664048, 27.0528471], [84.0646122, 27.0488581], [84.0641165, 27.0464129]], [[84.0197601, 27.0725654], [84.0235249, 27.0719309], [84.0312661, 27.0692236], [84.0402312, 27.0644808]], [[83.9973238, 27.1119618], [83.9959222, 27.1096545], [83.9946486, 27.1086005], [83.9940777, 27.1041649], [83.9931774, 27.1030011], [83.9932433, 27.1007613], [83.9941875, 27.0990925], [83.9942094, 27.0927685], [83.9931015, 27.0915598], [83.9927368, 27.0879416], [83.9921472, 27.0867027], [83.991136, 27.08637], [83.9910251, 27.0844472], [83.9932889, 27.0848376], [83.9970762, 27.0812035], [83.9975793, 27.0797129], [84.0017801, 27.0780835], [84.006005, 27.0772147], [84.0098444, 27.0752359], [84.0115427, 27.0735804], [84.0121913, 27.0719517], [84.017577, 27.0714112], [84.0197601, 27.0725654]], [[83.9973238, 27.1119618], [83.9988907, 27.1101841], [84.0018776, 27.1105096], [84.0028043, 27.1101576], [84.003589, 27.1091889], [84.0038798, 27.1064029], [84.0074394, 27.1001245], [84.008347, 27.0959085], [84.0101715, 27.0932785], [84.0113432, 27.0888057], [84.0113442, 27.0796584], [84.0127991, 27.074917], [84.0197601, 27.0725654]], [[83.9663602, 27.1722974], [83.9664807, 27.1673354], [83.9659562, 27.1651886], [83.9666666, 27.163506], [83.9662796, 27.1616389], [83.9678415, 27.1597679], [83.9666067, 27.1572571], [83.9650183, 27.1561881], [83.9649781, 27.1519178], [83.9660881, 27.1500897], [83.9692255, 27.147157], [83.9694089, 27.146386], [83.9732937, 27.1416379], [83.9745887, 27.1372734], [83.9778626, 27.1362884], [83.980486, 27.132403], [83.9811099, 27.1306358], [83.9815933, 27.1244285], [83.9827665, 27.1228341], [83.9912665, 27.1199673], [83.9954597, 27.1155478], [83.9960753, 27.1136286], [83.9973238, 27.1119618]], [[83.9663602, 27.1722974], [83.9686024, 27.1697307], [83.9702604, 27.1664197], [83.9747228, 27.1615805], [83.9810683, 27.1592646], [83.9817557, 27.1584263], [83.9841875, 27.1494754], [83.9859043, 27.146365], [83.9866616, 27.1455129], [83.9883797, 27.1449074], [83.9919758, 27.1418009], [83.9981111, 27.1331256], [83.9992168, 27.1309569], [84.0000409, 27.1240275], [83.9981073, 27.1186082], [83.9979711, 27.1170548], [83.998857, 27.1154511], [83.9984733, 27.1137245], [83.9973238, 27.1119618]], [[83.967403, 27.1828748], [83.9670183, 27.182315], [83.967284, 27.1789808], [83.9663113, 27.176881], [83.9663602, 27.1722974]]]}}, {"type": "Feature", "properties": {"name": "Sona", "layer": "minor", "sub_basin": "Ghaghara", "kind": "river"}, "geometry": {"type": "LineString", "coordinates": [[84.2231442, 26.5177392], [84.2226288, 26.5155801], [84.2228808, 26.5076419], [84.2224188, 26.5041138], [84.2177567, 26.4968057], [84.2167907, 26.4945376], [84.2169167, 26.4924376], [84.2181767, 26.4902535], [84.2225448, 26.4857594], [84.230693, 26.4805093], [84.232121, 26.4768132], [84.231281, 26.4747552], [84.2158246, 26.467363], [84.2146486, 26.466439], [84.2132626, 26.4563587], [84.2128006, 26.4438424], [84.2121286, 26.4402304], [84.2127586, 26.4376263], [84.2158246, 26.4352742], [84.2181347, 26.4349802], [84.2218728, 26.4360303], [84.2240568, 26.4359043], [84.2249809, 26.4354843], [84.2256529, 26.4327122], [84.2222088, 26.426454], [84.2200667, 26.424438], [84.2155726, 26.422632], [84.2117925, 26.42259], [84.2104065, 26.4210359], [84.2112885, 26.4188099], [84.2167067, 26.4133077], [84.2177567, 26.4103677], [84.2174627, 26.4084776], [84.2159506, 26.4070916], [84.2105325, 26.4044875], [84.2093565, 26.4015055], [84.2084325, 26.4004554], [84.1983942, 26.3927693], [84.1950762, 26.3896192], [84.1936901, 26.3874351], [84.1933121, 26.3857551], [84.1933961, 26.3834871], [84.1948662, 26.381765], [84.203949, 26.3727326], [84.2069755, 26.3690024], [84.2155982, 26.3630274], [84.2184763, 26.3588936], [84.218771, 26.3573041], [84.2182045, 26.3561633], [84.2168693, 26.3551106], [84.2092594, 26.3500761], [84.2077973, 26.3480033], [84.2078832, 26.3454279], [84.2105998, 26.3400918], [84.2137466, 26.3303017], [84.2129372, 26.3280515], [84.2095894, 26.3251357], [84.2091151, 26.3240552], [84.2099584, 26.3176268], [84.209736, 26.3151923], [84.2083333, 26.3137481], [84.2036973, 26.3130448], [84.2025033, 26.312431], [84.2006798, 26.3086553], [84.2002002, 26.3041253], [84.2020856, 26.2988065], [84.2035281, 26.2965198], [84.2094824, 26.2920637], [84.2114447, 26.2923905], [84.2183624, 26.2977424], [84.2206778, 26.2988652], [84.2222622, 26.2991474], [84.2236209, 26.2982264], [84.2237925, 26.2964866], [84.2223884, 26.2930626], [84.2201288, 26.2902653], [84.2164639, 26.2873102], [84.207099, 26.2835039], [84.2065611, 26.2820509], [84.2067515, 26.280839], [84.2097595, 26.2744664], [84.2113361, 26.2729847], [84.2142321, 26.2716001], [84.2167178, 26.271483], [84.2197687, 26.2728194], [84.2209786, 26.2770319], [84.2224017, 26.2781153], [84.226755, 26.2784294], [84.2337057, 26.2797846], [84.2380801, 26.2795577], [84.240426, 26.2793936], [84.2426666, 26.2780579], [84.2453243, 26.2760842], [84.2505337, 26.2707188], [84.2516603, 26.2663916], [84.25115, 26.2616814], [84.2514446, 26.2553751], [84.2505603, 26.2506027], [84.2467782, 26.2459614], [84.2457981, 26.2432215], [84.2456348, 26.2411559], [84.2463353, 26.2391525], [84.2483398, 26.2368369], [84.2492743, 26.2365366], [84.2531076, 26.2374954], [84.2555663, 26.2375617], [84.2577043, 26.2366962], [84.2581571, 26.2344507], [84.2569659, 26.2288943], [84.2571702, 26.2277154], [84.2580223, 26.2268638], [84.2612032, 26.2262524], [84.2688226, 26.2224728], [84.2692043, 26.2179755], [84.2678972, 26.2150897], [84.2688131, 26.2136824], [84.272608, 26.2102638], [84.2727903, 26.2080974], [84.2735775, 26.2069141], [84.2730115, 26.2053674], [84.2716347, 26.2044657], [84.2685342, 26.2043989], [84.2645783, 26.2029606], [84.2633032, 26.199987], [84.2623239, 26.1988355], [84.2624545, 26.1978894], [84.2658325, 26.1928193], [84.2664019, 26.1908448], [84.2673877, 26.1895349], [84.2679834, 26.1867081], [84.267199, 26.184224], [84.2671282, 26.1817917], [84.2637227, 26.178144], [84.2631423, 26.1762167], [84.2654361, 26.1742749], [84.2680867, 26.1708883], [84.2734804, 26.1700843], [84.2775666, 26.1710872], [84.2799352, 26.1707634], [84.286249, 26.1670538], [84.2893501, 26.167143], [84.2908422, 26.1667333], [84.2919578, 26.166044], [84.2927587, 26.1641542], [84.2936208, 26.1634829], [84.2989398, 26.1624884], [84.301264, 26.1606618], [84.3011872, 26.1586404], [84.2991586, 26.1559448], [84.2982373, 26.1530089], [84.2993909, 26.1486333], [84.2984039, 26.1469789], [84.2975926, 26.1436995], [84.3007101, 26.1374253], [84.3074556, 26.1326821], [84.3093516, 26.1294687], [84.3062581, 26.1186963], [84.3057635, 26.1129227], [84.3067665, 26.1114844]]}}, {"type": "Feature", "properties": {"name": "Daha Or Sandi", "layer": "minor", "sub_basin": "Ghaghara", "kind": "river"}, "geometry": {"type": "LineString", "coordinates": [[84.46032275603969, 25.95], [84.4591384, 25.9519399], [84.4547983, 25.9543594], [84.4471829, 25.9532497], [84.4421651, 25.9542026], [84.4408856, 25.9551706], [84.4395706, 25.9572478], [84.4373604, 25.9574082], [84.4353605, 25.9617484], [84.4343487, 25.9624006], [84.4289585, 25.9629631], [84.4251257, 25.9654171], [84.4224015, 25.9665684], [84.4192619, 25.9659999], [84.4180534, 25.9651794], [84.4161104, 25.9711451], [84.4142326, 25.9715344], [84.4133254, 25.9712459], [84.410798, 25.9722527], [84.4108104, 25.9728441], [84.414121, 25.9764765], [84.4140646, 25.9776471], [84.4075821, 25.9833574], [84.4060581, 25.9885039], [84.4039142, 25.9898577], [84.4020383, 25.993383], [84.4026424, 25.9943303], [84.4008144, 25.9963302], [84.4009934, 25.9996371], [84.4001319, 26.0027787], [84.3993073, 26.0038735], [84.40073, 26.0047818], [84.4014513, 26.0065356], [84.4014781, 26.0087976], [84.3989618, 26.0132011], [84.3972352, 26.0145663], [84.3954387, 26.0175362], [84.3941776, 26.0211054], [84.3942728, 26.0261736], [84.3938445, 26.0274585], [84.3924108, 26.0288148], [84.3895376, 26.0294394], [84.3863075, 26.0320037], [84.387753, 26.0360391], [84.3871809, 26.0383379], [84.3838213, 26.0393016], [84.3835358, 26.0410148], [84.3819609, 26.0400779], [84.380676, 26.0402385], [84.3789795, 26.0429053], [84.3773332, 26.0419115], [84.3764699, 26.0438991], [84.3766607, 26.0463284], [84.3747768, 26.0505189], [84.3729922, 26.051429], [84.3714396, 26.0513041], [84.3696193, 26.0523748], [84.369887, 26.0532493], [84.3736703, 26.056408], [84.3744556, 26.0578357], [84.3745136, 26.0603826], [84.3724752, 26.0624276], [84.3721288, 26.0639477], [84.3702907, 26.0668745], [84.3697018, 26.0665889], [84.3700052, 26.0655896], [84.3694162, 26.0651077], [84.3655258, 26.0647508], [84.3649012, 26.0639477], [84.3641874, 26.0639656], [84.3648477, 26.0663748], [84.3639911, 26.0688018], [84.3621172, 26.0692658], [84.3608145, 26.0712824], [84.3568348, 26.074691], [84.3567635, 26.0753691], [84.359833, 26.0802411], [84.3596724, 26.0827931], [84.3584053, 26.0851487], [84.3558533, 26.0866121], [84.3557106, 26.0847918], [84.3552822, 26.084417], [84.352409, 26.0846847], [84.3514989, 26.085345], [84.3534798, 26.0857555], [84.3536226, 26.0863444], [84.352998, 26.0870225], [84.3519272, 26.0871653], [84.3501961, 26.0865229], [84.3488755, 26.0850952], [84.3450565, 26.0852736], [84.344075, 26.0859161], [84.3444676, 26.0872367], [84.3435039, 26.0881468], [84.3414695, 26.0872902], [84.3402381, 26.0890391], [84.3383464, 26.0898779], [84.3355446, 26.0905917], [84.3304764, 26.0908773], [84.3297804, 26.0891641], [84.3280136, 26.0872367], [84.3268536, 26.0867727], [84.3196439, 26.0867906], [84.3178593, 26.0875044], [84.3166814, 26.087433], [84.3152716, 26.0882004], [84.3133442, 26.0911628], [84.3110957, 26.0978729], [84.3077406, 26.099247], [84.3044391, 26.1033159], [84.3023511, 26.1036371], [84.3010305, 26.104815], [84.3004595, 26.1045116], [84.2996386, 26.1023701], [84.2999419, 26.1003892], [84.3008108, 26.0992336], [84.30061, 26.0987719], [84.2983514, 26.0991333], [84.2972773, 26.1004985], [84.2974903, 26.1031954], [84.2969193, 26.1059437], [84.303094, 26.1101911], [84.30379, 26.1116901], [84.3062527, 26.1102803], [84.3068059, 26.1116901], [84.3086524, 26.113108], [84.3130718, 26.112581], [84.3165275, 26.1131833], [84.3177698, 26.1141018], [84.3162264, 26.116624], [84.3167986, 26.1183782], [84.3187259, 26.1210735], [84.317994, 26.1240641], [84.3170169, 26.1254962], [84.3176727, 26.1279723], [84.31646, 26.1312339], [84.3170972, 26.1350929], [84.3142976, 26.1367441], [84.3133205, 26.138899], [84.3153014, 26.1401572], [84.3169745, 26.1424995], [84.3170949, 26.1433695], [84.31581, 26.144989], [84.3132804, 26.1453771], [84.3118215, 26.1468226], [84.3107909, 26.1469699], [84.3094792, 26.1463542], [84.3080604, 26.1471305], [84.306026, 26.1494326], [84.3065078, 26.152056], [84.3120088, 26.1538227], [84.3127851, 26.1547864], [84.3133071, 26.1567941], [84.3187011, 26.1603945], [84.3187412, 26.1614653], [84.3178846, 26.1636335], [84.3191695, 26.1656947], [84.3205615, 26.1658955], [84.3236667, 26.1648649], [84.3248178, 26.1639949], [84.3264239, 26.1648114], [84.3294354, 26.172387], [84.3290071, 26.1743679], [84.3304526, 26.1767503], [84.3304526, 26.1816892], [84.3309211, 26.1829072], [84.3327682, 26.1850353], [84.3361143, 26.1855305], [84.3384699, 26.1848747], [84.3401296, 26.1861462], [84.3394069, 26.1883145], [84.336663, 26.1883145], [84.3324796, 26.1914435], [84.3323399, 26.1946186], [84.3339058, 26.1988615], [84.3371716, 26.2028902], [84.3376936, 26.2048711], [84.3421105, 26.2034791], [84.3430474, 26.2036129], [84.3426593, 26.2049112], [84.340839, 26.20546], [84.3407051, 26.2065977], [84.3387644, 26.2089266], [84.3392329, 26.2099973], [84.3407988, 26.2100643], [84.3417625, 26.211135], [84.3420686, 26.2157699], [84.3410852, 26.2219865], [84.3429115, 26.2237426], [84.3435086, 26.2251123], [84.3455457, 26.2250772], [84.3476881, 26.2232157], [84.3504627, 26.221846], [84.3524646, 26.2216353], [84.3538695, 26.2225835], [84.3542207, 26.2239182], [84.3538695, 26.2265874], [84.3549231, 26.2295025], [84.3553797, 26.2372644], [84.3566792, 26.2398283], [84.3580138, 26.2408117], [84.3616314, 26.2452721], [84.3607885, 26.2502243], [84.3613504, 26.2514184], [84.3627553, 26.2522614], [84.3622284, 26.2546145], [84.359208, 26.2567218], [84.3595592, 26.2597071], [84.3622987, 26.2619549], [84.3625445, 26.2627979], [84.363844, 26.2635354], [84.3672157, 26.2639569], [84.3696391, 26.2670125], [84.3734323, 26.2697519], [84.3755747, 26.2696115], [84.3772254, 26.271508], [84.3757854, 26.2770573], [84.3768391, 26.278427], [84.3766634, 26.2825714], [84.3776469, 26.2839762], [84.3771552, 26.2848191], [84.3771903, 26.2869264], [84.3784195, 26.2891391], [84.3769795, 26.2910006], [84.3781386, 26.2970766], [84.3780332, 26.2988678], [84.3766634, 26.3004483], [84.3715708, 26.3006239], [84.3697445, 26.3017127], [84.3665484, 26.3015371], [84.3642655, 26.3030473], [84.3635279, 26.3039604], [84.3632119, 26.3070863], [84.3654245, 26.3089126], [84.3649679, 26.3093341], [84.3630714, 26.3094394], [84.3622636, 26.3103526], [84.3631065, 26.3135135], [84.3641601, 26.3149887], [84.3642655, 26.3162882], [84.3627904, 26.3171311], [84.3626499, 26.3176579], [84.3633172, 26.3185008], [84.3633875, 26.3220832], [84.3608587, 26.3278432], [84.3652138, 26.3321631], [84.366724, 26.3363426], [84.3658109, 26.3380285], [84.3658109, 26.3395387], [84.3647572, 26.3406275], [84.3649328, 26.341365], [84.3663377, 26.3421728], [84.3665133, 26.3434021], [84.3650733, 26.3448421], [84.364687, 26.3462118], [84.3649679, 26.3480381], [84.3667591, 26.3496889], [84.3671806, 26.3519366], [84.3665133, 26.3529903], [84.3663728, 26.3547464], [84.3633172, 26.3586098], [84.3630011, 26.3605415], [84.3622636, 26.3609278], [84.360367, 26.3642995], [84.3622636, 26.3660204], [84.363247, 26.3689355], [84.3607885, 26.3711131], [84.3624041, 26.3717804], [84.3645465, 26.3739931], [84.3646518, 26.3750467], [84.3642655, 26.3753277], [84.3622284, 26.3753277], [84.3625445, 26.3761004], [84.365284, 26.3781725], [84.3639845, 26.3817549], [84.3650382, 26.382914], [84.3626499, 26.3845296], [84.3608587, 26.383511], [84.3604372, 26.383792], [84.3600509, 26.3861803], [84.3624392, 26.3861803], [84.3628255, 26.3873744], [84.3620528, 26.3883227], [84.3608938, 26.3884983], [84.3593133, 26.3899383], [84.359805, 26.3913432], [84.3569953, 26.3958036], [84.3568548, 26.3975246], [84.3559065, 26.3989294], [84.3580138, 26.3994563], [84.3614206, 26.3984377], [84.3622636, 26.4010367], [84.3617367, 26.4020201], [84.360648, 26.401985], [84.3599104, 26.4011772], [84.3591729, 26.4011772], [84.3587163, 26.4037762], [84.358927, 26.4044787], [84.3598402, 26.4045138], [84.3611748, 26.4053918], [84.3624041, 26.4070777], [84.360648, 26.4075342], [84.3587163, 26.409782], [84.3604372, 26.4109059], [84.3600509, 26.4142425], [84.3602968, 26.4164552], [84.3624743, 26.4176142], [84.3622636, 26.4191946], [84.3631416, 26.4213371], [84.3616314, 26.42362], [84.361807, 26.4241468], [84.3657757, 26.4266053], [84.367005, 26.4296609], [84.3714303, 26.4303985], [84.3732215, 26.4298365], [84.3741347, 26.4303282], [84.3743805, 26.4297311], [84.3754342, 26.4296258], [84.3766634, 26.4310306], [84.3775064, 26.4329623], [84.3760664, 26.4336296], [84.376242, 26.4355965], [84.3746615, 26.436615], [84.3735727, 26.4411457], [84.370763, 26.4443418], [84.3697445, 26.4465544], [84.3673562, 26.4453252], [84.3630714, 26.4474325], [84.3622987, 26.4499612], [84.3604372, 26.4499261], [84.3582948, 26.4522793], [84.3569953, 26.4525602], [84.3551339, 26.4520685], [84.3514812, 26.4520685], [84.3497603, 26.4506637], [84.3464237, 26.4509095], [84.3424198, 26.4486617], [84.3414364, 26.448732], [84.3393994, 26.450769], [84.3371165, 26.4547026], [84.3350794, 26.455967], [84.3340257, 26.4587065], [84.3353252, 26.4629211], [84.3379945, 26.4657309], [84.3401018, 26.4671708], [84.3432979, 26.4677328], [84.3439301, 26.4689972], [84.3456861, 26.4705074], [84.3457564, 26.4713152], [84.3437193, 26.4720176], [84.3422793, 26.4708235], [84.3402774, 26.4708586], [84.3379594, 26.4740547], [84.3329019, 26.4755298], [84.3328316, 26.4761971], [84.3353604, 26.4771454], [84.335255, 26.4779532], [84.3333233, 26.4798498], [84.3329721, 26.480798], [84.3345526, 26.4847668], [84.332937, 26.487717], [84.3304082, 26.4887004], [84.3304082, 26.4899297], [84.3298814, 26.4903511]]}}, {"type": "Feature", "properties": {"name": "Jharahi", "layer": "minor", "sub_basin": "Ghaghara", "kind": "river"}, "geometry": {"type": "LineString", "coordinates": [[84.2487863, 25.9627196], [84.2497531, 25.9675755], [84.2426499, 25.9768046], [84.229658, 25.9903993], [84.227142, 25.9924928], [84.2237268, 25.9986609], [84.2238353, 26.0019293], [84.2271474, 26.0082266], [84.2337843, 26.0159912], [84.2347154, 26.018396], [84.2337294, 26.01979], [84.2321725, 26.0202514], [84.2232235, 26.0296764], [84.2223667, 26.0318184], [84.2202246, 26.0331988], [84.2163689, 26.0331512], [84.2130845, 26.0305332], [84.2058612, 26.0275972], [84.202936, 26.0271647], [84.1989014, 26.0274195], [84.1961811, 26.0282964], [84.1905967, 26.0326697], [84.1868087, 26.0391014], [84.183191, 26.0437187], [84.1793829, 26.0463843], [84.1768601, 26.0469555], [84.1750989, 26.0484788], [84.1715288, 26.0553333], [84.1692439, 26.0648535], [84.1652454, 26.0684712], [84.1615896, 26.0710861], [84.1587722, 26.0723299], [84.1580207, 26.0734519], [84.1608999, 26.0750335], [84.1693558, 26.0693249], [84.1739532, 26.0683535], [84.1751732, 26.069212], [84.1755798, 26.0718665], [84.174823, 26.0753005], [84.1768902, 26.0807903], [84.1781553, 26.0827558], [84.1824252, 26.0862237], [84.188107, 26.0948764], [84.1885815, 26.0984007], [84.1904691, 26.1036809], [84.1910114, 26.109408], [84.1916665, 26.1114751], [84.1883936, 26.1159706], [84.187971, 26.1211706], [84.1863383, 26.1256953], [84.1866678, 26.1275875], [84.1958431, 26.1351473], [84.2003042, 26.1411036], [84.2009429, 26.1436605], [84.2008026, 26.1524732], [84.2002447, 26.1559497], [84.1981104, 26.1613716], [84.1951753, 26.1638994], [84.1926132, 26.1673368], [84.1903642, 26.1737668], [84.1902019, 26.1757396], [84.1933092, 26.1816878], [84.196827, 26.1857536], [84.1995053, 26.1898029], [84.2009533, 26.1940719], [84.2017858, 26.198577], [84.2017438, 26.2013778], [84.2000072, 26.2039381], [84.1955085, 26.2073828], [84.1883258, 26.2092997], [84.1857116, 26.2104801], [84.1768523, 26.2167756], [84.1709693, 26.2226059], [84.1699482, 26.2253242], [84.1688084, 26.2319018], [84.1652778, 26.2370157], [84.1648854, 26.2432876], [84.1609431, 26.2498825], [84.160494, 26.2564099], [84.1616403, 26.258034], [84.1649532, 26.260274], [84.1727272, 26.2621869], [84.1754948, 26.2642264], [84.1760082, 26.2657569], [84.1747599, 26.2710197], [84.1745971, 26.2738135], [84.1759266, 26.2769797], [84.1751019, 26.2790026], [84.17553, 26.2832292], [84.1741914, 26.2862165], [84.1739173, 26.2921526], [84.1753459, 26.2982576], [84.1773263, 26.3036923], [84.1845739, 26.3105297], [84.1852628, 26.3120591], [84.1849554, 26.3146246], [84.1839537, 26.3163057], [84.1795714, 26.3227971], [84.1771046, 26.3246028], [84.1753207, 26.3277616], [84.1741753, 26.3285421], [84.1718045, 26.3331871], [84.1726031, 26.3477025], [84.1722994, 26.3538048], [84.1743803, 26.3571889], [84.1752691, 26.3601795], [84.1762007, 26.3696447], [84.1728535, 26.3781502], [84.1730103, 26.3803503], [84.1754149, 26.3858881], [84.1756141, 26.389023], [84.1749492, 26.392258], [84.172362, 26.3970836], [84.1722597, 26.40005], [84.1732791, 26.4026191], [84.1775621, 26.4079776], [84.1790162, 26.412662], [84.1808491, 26.4153734], [84.1798015, 26.4252732], [84.1760918, 26.4345971], [84.1758295, 26.4371317], [84.1766959, 26.4385925], [84.1765863, 26.4393888], [84.1756255, 26.4405654], [84.1714975, 26.4429739], [84.1710179, 26.4435283], [84.170835, 26.4452661], [84.1725671, 26.4480117], [84.1795707, 26.4518224], [84.1866258, 26.4576504], [84.1880661, 26.4594338], [84.1888252, 26.4669692], [84.1914574, 26.4758181], [84.1933303, 26.4802265], [84.197119, 26.4829626], [84.1978314, 26.4839737], [84.1977751, 26.4889802], [84.1998052, 26.493342], [84.2003909, 26.4968949], [84.2021523, 26.5002793]]}}, {"type": "Feature", "properties": {"name": "Ghori", "layer": "minor", "sub_basin": "Ghaghara", "kind": "river"}, "geometry": {"type": "LineString", "coordinates": [[84.0965487, 26.1355165], [84.0972319, 26.1304994], [84.0984525, 26.1278217], [84.0965429, 26.1256223], [84.0967149, 26.1241281], [84.1008785, 26.1202511], [84.102167, 26.1180575], [84.1028447, 26.1177328], [84.1027973, 26.1172176], [84.1060919, 26.1147305], [84.1075493, 26.1143943], [84.1092975, 26.1125978], [84.1087502, 26.108847], [84.1140808, 26.1078712], [84.1148456, 26.1048098], [84.1127462, 26.1028098], [84.1138291, 26.1004224], [84.122927, 26.0956144], [84.1234657, 26.093546], [84.1229301, 26.0888931], [84.121704, 26.0867347], [84.1193643, 26.0855737], [84.1124678, 26.0862956]]}}, {"type": "Feature", "properties": {"name": "Khanarwa", "layer": "minor", "sub_basin": "Ghaghara", "kind": "river"}, "geometry": {"type": "LineString", "coordinates": [[84.0058776, 26.2314127], [84.003794, 26.2394245], [84.0041829, 26.2427842], [84.0048936, 26.2443329], [84.006832, 26.2456002], [84.0091801, 26.2437636], [84.013807, 26.2433818], [84.016192, 26.242642], [84.0182915, 26.2430916], [84.0186102, 26.2437342], [84.0182938, 26.2457441], [84.0152608, 26.2500014], [84.0177962, 26.252487], [84.0178688, 26.2537562], [84.0185878, 26.2549846], [84.0181869, 26.2569701], [84.0185086, 26.2576895], [84.0253876, 26.2598532], [84.0276526, 26.2599092], [84.0336226, 26.2584764], [84.035828, 26.2591085], [84.0386621, 26.2611789], [84.038378, 26.2621249], [84.0364316, 26.2633117], [84.033492, 26.2636163], [84.0313358, 26.2647898], [84.0300759, 26.266126], [84.028096, 26.2705871], [84.0280644, 26.2718269], [84.0287537, 26.2734426], [84.0337028, 26.281683], [84.0355536, 26.2828897], [84.0439441, 26.2864958], [84.05227, 26.2873349], [84.0532848, 26.2901481], [84.0558303, 26.2914094], [84.0572464, 26.2929993], [84.0598737, 26.2947855], [84.0606404, 26.2969305], [84.0663804, 26.2975443], [84.0701462, 26.2992498], [84.071169, 26.3033578], [84.0731562, 26.3081307], [84.074101, 26.3167392], [84.0751102, 26.3211988], [84.0743961, 26.3241164], [84.0722322, 26.3281457], [84.0723515, 26.3301692], [84.0705136, 26.3341691], [84.0707895, 26.3351401], [84.0722206, 26.3367618], [84.0713399, 26.3399241], [84.0728871, 26.3413091], [84.0744997, 26.341888], [84.0817685, 26.341928], [84.0813076, 26.3439351], [84.085193, 26.3543132], [84.0858659, 26.3554321], [84.089345, 26.3584713], [84.0923163, 26.3697961], [84.0941066, 26.3717002]]}}, {"type": "Feature", "properties": {"name": "Haha", "layer": "minor", "sub_basin": "Ghaghara", "kind": "river"}, "geometry": {"type": "LineString", "coordinates": [[84.0345048, 26.4121129], [84.0373148, 26.4133179], [84.0384337, 26.4124659], [84.0411777, 26.4129107], [84.0412267, 26.4123659], [84.0398786, 26.4108133], [84.0411638, 26.4089407], [84.0412902, 26.4075224], [84.0427357, 26.4095732], [84.0435023, 26.409765], [84.0455949, 26.408446], [84.0474295, 26.4082042], [84.0479052, 26.4072261], [84.0496896, 26.4073847], [84.0498183, 26.4068552], [84.0492359, 26.4063153], [84.0496094, 26.4038419], [84.053071, 26.4048246], [84.0533723, 26.4036128], [84.0552128, 26.4025455], [84.0571098, 26.4026071], [84.0584975, 26.4014177], [84.0611576, 26.4016078], [84.0632519, 26.4009967], [84.0635783, 26.4005704], [84.0625861, 26.3997921], [84.0626536, 26.3985123], [84.065371, 26.3968313], [84.0682055, 26.3966595], [84.0690662, 26.3976831], [84.0695536, 26.3976254], [84.0704794, 26.396273], [84.0734735, 26.3955313], [84.0772745, 26.3911927], [84.0803223, 26.3906956], [84.0859688, 26.3886454]]}}, {"type": "Feature", "properties": {"name": "Khanua Nala", "layer": "minor", "sub_basin": "Ghaghara", "kind": "river"}, "geometry": {"type": "LineString", "coordinates": [[84.0084286, 26.5800316], [84.0098045, 26.5784827], [84.0149643, 26.5757256], [84.0166187, 26.5755161], [84.0181823, 26.5766293], [84.0193964, 26.5766594], [84.0240279, 26.575579], [84.0272281, 26.5735546], [84.031277, 26.5722], [84.0316374, 26.571388], [84.0315364, 26.5677729], [84.0338393, 26.5633571], [84.0371253, 26.5621344], [84.0402128, 26.5583897], [84.0420343, 26.5573148], [84.0427533, 26.5556334], [84.0442427, 26.5541067], [84.04782, 26.5519011], [84.0512573, 26.5515358], [84.0552332, 26.5498951], [84.0562629, 26.5479194], [84.0558203, 26.545805], [84.0563461, 26.5440705], [84.0556709, 26.5427652], [84.0533322, 26.5413256], [84.0514095, 26.5387855], [84.0466161, 26.5363106], [84.0412794, 26.5349389], [84.0371902, 26.5348019], [84.0240357, 26.5323431], [84.0181922, 26.5288], [84.0136312, 26.5277542], [84.0131703, 26.5272478], [84.0128498, 26.5249009], [84.0104019, 26.5240946], [84.0090162, 26.5224606], [84.0084393, 26.52061], [84.0020165, 26.5175797], [84.0017036, 26.5165587], [84.0023788, 26.5144507], [84.0042233, 26.5128861], [84.0082746, 26.5115027], [84.0083405, 26.5094112], [84.0062325, 26.5054587], [84.0031857, 26.5057057], [84.001473, 26.5051787], [84.0002708, 26.5039106], [84.0001719, 26.5020167], [84.002774, 26.4992664], [84.0048491, 26.492613], [84.0077476, 26.4901921], [84.0082911, 26.4887428], [84.0070395, 26.4879688], [84.0039763, 26.4885287], [84.0023294, 26.4876229], [84.0017365, 26.4834892], [84.000946, 26.4818753], [83.9969111, 26.4827811], [83.9956266, 26.4852679], [83.9942926, 26.4857455], [83.9915423, 26.484428], [83.988759, 26.4818588], [83.9869475, 26.4815953], [83.985877, 26.4808213], [83.986157, 26.4792238], [83.9883638, 26.4780381], [83.9881991, 26.4760618], [83.9920034, 26.4669381], [83.9934362, 26.4645007], [83.9958571, 26.4624585], [83.9973722, 26.4595271], [83.9978992, 26.4535654], [83.9963347, 26.4507162], [83.9966311, 26.4498269], [84.0006743, 26.4474499], [84.0017941, 26.4457372], [84.0038363, 26.4456493], [84.0049781, 26.4441122], [84.006625, 26.4435194], [84.0080523, 26.4434315], [84.0147277, 26.4459128], [84.0164843, 26.4461105], [84.0176895, 26.4473393], [84.020371, 26.4456274], [84.0245048, 26.4400297], [84.0253235, 26.4336984], [84.02335, 26.4312222], [84.023748, 26.4299736], [84.0250367, 26.4292087], [84.025341, 26.427609], [84.0328213, 26.4224299], [84.0354683, 26.4184593], [84.0348098, 26.4186075], [84.0349875, 26.4136231], [84.0337721, 26.4111033], [84.0328179, 26.4107003], [84.0280303, 26.4105054], [84.0251694, 26.409357], [84.0228958, 26.4075281], [84.021356, 26.4054401], [84.0227506, 26.3998895], [84.02465, 26.3955404], [84.0284386, 26.3913305], [84.0302977, 26.3903787], [84.032059, 26.3883374], [84.0339662, 26.3842913], [84.0333682, 26.379756], [84.0324545, 26.3783818], [84.0258815, 26.3768929], [84.0241385, 26.3747488], [84.0224691, 26.3655677], [84.0247465, 26.3627263], [84.0251063, 26.3611413], [84.0225781, 26.3598034], [84.0214006, 26.358617], [84.0215738, 26.357582], [84.022556, 26.3565894], [84.0227206, 26.3528254], [84.0222006, 26.3486523], [84.0203387, 26.3470567], [84.0196273, 26.3481038], [84.0195517, 26.3502283], [84.0190976, 26.3508451], [84.0150896, 26.3519664], [84.0139947, 26.3513239], [84.01237, 26.3485706], [84.0085757, 26.3476855], [84.0057601, 26.3456983]]}}, {"type": "Feature", "properties": {"name": "Ghaghart Nala", "layer": "minor", "sub_basin": "Ghaghara", "kind": "river"}, "geometry": {"type": "LineString", "coordinates": [[84.0169799, 26.6003319], [84.0149157, 26.5996254], [84.0118211, 26.5997724], [84.0100136, 26.5990442], [84.0093769, 26.5982504], [84.0093065, 26.5963273], [84.0112128, 26.5913288], [84.0118804, 26.5901564], [84.0135967, 26.5887896], [84.0162317, 26.5875955], [84.0248795, 26.586703], [84.027113, 26.5880308], [84.029728, 26.5879908], [84.0324122, 26.5899369], [84.0337485, 26.5903706], [84.0349, 26.5897773], [84.0369302, 26.5801116], [84.0382079, 26.578618], [84.0388165, 26.5768038], [84.0336644, 26.5635814]]}}, {"type": "Feature", "properties": {"name": "Taraina Nala", "layer": "minor", "sub_basin": "Ghaghara", "kind": "river"}, "geometry": {"type": "LineString", "coordinates": [[84.0441674, 26.5792443], [84.0440213, 26.5751527], [84.0449553, 26.5729663], [84.0452882, 26.5695765], [84.045718, 26.5688591], [84.0565163, 26.561888], [84.0567784, 26.5610543], [84.0556835, 26.559664]]}}, {"type": "Feature", "properties": {"name": "Khand Nala", "layer": "minor", "sub_basin": "Ghaghara", "kind": "river"}, "geometry": {"type": "LineString", "coordinates": [[84.0084286, 26.5800316], [84.0, 26.5775568], [83.9957666, 26.5770008], [83.9955778, 26.5790034], [83.9972975, 26.5808891], [83.9949601, 26.5841867], [83.9880427, 26.5853882], [83.9850971, 26.5880759], [83.9819882, 26.5895037], [83.9807586, 26.5906484], [83.9774966, 26.5917861], [83.9771992, 26.5925097], [83.9795102, 26.5961111], [83.9799977, 26.599047], [83.9766495, 26.6032634], [83.9740015, 26.6052589], [83.9715339, 26.6082207], [83.9711391, 26.6098396], [83.9718741, 26.611674], [83.9717224, 26.6124035], [83.9636938, 26.6151657], [83.9584687, 26.6108442], [83.9571914, 26.6103519], [83.940941, 26.617376], [83.9371352, 26.6210417]]}}, {"type": "Feature", "properties": {"name": "Tribeni Nala", "layer": "minor", "sub_basin": "Ghaghara", "kind": "river"}, "geometry": {"type": "LineString", "coordinates": [[83.9655592, 26.5513253], [83.9721645, 26.5557006], [83.9708125, 26.5594871], [83.9715444, 26.5623864], [83.972351, 26.563511], [83.9738916, 26.5647014], [83.9763862, 26.565344], [83.9807681, 26.5654417], [83.9874589, 26.5663749], [83.9878285, 26.5682439], [83.9889908, 26.5693753], [83.9886529, 26.5714028], [83.9890036, 26.5731278], [83.990171, 26.5746147], [83.9896546, 26.5763626], [83.9926035, 26.5782585], [83.994957, 26.5788586], [83.9954761, 26.5785679]]}}, {"type": "Feature", "properties": {"name": "Khanua", "layer": "minor", "sub_basin": "Ghaghara", "kind": "river"}, "geometry": {"type": "LineString", "coordinates": [[83.8733878, 26.744421], [83.8760968, 26.7417885], [83.8794339, 26.7402273], [83.885472, 26.736206], [83.8881016, 26.733698], [83.8887137, 26.7322778], [83.8893633, 26.7265661], [83.8920216, 26.7232227], [83.8952917, 26.7172634], [83.8961127, 26.713461], [83.8942978, 26.7105786], [83.8946645, 26.7063544], [83.8963724, 26.7047491], [83.9024616, 26.7023835], [83.9030321, 26.7007842], [83.9021089, 26.6979238], [83.904474, 26.6947678], [83.9056558, 26.6911082], [83.9064905, 26.6905739], [83.9095805, 26.691], [83.913071, 26.6900629], [83.9150067, 26.6862888], [83.9203882, 26.6843774], [83.9211499, 26.6829972], [83.9208639, 26.6812809], [83.9235428, 26.6798947], [83.9243473, 26.6786212], [83.9277533, 26.6790134], [83.9315676, 26.6767769], [83.9336961, 26.6771969], [83.9353786, 26.6788467], [83.9367379, 26.6788887], [83.9405189, 26.6769039], [83.9439921, 26.6768277], [83.9479209, 26.6758802], [83.9512297, 26.6770993], [83.9550608, 26.6740364], [83.9563791, 26.6740433], [83.9570024, 26.6749267], [83.9589448, 26.6743815], [83.9603183, 26.6720186], [83.9608357, 26.6690286], [83.9616504, 26.6681494], [83.9601379, 26.6654196], [83.9602544, 26.663838], [83.9611993, 26.6618793], [83.95984, 26.6603662], [83.9591584, 26.6602736], [83.9590512, 26.6592712], [83.960549, 26.657085], [83.961544, 26.6569553], [83.9624323, 26.657797], [83.9636625, 26.6540244], [83.9656195, 26.6520484], [83.9674849, 26.6442056], [83.9655148, 26.6369301], [83.9640236, 26.634584], [83.9618942, 26.632788], [83.9621122, 26.63058], [83.9632843, 26.6298739], [83.967088, 26.6249093], [83.9697495, 26.6248982], [83.9721576, 26.6234094], [83.9761012, 26.6235612], [83.9770595, 26.621626], [83.9801577, 26.6200739], [83.981089, 26.6187856], [83.9812426, 26.6169397], [83.9825595, 26.616432], [83.9850006, 26.6142245], [83.9877938, 26.6132053], [83.9899437, 26.6043055], [83.9892021, 26.6025038], [83.9893063, 26.6004919], [83.9907772, 26.5997892], [83.9927315, 26.5953915], [83.9940841, 26.5942608], [83.995398, 26.5936573], [83.9974205, 26.5936599], [83.9978247, 26.5955744], [83.9991108, 26.5958901], [84.0035759, 26.5933787], [84.0043579, 26.5916386], [84.0045083, 26.5878457], [84.0073662, 26.5849682], [84.0084286, 26.5800316]]}}, {"type": "Feature", "properties": {"name": "Ghaghi Nala", "layer": "minor", "sub_basin": "Ghaghara", "kind": "river"}, "geometry": {"type": "LineString", "coordinates": [[83.963122, 26.6556163], [83.9646743, 26.6597519], [83.9681977, 26.6634003], [83.9786823, 26.6709945], [83.9821683, 26.674332], [83.9822956, 26.6749789], [83.981105, 26.6772733], [83.9814388, 26.681223], [83.9825467, 26.6830855], [83.9823088, 26.6847507], [83.9816675, 26.6867358], [83.9773319, 26.6899445], [83.9769542, 26.6922219], [83.9776116, 26.693363], [83.9793926, 26.6952249], [83.9814384, 26.6987686], [83.9832012, 26.6999225], [83.9842996, 26.7002513], [83.9866742, 26.6996417], [83.9896582, 26.7004405], [83.9930005, 26.7005368], [83.9935856, 26.7012147], [83.9944729, 26.7051797], [83.9950421, 26.7060113], [83.9978761, 26.7074085], [84.0000891, 26.7069658], [84.0014924, 26.7077198], [84.0021831, 26.7112618], [84.0018018, 26.712395], [84.0032526, 26.7129985], [84.0026241, 26.7143656], [84.0028128, 26.7152131], [84.0016689, 26.7163121], [84.0024018, 26.7176718], [84.0022106, 26.7188316], [84.0018194, 26.7191932], [84.0003996, 26.7189378], [83.997214, 26.7229693], [83.9974492, 26.7258111], [83.996836, 26.7269475], [83.99749, 26.7296676], [83.9985595, 26.7315668], [83.9968088, 26.7320461], [83.9959048, 26.7335857], [83.9944791, 26.7334354], [83.9927607, 26.7343831], [83.9922608, 26.7360132], [83.9935358, 26.7367397], [83.9934137, 26.7380236], [83.9925668, 26.7386822], [83.9922272, 26.739718], [83.9926799, 26.7431958], [83.9912387, 26.7437947], [83.9902843, 26.7453398], [83.9889582, 26.7449663], [83.9889173, 26.7464741], [83.986659, 26.7486918], [83.9868197, 26.7492659], [83.9882744, 26.7502491], [83.9867758, 26.7517115], [83.9867723, 26.7532718], [83.9854947, 26.7538646], [83.9842415, 26.7577715]]}}, {"type": "Feature", "properties": {"name": "Sonda  Nala", "layer": "minor", "sub_basin": "Ghaghara", "kind": "river"}, "geometry": {"type": "LineString", "coordinates": [[84.0256185, 26.6795932], [84.0237125, 26.6777714], [84.0241033, 26.6760655], [84.0231575, 26.6732399], [84.0226565, 26.668944], [84.0236354, 26.6664385], [84.0222993, 26.6649174], [84.0221297, 26.6640973], [84.0231462, 26.6593733], [84.0221241, 26.6583278], [84.022382, 26.6561275], [84.0240752, 26.6554953], [84.0245844, 26.6548339], [84.0234045, 26.6540649], [84.023531, 26.653445], [84.0218376, 26.6538966], [84.0205652, 26.6530174], [84.017815, 26.6531761], [84.017292, 26.6537922], [84.0165695, 26.6533891], [84.01583, 26.6538338], [84.0145246, 26.6530709], [84.0147665, 26.6518761], [84.0139353, 26.6512181], [84.0155003, 26.648567], [84.0167978, 26.6484771], [84.0163634, 26.6470379], [84.0174544, 26.6467767], [84.01803, 26.6474203], [84.0195158, 26.6478079], [84.02086, 26.6474707], [84.0213952, 26.6465753], [84.0222099, 26.6463217], [84.0220869, 26.6456515], [84.0204406, 26.6452561], [84.0197607, 26.6445652], [84.0201291, 26.6437204], [84.019208, 26.6436243], [84.0196269, 26.6417972], [84.0209816, 26.6408513], [84.0207919, 26.6392687], [84.0196105, 26.6393385], [84.018889, 26.6381279], [84.0168991, 26.637635], [84.0165182, 26.6370316], [84.0155197, 26.6370196], [84.0149796, 26.6352039], [84.0135702, 26.6351654], [84.0135365, 26.6337572], [84.0125912, 26.6332456], [84.0119684, 26.6311395], [84.0104723, 26.6305758], [84.0102669, 26.6319112], [84.0092161, 26.6323626], [84.0085563, 26.6314872], [84.0077326, 26.6326698], [84.0072051, 26.6322977], [84.0073455, 26.6313399], [84.0057028, 26.6314], [84.0050214, 26.6321209], [84.0044455, 26.6320682], [84.0048103, 26.6311601], [84.0038862, 26.6308069], [84.0039693, 26.6299335], [84.0033565, 26.6293748], [84.0033927, 26.6264223], [84.003011, 26.6260959], [84.0045222, 26.6249137], [84.0044917, 26.6238139], [84.0058019, 26.6230668], [84.0045451, 26.6218988], [84.0046117, 26.6204618], [84.0027735, 26.6213642], [84.0013849, 26.6212039], [84.0007888, 26.6227484], [84.0000866, 26.6223813], [83.9985024, 26.6228474], [83.9944392, 26.6222204], [83.9937726, 26.6231444], [83.991159, 26.6229634], [83.9881687, 26.6245612], [83.9869678, 26.6234875], [83.9851602, 26.6235756], [83.9845623, 26.6211965], [83.9850522, 26.6196544], [83.9872379, 26.6178354], [83.9871649, 26.6171193], [83.9850967, 26.6174046], [83.9815422, 26.6197803], [83.981089, 26.6187856]]}}, {"type": "Feature", "properties": {"name": "Katiya Parsauni Minor", "layer": "minor", "sub_basin": "Ghaghara", "kind": "river"}, "geometry": {"type": "LineString", "coordinates": [[84.0091773, 26.6400167], [84.0084483, 26.6383278], [84.0075628, 26.6326346]]}}, {"type": "Feature", "properties": {"name": "Keswa Nala", "layer": "minor", "sub_basin": "Ghaghara", "kind": "river"}, "geometry": {"type": "LineString", "coordinates": [[84.0543531, 26.7403414], [84.0541759, 26.7372793], [84.0550934, 26.7317003], [84.0557994, 26.7302309], [84.0591937, 26.7267829], [84.0593373, 26.7245214], [84.0570041, 26.7179772], [84.0554296, 26.7163116], [84.0517809, 26.7138539], [84.0517293, 26.7123508], [84.0493585, 26.7076777], [84.0494729, 26.6979861], [84.0498377, 26.6945474], [84.0505689, 26.6924876], [84.0519251, 26.690328], [84.0561009, 26.6857369], [84.0577675, 26.6845896], [84.0634513, 26.6832458], [84.0653857, 26.6812424], [84.0704395, 26.6803725], [84.0708688, 26.6790957], [84.0741453, 26.6784101], [84.0746676, 26.6770314], [84.0734097, 26.6747726], [84.0759079, 26.6728978], [84.0778517, 26.6689367], [84.0841052, 26.6635167], [84.0849372, 26.6619956], [84.0845764, 26.6598004], [84.0883383, 26.6549966], [84.08893, 26.6534435], [84.0887367, 26.650381], [84.087725, 26.6477168], [84.0866889, 26.64641], [84.086654, 26.6436349], [84.0872612, 26.6430519], [84.0868131, 26.6423119], [84.0873392, 26.6417588], [84.0865803, 26.6402095], [84.0865862, 26.6387932], [84.0882139, 26.6361697], [84.0883974, 26.6348741], [84.0874987, 26.6329024], [84.087913, 26.6308177], [84.0871775, 26.6273608], [84.0873515, 26.6258486], [84.0855496, 26.6254553], [84.0851994, 26.6238287], [84.0867579, 26.6213525], [84.0869582, 26.6197867], [84.0886337, 26.6178362], [84.088099, 26.6163637], [84.088586, 26.6159587], [84.0863627, 26.612399], [84.0877407, 26.6110965], [84.0876772, 26.6100396], [84.0888524, 26.6094095], [84.0887563, 26.6078558], [84.090008, 26.6067807], [84.0890895, 26.6030223], [84.0876718, 26.6009497], [84.0859168, 26.5997093]]}}, {"type": "Feature", "properties": {"name": "Sota Nala", "layer": "minor", "sub_basin": "Ghaghara", "kind": "river"}, "geometry": {"type": "LineString", "coordinates": [[84.0547915, 26.5500774], [84.0552473, 26.5543628], [84.0549512, 26.558963], [84.0552319, 26.5594829], [84.0565666, 26.5596439], [84.0570653, 26.5603503], [84.0590038, 26.5611674], [84.0584971, 26.5639542], [84.0600729, 26.5651144], [84.0607932, 26.5680168], [84.0617639, 26.5684731], [84.0621685, 26.5696123], [84.0631284, 26.5696861], [84.0649225, 26.5710327], [84.0668558, 26.5716584], [84.0662825, 26.5739683], [84.0668633, 26.5755309], [84.0660376, 26.5764341], [84.0661138, 26.576986], [84.0756027, 26.5834112], [84.0756689, 26.584766], [84.0749763, 26.5855635], [84.0761753, 26.5881325], [84.0773551, 26.5886982], [84.0781263, 26.5905318], [84.0806257, 26.5913004], [84.0812749, 26.5922114], [84.0832898, 26.5924919], [84.0836242, 26.5955347], [84.0859168, 26.5997093]]}}, {"type": "Feature", "properties": {"name": "Sona Nala", "layer": "minor", "sub_basin": "Ghaghara", "kind": "river"}, "geometry": {"type": "LineString", "coordinates": [[84.0328213, 26.4224299], [84.0327808, 26.4245341], [84.0316882, 26.4282569], [84.0293412, 26.4296732], [84.0275607, 26.4317774], [84.0294626, 26.4344077], [84.0307158, 26.4351373], [84.0320929, 26.4352574], [84.0327808, 26.4364309], [84.033671, 26.43635], [84.0350064, 26.4353384], [84.0365845, 26.4354598], [84.0394576, 26.4379282], [84.0415618, 26.4388184], [84.0490479, 26.4399514], [84.0541466, 26.4396277], [84.0565163, 26.4405556], [84.0572302, 26.440074], [84.0576187, 26.4409526], [84.057251, 26.4418157], [84.0583573, 26.442452], [84.0582947, 26.4433394], [84.0602371, 26.4438079], [84.0629977, 26.4458045], [84.063738, 26.4478317], [84.0649117, 26.4475941], [84.0646172, 26.4485355], [84.0672533, 26.4512962], [84.0695472, 26.4505585], [84.07123, 26.450796], [84.0725096, 26.4517199], [84.0750122, 26.4512479], [84.0746074, 26.4543793], [84.0765199, 26.4550501], [84.0773871, 26.4548423], [84.0773964, 26.4538816], [84.0778075, 26.4536735], [84.0825662, 26.4533693], [84.0832521, 26.4555848], [84.0840292, 26.4559706], [84.0835463, 26.4570343], [84.0843132, 26.4582228], [84.0843155, 26.4597206], [84.0864872, 26.4606536], [84.0852864, 26.4637554], [84.0874642, 26.4700206], [84.091111, 26.4732934], [84.0924638, 26.4753104], [84.0935217, 26.4756973], [84.0959851, 26.4780724], [84.0985879, 26.4790996], [84.1024285, 26.479122], [84.1069213, 26.4812702], [84.1133532, 26.4890785], [84.115008, 26.4918729], [84.1159697, 26.4951133], [84.1149442, 26.4975962], [84.11299, 26.4998991], [84.1082445, 26.502125], [84.1073412, 26.5021563], [84.1058526, 26.5011381], [84.1035205, 26.5025659], [84.1034019, 26.5048912], [84.1023243, 26.5056768], [84.1024504, 26.5076417], [84.1015251, 26.5101491], [84.1032358, 26.5127056], [84.106534, 26.5135485], [84.1066137, 26.5145742], [84.1052678, 26.515652], [84.1086189, 26.5225951], [84.1070845, 26.5253879], [84.1076916, 26.5273761], [84.1076351, 26.530226], [84.1082578, 26.531601], [84.1079804, 26.5330525], [84.1093841, 26.5348764], [84.1055436, 26.5358314], [84.1048319, 26.5370079], [84.1025598, 26.5382113], [84.1042912, 26.5425547], [84.1046025, 26.5449383], [84.1089042, 26.5472046], [84.1096038, 26.5481075], [84.1086474, 26.5496445], [84.1096429, 26.5511488], [84.1095119, 26.5523687], [84.1105327, 26.5554705], [84.1099283, 26.5575649], [84.1111646, 26.5588712], [84.111522, 26.5600197], [84.1120071, 26.5600793], [84.1128363, 26.5592209], [84.1134784, 26.5594189], [84.1130563, 26.5606463], [84.1133707, 26.5615144], [84.1118034, 26.5617984], [84.1106688, 26.5640308], [84.1106828, 26.5648793], [84.1119433, 26.5662221], [84.1127769, 26.5683863], [84.1132233, 26.5715893], [84.1114933, 26.5743555], [84.1114405, 26.5754597], [84.1135959, 26.5763335], [84.1160629, 26.5751926], [84.1168678, 26.5753037], [84.1202536, 26.5791345], [84.1208284, 26.5806258], [84.1195992, 26.5836325], [84.1152881, 26.5854803], [84.1116889, 26.588741], [84.1103989, 26.5953506], [84.1108411, 26.5979174], [84.1123658, 26.5991483], [84.1130918, 26.6004081], [84.1126139, 26.6058479], [84.113186, 26.6106413], [84.1129014, 26.6125798], [84.1135971, 26.614254], [84.1135434, 26.6153897], [84.1140423, 26.6159096], [84.11524, 26.6159835], [84.1167912, 26.6173639], [84.1167803, 26.6181982], [84.1179457, 26.6191556], [84.1182232, 26.620898], [84.1178228, 26.6218508], [84.1127014, 26.6263256], [84.1085225, 26.6340086], [84.1027376, 26.6408603], [84.1029086, 26.6422397], [84.1036712, 26.6434507], [84.1079687, 26.6456224], [84.1086321, 26.6463892], [84.1086515, 26.6494031], [84.1066073, 26.6554108], [84.1097521, 26.6569229], [84.1120888, 26.6642152], [84.1142164, 26.6686479], [84.1139079, 26.6715286], [84.1098468, 26.673873], [84.1089528, 26.6748787], [84.1087663, 26.6762959], [84.1113063, 26.6799114], [84.1091914, 26.6843208], [84.1088692, 26.6861457], [84.1103072, 26.6880651], [84.1116399, 26.6967445], [84.1127918, 26.6992626], [84.1141089, 26.6998127], [84.1211353, 26.6990127], [84.1243304, 26.7003812], [84.1251413, 26.7012909], [84.1259518, 26.7064139], [84.1244237, 26.7122518], [84.1288658, 26.7151838], [84.1301521, 26.7169738], [84.1304142, 26.7233397], [84.1288492, 26.7242463], [84.12811, 26.7264734], [84.1284454, 26.7303236], [84.1280039, 26.731298], [84.1284356, 26.7341082], [84.131273, 26.7355551], [84.1339996, 26.7358133], [84.1362861, 26.7369963], [84.142719, 26.7387904], [84.1433927, 26.7397112], [84.1452255, 26.7395541], [84.1623202, 26.7463486]]}}, {"type": "Feature", "properties": {"name": "Mani Nala", "layer": "minor", "sub_basin": "Ghaghara", "kind": "river"}, "geometry": {"type": "LineString", "coordinates": [[84.1786135, 26.7482441], [84.1782235, 26.7477626], [84.1784657, 26.7471089], [84.1812795, 26.7456851], [84.1790694, 26.7421991], [84.1811205, 26.7386896], [84.1865139, 26.722324], [84.19006, 26.7066536], [84.1898057, 26.6899153], [84.1922899, 26.6863013], [84.1935322, 26.6829469], [84.1935111, 26.6786879], [84.19258, 26.675904], [84.1929388, 26.6741743], [84.1945658, 26.6725328], [84.2023113, 26.670376], [84.2038892, 26.6690943], [84.2050671, 26.6689731], [84.2069621, 26.6658028], [84.2116152, 26.6627726], [84.2124251, 26.6616832], [84.2121761, 26.6595309], [84.2094394, 26.6533553], [84.2083979, 26.6528296], [84.2067084, 26.6529317], [84.2055753, 26.6516327], [84.2084653, 26.6440789], [84.2106776, 26.6402201], [84.2123155, 26.6304536], [84.2144384, 26.6290246], [84.2146815, 26.6272835], [84.2112034, 26.6237506], [84.2093488, 26.6230239], [84.2012886, 26.6250533], [84.1888509, 26.6252499], [84.1890008, 26.6218392], [84.1905986, 26.6197497], [84.1915205, 26.619381], [84.1915512, 26.6167998], [84.1927188, 26.6141572], [84.1926574, 26.6111459], [84.1937329, 26.6075507], [84.1928418, 26.5994385], [84.1953, 26.5956282], [84.1986801, 26.5932314], [84.1988644, 26.5905274], [84.2017221, 26.5855494], [84.201292, 26.583337], [84.1982806, 26.5788815], [84.1990795, 26.5752863], [84.2028284, 26.5719984], [84.2040267, 26.5699396], [84.2042111, 26.5681267], [84.2079599, 26.5644393], [84.2099265, 26.5632102], [84.2107254, 26.5609363], [84.2131222, 26.5594614], [84.2139212, 26.5583859], [84.2138904, 26.557587], [84.2160107, 26.5556204], [84.2194215, 26.5447427], [84.2210808, 26.5419464], [84.2206199, 26.5389044], [84.2177622, 26.5327588], [84.2129379, 26.5303313], [84.2123233, 26.5297474], [84.2117395, 26.5277501], [84.2125077, 26.5246466], [84.2121697, 26.52268], [84.2139826, 26.5157047], [84.2139519, 26.5144756], [84.2129071, 26.5120174], [84.2048564, 26.506978], [84.2029513, 26.5047656], [84.2021523, 26.5002793]]}}, {"type": "Feature", "properties": {"name": "Khokhi", "layer": "minor", "sub_basin": "Ghaghara", "kind": "river"}, "geometry": {"type": "LineString", "coordinates": [[84.3179093, 26.5632242], [84.3180673, 26.5596155], [84.3194634, 26.5571921], [84.3206751, 26.5524506], [84.3203063, 26.5523453], [84.3199902, 26.5497375], [84.3224927, 26.545839], [84.3222556, 26.5403337], [84.3230458, 26.5382791], [84.322519, 26.5373044], [84.3222293, 26.5338274], [84.316803, 26.5289806], [84.3139318, 26.5276372], [84.3134576, 26.5262938], [84.3122196, 26.5253455], [84.3120352, 26.5221319], [84.3133786, 26.5214997], [84.3126937, 26.5202353], [84.3129308, 26.5188129], [84.311324, 26.5178646], [84.3110342, 26.5166792], [84.3063191, 26.5138344], [84.3020782, 26.5141768], [84.3014987, 26.5152305], [84.2988909, 26.5157046], [84.2970207, 26.5156519], [84.2942022, 26.5140714], [84.2933856, 26.5143085], [84.2929641, 26.5131758], [84.2934383, 26.5124646], [84.2934119, 26.5108578], [84.2947553, 26.5085925], [84.2943866, 26.5076178], [84.2948607, 26.5066959], [84.2941231, 26.5044569], [84.2954665, 26.5019808], [84.2954665, 26.5009272], [84.2965729, 26.5003213], [84.2970997, 26.499452], [84.2970997, 26.4981086], [84.2986275, 26.4960277], [84.298206, 26.4951584], [84.2999182, 26.492577], [84.2995494, 26.4909965], [84.3005767, 26.4899692], [84.3038694, 26.4900746], [84.3056606, 26.4911809], [84.3083474, 26.4897585], [84.3086898, 26.4906804], [84.3174351, 26.4917604], [84.3188049, 26.4912599], [84.3206488, 26.4917077], [84.3214171, 26.490597], [84.3228571, 26.491475], [84.3239107, 26.490878], [84.3249995, 26.491475], [84.3298814, 26.4903511]]}}, {"type": "Feature", "properties": {"name": "Saha Or Sandi", "layer": "minor", "sub_basin": "Ghaghara", "kind": "river"}, "geometry": {"type": "LineString", "coordinates": [[84.3406989, 26.5627369], [84.3407691, 26.5614725], [84.3416471, 26.5597867], [84.3417876, 26.5570121], [84.3426657, 26.555537], [84.3434735, 26.5517438], [84.3443164, 26.5502687], [84.3457915, 26.5501282], [84.3473017, 26.5507955], [84.3489525, 26.5495663], [84.3499359, 26.5495312], [84.3501115, 26.5503038], [84.3517271, 26.5504794], [84.3529563, 26.5517789], [84.3548178, 26.5512872], [84.3567143, 26.5519194], [84.357768, 26.5504443], [84.3586812, 26.550936], [84.3584704, 26.5497419], [84.3603319, 26.5499526], [84.3612802, 26.5494609], [84.3624041, 26.5502336], [84.3628606, 26.5500229], [84.3620528, 26.5484073], [84.364125, 26.5481965], [84.3633875, 26.5469673], [84.364406, 26.5466512], [84.3645816, 26.5455624], [84.3655299, 26.5454922], [84.3665484, 26.5442629], [84.3639845, 26.5398727], [84.360086, 26.535623], [84.3593485, 26.5327079], [84.3551339, 26.529863], [84.3537641, 26.5267021], [84.3524295, 26.5264562], [84.3516919, 26.5245596], [84.3510598, 26.5222065], [84.3513407, 26.5217148], [84.3533075, 26.5215392], [84.3542558, 26.5223821], [84.3552392, 26.5225226], [84.356609, 26.5212582], [84.3571709, 26.519467], [84.3579436, 26.5187295], [84.358049, 26.5169382], [84.3550636, 26.5151119], [84.3555553, 26.5136017], [84.3553095, 26.5127939], [84.353448, 26.51311], [84.347969, 26.5116349], [84.3425252, 26.510792], [84.3403125, 26.5096681], [84.3391184, 26.5084037], [84.3385564, 26.5067881], [84.3388725, 26.5045052], [84.338135, 26.5033813], [84.3364491, 26.5029598], [84.3345877, 26.5038027], [84.3330423, 26.5036271], [84.3342014, 26.5015198], [84.3327262, 26.4951628], [84.3329721, 26.4944253], [84.3315672, 26.4930555], [84.3318131, 26.4912292], [84.330338, 26.4910536], [84.3298814, 26.4903511]]}}, {"type": "Feature", "properties": {"name": "Bansi", "layer": "minor", "sub_basin": "Gandak and others", "kind": "river"}, "geometry": {"type": "LineString", "coordinates": [[84.0035377, 26.9316197], [84.0075051, 26.9315131], [84.0086188, 26.9307705], [84.0077703, 26.929055], [84.0077337, 26.92774], [84.0101561, 26.9260709], [84.0134153, 26.9209141], [84.0149689, 26.9168123], [84.0167841, 26.9077403], [84.0175541, 26.9066464], [84.0194159, 26.9064252], [84.022101, 26.9046305], [84.0253179, 26.9051563], [84.0290196, 26.9039366], [84.0302964, 26.9042667], [84.0350232, 26.9039209], [84.0384435, 26.9045615], [84.0397534, 26.9036945], [84.0423311, 26.9004663], [84.0432011, 26.9005663], [84.0442381, 26.9018587], [84.0465469, 26.9033017], [84.0465671, 26.9040189], [84.0453475, 26.9057212], [84.0453711, 26.906558], [84.0471931, 26.9072943], [84.0477914, 26.907221], [84.0484996, 26.9063078], [84.0477291, 26.9050094], [84.0482069, 26.9030248], [84.0490467, 26.9020489], [84.0501817, 26.9020829], [84.0510838, 26.9033185], [84.0539091, 26.9048923], [84.0560027, 26.9022591], [84.0567758, 26.9020181], [84.0570423, 26.9026376], [84.0566928, 26.903273], [84.0578883, 26.9033895], [84.0592645, 26.8988957], [84.0607234, 26.8969788], [84.0618826, 26.8934117], [84.0603709, 26.8911295], [84.0608056, 26.8893128], [84.0598574, 26.8879372], [84.060161, 26.8871556], [84.0609739, 26.8868766], [84.0631641, 26.8872622], [84.067369, 26.8889588], [84.0692382, 26.8870312], [84.0735143, 26.8845623], [84.0751489, 26.8830092], [84.075942, 26.8833939], [84.0769482, 26.8827414], [84.0777385, 26.8792205], [84.0817738, 26.8769417], [84.0851098, 26.8771866], [84.0864843, 26.87903], [84.0872472, 26.8822895], [84.0878761, 26.8826785], [84.0899378, 26.8816299], [84.0906477, 26.8819799], [84.0907209, 26.8829729], [84.0913742, 26.8828453], [84.0927914, 26.8809292], [84.0934084, 26.88095], [84.0943921, 26.8821403], [84.0954547, 26.8819652], [84.0968723, 26.8787963], [84.0962454, 26.8759386], [84.0978149, 26.8757576], [84.1008673, 26.8773641], [84.1046427, 26.8819963], [84.106758, 26.886923], [84.107829, 26.8980081], [84.1107475, 26.8995075], [84.1115776, 26.8994004], [84.1127289, 26.8983562], [84.1142283, 26.8961874], [84.1170398, 26.8954644], [84.1168865, 26.8894365], [84.1184382, 26.8877258], [84.1201782, 26.8879248], [84.121306, 26.8902878], [84.1223056, 26.8911089], [84.1273751, 26.8931796], [84.1297314, 26.8934295], [84.1316949, 26.8925013], [84.1323733, 26.8911089], [84.1320877, 26.8900022], [84.1303345, 26.8885265], [84.1300005, 26.8862016], [84.1312732, 26.8840786], [84.1327085, 26.8829686], [84.1347748, 26.8829206], [84.1436904, 26.8868248], [84.1453683, 26.8865749], [84.1468678, 26.8856824], [84.1490704, 26.8836638], [84.1490814, 26.8817495], [84.1470547, 26.8785671], [84.1446014, 26.8767702], [84.1446688, 26.8744958], [84.1457445, 26.8724969], [84.1456402, 26.8686389], [84.1454293, 26.8680515], [84.1413628, 26.8667563], [84.1403977, 26.865205], [84.140144, 26.8633568], [84.1409446, 26.8610653], [84.140523, 26.8580247], [84.1422302, 26.8502094], [84.143202, 26.8492297], [84.1454503, 26.8485791], [84.1476128, 26.8472725], [84.1477328, 26.8445184], [84.1460139, 26.8404315], [84.1456225, 26.8361342], [84.1455826, 26.8347595], [84.1463231, 26.8327086], [84.1476105, 26.8311234], [84.1505704, 26.8297383], [84.1530285, 26.8294416], [84.1565051, 26.8297788], [84.1586323, 26.8272766], [84.1607398, 26.8263898], [84.1632031, 26.8262722], [84.1679155, 26.8278362], [84.1752178, 26.826767], [84.1777144, 26.8255119], [84.1816555, 26.821232], [84.190605, 26.819525], [84.1934273, 26.8180227], [84.1957709, 26.8161129], [84.1962721, 26.8150244], [84.1962736, 26.8128113], [84.1952198, 26.8109821], [84.1952494, 26.8097254], [84.1983604, 26.8067207], [84.1987703, 26.804797], [84.1996622, 26.8034001], [84.2045105, 26.8028064], [84.2056057, 26.8015243], [84.2056352, 26.8002675], [84.2047341, 26.7990927], [84.1999279, 26.7988481], [84.1971756, 26.7959228], [84.1970738, 26.794729], [84.1979008, 26.7933935], [84.1981056, 26.7912952], [84.1997945, 26.7875467], [84.2052969, 26.7843056], [84.206956, 26.7818138], [84.2082808, 26.781543], [84.2120544, 26.7829484], [84.21445, 26.7828314], [84.2156328, 26.7822649], [84.2160299, 26.7799227], [84.2193099, 26.7781696], [84.2209233, 26.7763964], [84.2222419, 26.7736733], [84.2224896, 26.7707964], [84.2192802, 26.7681816], [84.2197367, 26.7655987], [84.2230686, 26.7633657], [84.222884, 26.7616356], [84.2212062, 26.7589841], [84.2211876, 26.7561136], [84.2222662, 26.7542934], [84.2238934, 26.7529984], [84.2273252, 26.7518994], [84.2278152, 26.7504521], [84.2272346, 26.7488511], [84.2274095, 26.7480095], [84.2323606, 26.7442422], [84.23298, 26.7426722], [84.2330146, 26.7415947], [84.2320292, 26.739824], [84.228919, 26.7382836], [84.2290387, 26.7355892], [84.2303993, 26.7343005], [84.2339077, 26.7335583], [84.2380348, 26.7334592], [84.2401376, 26.7347245], [84.2418107, 26.7349833], [84.2457172, 26.7319584], [84.2462104, 26.7306306], [84.2482202, 26.7287877], [84.2563466, 26.7265579], [84.2592286, 26.724933], [84.2627564, 26.7248476], [84.2648053, 26.7265326], [84.2648484, 26.7279671], [84.261818, 26.7297887], [84.2575597, 26.730878], [84.2567173, 26.7324596], [84.2568378, 26.7334436], [84.2610549, 26.7363755], [84.2670101, 26.7358482], [84.2682379, 26.7367466], [84.2684481, 26.7374577], [84.2668786, 26.7400003], [84.2668184, 26.7412202], [84.2675263, 26.7433589], [84.2697252, 26.7442024], [84.2761112, 26.7415365], [84.278712, 26.7410171], [84.2795219, 26.7396332], [84.2786633, 26.7354672], [84.2804514, 26.7329115], [84.2827056, 26.7325575], [84.2864477, 26.7329448], [84.2909043, 26.7349295], [84.2924838, 26.7342928], [84.2933337, 26.7293673], [84.2949398, 26.727414], [84.2977475, 26.7255509], [84.2994128, 26.7233569], [84.2992966, 26.7195316], [84.3007046, 26.7176429], [84.3066153, 26.7170793], [84.3081843, 26.7182969], [84.3087321, 26.7209751], [84.309796, 26.7231023], [84.3126352, 26.7244681], [84.3141551, 26.7240718], [84.3149895, 26.7143016]]}}, {"type": "Feature", "properties": {"name": "Jharahi", "layer": "minor", "sub_basin": "Ghaghara", "kind": "river"}, "geometry": {"type": "LineString", "coordinates": [[84.1099444, 26.8420537], [84.1117603, 26.8412101], [84.1137774, 26.8394235], [84.117731, 26.8375784], [84.120241, 26.8310946], [84.1198641, 26.8269751], [84.1216194, 26.8229549], [84.1255169, 26.8177254], [84.1272971, 26.8135879], [84.1299118, 26.8125952], [84.1293386, 26.8102669], [84.1297558, 26.8096622], [84.1309226, 26.8093373], [84.130676, 26.8079476], [84.1318022, 26.8053757], [84.1316564, 26.803819], [84.131063, 26.803237], [84.1289411, 26.8029393], [84.1288354, 26.8009675], [84.1284079, 26.8005027], [84.1234201, 26.7986032], [84.1234302, 26.7960584], [84.122309, 26.7960989], [84.1217257, 26.796848], [84.1205894, 26.7962749], [84.1206898, 26.7991221], [84.1181733, 26.7973621], [84.1157544, 26.798991], [84.1144011, 26.805241], [84.1127563, 26.808314], [84.1090041, 26.8126321], [84.1074903, 26.8128666], [84.1060872, 26.8120947], [84.1059903, 26.8095111], [84.1046906, 26.810004], [84.1029044, 26.8084446], [84.1010234, 26.8089804], [84.0912865, 26.804757], [84.0849751, 26.7974264], [84.0802404, 26.7935587], [84.0777102, 26.7924564], [84.077203, 26.7901821], [84.075927, 26.7892906], [84.0770366, 26.7883857], [84.0761674, 26.7866562], [84.0765711, 26.785721], [84.0787149, 26.7849352], [84.0811177, 26.7854568], [84.0853762, 26.7846646], [84.0929541, 26.787582], [84.099598, 26.7917889], [84.1009605, 26.7919966], [84.1030869, 26.7906757], [84.1073869, 26.7894925], [84.1094753, 26.7861928], [84.1105361, 26.7880611], [84.1119489, 26.7877272], [84.1120548, 26.7862877], [84.1112605, 26.7845052], [84.1128744, 26.7855342], [84.1140761, 26.7850109], [84.1131008, 26.7832644], [84.1137094, 26.7809675], [84.1135185, 26.779704], [84.1127392, 26.7795279], [84.1112408, 26.7804393], [84.1092148, 26.7795862], [84.1037848, 26.7793283], [84.1007484, 26.7780688], [84.0972095, 26.7757757], [84.0976423, 26.7736008], [84.0974215, 26.7716512], [84.0954969, 26.7684965], [84.0950552, 26.765667], [84.0964485, 26.7622829], [84.099832, 26.7610154], [84.1008479, 26.7590074], [84.1017976, 26.760226], [84.1062864, 26.7623656], [84.1146357, 26.763875], [84.1201719, 26.7673801], [84.1296396, 26.7750402], [84.1325283, 26.7758549], [84.1356403, 26.7756291], [84.1400348, 26.7777045], [84.1409749, 26.7776774], [84.1447051, 26.7757319], [84.1450119, 26.776147], [84.1446151, 26.7781552], [84.1450123, 26.7784846], [84.1479281, 26.7774823], [84.152971, 26.7781763], [84.1552563, 26.7762805], [84.1567306, 26.77406], [84.1572687, 26.7743351], [84.1573646, 26.7754543], [84.1578422, 26.7754135], [84.1634635, 26.7673834], [84.1688976, 26.7617508], [84.170712, 26.7609469], [84.1730235, 26.7590283], [84.1816595, 26.7585603], [84.183414, 26.7588935], [84.1909211, 26.7621845], [84.1940832, 26.7625079], [84.1957317, 26.7619384], [84.1984936, 26.7543624], [84.1970284, 26.7482804], [84.1974605, 26.7468544], [84.192987, 26.7477312], [84.1905638, 26.7490049], [84.1869212, 26.7492375], [84.1834395, 26.7506602], [84.1795519, 26.7491063], [84.1786135, 26.7482441]]}}, {"type": "Feature", "properties": {"name": "Bhelwa Nala", "layer": "minor", "sub_basin": "Ghaghara", "kind": "river"}, "geometry": {"type": "LineString", "coordinates": [[83.9842415, 26.7577715], [83.985232, 26.7581057], [83.9846113, 26.75934], [83.9851192, 26.7600765], [83.986275, 26.7593767], [83.9869911, 26.7597407], [83.9875391, 26.7617986], [83.987462, 26.7626799], [83.9864892, 26.7627119], [83.9857521, 26.7643505], [83.9865633, 26.7648973], [83.9858332, 26.765956], [83.9860272, 26.7668561], [83.9847605, 26.7672012], [83.9854307, 26.7697521], [83.9862891, 26.770708], [83.9900252, 26.7705047], [83.9892334, 26.7691643], [83.9903184, 26.7695266], [83.9913484, 26.7691617], [83.9923992, 26.7700859], [83.993037, 26.7693434], [83.9952305, 26.7710679], [83.9959943, 26.7701318], [83.9965065, 26.7702895], [83.9964078, 26.7718118], [83.9954654, 26.7721478], [83.9957465, 26.7730256], [83.996204, 26.7730259], [83.9986663, 26.7718515], [83.9993734, 26.771035], [83.998916, 26.7702], [84.0001368, 26.7705421], [83.9995569, 26.7685694], [84.0003227, 26.7666306], [84.0001265, 26.7655768], [84.0016089, 26.7652774], [84.00208, 26.7656754], [84.002235, 26.7645081], [84.0030887, 26.7638874], [84.0040174, 26.7647039], [84.0029906, 26.7658196], [84.0042254, 26.766274], [84.0029045, 26.767874], [84.0035618, 26.7685807], [84.0036254, 26.7694673], [84.0049263, 26.7692356], [84.0044423, 26.7683672], [84.0050174, 26.7678406], [84.0068892, 26.7697483], [84.0062308, 26.7722795], [84.0075261, 26.772269], [84.0076203, 26.7731172], [84.0061427, 26.7782253], [84.0078334, 26.7808481], [84.0084801, 26.7808508], [84.0091466, 26.780068], [84.0096392, 26.7802217], [84.0094051, 26.78306], [84.0109816, 26.7853311], [84.0122004, 26.7883781], [84.0137276, 26.7898595], [84.0145446, 26.7924097], [84.0162122, 26.7943153], [84.0154042, 26.7979339], [84.0165291, 26.7995005], [84.0175257, 26.8038741], [84.0191618, 26.8074357], [84.0146013, 26.8117869], [84.0142572, 26.8133149], [84.0164654, 26.8144515], [84.0171718, 26.8156311], [84.0167976, 26.8185756], [84.0182166, 26.8197501], [84.0216942, 26.82658], [84.0190138, 26.8314155], [84.0180349, 26.8348488], [84.0161014, 26.8366841], [84.0158482, 26.8385295], [84.0132206, 26.8402559], [84.010282, 26.8410522], [84.0084244, 26.8424541], [84.0081607, 26.8445522], [84.0062574, 26.8460985], [84.0059131, 26.8482507], [84.0049054, 26.8496578], [83.9978898, 26.8537019], [83.9930475, 26.8575181], [83.9896553, 26.8584836], [83.991143, 26.8615861], [83.9907392, 26.8627074], [83.9900544, 26.8628447], [83.9899974, 26.863679], [83.988507, 26.8653419], [83.9870718, 26.8661756], [83.9855985, 26.8661486], [83.9840602, 26.8673856], [83.9800195, 26.8680441], [83.9696494, 26.8718058], [83.9684897, 26.8754062], [83.9672309, 26.8768025], [83.9658649, 26.8829404], [83.9642718, 26.8840314], [83.9626246, 26.886815], [83.962914, 26.8882802], [83.9594514, 26.8891438]]}}, {"type": "Feature", "properties": {"name": "Banri Nala", "layer": "minor", "sub_basin": "Ghaghara", "kind": "river"}, "geometry": {"type": "LineString", "coordinates": [[83.8443593, 26.9041771], [83.8435638, 26.9028996], [83.8435739, 26.9013025], [83.8487985, 26.8920755], [83.8527313, 26.8875691], [83.8618939, 26.8821737], [83.8740103, 26.8762141], [83.8826497, 26.8732981], [83.8845279, 26.8670935], [83.8846977, 26.8631128], [83.8860572, 26.8623204], [83.8864793, 26.8614211], [83.893085, 26.8607939], [83.8947204, 26.8597179], [83.8944118, 26.8584279], [83.8967555, 26.8577482], [83.8984286, 26.8559751], [83.8988261, 26.8552188], [83.8986755, 26.853013], [83.8970971, 26.852278], [83.8970243, 26.8512479], [83.8956206, 26.8494003], [83.8910574, 26.8473073], [83.8888207, 26.8451024], [83.888006, 26.8416756], [83.8881835, 26.8401951], [83.8915505, 26.8335983], [83.8926832, 26.8330937], [83.8955215, 26.832898], [83.8964362, 26.8320902], [83.898419, 26.8285732], [83.899815, 26.8277061], [83.9013501, 26.8238438], [83.9024298, 26.8227705], [83.9046166, 26.8222142], [83.9081285, 26.8233501], [83.9097607, 26.8222874], [83.9115382, 26.8140755], [83.9129388, 26.8129224], [83.9166497, 26.812484], [83.9178436, 26.8115133], [83.9200918, 26.8064934], [83.9219817, 26.8035591], [83.9241509, 26.7968534], [83.9258541, 26.7934466], [83.9267677, 26.7927429], [83.9285159, 26.7898018], [83.9305713, 26.7883374], [83.9325064, 26.787892], [83.9350897, 26.7880129], [83.9369047, 26.7892476], [83.9378987, 26.7888919], [83.9404305, 26.7892532], [83.9445997, 26.7871252], [83.9461886, 26.7851154], [83.9459063, 26.7835566], [83.9462887, 26.7808435], [83.9485983, 26.7751228], [83.9503944, 26.774664], [83.9509339, 26.7731211], [83.9528608, 26.7711836], [83.953254, 26.7697522], [83.9544652, 26.768194], [83.9543625, 26.7661956], [83.9533844, 26.7655151], [83.9522636, 26.7636768], [83.9523311, 26.7621573], [83.9530359, 26.7605948], [83.9524404, 26.7590083], [83.9525394, 26.7572275], [83.9567261, 26.7543397], [83.9586261, 26.7538577], [83.9597362, 26.7515784], [83.9596266, 26.7496165], [83.9606935, 26.7494859], [83.9613571, 26.7479517], [83.9657072, 26.7455866], [83.9677175, 26.7429052], [83.9689557, 26.742216], [83.9691298, 26.7402137], [83.969957, 26.7384097], [83.9705051, 26.7382313], [83.9728039, 26.7395004], [83.9749835, 26.7385027], [83.975397, 26.7372127], [83.9771585, 26.7357905], [83.9778367, 26.7334754], [83.9765935, 26.7320352], [83.9761373, 26.730529], [83.978854, 26.7277874], [83.9814837, 26.7265319], [83.9819443, 26.7249296], [83.9830758, 26.723823], [83.9900278, 26.7228552], [83.9893848, 26.7222777], [83.9902266, 26.7212358], [83.9915617, 26.7210046], [83.9915248, 26.7174819], [83.995595, 26.7142783], [83.9969907, 26.7125299], [83.9968263, 26.7091271], [83.9953394, 26.7062441]]}}, {"type": "Feature", "properties": {"name": "Chauwar Nala", "layer": "minor", "sub_basin": "Ghaghara", "kind": "river"}, "geometry": {"type": "LineString", "coordinates": [[83.976091, 26.7306788], [83.9667396, 26.7313625], [83.9657308, 26.7321686], [83.9652264, 26.7340289], [83.9641816, 26.7351968], [83.9572152, 26.7383699], [83.9430439, 26.7376458], [83.9405387, 26.7388845], [83.9396581, 26.7413707], [83.9372836, 26.7437931], [83.9383681, 26.7468882], [83.9394275, 26.7480301], [83.9400963, 26.750483], [83.9399262, 26.7525694], [83.9385786, 26.753599], [83.9375519, 26.7565269], [83.9342943, 26.7611551], [83.9345803, 26.7627492], [83.9367001, 26.7668892], [83.9368736, 26.7690605], [83.9364734, 26.7701434], [83.9356379, 26.7712458], [83.9322491, 26.7731431], [83.9235734, 26.7762845], [83.919878, 26.7767556], [83.9183084, 26.7787051], [83.9160747, 26.7793134], [83.9152716, 26.7811162], [83.915536, 26.7838878], [83.9158615, 26.785838], [83.9177757, 26.7897155], [83.9181491, 26.7948371], [83.9124187, 26.798481], [83.9123673, 26.8010624], [83.9111686, 26.8042016], [83.909666, 26.805552], [83.903571, 26.8091037], [83.9004502, 26.8136691], [83.898152, 26.8187594], [83.8960981, 26.8203704], [83.8889841, 26.8218009], [83.8885222, 26.8233556], [83.8887734, 26.8249792]]}}, {"type": "Feature", "properties": {"name": "Jurwaniya Tal", "layer": "minor", "sub_basin": "Ghaghara", "kind": "river"}, "geometry": {"type": "LineString", "coordinates": [[83.8939975, 26.751007], [83.8869283, 26.7537452], [83.8855909, 26.7548942], [83.8815548, 26.7556285], [83.877383, 26.752819], [83.8730797, 26.7561671], [83.8726843, 26.7587698], [83.8705487, 26.7620758], [83.868359, 26.7626432], [83.8670975, 26.7684646], [83.8652165, 26.770896], [83.8650564, 26.771958], [83.8665426, 26.7752221], [83.8650154, 26.779182], [83.8641657, 26.7796698], [83.8629295, 26.7820956], [83.8622871, 26.7822178], [83.8604549, 26.7808167], [83.8590102, 26.7805429], [83.8524211, 26.782477], [83.8513888, 26.7814022], [83.8518391, 26.780194], [83.8489425, 26.780192], [83.8469593, 26.781809], [83.8456909, 26.7836782], [83.8456142, 26.7859909], [83.8477044, 26.7873734], [83.8483525, 26.7897011], [83.850592, 26.7925346], [83.8460575, 26.7985742], [83.8457717, 26.8004398], [83.8419464, 26.8012875], [83.841126, 26.8030283], [83.8417767, 26.8058006], [83.8394632, 26.8100437], [83.8393102, 26.8127457], [83.8407756, 26.8174312], [83.840694, 26.8188384], [83.8396058, 26.822832], [83.8360854, 26.8270929], [83.8371756, 26.8291067], [83.8388432, 26.8306355], [83.8400327, 26.8309978], [83.840808, 26.8321145], [83.8417742, 26.836957], [83.841298, 26.8393153], [83.8388442, 26.8470279], [83.8363181, 26.8487387], [83.8348267, 26.8509274], [83.8350374, 26.8529419], [83.8363467, 26.85382], [83.830745, 26.8561439], [83.8307315, 26.85842], [83.8292634, 26.8599972], [83.827162, 26.8609949], [83.8260099, 26.8621293], [83.8258155, 26.86516], [83.8242681, 26.8668508], [83.8252367, 26.8706212], [83.8239873, 26.8726311], [83.824063, 26.875253], [83.8235991, 26.8760784], [83.8223998, 26.8762039], [83.820612, 26.8799795], [83.8223959, 26.886414], [83.8241091, 26.8973359], [83.823508, 26.9029138], [83.8177512, 26.9101643], [83.8181889, 26.9139258], [83.8176677, 26.9171949], [83.8148823, 26.9218214], [83.8127262, 26.9272937], [83.8094899, 26.931538], [83.8087508, 26.9348339], [83.8071525, 26.9381281], [83.8075318, 26.9401613], [83.8107875, 26.9480978], [83.812071, 26.95006], [83.8137208, 26.9511371]]}}, {"type": "Feature", "properties": {"name": "Jethan Nala", "layer": "minor", "sub_basin": "Ghaghara", "kind": "river"}, "geometry": {"type": "LineString", "coordinates": [[83.8072803, 26.7503577], [83.8073677, 26.7516681], [83.8069001, 26.7525815], [83.8060546, 26.7527554], [83.8064532, 26.7535563], [83.8057822, 26.7541022], [83.8061416, 26.7549643], [83.8081158, 26.7546809], [83.8082822, 26.7554279], [83.8092662, 26.7558174], [83.8098783, 26.7594979], [83.8110176, 26.7606653], [83.8103277, 26.7607038], [83.810252, 26.7616221], [83.8094153, 26.7618089], [83.809063, 26.7626949], [83.8069695, 26.7638797], [83.8077387, 26.7665162], [83.8068969, 26.7672961], [83.8076065, 26.7681512], [83.8079691, 26.771006], [83.8065082, 26.772133], [83.8057938, 26.7720069], [83.8055735, 26.7732362], [83.8059537, 26.7740464], [83.8053318, 26.7766644], [83.8036784, 26.7783189], [83.8042185, 26.7806461], [83.8048666, 26.7805309], [83.8047525, 26.7802071], [83.8103722, 26.7796632]]}}, {"type": "Feature", "properties": {"name": "Doranchi Nala", "layer": "minor", "sub_basin": "Ghaghara", "kind": "river"}, "geometry": {"type": "LineString", "coordinates": [[83.7783052, 26.6210104], [83.7778174, 26.6226305], [83.7780079, 26.6238676], [83.7767727, 26.6246814], [83.7773117, 26.6255913], [83.7770059, 26.626229], [83.7754082, 26.6265806], [83.7709777, 26.6306064], [83.7687263, 26.6298787], [83.7658788, 26.6298259], [83.7651785, 26.6313873], [83.7653046, 26.6332889], [83.7664797, 26.6368487], [83.7690957, 26.6426995], [83.7698, 26.6456328], [83.7715617, 26.6485666], [83.7723716, 26.6494623], [83.7733929, 26.6493475], [83.7749521, 26.6500841], [83.7755495, 26.652157], [83.7765104, 26.6520299], [83.7780785, 26.65583], [83.7828815, 26.6578248], [83.7843506, 26.6602235], [83.7847338, 26.6628862], [83.7834053, 26.6654636], [83.783346, 26.6672414], [83.780965, 26.6701037], [83.7790603, 26.6745945], [83.7770953, 26.6768124], [83.7773744, 26.6798346], [83.7768713, 26.6808325], [83.7773033, 26.6814603], [83.7769422, 26.6825141], [83.7777758, 26.6839643], [83.7769698, 26.6851035], [83.777565, 26.6862469], [83.7773373, 26.6876276], [83.7781075, 26.6887361], [83.7764782, 26.6896885], [83.7760217, 26.6911593], [83.7731034, 26.6911488], [83.7715809, 26.6929879], [83.7718475, 26.6952839], [83.7707462, 26.6960635], [83.7703252, 26.6971366], [83.7667867, 26.6984872], [83.7600427, 26.7058427], [83.7576713, 26.7068636], [83.754807, 26.710159], [83.7537589, 26.7116954], [83.7531536, 26.715141], [83.75, 26.7180111], [83.739792, 26.7335823], [83.739231, 26.7355407], [83.7391497, 26.739751], [83.738306, 26.7405505], [83.7391998, 26.7447601], [83.734667, 26.7500014], [83.7332775, 26.7559304], [83.7321284, 26.7562789], [83.7295717, 26.7597502], [83.7286176, 26.7664149], [83.7277415, 26.7677192], [83.7285856, 26.7701392], [83.7304242, 26.7723081], [83.730913, 26.775544], [83.723253, 26.7787472], [83.7188384, 26.7791404], [83.7148039, 26.77819], [83.7131249, 26.7787941], [83.7122219, 26.7797466], [83.711031, 26.7827166], [83.7088578, 26.7910716], [83.7077441, 26.791648], [83.7061391, 26.7961188], [83.7036676, 26.7988388], [83.6980629, 26.8017373], [83.6991198, 26.8046683], [83.7035642, 26.8103183], [83.7045776, 26.8127795], [83.7035324, 26.815459], [83.7021483, 26.8163942], [83.6992517, 26.8204435], [83.6998598, 26.8213394], [83.7005381, 26.8264696], [83.7004228, 26.8302708], [83.6982722, 26.8315442], [83.6891501, 26.834846], [83.6860759, 26.8390165], [83.6847932, 26.8444106], [83.6782327, 26.8490093], [83.6661904, 26.8555205], [83.6648933, 26.8572466], [83.663755, 26.8599799], [83.6614478, 26.8629829], [83.6596651, 26.8666687], [83.6570304, 26.8700296], [83.6496869, 26.8737706], [83.6457752, 26.8776389], [83.6461332, 26.880679], [83.6519121, 26.8882539], [83.6510308, 26.8896869], [83.6499741, 26.8901917], [83.6456914, 26.8897478], [83.6424717, 26.8909333], [83.6410895, 26.8919722], [83.6410231, 26.8944327], [83.6425355, 26.8980568], [83.6500638, 26.9099445], [83.650717, 26.9137223], [83.6466189, 26.9151779], [83.6433963, 26.915424], [83.6407162, 26.9162744], [83.6392916, 26.917075], [83.6390694, 26.9179833], [83.641176, 26.9275283], [83.646868, 26.9338709], [83.6475766, 26.9366469], [83.6473456, 26.9420692], [83.6450203, 26.9490211], [83.6423142, 26.9538391], [83.6379288, 26.9599506], [83.6286547, 26.9684535], [83.6269865, 26.9694475]]}}, {"type": "Feature", "properties": {"name": "Jethan Nala", "layer": "minor", "sub_basin": "Ghaghara", "kind": "river"}, "geometry": {"type": "LineString", "coordinates": [[83.7961078, 26.7947787], [83.7948052, 26.7956721], [83.7930489, 26.7959749], [83.7898467, 26.7947225], [83.7879489, 26.7946706], [83.7873825, 26.7959357], [83.786048, 26.7959711], [83.7817781, 26.7975673], [83.7798196, 26.7989863], [83.7792493, 26.7984955], [83.7783917, 26.7988142], [83.7778188, 26.7980949], [83.7775405, 26.798499], [83.7762654, 26.7982689], [83.7756915, 26.7988667], [83.7748985, 26.8023124], [83.7709758, 26.8033882], [83.7695343, 26.8044505], [83.7691609, 26.8059747], [83.7696135, 26.8074274], [83.7690207, 26.8090937], [83.7672556, 26.8107563], [83.7651965, 26.8111161], [83.7623715, 26.8104397], [83.7613335, 26.8111932], [83.7609966, 26.8128926], [83.7601217, 26.8134491], [83.759609, 26.8167799], [83.756689, 26.8187725], [83.7557099, 26.8205502], [83.7556187, 26.8217146], [83.7539504, 26.8228791], [83.7525287, 26.8230514], [83.75, 26.8247806], [83.7455978, 26.8248075], [83.7420876, 26.8262024], [83.7384912, 26.8298135], [83.7379546, 26.8314793], [83.7373278, 26.8319695], [83.7398542, 26.8461985], [83.7410623, 26.8477415], [83.7404593, 26.8505024], [83.7373698, 26.8535013], [83.7310464, 26.8557781], [83.7213771, 26.8690266], [83.7204256, 26.8721744], [83.7232047, 26.8796329], [83.7226776, 26.8812009], [83.7226906, 26.8874609], [83.7213025, 26.8883653]]}}, {"type": "Feature", "properties": {"name": "Maun Nala", "layer": "minor", "sub_basin": "Ghaghara", "kind": "river"}, "geometry": {"type": "MultiLineString", "coordinates": [[[83.8078606, 26.7501665], [83.810367, 26.7485287], [83.8126858, 26.7484195], [83.8133042, 26.7457812], [83.8139179, 26.7449929], [83.8145353, 26.7451701], [83.8148816, 26.7467831], [83.815761, 26.7478078], [83.8173764, 26.7466883], [83.8190634, 26.746226], [83.8237358, 26.7470126], [83.8252376, 26.7459765], [83.8266455, 26.7458129], [83.8276179, 26.7449046], [83.8307765, 26.7458432], [83.8322064, 26.7436343]], [[83.8078606, 26.7501665], [83.8066721, 26.7466213], [83.8060189, 26.7478481], [83.8042557, 26.7484831], [83.8043356, 26.7492801], [83.8057472, 26.7505514]], [[83.8057472, 26.7505514], [83.8078606, 26.7501665]], [[83.648994, 27.131425], [83.6469558, 27.1286189], [83.6353767, 27.1209802], [83.634385, 27.1175664], [83.6346854, 27.1096296], [83.6337393, 27.1067033], [83.6322571, 27.104178], [83.6324859, 27.1031551], [83.630899, 27.0986319], [83.6312494, 27.095714], [83.6331479, 27.0915983], [83.6329266, 27.0885117], [83.6346093, 27.0833697], [83.6341349, 27.0794417], [83.6354941, 27.0768243], [83.6373004, 27.0746386], [83.637115, 27.0702162], [83.6359819, 27.0661539], [83.6315669, 27.0583874], [83.6322289, 27.0516505], [83.6334657, 27.0508204], [83.6343601, 27.049361], [83.6337714, 27.047538], [83.6342172, 27.0470406], [83.6341631, 27.0435571], [83.6350044, 27.0427467], [83.6352809, 27.040553], [83.6348004, 27.0363562], [83.6359039, 27.0355014], [83.635645, 27.0345186], [83.6375099, 27.0325275], [83.6334712, 27.0286112], [83.6331685, 27.0296134], [83.6325871, 27.0298566], [83.6304889, 27.0276354], [83.6309412, 27.0268281], [83.6305965, 27.0258714], [83.6312726, 27.0252406], [83.6302963, 27.0246171], [83.6297992, 27.0236017], [83.6303721, 27.0220976], [83.6336511, 27.0198007], [83.6359582, 27.0197534], [83.6366013, 27.0185128], [83.6385443, 27.0174478], [83.6391967, 27.0151983], [83.6405113, 27.014026], [83.6405534, 27.0127887], [83.6418952, 27.0116156], [83.6415219, 27.0067738], [83.6403656, 27.0039517], [83.6417377, 27.0037204], [83.6412149, 27.0019101], [83.6417259, 26.9990134], [83.6430221, 26.9952025], [83.6448951, 26.9916896], [83.6445992, 26.9891987], [83.6439025, 26.9893001], [83.643219, 26.9885657], [83.6439289, 26.9879634], [83.6440987, 26.9864092], [83.6455638, 26.9839174], [83.6467152, 26.9837998], [83.6473738, 26.9829941], [83.6480823, 26.9831074], [83.6478767, 26.9821952], [83.6487363, 26.9808417], [83.6500714, 26.9808071], [83.6508715, 26.9800024], [83.6506504, 26.9789396], [83.6515565, 26.97896], [83.6533594, 26.9769455], [83.6536877, 26.9747146], [83.6527333, 26.9739598], [83.6524588, 26.9730384], [83.6525441, 26.9702326], [83.6542566, 26.9676737], [83.6538177, 26.9665106], [83.6544349, 26.9650308], [83.6563249, 26.9629561], [83.6563268, 26.9609198], [83.6576073, 26.9600024], [83.657472, 26.9586993], [83.6583317, 26.9574795], [83.6590447, 26.9550248], [83.6588792, 26.9534187], [83.6599905, 26.9521419], [83.6659671, 26.9485501], [83.6676717, 26.948709], [83.6703724, 26.9470394], [83.6715819, 26.9473947], [83.6721643, 26.9463859], [83.6725959, 26.9470463], [83.6732977, 26.9468715], [83.6739022, 26.9459664], [83.6722648, 26.9438346], [83.6712573, 26.9434377], [83.6692497, 26.9403184], [83.6710071, 26.9376556], [83.6738516, 26.9349927], [83.6728919, 26.9331936], [83.6761488, 26.9312529], [83.6791493, 26.9314689], [83.6795537, 26.9329188], [83.6814651, 26.9315838], [83.6804003, 26.9297366], [83.6815576, 26.9287587], [83.6802687, 26.9282057], [83.6818497, 26.9277279], [83.6821864, 26.9270475], [83.6815939, 26.9233511], [83.6799466, 26.9224873], [83.6785013, 26.9224883], [83.6783426, 26.9220233], [83.6800969, 26.9201863], [83.6804982, 26.9183606], [83.6816119, 26.9179358], [83.6821064, 26.9167761], [83.6861024, 26.9154662], [83.6869652, 26.913986], [83.6859789, 26.9132872], [83.6846475, 26.913322], [83.6839301, 26.9117253], [83.6819388, 26.9100413], [83.681062, 26.9086106], [83.6797362, 26.9081853], [83.6776053, 26.902405], [83.6746555, 26.8983053], [83.6730116, 26.8975478], [83.6734738, 26.8941209], [83.6726244, 26.8919195], [83.6733255, 26.890788], [83.6744475, 26.8906612], [83.6755873, 26.8910454], [83.6757239, 26.8920971], [83.6775085, 26.8924553], [83.6788806, 26.8940539], [83.6801892, 26.8936425], [83.6787799, 26.8919085], [83.6815657, 26.8893728], [83.6802043, 26.8884792], [83.679043, 26.8886936], [83.6787836, 26.8882825], [83.6818684, 26.8863986], [83.6812037, 26.8849123], [83.6821166, 26.8837062], [83.6814347, 26.8807], [83.6839914, 26.8806674], [83.6850523, 26.8794794], [83.6869861, 26.8795064], [83.6883991, 26.877888], [83.6890374, 26.8761627], [83.6876853, 26.8749283], [83.6885897, 26.8720666], [83.6878291, 26.8698084], [83.6894518, 26.8692966], [83.6884764, 26.8673594], [83.6896998, 26.8674837], [83.6908739, 26.8657877], [83.6920759, 26.8650066], [83.6951429, 26.8645859], [83.696935, 26.8634036], [83.6978601, 26.8619257], [83.6977142, 26.8596605], [83.6987171, 26.8593121], [83.7007151, 26.8599403], [83.7016963, 26.8568377], [83.702682, 26.856591], [83.7039157, 26.8570369], [83.7050733, 26.8565145], [83.706805, 26.8546472], [83.7066072, 26.8530106], [83.7084653, 26.8525017], [83.7083343, 26.8510055], [83.7115448, 26.8487364], [83.7107955, 26.8480662], [83.7142458, 26.8462364], [83.7144144, 26.843909], [83.7154028, 26.8425028], [83.7145055, 26.8416918], [83.7148175, 26.8405887], [83.7164645, 26.8408304], [83.7180713, 26.8399363], [83.7196768, 26.8404735], [83.7202444, 26.83998], [83.7198399, 26.8383196], [83.723089, 26.8377552], [83.723256, 26.8372264], [83.72136, 26.8347251], [83.7223733, 26.832778], [83.7206135, 26.8329458], [83.7189529, 26.8318638], [83.7191293, 26.830744], [83.7211244, 26.8309857], [83.72136, 26.830363], [83.7204544, 26.8283859], [83.7194218, 26.8290664], [83.7181614, 26.8286899], [83.717999, 26.827489], [83.7189603, 26.8262045], [83.7173168, 26.8241667], [83.71701, 26.8229328], [83.71727, 26.8224291], [83.7199176, 26.8216506], [83.719695, 26.8211279], [83.7181134, 26.8209949], [83.718076, 26.8198551], [83.7184786, 26.8190379], [83.7199891, 26.8188784], [83.7204074, 26.8178921], [83.7217126, 26.8177196], [83.7215822, 26.8147018], [83.7222551, 26.8139848], [83.7210316, 26.8129293], [83.7231512, 26.8113643], [83.7198552, 26.8107892], [83.7194683, 26.811793], [83.7187266, 26.8106859], [83.7188773, 26.8096607], [83.7200049, 26.8096952], [83.7203162, 26.8085738], [83.7222555, 26.8083752], [83.72228, 26.8076553], [83.7240704, 26.8066695], [83.727232, 26.8058345], [83.7294663, 26.8037144], [83.7299376, 26.8040331], [83.729976, 26.8048877], [83.7313281, 26.8048978], [83.7323395, 26.8057542], [83.7333454, 26.8055159], [83.7341913, 26.8041502], [83.7376309, 26.8048952], [83.7387819, 26.8047082], [83.7390926, 26.8051231], [83.7384164, 26.8063555], [83.7393594, 26.8066892], [83.7414576, 26.8058127], [83.7422602, 26.8059293], [83.7421627, 26.8042611], [83.7437957, 26.8031688], [83.7438275, 26.8044376], [83.7447339, 26.8055267], [83.7451626, 26.8051748], [83.745178, 26.8034724], [83.7457388, 26.8030894], [83.747495, 26.8039342], [83.7470003, 26.8047662], [83.7489235, 26.8047057], [83.75, 26.8028477], [83.7514076, 26.801968], [83.751386, 26.8005634], [83.752856, 26.8007325], [83.7531045, 26.7998084], [83.7539176, 26.8004267], [83.754643, 26.8002059], [83.7545957, 26.7990794], [83.753138, 26.798092], [83.7535498, 26.7972799], [83.7529205, 26.7966434], [83.7529593, 26.7958592], [83.751517, 26.795204], [83.7510979, 26.7937011], [83.7523168, 26.7925811], [83.7540553, 26.792848], [83.7557142, 26.7917699], [83.7569851, 26.7915502], [83.7598494, 26.7886919], [83.7596329, 26.7863776], [83.7606433, 26.7855853], [83.7595218, 26.7847756], [83.7612095, 26.7821963], [83.760414, 26.7804544], [83.7591672, 26.7801297], [83.7589402, 26.7796202], [83.7607014, 26.7775772], [83.7604273, 26.7730791], [83.7611442, 26.7715563], [83.7627902, 26.7701541], [83.769378, 26.7702513], [83.7717492, 26.7685766], [83.7709034, 26.7671225], [83.7725579, 26.7673664], [83.773938, 26.7664611], [83.7754685, 26.7666304], [83.7758316, 26.7652646], [83.7765912, 26.7645842], [83.7748457, 26.7642462], [83.774764, 26.7638859], [83.7767578, 26.7624788], [83.7775712, 26.7625151], [83.7792252, 26.7601371], [83.7791475, 26.7591546], [83.7809807, 26.7580939], [83.7797227, 26.7571234], [83.7798658, 26.755589], [83.7811554, 26.7545547], [83.7803247, 26.7531047], [83.783172, 26.754214], [83.7848715, 26.7520139], [83.7837445, 26.7512432], [83.783467, 26.7502711], [83.7844114, 26.7500259], [83.7850665, 26.751073], [83.7857394, 26.7511492], [83.7851321, 26.7487346], [83.7859586, 26.7488312], [83.7867115, 26.7500006], [83.7874092, 26.750058], [83.788219, 26.748182], [83.7903526, 26.7500921], [83.7900007, 26.7515841], [83.7887807, 26.7517558], [83.788365, 26.7524338], [83.7893079, 26.7532139], [83.7891666, 26.7549551], [83.7899142, 26.7536192], [83.7904325, 26.7536231], [83.7904863, 26.7549329], [83.7890426, 26.7558669], [83.7896232, 26.7562405], [83.7905519, 26.7560007], [83.7913963, 26.7547293], [83.7926446, 26.7548621], [83.7929118, 26.7536152], [83.7939899, 26.7539665], [83.7936844, 26.7551115], [83.794408, 26.7552933], [83.79566, 26.7532501], [83.7968532, 26.7542114], [83.7980621, 26.7532344], [83.7986974, 26.7537542], [83.800338, 26.753495], [83.8005023, 26.7542335], [83.7998977, 26.7549256], [83.8003187, 26.7551469], [83.8027142, 26.7521578], [83.8022267, 26.750994], [83.8043796, 26.7503333], [83.8057472, 26.7505514]]]}}, {"type": "Feature", "properties": {"name": "Chilua Nala", "layer": "minor", "sub_basin": "Ghaghara", "kind": "river"}, "geometry": {"type": "LineString", "coordinates": [[83.5263632, 27.0386311], [83.5267175, 27.037798], [83.5277394, 27.0376574], [83.5271216, 27.0366549], [83.5286245, 27.0354844], [83.5283, 27.0339732], [83.5305813, 27.0330054], [83.5306599, 27.0320019], [83.5315801, 27.0321266], [83.5319757, 27.0312957], [83.5331371, 27.0322275], [83.5347198, 27.0312684], [83.5358807, 27.0314691], [83.5362169, 27.0299173], [83.5357081, 27.0277135], [83.5359575, 27.0271282], [83.5366875, 27.0272677], [83.5361499, 27.0261472], [83.5371263, 27.0262378], [83.5376108, 27.0251016], [83.5391393, 27.0243517], [83.5382618, 27.0238319], [83.5389435, 27.0227804], [83.5384421, 27.0213974], [83.5370459, 27.0212847], [83.537303, 27.0189632], [83.5365739, 27.0179143], [83.5371914, 27.0165688], [83.5360336, 27.0158755], [83.5374234, 27.0152003], [83.5371953, 27.0143522], [83.537618, 27.0132179], [83.5363771, 27.0116236], [83.5377887, 27.0110628], [83.5381326, 27.0097571], [83.5360092, 27.0074789], [83.5379207, 27.0070861], [83.5392128, 27.0050506], [83.5367873, 27.0042413], [83.5367508, 27.0013197], [83.5357679, 27.001525], [83.5349963, 27.002628], [83.5344226, 27.0024454], [83.5350893, 27.0006866], [83.5328524, 27.0002656], [83.5325561, 26.9987818], [83.5311629, 26.9983032], [83.5316408, 26.9974468], [83.5308574, 26.9959634], [83.5320178, 26.9955164], [83.5296914, 26.9949915], [83.5299929, 26.9934542], [83.5292351, 26.9934297], [83.5287165, 26.9945395], [83.5275237, 26.9929358], [83.5275504, 26.9919253], [83.5271299, 26.9918227], [83.5257845, 26.9919434], [83.5253901, 26.9929367], [83.5246789, 26.99285], [83.5235936, 26.9935301], [83.5238263, 26.9928975], [83.5231638, 26.9924729], [83.5235145, 26.9918896], [83.5220149, 26.9904509], [83.5218622, 26.9892882], [83.5203948, 26.9889158], [83.5187032, 26.9897537], [83.5189636, 26.987906], [83.5176325, 26.9875815], [83.5170862, 26.9869285], [83.5172685, 26.9862341], [83.5158732, 26.9864094], [83.5155825, 26.9841766], [83.5145978, 26.982358], [83.5138912, 26.9821607], [83.5147562, 26.9809323], [83.5132792, 26.9802582], [83.5140297, 26.9792253], [83.5132814, 26.9789049], [83.5140301, 26.9783439], [83.5139354, 26.9771424], [83.513378, 26.9771516], [83.5136559, 26.9767005], [83.5126586, 26.9757977], [83.5120693, 26.975789], [83.5122612, 26.9752584], [83.5118268, 26.9748624], [83.5123863, 26.9744184], [83.5104751, 26.9742717], [83.5101705, 26.9738632], [83.5106258, 26.9730772], [83.5102101, 26.972243], [83.5095305, 26.972849], [83.5063929, 26.9728057], [83.5054063, 26.9734886], [83.5039366, 26.9731558], [83.503112, 26.9734569], [83.5026028, 26.973002], [83.5032521, 26.9720531], [83.5012578, 26.9717754], [83.4999533, 26.9700009], [83.498026, 26.9691857], [83.4979152, 26.9699383], [83.4963927, 26.969962], [83.4962714, 26.9688473], [83.4954347, 26.9680757], [83.4959889, 26.9676233], [83.4956788, 26.9665274], [83.4945602, 26.9660811], [83.4952756, 26.9654833], [83.4941222, 26.9649318], [83.4941272, 26.964585], [83.4948093, 26.9646954], [83.4948188, 26.9642353], [83.4933122, 26.9637492], [83.4934044, 26.9641785], [83.4925241, 26.964547], [83.491241, 26.9636308], [83.4902333, 26.9642218], [83.4896376, 26.963331], [83.4888392, 26.9632871], [83.4884243, 26.9623706], [83.4861834, 26.9628931], [83.4860148, 26.9622888], [83.4853564, 26.9624325], [83.4844792, 26.9606006], [83.4828275, 26.9605213], [83.4830182, 26.9595402], [83.4817716, 26.9598045], [83.4817236, 26.9590134], [83.4803262, 26.9587367], [83.4804656, 26.9581389], [83.4795631, 26.9585574], [83.4788943, 26.958107], [83.4783709, 26.9585374], [83.4778991, 26.9575657], [83.477194, 26.9579863], [83.4769576, 26.9572281], [83.476368, 26.9578157], [83.4755914, 26.9566818], [83.4744944, 26.9564188], [83.4740373, 26.9569536], [83.4744023, 26.9575318], [83.472786, 26.9578334], [83.4723093, 26.9572155], [83.4717068, 26.9581501], [83.472265, 26.9585962], [83.4719583, 26.9594031], [83.4713514, 26.9594252], [83.4706321, 26.9586152], [83.4703909, 26.9592437], [83.4708542, 26.9599397], [83.4699998, 26.9598688], [83.4694077, 26.9606333], [83.4698007, 26.9613523], [83.4691993, 26.962584], [83.4677672, 26.9627183], [83.4684123, 26.9639404], [83.467541, 26.9637524]]}}, {"type": "Feature", "properties": {"name": "Temar Nala", "layer": "minor", "sub_basin": "Ghaghara", "kind": "river"}, "geometry": {"type": "LineString", "coordinates": [[83.467541, 26.9637524], [83.4681549, 26.9648957], [83.4685011, 26.9645128], [83.4698642, 26.9648625], [83.4701467, 26.9643474], [83.4710702, 26.9652785], [83.4701191, 26.9653911], [83.4705004, 26.966799], [83.4695702, 26.9669468], [83.469305, 26.9677021], [83.4692291, 26.9704139], [83.4687598, 26.9706751], [83.4693117, 26.9721323], [83.4686662, 26.9734586], [83.4689117, 26.9740053], [83.4711681, 26.9736466], [83.4717564, 26.9762885], [83.4712124, 26.9773538], [83.4719431, 26.9771843], [83.4723235, 26.9779148], [83.4715218, 26.9783624], [83.4718044, 26.9804414], [83.4742033, 26.9824503], [83.4731837, 26.9842227], [83.4759456, 26.9854204], [83.4751525, 26.986474], [83.4757697, 26.9868153], [83.4755883, 26.9880322], [83.4769164, 26.9885253], [83.477054, 26.9891192], [83.4757688, 26.9893738], [83.474731, 26.9905078], [83.4758384, 26.9918478], [83.4755553, 26.9927696], [83.4783389, 26.9924125], [83.4800287, 26.9927005], [83.4799354, 26.9948406], [83.482521, 26.9951819], [83.4825848, 26.9960523], [83.4832251, 26.9961238], [83.4835753, 26.9968336], [83.4842469, 26.9967987], [83.4838873, 26.9974999], [83.4846973, 26.9978794], [83.484241, 26.9988835], [83.4848208, 26.9987923], [83.4854441, 27.0001293]]}}, {"type": "Feature", "properties": {"name": "Pipra Mughran", "layer": "minor", "sub_basin": "Ghaghara", "kind": "river"}, "geometry": {"type": "LineString", "coordinates": [[83.5166437, 26.7851874], [83.5161343, 26.785442], [83.5162314, 26.78592], [83.5177458, 26.7859413], [83.5176483, 26.7870784], [83.5184842, 26.7877941], [83.5176129, 26.7883481], [83.5176847, 26.7888046], [83.5189337, 26.7895633], [83.5197593, 26.7888626], [83.5206833, 26.789209], [83.5196424, 26.7898831], [83.5199451, 26.7906221], [83.519609, 26.7919833], [83.520799, 26.7937831], [83.5203656, 26.7951872], [83.5207976, 26.7961184], [83.5200098, 26.7979983], [83.5212992, 26.7984724], [83.5194269, 26.798852], [83.5202604, 26.7997256], [83.519635, 26.8005174], [83.5199774, 26.8030451], [83.5184769, 26.8029496], [83.5181773, 26.803371], [83.5191565, 26.805227], [83.521618, 26.8047366], [83.5213101, 26.8059493], [83.5227601, 26.8057429], [83.522615, 26.8066336], [83.5214476, 26.8066961], [83.5211985, 26.8071532], [83.5223841, 26.8079662], [83.5219416, 26.8090822], [83.5230885, 26.8094453], [83.5228908, 26.8099794], [83.5235394, 26.8109955], [83.5228821, 26.8120839], [83.5244112, 26.811772], [83.5229978, 26.8128975], [83.5237384, 26.813426], [83.5243712, 26.8155357], [83.5240799, 26.8159569], [83.5227231, 26.8159423], [83.5223056, 26.817069], [83.5235953, 26.8175245], [83.523272, 26.8184992], [83.5245713, 26.8182079], [83.5249371, 26.8185906], [83.5236703, 26.8194402], [83.5232219, 26.8203587], [83.5239261, 26.8213289], [83.523599, 26.8221772], [83.5245056, 26.8224871], [83.5244903, 26.8232792], [83.5224826, 26.8235551], [83.5235662, 26.8242598], [83.5231317, 26.8251044], [83.5235257, 26.8258633], [83.5223192, 26.8254426], [83.5210989, 26.827185], [83.5200215, 26.8277368], [83.5197166, 26.8269313], [83.518753, 26.8263788], [83.5186857, 26.8279181], [83.5165785, 26.8281027], [83.5169902, 26.8289055], [83.516474, 26.8294908], [83.5171542, 26.8301908], [83.5160826, 26.8301363], [83.515849, 26.8305635], [83.5171485, 26.8321174], [83.5165959, 26.8331327], [83.5173082, 26.8338147], [83.5173538, 26.8347524], [83.5187056, 26.835876], [83.5174852, 26.8360691], [83.518782, 26.8370086], [83.5179756, 26.8375463], [83.5183005, 26.8392572], [83.5175686, 26.8400739], [83.5183029, 26.8414569], [83.517661, 26.8425175], [83.5190184, 26.8435554], [83.5183802, 26.843941], [83.5173269, 26.8434204], [83.516802, 26.8442762], [83.517607, 26.8447513], [83.5186487, 26.8446366], [83.5193701, 26.8456196], [83.5207592, 26.8460875], [83.5208969, 26.8470717], [83.5221555, 26.8473924], [83.5239991, 26.848762], [83.5235894, 26.849615], [83.5245129, 26.8499732], [83.5254167, 26.8517677], [83.5245709, 26.8520994], [83.524691, 26.853313], [83.5271752, 26.8548512], [83.5264829, 26.8558813], [83.5274605, 26.8563707], [83.5267624, 26.8572161], [83.5286603, 26.8581867], [83.5280425, 26.8586786], [83.5287946, 26.8599863], [83.5313742, 26.8616208], [83.5332609, 26.8622091], [83.5335174, 26.8627876], [83.5376014, 26.8626026], [83.5382135, 26.8617367], [83.5387544, 26.8622457], [83.5401534, 26.8618963], [83.5462661, 26.8590708], [83.5469598, 26.8594007], [83.5477124, 26.859019], [83.5483005, 26.8599208], [83.5479115, 26.8603816], [83.5487513, 26.8609694], [83.5472045, 26.8651777], [83.5461807, 26.8660876], [83.5454402, 26.868701], [83.5460839, 26.8721931], [83.5476246, 26.8748697], [83.5473579, 26.8763376], [83.5463428, 26.8765258], [83.5457887, 26.877706], [83.5460002, 26.8791029]]}}, {"type": "Feature", "properties": {"name": "Kapqri Nala", "layer": "minor", "sub_basin": "Ghaghara", "kind": "river"}, "geometry": {"type": "LineString", "coordinates": [[83.4940647, 26.8573709], [83.4938544, 26.8565718], [83.4955352, 26.8538405], [83.4963912, 26.8502323], [83.4956977, 26.8483941], [83.4947354, 26.8477149], [83.4954256, 26.8469684], [83.4971692, 26.8468407], [83.4980098, 26.8450676], [83.4991917, 26.8450959], [83.5, 26.8440849], [83.5012323, 26.8435924], [83.5009956, 26.8406752], [83.5020184, 26.8390944], [83.500674, 26.8382872], [83.5015745, 26.8378697], [83.5016661, 26.8371951], [83.5009132, 26.8365555], [83.499745, 26.8365967], [83.5002449, 26.8357315], [83.499727, 26.8347494], [83.5001478, 26.8336728], [83.4991941, 26.8328974], [83.5002122, 26.8315642], [83.4998866, 26.8306406], [83.5010898, 26.8302516], [83.50064, 26.8288483], [83.5013877, 26.8275029], [83.5006784, 26.8261171], [83.5018665, 26.8247911], [83.500926, 26.8235442], [83.5021971, 26.8227252], [83.501091, 26.8223273], [83.5029961, 26.8208517], [83.5021485, 26.8190272], [83.5052403, 26.817262], [83.506841, 26.8171506], [83.5068652, 26.8162212], [83.5047699, 26.815348], [83.5056286, 26.813969], [83.5077411, 26.8145475], [83.5082536, 26.813975], [83.5075491, 26.8117349], [83.5084831, 26.8097898], [83.5079881, 26.8079325], [83.5062388, 26.8061964], [83.5042281, 26.8067586], [83.5020458, 26.803912], [83.5020432, 26.8021139], [83.500633, 26.8023753], [83.499254, 26.801424], [83.4998283, 26.8009846], [83.49893, 26.7993944], [83.5002637, 26.7986295], [83.4994239, 26.7979629], [83.4983327, 26.7980313], [83.4982525, 26.7970218], [83.4996347, 26.794678], [83.4983664, 26.7943656], [83.4977444, 26.7936107], [83.4991115, 26.7931156], [83.5003275, 26.7935585], [83.5004152, 26.7920004], [83.5015681, 26.7923649], [83.5023018, 26.791657], [83.503717, 26.7915154], [83.5034254, 26.7905088], [83.5055633, 26.7898834], [83.5045824, 26.7889584], [83.5070794, 26.7889918], [83.5062349, 26.7877012], [83.5078282, 26.7878662], [83.5083713, 26.7874488], [83.5080852, 26.7866162], [83.5065813, 26.7867547], [83.5069127, 26.7853946], [83.5063606, 26.784946], [83.5065151, 26.7838286], [83.5052636, 26.784099], [83.5047364, 26.7823082], [83.5035386, 26.7829705], [83.5031881, 26.7817165], [83.5044873, 26.7816522], [83.5022923, 26.7806621], [83.5022347, 26.7801374], [83.5044344, 26.7791973], [83.5043525, 26.7782718], [83.5053981, 26.7774708], [83.5046618, 26.7769949], [83.5062675, 26.7757671], [83.5070998, 26.776671], [83.5079448, 26.7765014], [83.5074585, 26.7753148], [83.5082375, 26.7747126], [83.5083575, 26.7738168], [83.5093203, 26.7737768], [83.5099536, 26.7746398], [83.5106005, 26.77338], [83.5117309, 26.7734049], [83.5114468, 26.7714911], [83.5124339, 26.7709654], [83.5132776, 26.7695678], [83.5130634, 26.7689642], [83.5138747, 26.7684284], [83.5146791, 26.7686262], [83.5147631, 26.7675324], [83.5164929, 26.7667459], [83.5173136, 26.764647], [83.5178044, 26.764454], [83.5173966, 26.7623685], [83.5179098, 26.7621378], [83.5178005, 26.7607183], [83.5186408, 26.76037], [83.5185797, 26.7595867], [83.5192531, 26.7597559], [83.5196594, 26.7593205], [83.5217324, 26.7599031]]}}, {"type": "Feature", "properties": {"name": "Tura Nala", "layer": "minor", "sub_basin": "Ghaghara", "kind": "river"}, "geometry": {"type": "LineString", "coordinates": [[83.483685, 26.6345696], [83.4822657, 26.6383203], [83.4831812, 26.6410781], [83.4827476, 26.6430478], [83.4836077, 26.645711], [83.4830466, 26.646774], [83.4802235, 26.6490275], [83.480504, 26.6496442], [83.4819454, 26.6498087], [83.4825496, 26.6506108], [83.4848569, 26.6513811], [83.4858636, 26.6534674], [83.4876798, 26.6537205], [83.4874436, 26.6550167], [83.4892664, 26.6555568], [83.4893862, 26.6561287], [83.4875965, 26.6570233], [83.4874678, 26.6583653], [83.4894492, 26.6634476], [83.4891653, 26.6649839], [83.4900602, 26.6668331], [83.489754, 26.6697094], [83.4911447, 26.672267], [83.491128, 26.6738461], [83.4930255, 26.6752938], [83.493742, 26.6763329], [83.4937653, 26.6773372], [83.4921638, 26.6794723], [83.4924633, 26.680902], [83.4917335, 26.6815855], [83.4918655, 26.6826834], [83.4896661, 26.6843034], [83.4886945, 26.6860439], [83.4861988, 26.6886741], [83.4847813, 26.6895618], [83.4836522, 26.6891044], [83.4811475, 26.6913519], [83.4808634, 26.6928882], [83.4773738, 26.6940057], [83.4777828, 26.695577], [83.4763044, 26.6974071], [83.4764909, 26.6991578], [83.4752477, 26.7001261], [83.4761776, 26.7012653], [83.4754798, 26.7035713], [83.4763246, 26.7058995], [83.4754382, 26.7070776], [83.4752551, 26.7084877], [83.4735172, 26.7103337], [83.475259, 26.7129618], [83.4753096, 26.7141712], [83.4765728, 26.7152162], [83.47662, 26.7166443], [83.4758382, 26.7176185], [83.4767077, 26.7179343], [83.4773336, 26.7190036], [83.477304, 26.7207567], [83.4784151, 26.7223922], [83.4782322, 26.7239039], [83.4791095, 26.725025], [83.4781657, 26.7278365], [83.4803146, 26.7294784], [83.4807699, 26.7309269], [83.4802526, 26.7319242], [83.4806247, 26.7327342], [83.4802958, 26.7332058], [83.4819547, 26.7343764], [83.4813822, 26.7355971], [83.4818071, 26.7365221], [83.481378, 26.7384085], [83.4829543, 26.7400189], [83.4843137, 26.7396665], [83.4850276, 26.7402687], [83.4852875, 26.7429536], [83.4846545, 26.7438472], [83.4859176, 26.7475741], [83.4857222, 26.7490701], [83.4846347, 26.7503199], [83.4853407, 26.7519589], [83.4848482, 26.7527115], [83.4827784, 26.7533717], [83.4840246, 26.7548783], [83.4834332, 26.7555526], [83.4841119, 26.7563884], [83.4832878, 26.7573308], [83.4833522, 26.7589666], [83.4824299, 26.7594351], [83.4814933, 26.7591379], [83.4810081, 26.7595985], [83.4807225, 26.7606135], [83.4813747, 26.7617232], [83.4812346, 26.7623372], [83.4792567, 26.7628193], [83.4778675, 26.7647699], [83.476464, 26.7651115], [83.4744219, 26.7670412], [83.4726382, 26.7676086], [83.4726985, 26.7687092], [83.4706328, 26.7687206], [83.4698852, 26.7680294], [83.4674433, 26.7692275], [83.4653811, 26.7693774], [83.4637458, 26.7704446], [83.462728, 26.7697877], [83.461289, 26.7700009], [83.4604341, 26.7692542], [83.4584115, 26.7696024], [83.45646, 26.7690246], [83.4546318, 26.7714101], [83.4515318, 26.7720552], [83.4501511, 26.7728931], [83.4494741, 26.7737663], [83.450148, 26.7747886], [83.4485126, 26.7776852], [83.4518738, 26.7796819], [83.451419, 26.7809612], [83.4530205, 26.7825427], [83.4550972, 26.7826485], [83.4535362, 26.7843365], [83.4547809, 26.7862204], [83.4543072, 26.788573], [83.4562383, 26.7907206], [83.4573454, 26.7909445], [83.4567368, 26.7929065], [83.4575914, 26.7939789], [83.4573866, 26.7951303], [83.4580478, 26.7963039], [83.4591803, 26.7963078], [83.4585936, 26.7977124], [83.4574926, 26.7975999], [83.4572219, 26.7983069], [83.4585938, 26.7998158], [83.4599047, 26.8002388], [83.4603941, 26.8021682], [83.4621789, 26.8017084], [83.4621441, 26.8025361], [83.4628107, 26.8029196], [83.4632387, 26.8047778], [83.4650689, 26.8046899], [83.4653291, 26.8054147], [83.4663182, 26.8052151], [83.4667025, 26.8073286], [83.4653755, 26.8073856], [83.4639671, 26.8097633], [83.4646328, 26.8109671], [83.4654704, 26.810723], [83.4656407, 26.8119861], [83.4651116, 26.8127482], [83.465543, 26.81373], [83.4648413, 26.814398], [83.4650506, 26.8156681], [83.4654801, 26.8160386], [83.4670629, 26.8154574], [83.4680265, 26.8165142], [83.4696423, 26.8162449], [83.4703654, 26.816784], [83.470375, 26.8172295], [83.4695356, 26.8170416], [83.4689016, 26.817998], [83.4705435, 26.8193698], [83.4705441, 26.8201638], [83.4714072, 26.8210942], [83.4712969, 26.8219063], [83.4703784, 26.8225388], [83.4710422, 26.8240446], [83.4706065, 26.8254702], [83.471672, 26.826012], [83.4717317, 26.827375], [83.4728697, 26.8275732], [83.4733333, 26.8286907], [83.4725898, 26.82946], [83.4732753, 26.8301772], [83.4730819, 26.8309418], [83.4741485, 26.8314921], [83.474938, 26.8329166], [83.4743648, 26.8335546], [83.4746971, 26.8346427], [83.4736752, 26.8374829], [83.4745203, 26.8381912], [83.4733269, 26.8393323], [83.4751737, 26.8400492], [83.4744218, 26.8414095], [83.4752062, 26.8432996], [83.4742545, 26.8442854], [83.4732919, 26.8444191], [83.4731199, 26.8453156], [83.4739184, 26.8457416], [83.4732706, 26.8462546], [83.473623, 26.8469564], [83.4730786, 26.8479969], [83.4731631, 26.8490608], [83.4716568, 26.8506163], [83.4716221, 26.8510428], [83.4727237, 26.8516559], [83.4723751, 26.8547586], [83.4731097, 26.8556416], [83.4721294, 26.8568524], [83.4726329, 26.8578057], [83.4739301, 26.8586079], [83.4754707, 26.8610827], [83.4767397, 26.8612942], [83.4765952, 26.8620459], [83.4773045, 26.8632981], [83.4780062, 26.8666605], [83.4789167, 26.8679985], [83.4786885, 26.8708824], [83.479609, 26.8712717], [83.4785836, 26.8741558], [83.4780536, 26.8744537], [83.4789584, 26.8751733], [83.4776253, 26.8766658], [83.4784417, 26.8771344], [83.4779216, 26.8778927], [83.4783705, 26.8784415], [83.4776694, 26.8789761], [83.4775564, 26.8797686], [83.476256, 26.8802381], [83.4756517, 26.8809979], [83.4745949, 26.8810438], [83.474585, 26.881642], [83.475356, 26.8821989], [83.4743559, 26.8844915], [83.4715209, 26.8873591], [83.4710599, 26.8883638], [83.4696716, 26.8893778], [83.4698929, 26.8900407], [83.4739855, 26.8931719], [83.474522, 26.8949288], [83.473625, 26.8959755], [83.4735403, 26.8970149], [83.4742343, 26.8986041], [83.4738026, 26.8995533], [83.4747105, 26.9000529], [83.4747032, 26.9011252], [83.476863, 26.9034929], [83.4771514, 26.9047663], [83.4783479, 26.9051439], [83.4784921, 26.9061242]]}}, {"type": "Feature", "properties": {"name": "Zaidi Nala", "layer": "minor", "sub_basin": "Ghaghara", "kind": "river"}, "geometry": {"type": "LineString", "coordinates": [[83.5571374, 26.8251213], [83.5567262, 26.8243045], [83.5508186, 26.8202184], [83.5489376, 26.8179902], [83.5462774, 26.8175202], [83.5451366, 26.8166461], [83.5443312, 26.8166039], [83.5436655, 26.8153043], [83.541087, 26.8136563], [83.5406631, 26.8124794], [83.5399018, 26.8120386], [83.5400391, 26.8105511], [83.5390821, 26.8094047], [83.5373715, 26.8049628], [83.537886, 26.8039527], [83.5366861, 26.802824], [83.5360299, 26.8007308], [83.5342126, 26.7986771], [83.5328789, 26.7956281], [83.5312873, 26.7935248], [83.5315124, 26.7898862], [83.5324872, 26.7891712], [83.5314355, 26.7881273], [83.5346194, 26.7851973], [83.5349223, 26.7844046], [83.534625, 26.7836271], [83.5331773, 26.7826006], [83.5329206, 26.7799646], [83.5333503, 26.778346], [83.5312037, 26.7764946], [83.5316144, 26.775653], [83.5306696, 26.7752201], [83.5301925, 26.7739255], [83.5302409, 26.7733745], [83.5311832, 26.7729975], [83.5305355, 26.7723492], [83.5310868, 26.7718118], [83.5295694, 26.7697878], [83.5286374, 26.7695625], [83.5264416, 26.767708]]}}, {"type": "Feature", "properties": {"name": "Barhari Nala", "layer": "minor", "sub_basin": "Ghaghara", "kind": "river"}, "geometry": {"type": "LineString", "coordinates": [[83.6748914, 26.7276625], [83.6737993, 26.7240257], [83.6730502, 26.723331], [83.6679697, 26.7235627], [83.6645269, 26.7220564], [83.6642099, 26.7212578], [83.664762, 26.7190735], [83.6639375, 26.7179591], [83.6644095, 26.7170158], [83.6631631, 26.7163618], [83.6637958, 26.7149762], [83.6635389, 26.7129772], [83.6642715, 26.7101339], [83.6628289, 26.7086812], [83.6626121, 26.7061948], [83.6613057, 26.7064703], [83.6593309, 26.7057939], [83.6593709, 26.7049185], [83.6604907, 26.7033432], [83.6604501, 26.7018767], [83.6592889, 26.7002117], [83.6596605, 26.6988352], [83.6580877, 26.6984882], [83.6586802, 26.6973553], [83.658027, 26.6968411], [83.6578457, 26.6956497], [83.6570919, 26.6951038], [83.6567449, 26.6940208], [83.6557251, 26.693967], [83.6552376, 26.6932902], [83.6543636, 26.6936378], [83.6515296, 26.6920453], [83.6516749, 26.690493], [83.6506651, 26.6898478], [83.6501318, 26.6871357], [83.6491166, 26.6852722], [83.6496037, 26.6834398], [83.650317, 26.6835301], [83.6514169, 26.6825641], [83.6502508, 26.6795768], [83.6484169, 26.6777856], [83.6464175, 26.6773437], [83.6448302, 26.6777681], [83.6440364, 26.6768882], [83.6400278, 26.6765051], [83.6381338, 26.6749664], [83.6378272, 26.6730982], [83.6360137, 26.671361], [83.6350995, 26.6707202], [83.6332811, 26.6707023], [83.6326281, 26.6700977], [83.6325325, 26.6684099], [83.6315731, 26.6673268], [83.6313219, 26.6660362], [83.6304428, 26.664881], [83.6292172, 26.6645696], [83.6281474, 26.6631616]]}}, {"type": "Feature", "properties": {"name": "Bagahi Nala", "layer": "minor", "sub_basin": "Ghaghara", "kind": "river"}, "geometry": {"type": "LineString", "coordinates": [[83.6318011, 26.7031083], [83.6331576, 26.7016867], [83.6333586, 26.7000757], [83.6327103, 26.69948], [83.6338105, 26.6975936], [83.6326046, 26.6960504], [83.6319662, 26.6918265], [83.6306098, 26.6905675], [83.6307353, 26.6885683], [83.6301475, 26.6872371], [83.6326614, 26.6824797], [83.636725, 26.679343], [83.6355143, 26.6780165], [83.6359764, 26.6774658], [83.6357101, 26.6763287], [83.6340622, 26.6737565], [83.6342531, 26.672687], [83.6332811, 26.6707023]]}}, {"type": "Feature", "properties": {"name": "Majhna", "layer": "minor", "sub_basin": "Ghaghara", "kind": "river"}, "geometry": {"type": "LineString", "coordinates": [[83.6027303, 26.4578201], [83.6034915, 26.4585228], [83.6038714, 26.4610512], [83.6020024, 26.4651066], [83.6002802, 26.4664321], [83.6002998, 26.467245], [83.6022853, 26.4702204], [83.6011953, 26.4726297], [83.6007331, 26.4770839], [83.6051802, 26.4820081], [83.6061978, 26.4844362], [83.6059868, 26.4869949], [83.6045019, 26.4888268], [83.6046624, 26.4894407], [83.6054046, 26.4897883], [83.6065029, 26.4894409], [83.6065379, 26.4897884], [83.6054042, 26.4909842], [83.6050178, 26.4928795], [83.6057298, 26.4933445], [83.6066026, 26.4927308], [83.6076356, 26.4937824], [83.6122945, 26.4961387], [83.6119384, 26.4970141], [83.6088791, 26.4970679], [83.6077453, 26.4982817], [83.60779, 26.5013271], [83.6043034, 26.5050858], [83.6043736, 26.5055055], [83.6052563, 26.5054561], [83.6050406, 26.5064624], [83.6063295, 26.5068913], [83.6048798, 26.507753], [83.6039665, 26.509725], [83.6030436, 26.5100137], [83.602652, 26.5112907], [83.6015082, 26.5121841], [83.6026365, 26.5138405], [83.6007402, 26.5148962], [83.6006796, 26.5165523], [83.5998114, 26.518064], [83.6011759, 26.518141], [83.6009999, 26.52028], [83.6033172, 26.5216208], [83.6022032, 26.5233806], [83.6037528, 26.5258087], [83.6033013, 26.5263412], [83.6015604, 26.5265214], [83.6014046, 26.5275143], [83.6026286, 26.5289179], [83.6031094, 26.5329976], [83.6065957, 26.5357283], [83.6057826, 26.5376326], [83.6064047, 26.5376192], [83.6075238, 26.5365904], [83.6081006, 26.5368748], [83.6075487, 26.5378134], [83.605667, 26.5389007], [83.6069011, 26.5401149], [83.6089832, 26.5408958], [83.6091888, 26.5415728], [83.6079696, 26.5416674], [83.6083607, 26.5424752], [83.6071716, 26.5430617], [83.6088122, 26.5441179], [83.6088522, 26.5446775], [83.6067497, 26.5453452], [83.6063281, 26.5462432], [83.6093132, 26.5490325], [83.6112549, 26.5495156], [83.6109789, 26.5500616], [83.6089064, 26.5505172], [83.608515, 26.5512617], [83.6093077, 26.5517988], [83.61134, 26.5517314], [83.6129605, 26.5537126], [83.6140345, 26.5523453], [83.6162321, 26.5546696], [83.6158105, 26.5554278], [83.6134772, 26.5551658], [83.612288, 26.5556982], [83.6125638, 26.5562578], [83.6144053, 26.5571425], [83.6149874, 26.5580812], [83.6147713, 26.5609919], [83.6139432, 26.5624135], [83.6124376, 26.5636769], [83.6127837, 26.5643404], [83.6145351, 26.5643811], [83.6143193, 26.5650444], [83.61319, 26.5657122], [83.6133757, 26.5668359], [83.6147255, 26.5683974], [83.617039, 26.5699229], [83.6177614, 26.5727119], [83.6185744, 26.5732987], [83.6191215, 26.5731046], [83.6199647, 26.5704646], [83.6233424, 26.5707896], [83.6232721, 26.5678698], [83.6245619, 26.5681813], [83.6247626, 26.5698781], [83.625415, 26.5696298], [83.6250687, 26.5681045], [83.6265743, 26.5684565], [83.6266897, 26.5688853], [83.6258617, 26.5696344], [83.6262632, 26.5712049], [83.6268805, 26.5713763], [83.6274274, 26.5697743], [83.6279042, 26.5697923], [83.6281653, 26.5705007], [83.6266447, 26.5744541], [83.628853, 26.5767646], [83.6276184, 26.5793504], [83.6257413, 26.5802936], [83.6253096, 26.5812774], [83.6276636, 26.5813812], [83.6307805, 26.5824281], [83.6318246, 26.5846303], [83.6314934, 26.5856367], [83.6300427, 26.5847793], [83.6290691, 26.5863002], [83.629305, 26.5868552], [83.630851, 26.5862549], [83.6309665, 26.5875185], [83.6319202, 26.5888226], [83.6295762, 26.5898743], [83.6309567, 26.5915845], [83.6294357, 26.5931866], [83.6281758, 26.5961606], [83.6271267, 26.5960298], [83.6263889, 26.5970135], [83.6261529, 26.597889], [83.6267704, 26.599324], [83.626178, 26.5995136], [83.6251087, 26.5984034], [83.6244411, 26.5983809], [83.6220717, 26.6012917], [83.6213086, 26.6049018], [83.6207865, 26.6045407], [83.6205506, 26.6032547], [83.6193859, 26.6029343], [83.6185276, 26.6033403], [83.6202391, 26.6094552], [83.6196215, 26.6100327], [83.6179346, 26.6101591], [83.6198824, 26.6114002], [83.6193353, 26.6120861], [83.6196364, 26.6134761], [83.6182557, 26.6144193], [83.6196364, 26.6141845], [83.6198974, 26.6151006], [83.6163678, 26.6171132], [83.6191441, 26.6182279], [83.6198271, 26.6163011], [83.621017, 26.6156152], [83.6221064, 26.6158273], [83.6234318, 26.6172939], [83.6231708, 26.619776], [83.6257614, 26.6195414], [83.6262887, 26.6213149], [83.6296124, 26.6199023], [83.6299238, 26.6202679], [83.6294116, 26.6213554], [83.6296878, 26.6226641], [83.6323791, 26.6228309], [83.6325649, 26.6239727], [83.633554, 26.6236658], [83.6336293, 26.6241035], [83.6318219, 26.6271678], [83.6320078, 26.6283366], [83.6315459, 26.6293114], [83.6330323, 26.6299521], [83.6333386, 26.630814], [83.6322892, 26.6322356], [83.6323798, 26.6344062], [83.6312048, 26.6357375], [83.6316419, 26.6375201], [83.6301253, 26.638021], [83.6298793, 26.6391899], [83.6290708, 26.6394651], [83.6302159, 26.642403], [83.6279913, 26.6443887], [83.6282675, 26.6452505], [83.6313309, 26.6452234], [83.6319286, 26.6474662], [83.6311502, 26.6479446], [83.6283681, 26.6480304], [83.6274188, 26.6486262], [83.6276097, 26.6503771], [83.6266304, 26.6523131], [83.6270623, 26.6534367], [83.6285238, 26.6537436], [83.630151, 26.6549485], [83.6289056, 26.6549123], [83.6291869, 26.6558826], [83.6284686, 26.6564783], [83.630096, 26.6579359], [83.6281824, 26.6580578], [83.629644, 26.6593168], [83.6284135, 26.6596056], [83.6284487, 26.6607474], [83.6268415, 26.6611536], [83.6279364, 26.6623313], [83.627846, 26.6640823], [83.6259525, 26.6649352], [83.6255909, 26.6661582], [83.6241293, 26.6668622], [83.6238279, 26.6674894], [83.624074, 26.6690915], [83.6248124, 26.6697051], [83.6242247, 26.6705897], [83.6246817, 26.6726836], [83.6238278, 26.6735049], [83.6237323, 26.6748136], [83.624114, 26.6751882], [83.6255507, 26.6750031], [83.6257015, 26.676366], [83.6266308, 26.6773092], [83.6261384, 26.6779725], [83.6249478, 26.6774806], [83.6244555, 26.6785186], [83.625385, 26.6787578], [83.6250987, 26.6796242], [83.6262137, 26.6803733], [83.6250434, 26.6817], [83.6257617, 26.6827922], [83.6241341, 26.6836947], [83.6242847, 26.6841369], [83.625827, 26.6844618], [83.6244253, 26.6876343], [83.6257769, 26.6895884], [83.6251639, 26.6896154], [83.6233503, 26.6881758], [83.6216723, 26.6886362], [83.6218281, 26.6896785], [83.6246263, 26.691962], [83.6222852, 26.6934513], [83.621838, 26.6959694], [83.6203859, 26.6968447], [83.6198884, 26.6994666], [83.6204409, 26.7007979], [83.6190993, 26.7023683], [83.6180995, 26.702648], [83.6159541, 26.7017363], [83.6154918, 26.7034646], [83.6175919, 26.7044801], [83.6190442, 26.7031851], [83.6195817, 26.7032122], [83.6198479, 26.7051391], [83.6183707, 26.7050127], [83.6169688, 26.7056444], [83.6178179, 26.7067996], [83.6207823, 26.7074135], [83.6207422, 26.7083747], [83.6197121, 26.7089704], [83.6214153, 26.7116014], [83.6210636, 26.7128333], [83.6201038, 26.7131763], [83.6205961, 26.7143902], [83.6212997, 26.7143812], [83.6225309, 26.7118045], [83.6232795, 26.7119082], [83.6222845, 26.71467], [83.6230936, 26.7160916], [83.6227116, 26.7173731], [83.6237568, 26.7188939], [83.6224452, 26.7201619], [83.6223697, 26.7220168], [83.6229778, 26.7232488], [83.6221435, 26.7252344], [83.6232592, 26.7268679], [83.6214248, 26.7280547], [83.6212238, 26.7300312], [83.6231435, 26.7336821], [83.6227515, 26.734702], [83.621696, 26.7349501], [83.6218919, 26.7378203], [83.6227161, 26.7382173], [83.6240129, 26.7375405], [83.6258222, 26.7391154], [83.6271993, 26.7388356], [83.6280236, 26.7396794], [83.6297375, 26.7392822], [83.6312504, 26.7397245], [83.6325621, 26.7392235], [83.632758, 26.7385917], [83.6342207, 26.7398597], [83.6355527, 26.7393136], [83.6372766, 26.7399769], [83.6388045, 26.7394307], [83.6405085, 26.7410054], [83.6405087, 26.7419214], [83.6421221, 26.7424222], [83.6431327, 26.7446152], [83.6454197, 26.7447909], [83.6451382, 26.7452603], [83.6441381, 26.7453236], [83.6439422, 26.7462533], [83.6448921, 26.7458831], [83.6453849, 26.7469751], [83.6462093, 26.7473857], [83.6463048, 26.7480941], [83.6469132, 26.7483738], [83.6464408, 26.7489651], [83.6471328, 26.7502233], [83.6467725, 26.7505367], [83.6458972, 26.7501106], [83.6454234, 26.7506513], [83.6468387, 26.7521005], [83.6456262, 26.7529571], [83.6457524, 26.7545863], [83.6444537, 26.7559446], [83.6419261, 26.7564673], [83.6414995, 26.7589654], [83.6434507, 26.7621001], [83.6418024, 26.7624323], [83.6415837, 26.7636419], [83.6424499, 26.7635326], [83.6428722, 26.7653857], [83.641943, 26.7665068], [83.6405598, 26.7665716], [83.6402153, 26.7678211], [83.6411745, 26.7683763], [83.6412193, 26.7690193], [83.6404657, 26.7691257], [83.6388365, 26.7683315], [83.6380057, 26.7690347], [83.6382802, 26.7699829], [83.6398968, 26.7702154], [83.638431, 26.7719687], [83.6390352, 26.7729179], [83.6375446, 26.7728986], [83.6306631, 26.7748976], [83.6292114, 26.7773752], [83.6270983, 26.7772188], [83.6271992, 26.7778531], [83.6294224, 26.7796196], [83.6315859, 26.7804172], [83.6325564, 26.7848659], [83.634041, 26.7874419], [83.6357094, 26.7877804], [83.6358438, 26.7901293], [83.6370078, 26.7919834], [83.6354225, 26.794471], [83.6343996, 26.7942224], [83.6340755, 26.7956711], [83.6326215, 26.7961219], [83.6318871, 26.7982298], [83.6327947, 26.7991605], [83.6327146, 26.8000429], [83.6337046, 26.8001633], [83.6346924, 26.8024119], [83.6369306, 26.8030653], [83.6385538, 26.8049083], [83.6381694, 26.8065009], [83.6385913, 26.8091642], [83.6376641, 26.8117312], [83.63808, 26.8138159], [83.6375833, 26.8149604], [83.6359778, 26.8159611], [83.6375478, 26.8162515], [83.6365345, 26.8181063], [83.6374299, 26.8189886], [83.6369668, 26.8201718], [83.6379378, 26.8196052], [83.6388678, 26.8197657], [83.639414, 26.8203185], [83.6395776, 26.8218178], [83.6388799, 26.8229232], [83.6375797, 26.8230396], [83.6369361, 26.8238206], [83.6357536, 26.8237297], [83.6345314, 26.8245259], [83.6339047, 26.8265426], [83.6343325, 26.8277044], [83.6336291, 26.8287972], [83.6327223, 26.8292065], [83.6329826, 26.8315615], [83.6321882, 26.8341546], [83.6323405, 26.8351828], [83.6316627, 26.8363438], [83.6332481, 26.8452326], [83.6333939, 26.8487557], [83.6321651, 26.8516555], [83.6320519, 26.8535213], [83.6326103, 26.8567251], [83.6323636, 26.8578193], [83.6330903, 26.8601898], [83.6324758, 26.8609748], [83.6314244, 26.8613233], [83.6290576, 26.8677467], [83.6269248, 26.8685119], [83.6261426, 26.8694962], [83.6259451, 26.8711121], [83.622599, 26.872483], [83.6201572, 26.8746318], [83.6188672, 26.8788819], [83.6193665, 26.8827557], [83.6215886, 26.8850398], [83.6223063, 26.8864252], [83.625712, 26.889326], [83.6273126, 26.8916428], [83.6331098, 26.8956926], [83.634432, 26.8984065], [83.6332905, 26.9134545], [83.6313392, 26.9260343], [83.6321978, 26.9300105], [83.6284473, 26.9360661], [83.6291083, 26.940311], [83.6282042, 26.9457614], [83.6224991, 26.9481917], [83.6194074, 26.9525003], [83.61598, 26.9560672], [83.6144715, 26.9601723], [83.6146748, 26.9632056], [83.6106294, 26.9650006], [83.6112495, 26.9679665], [83.6106377, 26.9688096]]}}, {"type": "Feature", "properties": {"name": "Wayasi Nala", "layer": "minor", "sub_basin": "Ghaghara", "kind": "river"}, "geometry": {"type": "LineString", "coordinates": [[83.5361251, 26.6716313], [83.537832, 26.6728914], [83.5376041, 26.6754184], [83.5390189, 26.6776576], [83.5381487, 26.6791056], [83.5360584, 26.6799572], [83.5359018, 26.6808642], [83.5395972, 26.6835109], [83.5415462, 26.6837513], [83.5428513, 26.6851014], [83.5438608, 26.6854042], [83.5449919, 26.6845204], [83.5468256, 26.6842326], [83.5490019, 26.6825822], [83.5505793, 26.6826416], [83.5522475, 26.6820108], [83.5524042, 26.6805623], [83.5537668, 26.6787127], [83.5586754, 26.6773206], [83.560564, 26.6775742], [83.5609615, 26.6761664], [83.5633683, 26.6752875], [83.5646446, 26.6742682], [83.5684372, 26.6742202], [83.5761985, 26.6731264], [83.5766996, 26.675753], [83.5778548, 26.6762723], [83.5786235, 26.6760967], [83.5803555, 26.6786379], [83.5819178, 26.6785119], [83.5834631, 26.6837472], [83.584949, 26.6867622], [83.588178, 26.6904906], [83.5881619, 26.6936359], [83.5928371, 26.7013945], [83.5950122, 26.7033354], [83.5976039, 26.7068063], [83.5977042, 26.7078036], [83.5983371, 26.7085167], [83.6000151, 26.7093518], [83.604888, 26.7159863], [83.6012977, 26.7239661]]}}, {"type": "Feature", "properties": {"name": "Pharend Nala", "layer": "minor", "sub_basin": "Ghaghara", "kind": "river"}, "geometry": {"type": "LineString", "coordinates": [[83.5300911, 26.5613421], [83.5306293, 26.5638901], [83.5332767, 26.56561], [83.5343448, 26.565781], [83.5347917, 26.5666815], [83.5362479, 26.567515], [83.5370884, 26.5693171], [83.5367578, 26.5710936], [83.5385965, 26.5723503], [83.5385738, 26.5736426], [83.5380113, 26.5746102], [83.538302, 26.5756572], [83.5416151, 26.5807611], [83.5415211, 26.5812892], [83.5397263, 26.5818976], [83.539768, 26.583667], [83.5392179, 26.5851607], [83.5406505, 26.5872385], [83.5417698, 26.5873128], [83.5432308, 26.5883375], [83.5437219, 26.5911031], [83.5430304, 26.5911163], [83.5425279, 26.5901212], [83.5419971, 26.5901791], [83.5419597, 26.5908497], [83.5428515, 26.592555], [83.5456028, 26.5941292], [83.5456741, 26.5948933], [83.5447743, 26.5951019], [83.5461857, 26.596271], [83.5458517, 26.6001528], [83.54879, 26.6028716], [83.5493639, 26.6046308], [83.5481154, 26.6080995], [83.5456422, 26.609295], [83.5455154, 26.6106849], [83.5462341, 26.6118195], [83.5482671, 26.612259], [83.5490428, 26.6135777], [83.5485603, 26.6142452], [83.5496899, 26.6144218], [83.5484584, 26.6167904], [83.5502104, 26.616859], [83.5499432, 26.6185241], [83.5491644, 26.6194173], [83.5497304, 26.6217011], [83.5493431, 26.6227162], [83.546028, 26.6244382], [83.544547, 26.6243291], [83.5439137, 26.6252809], [83.5441689, 26.6263145], [83.5460606, 26.6281748], [83.5453746, 26.6317391], [83.5421263, 26.6339541], [83.5385971, 26.6355524], [83.5380853, 26.6364233], [83.5360552, 26.6361271], [83.5356327, 26.6385273], [83.5351129, 26.6390635], [83.534843, 26.6434224], [83.5344206, 26.643574], [83.5334379, 26.6425401], [83.5328027, 26.6426958], [83.5336254, 26.6459813], [83.5340568, 26.6462124], [83.5346842, 26.645722], [83.5370083, 26.6482426], [83.5358462, 26.6492207], [83.5356998, 26.6501232], [83.5341275, 26.6507631], [83.5340762, 26.6521394], [83.5353819, 26.6521176], [83.5360543, 26.6529034], [83.5377065, 26.653103], [83.5373386, 26.6545874], [83.5367309, 26.6547901], [83.5361637, 26.6543159], [83.535631, 26.6547894], [83.5347609, 26.6563547], [83.5351168, 26.6571763], [83.534669, 26.6582185], [83.532765, 26.6589077], [83.5315355, 26.6574718], [83.530902, 26.6583378], [83.5294506, 26.6581925], [83.5288021, 26.6589185], [83.528816, 26.6603175], [83.5298449, 26.6611487], [83.5292063, 26.6620056], [83.5301601, 26.6627914], [83.5292855, 26.6634181], [83.5306616, 26.6636673], [83.5301023, 26.665675], [83.5289666, 26.6664324], [83.5287393, 26.6678944], [83.5305207, 26.6699985], [83.5322537, 26.669941], [83.5311275, 26.6711768], [83.5328041, 26.6725316], [83.5333468, 26.672329], [83.5334536, 26.6706909], [83.5345138, 26.6701817], [83.5359898, 26.671225], [83.536004, 26.6723939], [83.5345113, 26.673318], [83.5327768, 26.6752755], [83.5299389, 26.6749893], [83.5299533, 26.6758196], [83.5273108, 26.6761021], [83.5270591, 26.6768285], [83.5258034, 26.676611], [83.5248536, 26.6771112], [83.5250538, 26.6778695], [83.5228684, 26.6781884], [83.5233184, 26.6805534], [83.5226497, 26.6811531], [83.5193289, 26.6815027], [83.5185044, 26.6821563], [83.5172818, 26.6841365], [83.5152959, 26.6857416], [83.5153135, 26.6883589], [83.5143693, 26.6881777], [83.512916, 26.6896251], [83.5118371, 26.6884419], [83.5109123, 26.6888113], [83.5117349, 26.6900665], [83.5108697, 26.6912346], [83.511079, 26.6928728], [83.5120173, 26.694074], [83.5104692, 26.6947632], [83.5104488, 26.6951964], [83.5107994, 26.6961805], [83.5123955, 26.6978153], [83.511912, 26.6990289], [83.5126037, 26.7007037], [83.5147128, 26.7018199], [83.5151181, 26.7035531], [83.5147101, 26.7045772], [83.5153376, 26.7052321], [83.5136365, 26.7080512], [83.5141849, 26.7125237], [83.5138615, 26.7143646], [83.5156037, 26.7158416], [83.51605, 26.716916], [83.5175369, 26.7173504], [83.5179446, 26.7166242], [83.5189746, 26.7168325], [83.5205784, 26.7159176], [83.5207938, 26.7166623], [83.5196072, 26.7175054], [83.5209581, 26.7183547], [83.5231037, 26.7185458], [83.5244647, 26.7194629], [83.5245041, 26.7203023], [83.5234735, 26.7207663], [83.5244432, 26.721083], [83.5254216, 26.7226901], [83.524903, 26.7238901], [83.525123, 26.7251313], [83.5256202, 26.7256235], [83.5266705, 26.7255069], [83.5265733, 26.7275693], [83.5269696, 26.7283051], [83.526019, 26.7292791], [83.5262793, 26.7303759], [83.5249974, 26.7307315], [83.5252572, 26.7324826], [83.5263363, 26.7341801], [83.5290799, 26.7347867], [83.5299786, 26.7358569], [83.5267442, 26.7390857], [83.525297, 26.7387823], [83.5247625, 26.7407947], [83.5238785, 26.7401216], [83.5230231, 26.7411273], [83.5229619, 26.7421427], [83.5248065, 26.7421711], [83.5255187, 26.7439676], [83.5247289, 26.7447748], [83.5245247, 26.7481321], [83.5235952, 26.7478878], [83.5231372, 26.7484741], [83.5223788, 26.7478733], [83.5221922, 26.7484734], [83.5227701, 26.7496728], [83.5212796, 26.7501339], [83.5234403, 26.7527001], [83.5233434, 26.7536533], [83.5240286, 26.7546241], [83.5236923, 26.7552733], [83.5251852, 26.7567202], [83.5232211, 26.7571622], [83.5229532, 26.7581156], [83.5235984, 26.7588952], [83.5236079, 26.7599388], [83.5227579, 26.7595984], [83.5216025, 26.7601648], [83.5223236, 26.7604257], [83.5223915, 26.7609562], [83.5231494, 26.7607303], [83.5232692, 26.7630007], [83.5247997, 26.7632846], [83.5249519, 26.7639461], [83.5264891, 26.7639149], [83.5253562, 26.7650282], [83.5269363, 26.7658646], [83.5257939, 26.7667189], [83.5264416, 26.767708], [83.5255101, 26.7694797], [83.526606, 26.7695409], [83.5266938, 26.7699822], [83.5260057, 26.7708395], [83.5244791, 26.7714765], [83.5246469, 26.7723559], [83.5241053, 26.7721329], [83.5231252, 26.7726232], [83.5221385, 26.7721083], [83.5225095, 26.772927], [83.5234068, 26.7729488], [83.5225667, 26.773443], [83.523197, 26.7741368], [83.5220152, 26.7746794], [83.5232332, 26.7754916], [83.522486, 26.7760647], [83.521673, 26.7750502], [83.5210693, 26.7752132], [83.5216564, 26.7760966], [83.5208005, 26.7766133], [83.5210227, 26.7784748], [83.5193521, 26.7803021], [83.5201333, 26.7813455], [83.518102, 26.7818818], [83.5187569, 26.782284], [83.518886, 26.7829978], [83.5180149, 26.7845691], [83.5166437, 26.7851874]]}}, {"type": "Feature", "properties": {"name": "Gaura", "layer": "minor", "sub_basin": "Ghaghara", "kind": "river"}, "geometry": {"type": "LineString", "coordinates": [[83.393651, 26.6979367], [83.3991265, 26.7036769], [83.4016236, 26.7071688], [83.4048709, 26.7066358], [83.4076921, 26.7030285], [83.4142072, 26.7027326], [83.4153041, 26.6988543], [83.417003, 26.6982006], [83.4250702, 26.6981788], [83.4299155, 26.6996147], [83.4328278, 26.6993968], [83.435853, 26.6970178], [83.4370789, 26.6915947], [83.4385893, 26.6903281], [83.4449321, 26.6900348], [83.4476306, 26.6882795], [83.4523034, 26.683397], [83.4567233, 26.669269], [83.456597, 26.6646463], [83.4558689, 26.6631205], [83.4535931, 26.6614746], [83.4515098, 26.6605953], [83.4465279, 26.6603966], [83.444612, 26.6593594], [83.4430682, 26.6530717], [83.4433608, 26.651215], [83.4450631, 26.6507151], [83.4458954, 26.6497717], [83.4455021, 26.6479301], [83.4471666, 26.6460432], [83.4490235, 26.6449231], [83.4499222, 26.6401235], [83.4518959, 26.6369962], [83.4566676, 26.6358118], [83.4597624, 26.6360519], [83.462489, 26.6353749], [83.4650273, 26.6340853], [83.470004, 26.6341294], [83.4752283, 26.6369433], [83.4772987, 26.6373599], [83.4791721, 26.6368558], [83.4811156, 26.6347878], [83.4838938, 26.6345958], [83.4845767, 26.6341395], [83.4844063, 26.6322147], [83.4829599, 26.6298013], [83.4840373, 26.6285391], [83.4844405, 26.6268453], [83.4870053, 26.6259233], [83.4919731, 26.6220364], [83.4927633, 26.622967], [83.4941175, 26.6235158], [83.4953266, 26.6233209], [83.4982317, 26.6218885], [83.5004903, 26.6201237], [83.5057114, 26.6111839], [83.5056566, 26.6088311], [83.5076366, 26.6060954], [83.5084742, 26.6036683], [83.5078528, 26.6016705], [83.5054918, 26.5990166], [83.5036958, 26.5931943], [83.4989357, 26.5834663], [83.4982784, 26.5771632], [83.4956269, 26.5702087], [83.49589, 26.5677924], [83.496705, 26.5671456], [83.498238, 26.5671742], [83.500255, 26.5688013], [83.5040084, 26.568214], [83.5054404, 26.5693927], [83.5067115, 26.5691391], [83.507775, 26.5682005], [83.5095619, 26.5681668], [83.5117081, 26.5698486], [83.5138927, 26.5704389], [83.5173888, 26.5670429], [83.520669, 26.5626175], [83.5226405, 26.562293], [83.5239289, 26.5627853], [83.5253081, 26.5644241], [83.5274195, 26.5646137], [83.5300269, 26.5614639], [83.5312371, 26.5586277], [83.5326953, 26.558198], [83.5397242, 26.558466], [83.5405932, 26.557416], [83.5428022, 26.5563404], [83.5436482, 26.5543148], [83.5478827, 26.5525114], [83.5503319, 26.5507996], [83.5533008, 26.5467812], [83.5559585, 26.5404147], [83.5557951, 26.5335283], [83.5565237, 26.5292658], [83.5551268, 26.5268812], [83.5547736, 26.5227543], [83.55397, 26.5211622], [83.5533057, 26.517369]]}}, {"type": "Feature", "properties": {"name": "Ranha Nala", "layer": "minor", "sub_basin": "Ghaghara", "kind": "river"}, "geometry": {"type": "LineString", "coordinates": [[83.5000138, 26.5142931], [83.5085299, 26.5051758], [83.5123398, 26.505191], [83.5160627, 26.5071542], [83.5255915, 26.5073129], [83.5272497, 26.5064972], [83.5292374, 26.5045406], [83.5299666, 26.5022396], [83.5297774, 26.500547], [83.5348228, 26.5010378], [83.5360101, 26.4992574]]}}, {"type": "Feature", "properties": {"name": "Karna Nala", "layer": "minor", "sub_basin": "Ghaghara", "kind": "river"}, "geometry": {"type": "LineString", "coordinates": [[83.7361548, 26.6727446], [83.7398238, 26.6704208], [83.7446192, 26.6705138], [83.7494675, 26.6685004], [83.7527737, 26.6686716], [83.7530276, 26.6681879], [83.7547743, 26.6677692], [83.7553947, 26.6670387], [83.7552033, 26.6657986], [83.756616, 26.6648126], [83.756698, 26.663854], [83.7576763, 26.662542], [83.7576697, 26.6601977], [83.7626079, 26.6575599], [83.7626439, 26.6568893], [83.761949, 26.6547028], [83.7620108, 26.6508738], [83.7603427, 26.6501906], [83.7584776, 26.6501334], [83.7488974, 26.652388], [83.7469596, 26.6515666], [83.7452441, 26.6490182], [83.7416601, 26.6462688], [83.7384984, 26.6454724], [83.7384814, 26.6448029], [83.7399652, 26.6424281], [83.7412266, 26.6417802], [83.7412264, 26.639675], [83.7399104, 26.6381709], [83.7373803, 26.6370744], [83.7358237, 26.6344748], [83.7334303, 26.6324664], [83.7332706, 26.6303644], [83.7339962, 26.6295841], [83.734024, 26.6285787], [83.7316501, 26.6273354], [83.729893, 26.6273235], [83.7286451, 26.6263921], [83.7289293, 26.6249987], [83.7279667, 26.624827], [83.7278301, 26.6236337], [83.7271735, 26.6229294], [83.7275798, 26.6221556], [83.7272304, 26.6209665], [83.7278023, 26.6204286], [83.727621, 26.6174658], [83.7287214, 26.6167735], [83.7282571, 26.615252], [83.7297878, 26.6147422], [83.7290926, 26.6125077], [83.7320077, 26.6078071], [83.7326412, 26.6076027], [83.7329411, 26.6068311], [83.7352551, 26.6057311], [83.734925, 26.6032021], [83.735961, 26.6020804], [83.7332322, 26.599409], [83.7314732, 26.5993015], [83.7304516, 26.5967865], [83.7321356, 26.5960344], [83.7314755, 26.5951867], [83.7321598, 26.5948856], [83.7323882, 26.5912925], [83.7340818, 26.590923], [83.7335668, 26.5894981], [83.7344625, 26.5891449], [83.7345508, 26.5884254], [83.7335244, 26.5878244], [83.7331774, 26.586731], [83.7342218, 26.5859441], [83.7345832, 26.5834009], [83.7351634, 26.5831977], [83.7356554, 26.5837139], [83.736487, 26.5829313], [83.7374541, 26.5832943], [83.7379605, 26.5822791], [83.7403406, 26.5817041], [83.7405774, 26.5805509], [83.7418368, 26.5798552], [83.7417606, 26.5789477], [83.7427118, 26.578689], [83.7408053, 26.5748526], [83.74073, 26.5718877], [83.7412677, 26.5700107], [83.7432461, 26.5682955], [83.7432701, 26.5671467], [83.7444376, 26.567027], [83.7450588, 26.5663444], [83.7461321, 26.5667051], [83.7467569, 26.566166], [83.7473564, 26.5667278], [83.7478688, 26.5659517], [83.7485577, 26.5658418], [83.7485926, 26.5651234], [83.7495474, 26.5650081], [83.7500487, 26.5638016], [83.7505334, 26.5640309], [83.7510469, 26.5633026], [83.7517914, 26.5632873], [83.7526492, 26.5614515], [83.7543098, 26.5618957], [83.7560098, 26.5597076], [83.7577841, 26.5604365], [83.7584315, 26.5587007], [83.7571999, 26.5583912], [83.7572299, 26.5574815], [83.7580031, 26.5565087], [83.756983, 26.5561469], [83.7569647, 26.5554296], [83.7587458, 26.5543403], [83.7593985, 26.5549009], [83.7607144, 26.5543474], [83.7607278, 26.5548735], [83.7614191, 26.5548592], [83.7629581, 26.5526265], [83.7641835, 26.5526968], [83.7647922, 26.5515359], [83.7643387, 26.5504448], [83.7657804, 26.5506542], [83.765756, 26.5496978], [83.76632, 26.5488728], [83.7658616, 26.5475904], [83.7662686, 26.5468643], [83.7646094, 26.546468], [83.7645971, 26.5459898], [83.7658701, 26.5437626], [83.7647872, 26.5430194], [83.7663565, 26.5419822], [83.7665251, 26.5402563], [83.767894, 26.5397016], [83.7677582, 26.5385561], [83.7687549, 26.5380092], [83.7686241, 26.537055], [83.77004, 26.5362601], [83.7703173, 26.5346276], [83.7696212, 26.5344506], [83.7695497, 26.5337344], [83.771538, 26.5324492], [83.7708682, 26.5312191], [83.771206, 26.5298724], [83.7721446, 26.5291352], [83.7724844, 26.5299416], [83.7730148, 26.5298827], [83.7744481, 26.5276999], [83.7740232, 26.5256513], [83.77784, 26.523084], [83.7774236, 26.5213702], [83.7784226, 26.5209189], [83.7785154, 26.5203906], [83.7757909, 26.5199209], [83.7749146, 26.5189344], [83.7761744, 26.5182862], [83.7760721, 26.5163745], [83.7771389, 26.5164959], [83.7773749, 26.5174], [83.7781759, 26.5175269], [83.778615, 26.5159867], [83.7778376, 26.514711], [83.7758684, 26.5146563], [83.7754248, 26.5139478], [83.774091, 26.5137841], [83.7721538, 26.5149726], [83.7722339, 26.5160236], [83.7712166, 26.5157576], [83.770005, 26.5162134], [83.7697246, 26.515645], [83.768659, 26.5155714], [83.7679949, 26.5166378], [83.7665548, 26.5164762], [83.7664791, 26.5176739], [83.7650128, 26.5185655], [83.764271, 26.5186766], [83.7638586, 26.5171062], [83.761469, 26.5172513], [83.7623476, 26.5183336], [83.7604376, 26.5185166], [83.7609502, 26.5198457], [83.7597857, 26.5200611], [83.7593799, 26.5208351], [83.7560842, 26.5209031], [83.7541412, 26.5197949], [83.7509822, 26.5210561], [83.7481949, 26.5202044], [83.7475871, 26.5193079], [83.7440289, 26.5174194], [83.7394163, 26.5158873], [83.738788, 26.5141778], [83.7375569, 26.5138681], [83.7366291, 26.5129302], [83.7362073, 26.5109772], [83.7350706, 26.5101871], [83.7349823, 26.5088014], [83.7370359, 26.5079938], [83.7384794, 26.5082991], [83.74069, 26.5073925], [83.7413145, 26.5068534], [83.741016, 26.5055677], [83.7421139, 26.5048274], [83.7429789, 26.5053838], [83.7430126, 26.5046176], [83.742353, 26.5037699], [83.7429641, 26.5027048], [83.7423503, 26.5015691], [83.74475, 26.4976443], [83.7462187, 26.4968486], [83.7455047, 26.4959542], [83.7463295, 26.4949324], [83.7452772, 26.4932795], [83.7461722, 26.4929262], [83.7464136, 26.4919643], [83.7452287, 26.4913667], [83.7449848, 26.4922329], [83.7408347, 26.4921268], [83.7394663, 26.4926812], [83.7372123, 26.489761], [83.7364852, 26.4904457], [83.7350503, 26.4904751], [83.7319052, 26.492262], [83.7287794, 26.4906035], [83.7287311, 26.4886906], [83.7293519, 26.4880081], [83.7301997, 26.4878951], [83.7317988, 26.4859485], [83.731643, 26.4839901], [83.7323761, 26.4835444], [83.7328832, 26.4804719], [83.7293012, 26.4775788], [83.7290633, 26.4765789], [83.729777, 26.4753682], [83.7269958, 26.4747074], [83.7267266, 26.4703589], [83.7241002, 26.4695035], [83.7228118, 26.4668983], [83.7197762, 26.464568], [83.7179919, 26.4612551], [83.7177445, 26.4598727], [83.7169814, 26.4591227], [83.7172581, 26.4574425], [83.7161052, 26.4559827], [83.7158071, 26.454697], [83.7153217, 26.4544198], [83.7140104, 26.4551163], [83.7121609, 26.4534315], [83.7123578, 26.4528055], [83.7101676, 26.4523716], [83.7099798, 26.4491219], [83.7093763, 26.4483686], [83.7090048, 26.446271], [83.705863, 26.4417895], [83.7039495, 26.4417805], [83.703704, 26.4383406], [83.6999563, 26.4351152], [83.6972294, 26.4344527], [83.6953953, 26.4354945], [83.6950611, 26.4348793], [83.6917523, 26.4343242], [83.6900078, 26.4346943], [83.6893042, 26.4341822], [83.6868005, 26.4339456], [83.6866177, 26.4351454], [83.6854527, 26.4353124], [83.683898, 26.4347696], [83.6827449, 26.4354148], [83.6810266, 26.4378276], [83.6813821, 26.4393037], [83.6789021, 26.4400233], [83.677345, 26.4393848], [83.676829, 26.4378641], [83.676234, 26.4374455], [83.6730469, 26.4375094], [83.6726431, 26.4362257], [83.6709255, 26.4355425], [83.6705785, 26.4365542], [83.6693863, 26.4356211], [83.6682756, 26.4379878], [83.6672864, 26.4388209], [83.6636306, 26.4371238], [83.6616557, 26.4367805], [83.6548175, 26.437491], [83.6520236, 26.4362549], [83.6515434, 26.4340157], [83.6522175, 26.4333325], [83.6523014, 26.4324218], [83.6502396, 26.4306925], [83.6469663, 26.431571], [83.644535, 26.4299447], [83.6432048, 26.4298754], [83.639792, 26.4315698], [83.6393472, 26.4307652], [83.6392041, 26.427084], [83.6397275, 26.4245857], [83.6369154, 26.4225841], [83.6362261, 26.4226456], [83.6364298, 26.4244597], [83.6350856, 26.4238165], [83.634195, 26.4221595], [83.6334421, 26.4217917], [83.6320717, 26.4222493], [83.6318043, 26.4243598], [83.6303539, 26.4237186], [83.6297375, 26.424592], [83.6286764, 26.4246608], [83.6273067, 26.4229654], [83.6260192, 26.4224645], [83.6252364, 26.4230541], [83.6212657, 26.4236586], [83.6151703, 26.4221039], [83.6131033, 26.420135], [83.6124564, 26.4182537]]}}, {"type": "Feature", "properties": {"name": "Nakta Nala", "layer": "minor", "sub_basin": "Ghaghara", "kind": "river"}, "geometry": {"type": "LineString", "coordinates": [[83.7104888, 26.4524607], [83.7065441, 26.4561631], [83.7051285, 26.4569454], [83.7038887, 26.4567911], [83.7036793, 26.4579795], [83.702243, 26.4579369], [83.6993419, 26.4598974], [83.6969022, 26.459588], [83.6962472, 26.4604983], [83.6954538, 26.4606579], [83.6944071, 26.4602484], [83.6938434, 26.4584297], [83.6918784, 26.457967], [83.6905246, 26.4580302], [83.6895995, 26.4593048], [83.688846, 26.4594636], [83.6880205, 26.4583319], [83.686423, 26.4582206], [83.6856454, 26.4574109], [83.6836028, 26.4586362], [83.6814509, 26.4570647], [83.6791097, 26.4575065], [83.6742652, 26.4566708], [83.6726935, 26.4575994], [83.6701389, 26.4574712], [83.6659488, 26.4605334], [83.6657337, 26.4615065], [83.6631125, 26.4619178], [83.6623394, 26.4629021], [83.6630053, 26.464037], [83.663038, 26.4653641], [83.6609774, 26.4658717], [83.6608002, 26.4667723], [83.6598553, 26.4672577], [83.6585481, 26.4692215], [83.6602306, 26.4711615], [83.6604509, 26.4736331], [83.6596972, 26.4754064], [83.6605384, 26.4771838], [83.6606181, 26.478797], [83.6615037, 26.4791382], [83.6612477, 26.4800762], [83.6619677, 26.4817843], [83.6630181, 26.4823374], [83.6629179, 26.4831289], [83.6640454, 26.4835729], [83.6640631, 26.4842902], [83.6649107, 26.4847038], [83.666691, 26.4873595], [83.6705996, 26.4873889], [83.6738043, 26.4895854], [83.676387, 26.4892106], [83.6804659, 26.489667], [83.6873018, 26.48874], [83.6882432, 26.488111], [83.6905097, 26.48785], [83.6938693, 26.4882487], [83.6946006, 26.4871933], [83.6962155, 26.487986], [83.6969978, 26.4889749], [83.7001295, 26.4882298], [83.700641, 26.4895471], [83.7017687, 26.4899908], [83.7027303, 26.4917655], [83.7041768, 26.4922027], [83.7054877, 26.4919967], [83.7062276, 26.4928788], [83.7080383, 26.4935239], [83.7077173, 26.4950375], [83.7087099, 26.4964527], [83.7100814, 26.4970708], [83.7091562, 26.4983455], [83.7105376, 26.4993581], [83.7114897, 26.4991593], [83.7113228, 26.5004546], [83.7119558, 26.5018412], [83.7109896, 26.5046598], [83.7118772, 26.5066512], [83.710847, 26.5069233], [83.7105596, 26.5081851], [83.7098756, 26.5079478], [83.7096733, 26.5094232], [83.7081159, 26.5093471], [83.7074616, 26.5102934], [83.7062078, 26.5096011], [83.7062464, 26.5111434], [83.7049878, 26.5118507], [83.7045816, 26.5131507], [83.7036347, 26.5135647], [83.7035094, 26.5149308], [83.703973, 26.5159261], [83.6994623, 26.5173811], [83.6992074, 26.5183551], [83.6972852, 26.5196499], [83.6972996, 26.5202237], [83.6984772, 26.5210611], [83.6991936, 26.5225897], [83.6986618, 26.5252558], [83.6957486, 26.5284007], [83.6946406, 26.5303608], [83.6934171, 26.5308879], [83.6940066, 26.532132], [83.6933256, 26.5336169], [83.6940638, 26.5376211], [83.6932125, 26.5386789], [83.6952304, 26.5428007], [83.6945829, 26.5440338], [83.6946541, 26.5452883], [83.6961793, 26.5456522], [83.6963276, 26.5467975], [83.697946, 26.5476978], [83.6981678, 26.5485904], [83.6996012, 26.5500686], [83.6999162, 26.5514976], [83.7010598, 26.5525509], [83.7009662, 26.5535935], [83.7020681, 26.5545759], [83.7022617, 26.5559356], [83.7017536, 26.5579554], [83.7024867, 26.5585506], [83.7026723, 26.5595875], [83.7036004, 26.5599993], [83.7033544, 26.561332], [83.7044798, 26.5632469], [83.7045856, 26.5642854], [83.705589, 26.5645163], [83.7042442, 26.5665889], [83.7018068, 26.5664588], [83.7017992, 26.5677508], [83.6996772, 26.5674708], [83.6981764, 26.5696901], [83.6982459, 26.5708728], [83.6952307, 26.5727536], [83.6950605, 26.5734622], [83.6930988, 26.5744605], [83.6928783, 26.5753045], [83.6915389, 26.5762889], [83.6928049, 26.5781926], [83.6927901, 26.5787387], [83.6919723, 26.5790957], [83.6924852, 26.5809095], [83.6942882, 26.5828177], [83.6958799, 26.5837104], [83.6958253, 26.5848927], [83.6948119, 26.5857236], [83.6959123, 26.5875868], [83.6954716, 26.5891575], [83.6965914, 26.5899376], [83.6965525, 26.5919775], [83.6978583, 26.5929696], [83.6983332, 26.5979199], [83.6999304, 26.5992233], [83.6989818, 26.5994404], [83.6985607, 26.6003747], [83.6988535, 26.6029784], [83.6977443, 26.6034303], [83.6980209, 26.6041071], [83.696972, 26.6047394], [83.6982225, 26.6053886], [83.6983537, 26.6064445], [83.696672, 26.6066575], [83.6972507, 26.6087691], [83.6983704, 26.6089807], [83.6982405, 26.6100774], [83.6970156, 26.6103623], [83.6970711, 26.6107729], [83.6985827, 26.6112279], [83.698966, 26.6124715], [83.6985284, 26.6129203], [83.6985016, 26.6146799], [83.6963625, 26.6174477], [83.6965287, 26.6183637], [83.6954544, 26.6187207], [83.6951039, 26.6202102], [83.6880856, 26.6214905], [83.6824864, 26.6197194]]}}, {"type": "Feature", "properties": {"name": "Kirhi Nala", "layer": "minor", "sub_basin": "Ghaghara", "kind": "river"}, "geometry": {"type": "LineString", "coordinates": [[83.727233, 26.5361127], [83.7294093, 26.5348928], [83.7319905, 26.5321109], [83.7340589, 26.5281877], [83.7374627, 26.5255767], [83.7383226, 26.5224892], [83.7378351, 26.5216322], [83.7391486, 26.5207556], [83.7396088, 26.5194601], [83.7409876, 26.5187549], [83.7424289, 26.516894]]}}, {"type": "Feature", "properties": {"name": "Duranchi Nala", "layer": "minor", "sub_basin": "Ghaghara", "kind": "river"}, "geometry": {"type": "LineString", "coordinates": [[83.7783137, 26.620085], [83.7776085, 26.6189708], [83.7775867, 26.6174461], [83.7765578, 26.615165], [83.774416, 26.6071076], [83.7751788, 26.6050092], [83.7767711, 26.6046702], [83.7795001, 26.6027578], [83.7790426, 26.5983584], [83.778127, 26.5976453], [83.7775302, 26.5957845], [83.7786055, 26.5885757], [83.7795489, 26.5864996], [83.779079, 26.5851146], [83.7793282, 26.5835891], [83.7803884, 26.5828194], [83.7817313, 26.5829555], [83.7832973, 26.5817291], [83.7836996, 26.5801058], [83.7861556, 26.5768902], [83.7865902, 26.5734931], [83.7884572, 26.5718592], [83.7927792, 26.5709215], [83.7954711, 26.5695872], [83.7969137, 26.5696986], [83.7977767, 26.5703224], [83.8021255, 26.5682197], [83.8056788, 26.5672472], [83.80915, 26.5649729]]}}, {"type": "Feature", "properties": {"name": "Duhari Nala", "layer": "minor", "sub_basin": "Ghaghara", "kind": "river"}, "geometry": {"type": "LineString", "coordinates": [[83.8458617, 26.5902697], [83.8450147, 26.5913666], [83.8457825, 26.5944103], [83.8467273, 26.5954833], [83.8467126, 26.5961062], [83.8456547, 26.5981668], [83.8446724, 26.5990303], [83.8443805, 26.6008229], [83.8408246, 26.608623], [83.8382098, 26.6100425], [83.8373892, 26.6115659], [83.8359023, 26.6113069], [83.8337783, 26.6135016], [83.8330027, 26.6158406], [83.830769, 26.6166388], [83.8308121, 26.6181855], [83.8293698, 26.6197393], [83.8286842, 26.6198252], [83.8278264, 26.6190256], [83.8257353, 26.6203307], [83.8224948, 26.6204042], [83.8203568, 26.6228651], [83.8208435, 26.6238796], [83.8200055, 26.6247085], [83.8207171, 26.6256825], [83.8204802, 26.6264587], [83.8191013, 26.6281556], [83.8165285, 26.6294746], [83.8136517, 26.634161], [83.8119494, 26.6349218], [83.8122332, 26.6360932], [83.8111239, 26.6389668], [83.8103598, 26.6395414], [83.8085277, 26.6397537], [83.8055642, 26.6419465], [83.8050833, 26.6428199], [83.8030129, 26.6480702], [83.8028439, 26.6528699], [83.8045491, 26.6556652], [83.8046596, 26.6577205], [83.8056394, 26.6596006], [83.8079855, 26.6614989], [83.8066077, 26.6624466], [83.806607, 26.6632362], [83.8053462, 26.6650615], [83.8038845, 26.6687361], [83.8021818, 26.669952]]}}, {"type": "Feature", "properties": {"name": "Chhoti Gandak", "layer": "minor", "sub_basin": "Ghaghara", "kind": "river"}, "geometry": {"type": "LineString", "coordinates": [[84.0284595, 26.1412748], [84.0286609, 26.1452753], [84.0333038, 26.1521678], [84.0337969, 26.1541029], [84.0338311, 26.1585821], [84.0207868, 26.1666032], [84.0187401, 26.166793], [84.0161728, 26.1679036], [84.0093395, 26.1738949], [84.0083709, 26.1753042], [84.0075454, 26.1780501], [84.0068572, 26.1857688], [84.007982, 26.188088], [84.0121568, 26.193305], [84.0128975, 26.1951543], [84.0138701, 26.1958022], [84.0226658, 26.195508], [84.0274549, 26.1979833], [84.0264125, 26.2024567], [84.0241109, 26.2055231], [84.0230085, 26.2078447], [84.0174083, 26.2124688], [84.0155225, 26.2228941], [84.014323, 26.2255527], [84.0137278, 26.2289633], [84.0124381, 26.2321981], [84.0118138, 26.2326428], [84.0102232, 26.2326786], [84.007449, 26.232119], [83.9990259, 26.2287197], [83.9960237, 26.2295047], [83.9926034, 26.2324521], [83.9921631, 26.2338016], [83.993479, 26.2353511], [83.9955043, 26.2356885], [83.9991174, 26.2378085], [83.9995654, 26.2386597], [83.9992361, 26.2421121], [83.9975562, 26.2446856], [83.9960926, 26.245484], [83.9874677, 26.2463468], [83.982732, 26.2477923], [83.9826131, 26.251192], [83.9848387, 26.256884], [83.9848716, 26.2580794], [83.9836048, 26.2602608], [83.981991, 26.2613973], [83.9773064, 26.2666691], [83.9747232, 26.2711764], [83.9740022, 26.2739197], [83.9743517, 26.286687], [83.9720633, 26.2922881], [83.9698758, 26.29382], [83.9685561, 26.2940885], [83.9675469, 26.2940631], [83.9623772, 26.2913547], [83.9599927, 26.2915032], [83.9561527, 26.2927844], [83.9520149, 26.2928758], [83.9509927, 26.2923721], [83.9485716, 26.2892198], [83.9462374, 26.2873095], [83.9451583, 26.2866634], [83.9425099, 26.2868653], [83.9385392, 26.2892014], [83.9373592, 26.2907106], [83.9359655, 26.3019852], [83.9347361, 26.303639], [83.9334149, 26.3038594], [83.933006, 26.3044425], [83.9334847, 26.3064415], [83.9353299, 26.3079321], [83.9362966, 26.3083415], [83.9393221, 26.3083229], [83.9450096, 26.3105422], [83.9480817, 26.3102831], [83.9527712, 26.3089835], [83.9563804, 26.3089516], [83.9622439, 26.3098266], [83.9660891, 26.3067748], [83.9713709, 26.3096719], [83.9746821, 26.30845], [83.9783213, 26.3095174], [83.9800191, 26.3094795], [83.981018, 26.3091224], [83.9824098, 26.3076081], [83.9833753, 26.3079693], [83.9835274, 26.3096406], [83.9818815, 26.313505], [83.981397, 26.3190661], [83.9798976, 26.3205349], [83.9780018, 26.3211035], [83.9757641, 26.3208183], [83.9732395, 26.3178123], [83.9716426, 26.3137808], [83.9697555, 26.3127222], [83.9672748, 26.3132557], [83.9657235, 26.3147734], [83.9649655, 26.3161777], [83.9653478, 26.3185138], [83.9692466, 26.3212981], [83.9689863, 26.3253709], [83.9695862, 26.3278934], [83.9728539, 26.3308831], [83.9754882, 26.3320685], [83.9784835, 26.3328631], [83.9800185, 26.3326854], [83.9837587, 26.3315972], [83.9875949, 26.3282102], [83.9911502, 26.3281307], [84.0051337, 26.33265], [84.0079912, 26.3342126], [84.0085243, 26.3381242], [84.0064714, 26.344534], [84.0051895, 26.3461896], [84.0025238, 26.3477327], [84.001462, 26.3496704], [84.0009411, 26.3558066], [84.0019945, 26.3574098], [84.0019399, 26.359277], [84.0013851, 26.3603421], [84.0021862, 26.3643434], [84.001611, 26.368519], [84.0027188, 26.3720827], [84.0025382, 26.3732351], [84.0011738, 26.3738399], [83.99844, 26.3729442], [83.996058, 26.3713228], [83.9949446, 26.3713956], [83.9934601, 26.3753523], [83.9915819, 26.3765905], [83.9907136, 26.3778539], [83.9907891, 26.3786656], [83.9922805, 26.3807376], [83.9921248, 26.3827985], [83.9854449, 26.3871582], [83.980875, 26.3871166], [83.9777078, 26.3878569], [83.9761176, 26.3841123], [83.9715697, 26.3790459], [83.9693617, 26.3779466], [83.9629958, 26.3763173], [83.9580864, 26.3793925], [83.9550124, 26.3796518], [83.9534379, 26.3803564], [83.9511449, 26.381986], [83.9486888, 26.3854373], [83.9454372, 26.3850304], [83.9406576, 26.383126], [83.9384277, 26.383175], [83.9352007, 26.3875999], [83.9322805, 26.3896257], [83.9319282, 26.3903511], [83.9322634, 26.3929275], [83.9337436, 26.3946176], [83.9343884, 26.3968522], [83.9343352, 26.3988151], [83.9330219, 26.401332], [83.9330672, 26.4030056], [83.9351418, 26.4070271], [83.9357, 26.4099814], [83.9354512, 26.4125706], [83.9336559, 26.4149545], [83.9337114, 26.4189724], [83.9331155, 26.4205166], [83.929956, 26.4235523], [83.9269982, 26.4281625], [83.9260927, 26.4280867], [83.9254504, 26.4259476], [83.9235696, 26.4251753], [83.9217677, 26.4253582], [83.9195627, 26.4263633], [83.9168438, 26.4260398], [83.9148589, 26.4273271], [83.9146422, 26.42915], [83.9154775, 26.4305672], [83.9211587, 26.4343189], [83.9214475, 26.4351738], [83.9194816, 26.4391402], [83.918379, 26.4396427], [83.9146658, 26.439915], [83.9131601, 26.4412397], [83.9124665, 26.4431208], [83.9124931, 26.4460868], [83.911871, 26.4466745], [83.9082472, 26.4463227], [83.9025108, 26.4484568], [83.8981119, 26.448935], [83.8950377, 26.4512504], [83.8903985, 26.4526904], [83.8900373, 26.4550905], [83.8882654, 26.4564207], [83.8889135, 26.458799], [83.8929874, 26.4620603], [83.8948577, 26.4644121], [83.8948858, 26.4654642], [83.8940663, 26.4666302], [83.8904611, 26.4669952], [83.8882062, 26.470154], [83.8880357, 26.4717366], [83.8886269, 26.4739727], [83.8880127, 26.4768567], [83.8886052, 26.4791406], [83.8904693, 26.4812534], [83.8921459, 26.4823177], [83.8965467, 26.4838493], [83.9008765, 26.4886837], [83.9012466, 26.4905896], [83.9005045, 26.4926631], [83.8991144, 26.4943679], [83.8983742, 26.4945274], [83.8957293, 26.4930536], [83.8922116, 26.4927469], [83.8874993, 26.491509], [83.8864148, 26.490719], [83.8841287, 26.49273], [83.8821017, 26.4924866], [83.8804313, 26.4916613], [83.8766292, 26.4926522], [83.8741859, 26.4927526], [83.8730472, 26.4939253], [83.8721919, 26.4957619], [83.8721933, 26.4978193], [83.8731691, 26.5005256], [83.8731224, 26.5027754], [83.8691908, 26.5069267], [83.8710438, 26.5126286], [83.8754193, 26.5191854], [83.8785153, 26.5216068], [83.8792597, 26.5236004], [83.8809117, 26.5257179], [83.8842015, 26.5274174], [83.8863963, 26.5279443], [83.8873255, 26.5288812], [83.8867182, 26.5300426], [83.8848792, 26.5308956], [83.8831211, 26.53079], [83.8829463, 26.5302196], [83.8812172, 26.5292042], [83.8797312, 26.5293319], [83.8774707, 26.5303374], [83.8716878, 26.5349114], [83.8689045, 26.5402821], [83.8688729, 26.5410962], [83.8710958, 26.5426753], [83.8751517, 26.5431624], [83.8781064, 26.5442472], [83.8802537, 26.5469761], [83.8802794, 26.5499421], [83.8789794, 26.5510706], [83.8749323, 26.5529279], [83.8738056, 26.5545789], [83.8722028, 26.5543262], [83.8704924, 26.5520184], [83.8681807, 26.551111], [83.8663944, 26.5519627], [83.8581831, 26.5532866], [83.8536024, 26.5571164], [83.8512221, 26.5576456], [83.8512942, 26.5583618], [83.8519411, 26.5586829], [83.8550683, 26.5582335], [83.856095, 26.5588336], [83.8561203, 26.55979], [83.8538892, 26.5619428], [83.853351, 26.5637246], [83.8610197, 26.5660011], [83.8678253, 26.5718363], [83.8714999, 26.5719489], [83.8716936, 26.5732366], [83.8711176, 26.5755935], [83.8746456, 26.5781972], [83.8744633, 26.5793495], [83.871908, 26.5793086], [83.8706253, 26.5811065], [83.8707621, 26.5822518], [83.8728668, 26.583355], [83.8740243, 26.5848613], [83.8743766, 26.5881073], [83.8735726, 26.5898949], [83.8728419, 26.5904369], [83.8720871, 26.5900703], [83.8722428, 26.5879139], [83.8715374, 26.5874027], [83.8692693, 26.588169], [83.8681017, 26.5902993], [83.8669962, 26.5907536], [83.8637883, 26.5902003], [83.8638973, 26.588284], [83.8656094, 26.5866206], [83.865341, 26.5845211], [83.8626829, 26.5846258], [83.8608365, 26.587249], [83.8590699, 26.5868561], [83.8586851, 26.5843763], [83.8595906, 26.5823953], [83.8595603, 26.5812476], [83.8566807, 26.581022], [83.8534938, 26.5772144], [83.8529139, 26.5774181], [83.8534074, 26.5799913], [83.8524562, 26.5822604], [83.8517103, 26.5822285], [83.8508152, 26.5805729], [83.849687, 26.5801663], [83.8467263, 26.5808992], [83.8454218, 26.5818838], [83.8461292, 26.5845004], [83.8460197, 26.5884261], [83.8456155, 26.5892481], [83.8459104, 26.5903423], [83.8480037, 26.5910155], [83.8489469, 26.5924787], [83.8510047, 26.5938224], [83.8548718, 26.6012041], [83.8593363, 26.6009653], [83.8625266, 26.6048684], [83.8627355, 26.6067299], [83.8603491, 26.6090776], [83.8611052, 26.6115016], [83.8633256, 26.6129374], [83.867925, 26.6177672], [83.8704205, 26.6195319], [83.8720318, 26.6200716], [83.8729882, 26.6200032], [83.8745398, 26.6182953], [83.875743, 26.6154943], [83.8759138, 26.6139117], [83.8765357, 26.6132763], [83.8806484, 26.6118004], [83.8801821, 26.6102793], [83.8808495, 26.6093558], [83.882173, 26.6090881], [83.8875413, 26.6107907], [83.8899442, 26.6110738], [83.8888057, 26.6182754], [83.8888274, 26.6190883], [83.8901298, 26.6200172], [83.8901694, 26.6214996], [83.8884277, 26.6220635], [83.8850061, 26.6215152], [83.8822041, 26.6222454], [83.8813732, 26.6230288], [83.8814633, 26.6244144], [83.8840315, 26.6268951], [83.884787, 26.6292712], [83.8846669, 26.630757], [83.8836763, 26.6315439], [83.8816442, 26.6312048], [83.8817149, 26.6298636], [83.8825698, 26.6279792], [83.8821199, 26.6270798], [83.8810507, 26.6269114], [83.8800601, 26.6276982], [83.8795411, 26.6301974], [83.8773178, 26.6306758], [83.8764425, 26.6317951], [83.8765934, 26.6334665], [83.8837164, 26.6370454], [83.8865425, 26.6411951], [83.8892351, 26.6423333], [83.8885513, 26.6446447], [83.8894892, 26.6458685], [83.8907842, 26.6465104], [83.8909188, 26.6475601], [83.8885194, 26.6494301], [83.8883333, 26.6504389], [83.8909555, 26.6529182], [83.8905736, 26.6565628], [83.8914729, 26.6603234], [83.8907836, 26.6664148], [83.8899222, 26.6680602], [83.8858156, 26.6718329], [83.8850172, 26.6718501], [83.8833353, 26.6706901], [83.8796626, 26.6707691], [83.8768412, 26.6668106], [83.8770738, 26.6615424], [83.8778124, 26.6592777], [83.8753171, 26.657561], [83.8732782, 26.6569827], [83.8724418, 26.6555652], [83.8724164, 26.6546088], [83.8711467, 26.6529136], [83.868468, 26.6523011], [83.8635731, 26.6524537], [83.8581752, 26.6537173], [83.8565063, 26.6550448], [83.8549777, 26.6596706], [83.857072, 26.6643628], [83.8609776, 26.665045], [83.8632016, 26.6665764], [83.8651291, 26.6669659], [83.8677752, 26.6683446], [83.8696128, 26.6713675], [83.8699742, 26.6749483], [83.8711795, 26.6762143], [83.8706308, 26.6776137], [83.8672342, 26.6780692], [83.8669655, 26.6819984], [83.8659402, 26.6835035], [83.8638222, 26.6839795], [83.8625117, 26.6827634], [83.8605941, 26.6827566], [83.858997, 26.6848002], [83.8567306, 26.6857098], [83.8566469, 26.6865728], [83.8577609, 26.6884151], [83.857321, 26.6899077], [83.8537821, 26.6890262], [83.8527833, 26.689526], [83.8520163, 26.6907385], [83.8523153, 26.6919761], [83.8542444, 26.6924135], [83.8550125, 26.6932584], [83.8551022, 26.6966536], [83.8557282, 26.6981714], [83.8581037, 26.6993647], [83.8598491, 26.7009064], [83.8597552, 26.7033965], [83.8609125, 26.704855], [83.8603775, 26.7067803], [83.8611735, 26.7086772], [83.8611987, 26.7136527], [83.8587694, 26.7164797], [83.8567391, 26.7223125], [83.8549576, 26.7234509], [83.853271, 26.7261662], [83.8494506, 26.7267738], [83.8481748, 26.7289062], [83.8428405, 26.7286846], [83.838037, 26.7304132], [83.8360454, 26.7337089], [83.8343092, 26.7345591], [83.8335455, 26.7359149], [83.8331138, 26.7377422], [83.8310787, 26.7414216], [83.831157, 26.7423768], [83.8323639, 26.743691], [83.8328897, 26.7454503], [83.8352741, 26.7489883], [83.8356434, 26.7529039], [83.83787, 26.7544836], [83.8370393, 26.7593815], [83.8352314, 26.7615729], [83.834816, 26.7640218], [83.829005, 26.7660106], [83.825984, 26.7687059], [83.8196223, 26.7700361], [83.817478, 26.7716123], [83.8135743, 26.7731776], [83.8106573, 26.7798894], [83.8074077, 26.7840723], [83.8038256, 26.7857263], [83.8016944, 26.7878283], [83.7994912, 26.789214], [83.7970563, 26.7919442], [83.7961963, 26.7937325], [83.7963958, 26.7952594], [83.8019961, 26.7994486], [83.8056645, 26.8010943], [83.8095018, 26.8051287], [83.814743, 26.8057364], [83.816699, 26.8071307], [83.8189435, 26.8073227], [83.8195339, 26.8095113], [83.8216203, 26.8118118], [83.8226991, 26.814325], [83.8220901, 26.8175435], [83.8212103, 26.8185668], [83.8195318, 26.8175973], [83.8185775, 26.8178088], [83.8189476, 26.8217723], [83.8151875, 26.8248177], [83.8083665, 26.8270661], [83.8050097, 26.8271842], [83.8029508, 26.8279928], [83.7973479, 26.8278706], [83.7962286, 26.8258366], [83.7934284, 26.8247945], [83.7939032, 26.8225359], [83.7936665, 26.8216317], [83.7919411, 26.8209022], [83.7906744, 26.8193496], [83.7879241, 26.8181629], [83.7849096, 26.8191346], [83.7838387, 26.8189655], [83.7828026, 26.818078], [83.7813078, 26.8180133], [83.7778964, 26.8201415], [83.7760937, 26.822619], [83.7747383, 26.8259006], [83.7747641, 26.8269048], [83.7763853, 26.8277324], [83.7764534, 26.8283052], [83.7738502, 26.828694], [83.7731782, 26.8295213], [83.7748736, 26.8311608], [83.7737165, 26.8338642], [83.775825, 26.8349688], [83.775652, 26.8386087], [83.7760162, 26.8403236], [83.7749061, 26.8427867], [83.7761987, 26.8453436], [83.7756903, 26.8463111], [83.7739084, 26.8475441], [83.7739937, 26.8487863], [83.7744871, 26.8493024], [83.776978, 26.8486767], [83.7783256, 26.8492229], [83.7778257, 26.8505251], [83.7764654, 26.851558], [83.7764864, 26.852371], [83.7785477, 26.8557732], [83.7785486, 26.8578784], [83.7768893, 26.8597309], [83.7785042, 26.8644342], [83.7787132, 26.8684011], [83.77707, 26.8688179], [83.7760406, 26.8702746], [83.7761456, 26.8722819], [83.7772577, 26.8740292], [83.7771929, 26.8756573], [83.7731176, 26.8769378], [83.7724596, 26.8803963], [83.7680826, 26.8824006], [83.7665796, 26.8820489], [83.7649246, 26.8840926], [83.7597608, 26.8866391], [83.7603236, 26.8877758], [83.7601868, 26.8886877], [83.7596768, 26.8896073], [83.7572192, 26.8915717], [83.7550215, 26.8911863], [83.7536943, 26.8914528], [83.7491736, 26.8941293], [83.7465389, 26.8975325], [83.7434143, 26.9005629], [83.7409535, 26.9003262], [83.7396882, 26.9030314], [83.7374989, 26.9029805], [83.7361728, 26.9053998], [83.7349182, 26.9064302], [83.733278, 26.90699], [83.7305043, 26.9070465], [83.7279246, 26.9063335], [83.7271827, 26.90654], [83.7277755, 26.9088724], [83.7269656, 26.9106113], [83.7289538, 26.911145], [83.7334468, 26.9157422], [83.7374514, 26.9179092], [83.7394278, 26.9200697], [83.7428544, 26.9225833], [83.7432972, 26.9253014], [83.7393423, 26.9272004], [83.7394115, 26.927821], [83.7409805, 26.9286501], [83.7413737, 26.9315128], [83.7430568, 26.9326266], [83.7472415, 26.93345], [83.7489177, 26.936382], [83.7512775, 26.9368121], [83.7512087, 26.9382967], [83.7480672, 26.9407056], [83.7445179, 26.941783], [83.7409307, 26.9392728], [83.7389916, 26.9385947], [83.7387805, 26.9365895], [83.7371435, 26.9372928], [83.7362862, 26.9371668], [83.736651, 26.9347192], [83.7337651, 26.9345868], [83.730188, 26.9324588], [83.7245618, 26.9316164], [83.719041, 26.932829], [83.7148895, 26.9396593], [83.7146963, 26.9425818], [83.7154711, 26.9436665], [83.7152293, 26.9467814], [83.7170653, 26.9476054], [83.7209408, 26.9509716], [83.7231868, 26.9511173], [83.7253006, 26.9523662], [83.7269875, 26.9536237], [83.7298073, 26.9574417], [83.72874, 26.9595686], [83.7302948, 26.9619292], [83.7299492, 26.9651419], [83.7309632, 26.9672264], [83.7303385, 26.9678611], [83.7286331, 26.9679916], [83.7284415, 26.9688567], [83.7304404, 26.971878], [83.7316947, 26.9729051], [83.7318257, 26.9738593], [83.729333, 26.9766373], [83.7297211, 26.9772035], [83.7327549, 26.9768068], [83.7327234, 26.9776686], [83.7310725, 26.979951], [83.731098, 26.9809552], [83.7327854, 26.9843178], [83.7332793, 26.9869392], [83.7362238, 26.9914244], [83.7384986, 26.9926698], [83.7390848, 26.9947152], [83.7401209, 26.9955552], [83.7410284, 26.9955367], [83.7422245, 26.9942683], [83.7428142, 26.9943519], [83.7442304, 26.9975285], [83.7451367, 26.9974622], [83.7464966, 26.9963339], [83.7471396, 26.9964164], [83.7477817, 26.9985563], [83.7484211, 26.9984953], [83.7505634, 26.9966333], [83.7513821, 26.995229], [83.7528038, 26.9944343], [83.7572915, 26.9944857], [83.7596881, 26.9963023], [83.7629033, 26.9967146], [83.7625347, 26.9989996], [83.7640305, 27.0002606], [83.7631312, 27.0018485], [83.7604536, 27.0024669], [83.7589573, 27.0041053], [83.7587423, 27.0057173], [83.75681, 27.0053551], [83.755492, 27.0039469], [83.7542122, 27.0040306], [83.7517387, 27.0050574], [83.7512076, 27.0068481], [83.7503719, 27.0067504], [83.7500325, 27.006011], [83.7489316, 27.0055742], [83.7475515, 27.0067508], [83.7468952, 27.0086589], [83.7455326, 27.010524], [83.7448267, 27.0130073], [83.7439561, 27.0140585], [83.7447469, 27.0149036], [83.7436565, 27.0173947], [83.7438271, 27.0190562], [83.7449152, 27.0215027], [83.7449416, 27.0225356], [83.7442005, 27.0236417], [83.7442429, 27.0253058], [83.7450587, 27.0271264], [83.7439694, 27.0271486], [83.743754, 27.0287606], [83.7444124, 27.0294361], [83.7467119, 27.029102], [83.7473633, 27.0320168], [83.7481337, 27.0320584], [83.7488107, 27.0309537], [83.7497719, 27.030934], [83.7539664, 27.0319962], [83.7552191, 27.0333485], [83.7551962, 27.0349565], [83.7527308, 27.0363276], [83.7519912, 27.0374911], [83.7488991, 27.0369229], [83.7465306, 27.03456], [83.7443911, 27.0336278], [83.7405027, 27.0345111], [83.7381726, 27.0361662], [83.7370832, 27.0361885], [83.7359202, 27.0383991], [83.7350994, 27.0385765], [83.7350994, 27.0408158], [83.7359202, 27.0410975], [83.7368127, 27.0431985], [83.7350994, 27.0446644], [83.7350994, 27.0454209], [83.7341446, 27.0466977], [83.7350994, 27.0476028], [83.7350994, 27.049842], [83.7304654, 27.0533178], [83.7300313, 27.0539007], [83.7302586, 27.055274], [83.7316905, 27.0561061], [83.7328238, 27.0578054], [83.7359202, 27.0578053], [83.7371472, 27.058485], [83.7427016, 27.0578909], [83.7466241, 27.0558012], [83.7486286, 27.0564492], [83.7501942, 27.0549817], [83.7520676, 27.0555175], [83.7534291, 27.0535949], [83.7538102, 27.050946], [83.7546619, 27.0491487], [83.7568712, 27.0477828], [83.7623334, 27.0482447], [83.7634016, 27.0498877], [83.7683653, 27.0534025], [83.7684516, 27.0542619], [83.7669039, 27.0564181], [83.7662026, 27.0590736], [83.7673757, 27.0647908], [83.7671997, 27.065426], [83.7665005, 27.0656701], [83.7665211, 27.0664734], [83.7669772, 27.0667511], [83.7683611, 27.0706841], [83.7683802, 27.0714301], [83.7666098, 27.0749115], [83.7661029, 27.0751516], [83.7657706, 27.0746991], [83.7660483, 27.0730284], [83.7632138, 27.0750388], [83.7614189, 27.0750757], [83.7601656, 27.0737236], [83.7584334, 27.0737018], [83.7582146, 27.0726728], [83.7576959, 27.0724538], [83.7520637, 27.0729139], [83.7496513, 27.073882], [83.7485601, 27.0738469], [83.7474615, 27.0728451], [83.7452445, 27.0747398], [83.7454568, 27.0767877], [83.7502433, 27.0787108], [83.7511564, 27.0797813], [83.7514132, 27.081259], [83.7531958, 27.0817729], [83.7529732, 27.0832828], [83.7544862, 27.0829151], [83.754929, 27.0839793], [83.7565446, 27.0844976], [83.7569421, 27.0857689], [83.7577246, 27.0857387], [83.7583603, 27.0847486], [83.7607906, 27.0856826], [83.7630591, 27.0854162], [83.7724723, 27.0884455], [83.7729952, 27.0900739], [83.7740586, 27.0909437], [83.7755487, 27.0933337], [83.7752528, 27.0957223], [83.7761382, 27.0975138], [83.7753363, 27.099154], [83.7751311, 27.1017656], [83.7766819, 27.1037963], [83.7760774, 27.10603], [83.7763145, 27.106557], [83.7767248, 27.1066396], [83.7776494, 27.105004], [83.7783374, 27.1047968], [83.7790411, 27.1049906], [83.7795276, 27.106581], [83.7806997, 27.1064672], [83.7813083, 27.1056081], [83.7824997, 27.105967], [83.7831308, 27.1069414], [83.7839707, 27.1068202], [83.7848993, 27.1058897], [83.7861309, 27.1060337], [83.7871141, 27.1067577], [83.7882425, 27.1058273], [83.7894771, 27.1063154], [83.7941325, 27.1057952], [83.7951236, 27.106734], [83.7981835, 27.1072329], [83.7993427, 27.1080357], [83.7989184, 27.1086085], [83.79955, 27.1091603], [83.8000704, 27.1082653], [83.8006943, 27.1082513], [83.8013334, 27.1094835], [83.802061, 27.1098563], [83.8019886, 27.1105367], [83.8010847, 27.110658], [83.8012843, 27.111274], [83.8035048, 27.1119431], [83.8041039, 27.1132541], [83.8051991, 27.1141857], [83.804719, 27.1145006], [83.8038395, 27.1138413], [83.8037821, 27.1146758], [83.8054777, 27.1150347], [83.8057573, 27.1156436], [83.8055076, 27.1185586], [83.8042761, 27.1179635], [83.8040679, 27.118386], [83.8062169, 27.1222338], [83.80572, 27.123752], [83.8061434, 27.1247764], [83.805207, 27.1255137], [83.8056851, 27.1273207], [83.8054683, 27.1285883], [83.8062841, 27.1289468], [83.8066116, 27.1297849], [83.8064109, 27.1320283], [83.8054748, 27.1321281], [83.8059061, 27.1333172], [83.8050418, 27.1338826], [83.8056164, 27.1362485], [83.8043679, 27.1370071], [83.8051755, 27.1377596], [83.8051033, 27.139523], [83.8059585, 27.1409344], [83.8054218, 27.1420873], [83.8063895, 27.1426392], [83.8054929, 27.1444022], [83.8068287, 27.1449758], [83.8071157, 27.1466805], [83.8067704, 27.147815], [83.8083136, 27.1495418], [83.8079831, 27.15112], [83.8092309, 27.1519227], [83.809341, 27.1549204], [83.8102447, 27.1558089], [83.809548, 27.1567612], [83.8103611, 27.1616974], [83.8124868, 27.1648732], [83.813639, 27.1651172], [83.8138306, 27.1660412], [83.8160867, 27.1672311], [83.8166687, 27.1681578], [83.8180931, 27.1682229], [83.8196852, 27.1691331], [83.8249684, 27.1740783], [83.8242475, 27.1756824], [83.8223585, 27.1762261], [83.8208861, 27.1758316], [83.8201902, 27.1748716], [83.8174501, 27.1737412], [83.8161782, 27.1724945], [83.8151058, 27.1724582], [83.8128016, 27.171297], [83.8119372, 27.1715473], [83.8113854, 27.1707234], [83.8089729, 27.1713899], [83.8078288, 27.1708451], [83.8073003, 27.1713605], [83.8070126, 27.1705869], [83.8043716, 27.1708506], [83.8014074, 27.1697276], [83.7977183, 27.1694893], [83.7959183, 27.1686146], [83.7943151, 27.1661663], [83.7941318, 27.1651062], [83.7893418, 27.1625715], [83.7832147, 27.1641297], [83.7821662, 27.1650427], [83.7810843, 27.1670331], [83.7834658, 27.1702309], [83.788978, 27.172519], [83.7915659, 27.1724035], [83.7931258, 27.1733068], [83.7936622, 27.1729848], [83.7947024, 27.1733292], [83.797636, 27.175517], [83.7986364, 27.1755963], [83.8016519, 27.1781333], [83.8029289, 27.1799123], [83.8044174, 27.1800634], [83.8073057, 27.181798], [83.811455, 27.1845406], [83.8123403, 27.185611], [83.8120594, 27.1870648], [83.8111382, 27.1884181], [83.8080333, 27.1894225], [83.8076327, 27.1900813], [83.8060238, 27.1902094], [83.8037859, 27.1925807], [83.8023769, 27.1929739], [83.8019599, 27.19427], [83.8008712, 27.1944056], [83.7997415, 27.196038], [83.7996922, 27.1975956], [83.7988922, 27.1989969], [83.7993913, 27.2012377], [83.8000262, 27.2020271], [83.799153, 27.2025462], [83.7997373, 27.2031232], [83.799651, 27.2040982], [83.7983032, 27.2063305], [83.7986839, 27.2069907], [83.7979038, 27.2073713], [83.7984817, 27.2087258], [83.7976584, 27.2091172], [83.7970352, 27.2112287], [83.7971121, 27.2131895], [83.7992358, 27.215612], [83.8003156, 27.2161063], [83.8036883, 27.2163215], [83.8069843, 27.214703], [83.8084789, 27.2124879], [83.8083905, 27.2117691], [83.8096056, 27.2101472], [83.8092294, 27.2095702], [83.8098927, 27.2095651], [83.8115647, 27.2056586], [83.8125531, 27.2049299], [83.813324, 27.2049409], [83.8140513, 27.2028216], [83.8154623, 27.2013511], [83.817669, 27.2007872], [83.8202364, 27.1993405], [83.8246882, 27.2002729], [83.8263522, 27.2011659], [83.8266045, 27.2023358], [83.8287011, 27.2035745], [83.8309668, 27.2072882], [83.8321838, 27.2131067], [83.8298584, 27.2139612], [83.8298758, 27.215738], [83.8304885, 27.216551], [83.8293878, 27.2175446], [83.8285575, 27.2201814], [83.8277073, 27.2205682], [83.8261908, 27.2227375], [83.8247981, 27.2270793], [83.8233302, 27.2283529], [83.8214977, 27.2317243], [83.8193673, 27.2332945], [83.8169069, 27.2341332], [83.8152749, 27.2335647], [83.8130125, 27.2305209], [83.8105445, 27.2299175], [83.8075863, 27.2282428], [83.8069125, 27.2283631], [83.805832, 27.2312322], [83.8049383, 27.2321659], [83.7998662, 27.2336431], [83.7978688, 27.2350776], [83.7964158, 27.238323], [83.7963889, 27.2428475], [83.7977579, 27.2449305], [83.800668, 27.2466844], [83.8015588, 27.2464441], [83.8040216, 27.241496], [83.8065503, 27.2387353]]}}, {"type": "Feature", "properties": {"name": "Bakia", "layer": "minor", "sub_basin": "Ghaghara", "kind": "river"}, "geometry": {"type": "LineString", "coordinates": [[83.9098399, 26.7295438], [83.9068653, 26.7370313], [83.9048058, 26.7374436], [83.9046566, 26.7410605], [83.9000628, 26.7423821], [83.8989518, 26.7437448], [83.897115, 26.7448202], [83.8962692, 26.7467369], [83.8939605, 26.7487557], [83.8939975, 26.751007]]}}, {"type": "Feature", "properties": {"name": "Sonra Nala", "layer": "minor", "sub_basin": "Ghaghara", "kind": "river"}, "geometry": {"type": "LineString", "coordinates": [[83.9624323, 26.657797], [83.962362, 26.6592499], [83.9634219, 26.6621919], [83.963323, 26.6663267], [83.9653593, 26.668964], [83.9663951, 26.6727095], [83.9647366, 26.6747835], [83.9652021, 26.6780266], [83.9666013, 26.6793148], [83.9666692, 26.682327], [83.9657538, 26.6834381], [83.9653586, 26.6850435], [83.9638926, 26.6850561], [83.96106, 26.6869831], [83.9594895, 26.6885905], [83.9592604, 26.689439], [83.9569305, 26.6894515], [83.9559436, 26.6926574], [83.9512359, 26.6916006], [83.9488462, 26.6924083], [83.9444676, 26.6928197], [83.9404919, 26.6924963], [83.9351393, 26.6929232], [83.9342633, 26.6936226], [83.9330399, 26.6931111], [83.9298273, 26.693173], [83.9298544, 26.6940342], [83.9288143, 26.6948001], [83.9287729, 26.696326], [83.9275967, 26.6974647], [83.9234523, 26.6970315], [83.9228818, 26.698487], [83.9222686, 26.6988606], [83.9195706, 26.6986275], [83.9171409, 26.6990655], [83.9153634, 26.7000677], [83.9131129, 26.6988643], [83.911789, 26.7009173], [83.9083613, 26.7008208], [83.9081836, 26.7013432], [83.9096698, 26.7036949], [83.9098164, 26.7059117], [83.9088968, 26.7070721], [83.9077816, 26.7104292], [83.9081917, 26.7109532], [83.9117168, 26.7120988], [83.9131917, 26.7138055], [83.9131667, 26.7155792], [83.9140958, 26.7165617], [83.9136783, 26.7189074], [83.9143911, 26.7218434], [83.9124741, 26.7246801], [83.9121865, 26.7268021], [83.9130771, 26.7270544], [83.9130599, 26.7277631], [83.9120056, 26.7291699], [83.9098399, 26.7295438]]}}, {"type": "Feature", "properties": {"name": "Karmaini Nala", "layer": "minor", "sub_basin": "Ghaghara", "kind": "river"}, "geometry": {"type": "LineString", "coordinates": [[83.8525509, 26.5571186], [83.8514534, 26.5555388], [83.8501217, 26.5509813], [83.8492511, 26.5500558], [83.848014, 26.5499272], [83.8461272, 26.5511155], [83.8443773, 26.5515476], [83.8427133, 26.5530247], [83.8424533, 26.5571313], [83.8415695, 26.5576995], [83.8398859, 26.5577782], [83.8395541, 26.558967], [83.8380829, 26.5591182], [83.8352016, 26.5616934], [83.8329069, 26.5616083], [83.8321201, 26.5622512], [83.8306663, 26.5622892], [83.8302288, 26.5628573], [83.8291516, 26.5627282], [83.8282276, 26.563509], [83.8268055, 26.5629842], [83.8249048, 26.5662797], [83.8243024, 26.5687236], [83.8252872, 26.5708292], [83.8237629, 26.5733186], [83.8215841, 26.5755141], [83.8212374, 26.5779485], [83.821818, 26.5795297]]}}, {"type": "Feature", "properties": {"name": "Kanchi Nala", "layer": "minor", "sub_basin": "Ghaghara", "kind": "river"}, "geometry": {"type": "LineString", "coordinates": [[83.80915, 26.5649729], [83.8098751, 26.5638389], [83.8094026, 26.5627743], [83.8068168, 26.5628886], [83.8063764, 26.5614895], [83.8080147, 26.5583168], [83.808333, 26.5567628], [83.8104574, 26.5537745], [83.8088803, 26.5504035], [83.8089177, 26.5488507], [83.807617, 26.5471392], [83.8074512, 26.5436275], [83.8082046, 26.5428456], [83.8091641, 26.5385808], [83.8110094, 26.5360943], [83.8105403, 26.535165], [83.8079336, 26.5348014], [83.805453, 26.5332395], [83.8060937, 26.5290623], [83.8076039, 26.5274397], [83.806608, 26.5252619], [83.807806, 26.5237899], [83.8081372, 26.5221546], [83.8072349, 26.5190771], [83.8075583, 26.5179426], [83.8065446, 26.5164647], [83.8074532, 26.511348], [83.805736, 26.5077451], [83.8028258, 26.5047839], [83.8048094, 26.5032468], [83.8043088, 26.4986524], [83.805257, 26.4963143], [83.8059498, 26.4951683], [83.8102946, 26.492634], [83.8114042, 26.4903961], [83.8111948, 26.4880358], [83.8116971, 26.4867183], [83.817124, 26.4853937], [83.8194125, 26.4820281], [83.8207113, 26.4819743], [83.8219203, 26.4812031], [83.8249286, 26.4823955], [83.8248379, 26.483447], [83.8259159, 26.4838806], [83.8254946, 26.4839255], [83.8249172, 26.4852748], [83.8268627, 26.4860832], [83.8267018, 26.4873152], [83.8291147, 26.4855063], [83.8313863, 26.4857823], [83.8325897, 26.4865949], [83.8391796, 26.4859423], [83.8423938, 26.4872337], [83.8467417, 26.4875822], [83.8491446, 26.4849966], [83.8501576, 26.485069], [83.8524247, 26.4833906], [83.8536985, 26.4835036], [83.8553686, 26.4823034], [83.8572041, 26.4821456], [83.8605188, 26.4827417], [83.8661507, 26.4802059], [83.8749766, 26.4795562], [83.8781459, 26.4771372], [83.8797152, 26.4730801], [83.8812596, 26.4713876], [83.8819816, 26.469605], [83.8830747, 26.4689099], [83.8838065, 26.4655884], [83.8882788, 26.4634444], [83.8905151, 26.4634847], [83.8919936, 26.4612455]]}}, {"type": "Feature", "properties": {"name": "Kasti Nala", "layer": "minor", "sub_basin": "Ghaghara", "kind": "river"}, "geometry": {"type": "LineString", "coordinates": [[83.7981023, 26.2672236], [83.7951789, 26.2675516], [83.7928552, 26.2693149], [83.7895973, 26.2681755], [83.7890554, 26.2698723], [83.7905362, 26.2711278], [83.7888186, 26.2719031], [83.7890512, 26.2755723], [83.7887806, 26.2759016], [83.7877545, 26.2756708], [83.7874627, 26.277697], [83.7896549, 26.2781631], [83.7909169, 26.2775861], [83.791923, 26.277835], [83.7943566, 26.2767306], [83.7941151, 26.2784454], [83.7956513, 26.279385], [83.7979747, 26.2781813], [83.7983066, 26.2763536], [83.7991524, 26.2766338], [83.7995169, 26.2780873], [83.800873, 26.27881], [83.8026086, 26.2812931], [83.8034702, 26.2804857], [83.8025521, 26.2836354], [83.8026959, 26.2857069], [83.8012537, 26.2863651], [83.8015629, 26.288229], [83.8008109, 26.2898127], [83.8009401, 26.291415], [83.7990531, 26.290701], [83.7985769, 26.2914273], [83.802981, 26.2943179], [83.8040056, 26.2970262], [83.8047715, 26.2973245], [83.8041302, 26.2981815], [83.8045903, 26.298958], [83.8060323, 26.2990083], [83.8078253, 26.298084], [83.8103487, 26.2982025], [83.808941, 26.2993572], [83.8091611, 26.2998492], [83.8114098, 26.2988934], [83.8104024, 26.3006441], [83.8111879, 26.3016328], [83.8124348, 26.3014347], [83.8135102, 26.3033171], [83.8143512, 26.3038274], [83.814165, 26.3057453], [83.816068, 26.3052317], [83.8164332, 26.3056605], [83.8157567, 26.3069149], [83.8158864, 26.3077092], [83.8169282, 26.3070824], [83.8188106, 26.3079902], [83.818775, 26.3089154], [83.8180985, 26.3098222], [83.818954, 26.3116187], [83.8181472, 26.3127918], [83.8188425, 26.3144439], [83.8201187, 26.3156628], [83.81767, 26.3156619], [83.8177046, 26.3167541], [83.8171032, 26.3177105], [83.8173719, 26.3210323], [83.8159288, 26.3226834], [83.8158881, 26.3240688], [83.8147566, 26.3233238], [83.813845, 26.3238108], [83.812304, 26.3300787], [83.8106199, 26.3326864], [83.8080048, 26.3340531], [83.8078935, 26.3357721], [83.8065558, 26.3365117], [83.8046776, 26.3365829], [83.8038556, 26.3375077], [83.8043299, 26.3399179], [83.8026802, 26.3428866], [83.8010119, 26.3434816], [83.7991487, 26.3433], [83.7979661, 26.3441885], [83.7974004, 26.343773], [83.7969094, 26.3440029], [83.7961023, 26.3449637], [83.7959059, 26.3464754], [83.7937756, 26.3485683], [83.7886209, 26.3491159], [83.7857729, 26.3527698], [83.784159, 26.3539646], [83.7842088, 26.3543393], [83.7852556, 26.354543], [83.7847687, 26.3556799], [83.7849479, 26.3572912], [83.7855285, 26.3579189], [83.7818383, 26.3618608], [83.7815755, 26.3647715], [83.7805286, 26.3646672], [83.7799316, 26.365655], [83.779916, 26.3663953], [83.7806575, 26.3662648], [83.7807222, 26.3667342], [83.7792687, 26.3675636], [83.7796374, 26.3699738], [83.7793149, 26.3722166]]}}, {"type": "Feature", "properties": {"name": "Kurna Nala", "layer": "minor", "sub_basin": "Ghaghara", "kind": "river"}, "geometry": {"type": "LineString", "coordinates": [[83.8506019, 26.198664], [83.8500244, 26.199394], [83.8501204, 26.2030521], [83.8478849, 26.2072982], [83.8466689, 26.2109844], [83.8468218, 26.21378], [83.8462997, 26.216626], [83.8446407, 26.2185991], [83.8407472, 26.2218399], [83.8384333, 26.2261593], [83.8369116, 26.2273041], [83.8354956, 26.2294514], [83.8366523, 26.2341276], [83.8352312, 26.2376027], [83.8335712, 26.2380327], [83.8310663, 26.2396288], [83.8287569, 26.2395702], [83.8253316, 26.2409705], [83.8215146, 26.2410872], [83.8192217, 26.2401309], [83.816769, 26.2406851], [83.8170636, 26.2428319], [83.8159714, 26.2436803], [83.815106, 26.2456004], [83.8157628, 26.246376], [83.8154847, 26.2479249], [83.8170805, 26.2496136], [83.8171371, 26.2502583], [83.8168294, 26.2522026], [83.8152932, 26.2528091], [83.8153099, 26.2534547], [83.8193333, 26.256671], [83.8204402, 26.2594466], [83.8215449, 26.2606074], [83.8213712, 26.2615799], [83.8193644, 26.2639907], [83.8143924, 26.2656387], [83.8134641, 26.2682061], [83.8120034, 26.2686675], [83.8131461, 26.2697558], [83.813086, 26.2705106], [83.8106811, 26.2729296], [83.8088355, 26.2739015], [83.8081473, 26.2749925], [83.8060426, 26.2751803], [83.8035586, 26.2745508], [83.8003203, 26.2678367], [83.7970316, 26.26665], [83.7933726, 26.2666163], [83.7889396, 26.2640685], [83.7871278, 26.2637876], [83.7863781, 26.2624468], [83.7852475, 26.2616563], [83.7851589, 26.2596569], [83.7844993, 26.2583568], [83.7830384, 26.2575119], [83.7818471, 26.2575924], [83.7813724, 26.2565857], [83.7794902, 26.2568823], [83.778648, 26.2585335], [83.7768553, 26.25962], [83.7767632, 26.2618991], [83.775566, 26.2630129], [83.7742491, 26.2635717], [83.7732833, 26.2632415], [83.7720204, 26.2650233], [83.7689257, 26.2664878], [83.7675753, 26.2653315], [83.7654401, 26.2684213], [83.7647091, 26.2685832], [83.763063, 26.2677741], [83.7609195, 26.2688646], [83.7604268, 26.2710892], [83.7584014, 26.2741203], [83.7595865, 26.2755248], [83.7585061, 26.279536], [83.7567606, 26.2828742], [83.7568127, 26.2857627], [83.7578393, 26.2855332], [83.757672, 26.2876001], [83.7590983, 26.2881924], [83.7584364, 26.2892344], [83.7583247, 26.2907688], [83.7558008, 26.2913083], [83.7544293, 26.2910093], [83.7540633, 26.291537], [83.7529126, 26.2906967], [83.7490192, 26.2894191], [83.7471993, 26.2911652], [83.7458273, 26.2909046], [83.7458535, 26.2921998], [83.7439959, 26.2920117], [83.7427136, 26.2913269], [83.7432967, 26.2937318], [83.7406171, 26.2927592], [83.7391508, 26.2932161], [83.736026, 26.2926275], [83.7349408, 26.2939009], [83.7329791, 26.2949946], [83.7310712, 26.2946395], [83.7290265, 26.2980031], [83.7275153, 26.2989383], [83.7247564, 26.2989674], [83.7265413, 26.3017596], [83.7280488, 26.3021648], [83.7292414, 26.3031253], [83.729053, 26.3052013], [83.727157, 26.3072651], [83.7256094, 26.3069322], [83.7256252, 26.3077896], [83.7233367, 26.3074257], [83.7204734, 26.308601], [83.7203647, 26.3104107], [83.7211378, 26.3126487], [83.7208951, 26.3159387], [83.7220685, 26.3177612], [83.7215852, 26.320853], [83.720239, 26.3220407], [83.720836, 26.3232768], [83.7204274, 26.3258269], [83.7210036, 26.3262056], [83.7196899, 26.3304126], [83.7203767, 26.3312199], [83.7218344, 26.3316162], [83.7237543, 26.3334109], [83.7270508, 26.3346226], [83.7271869, 26.3355929], [83.726361, 26.3363154], [83.7267278, 26.3376826], [83.7294286, 26.3388947], [83.7308687, 26.3418812], [83.7330345, 26.343933], [83.7334874, 26.3462973], [83.7340439, 26.3467573], [83.7332384, 26.3476785], [83.7329142, 26.3492132], [83.7294962, 26.3528982], [83.7284623, 26.3561709], [83.7285841, 26.3580618], [83.7280738, 26.3587526], [83.7195649, 26.3613804], [83.7197909, 26.3620527], [83.7187562, 26.3649372], [83.7138478, 26.3665559]]}}, {"type": "Feature", "properties": {"name": "Bakuli Nala", "layer": "minor", "sub_basin": "Ghaghara", "kind": "river"}, "geometry": {"type": "LineString", "coordinates": [[83.8187484, 26.3120654], [83.8200348, 26.3133747], [83.8226132, 26.3141338], [83.8269507, 26.3123211], [83.8291538, 26.3124075], [83.8302507, 26.3119611], [83.8306718, 26.3107923], [83.8318588, 26.3099668], [83.8324846, 26.3102468], [83.8342224, 26.3095025], [83.8389593, 26.3099822], [83.8400855, 26.3112732], [83.8397545, 26.3129249], [83.8404702, 26.3140488], [83.8409454, 26.3163957], [83.8424124, 26.316906], [83.8432133, 26.3182284], [83.8431781, 26.318937], [83.842026, 26.3195956], [83.8428872, 26.3200742], [83.8416192, 26.3237701], [83.840377, 26.3245324], [83.8392394, 26.3268564], [83.8379223, 26.3269872], [83.8371908, 26.3278352], [83.8371746, 26.3314998], [83.8354513, 26.3326096], [83.8382853, 26.3350202], [83.8376087, 26.3363919], [83.8385744, 26.3384772], [83.8397114, 26.3394026], [83.8394557, 26.3398628], [83.8409735, 26.3395202], [83.8427508, 26.3425399], [83.8424948, 26.3441057], [83.8440266, 26.3475044], [83.8433694, 26.3514351], [83.8417007, 26.3537454], [83.843478, 26.3571124], [83.8402958, 26.3610606], [83.841177, 26.3676865]]}}, {"type": "Feature", "properties": {"name": "Koilar Nala", "layer": "minor", "sub_basin": "Ghaghara", "kind": "river"}, "geometry": {"type": "MultiLineString", "coordinates": [[[83.9443399, 26.3103532], [83.944015, 26.3112869], [83.9450576, 26.3131413], [83.9451187, 26.3141972], [83.9471265, 26.3144399], [83.9474376, 26.3154417], [83.9484644, 26.3158654], [83.9489461, 26.3172507]], [[83.9489461, 26.3172507], [83.95007, 26.3207521], [83.9500323, 26.324394], [83.9493623, 26.3261546], [83.948436, 26.326331], [83.9483414, 26.3272246], [83.9461697, 26.3301863], [83.9439107, 26.3298535], [83.941417, 26.3306129], [83.9408507, 26.3299221]], [[83.9408507, 26.3299221], [83.9424126, 26.3287169], [83.9450571, 26.3289051], [83.9462327, 26.3268783], [83.9478248, 26.3259523], [83.9484247, 26.3241693], [83.9479982, 26.322915], [83.9484127, 26.321105], [83.9480707, 26.3188171], [83.9489461, 26.3172507]], [[83.8612543, 26.4144523], [83.8644874, 26.4106436], [83.8653897, 26.4084729], [83.8695345, 26.4048582], [83.8732129, 26.4045378], [83.8746211, 26.4037074], [83.877182, 26.4035179], [83.87852, 26.4020962], [83.8840975, 26.4000019], [83.8845885, 26.3991262], [83.8867734, 26.3994195], [83.8883117, 26.3979933], [83.8905818, 26.3978938], [83.8923004, 26.3967608], [83.8947759, 26.3963949], [83.8962087, 26.3944271], [83.8972512, 26.3950406], [83.8976518, 26.3939078], [83.8989296, 26.3942009], [83.9000418, 26.3926438], [83.9025574, 26.3930223], [83.9040604, 26.3923767], [83.9012234, 26.3881441], [83.901273, 26.3862577], [83.8975042, 26.3818853], [83.8974336, 26.3799041], [83.9018624, 26.3777823], [83.9022028, 26.3766359], [83.9042222, 26.3773981], [83.9052989, 26.375868], [83.9073279, 26.3752403], [83.910053, 26.3735788], [83.9103835, 26.3731365], [83.9093912, 26.3721619], [83.9096015, 26.3714624], [83.9104332, 26.3717961], [83.9117605, 26.3704419], [83.9126373, 26.3709606], [83.9129584, 26.3719308], [83.9140751, 26.370748], [83.9156034, 26.3712982], [83.917652, 26.3700294], [83.91715, 26.3671775], [83.9146393, 26.3652602], [83.9159467, 26.3646234], [83.9157505, 26.3621278], [83.9138707, 26.3591363], [83.9127929, 26.3559775], [83.9132686, 26.3556119], [83.9143109, 26.3564418], [83.9149269, 26.3561348], [83.914681, 26.3547945], [83.9164788, 26.3531513], [83.9171188, 26.3501094], [83.9184807, 26.3482496], [83.9176036, 26.347108], [83.9190511, 26.3467962], [83.9193211, 26.34551], [83.920403, 26.3453742], [83.9208035, 26.3445031], [83.9237782, 26.3434189], [83.9248152, 26.3436487], [83.9246751, 26.3443483], [83.9260625, 26.3439868], [83.9274503, 26.3448707], [83.9283475, 26.3461522], [83.9286389, 26.3479933], [83.9298412, 26.3484306], [83.9294057, 26.3490807], [83.9283388, 26.3490765], [83.9290559, 26.3507732], [83.9280992, 26.3508818], [83.9275138, 26.3522495], [83.9268275, 26.3524258], [83.9277347, 26.353522], [83.927109, 26.3539466], [83.9272844, 26.3547092], [83.9277801, 26.354375], [83.9280107, 26.354745], [83.9278265, 26.3571054], [83.9291337, 26.3565723], [83.929455, 26.358075], [83.9312178, 26.3571221], [83.9330812, 26.3567873], [83.9347387, 26.3556403], [83.9352537, 26.3537041], [83.9344421, 26.3534066], [83.9350277, 26.3526391], [83.9349513, 26.350139], [83.935587, 26.3491774], [83.9352903, 26.3467721], [83.9357607, 26.3460859], [83.9346319, 26.3427828], [83.9348364, 26.340937], [83.9331658, 26.3355898], [83.9332852, 26.3339516], [83.934016, 26.3329404], [83.9360792, 26.3325197], [83.9388023, 26.3297837], [83.9408507, 26.3299221]]]}}, {"type": "Feature", "properties": {"name": "Jamuar Nala", "layer": "minor", "sub_basin": "Ghaghara", "kind": "river"}, "geometry": {"type": "LineString", "coordinates": [[83.881299, 26.2557622], [83.8805083, 26.2560962], [83.8793922, 26.2577209], [83.8751929, 26.255785], [83.8744071, 26.2549591], [83.874242, 26.2527567], [83.8724702, 26.2509695], [83.8720856, 26.2499095], [83.8723759, 26.2494764], [83.8753937, 26.249174], [83.8784366, 26.2481134], [83.8797878, 26.2459291], [83.8794874, 26.244855], [83.8806485, 26.2446429], [83.8809187, 26.2432438], [83.8841265, 26.2412849], [83.8857329, 26.2414203], [83.8864931, 26.2366545], [83.887749, 26.2345333], [83.8873235, 26.2336442], [83.888109, 26.2317984], [83.8871681, 26.2302866], [83.8877084, 26.2291719], [83.8862521, 26.2271275], [83.8841256, 26.2271999], [83.8832897, 26.2264598], [83.8814384, 26.2260582], [83.8788264, 26.2238875], [83.8773453, 26.2206427], [83.8779806, 26.2180116], [83.8772252, 26.2158996], [83.8777905, 26.2150014], [83.8776503, 26.2127675], [83.8790012, 26.209306], [83.8855596, 26.2033755], [83.8878055, 26.2003246], [83.8880955, 26.1985914], [83.8873251, 26.1981041], [83.8852991, 26.1987316], [83.8835481, 26.1982804], [83.8767047, 26.1920345], [83.8757491, 26.1907844], [83.8751989, 26.1888574], [83.8759893, 26.1865557], [83.8731282, 26.1821735], [83.8735583, 26.1796146], [83.8713877, 26.1800524], [83.8686246, 26.1781175]]}}, {"type": "Feature", "properties": {"name": "Pharhi Nala", "layer": "minor", "sub_basin": "Ghaghara", "kind": "river"}, "geometry": {"type": "LineString", "coordinates": [[83.687913, 26.073629], [83.6910546, 26.0734757], [83.6931429, 26.0722374], [83.69456, 26.0693082], [83.6994192, 26.0690003], [83.7023595, 26.0674155], [83.7029405, 26.06549], [83.7014874, 26.0629779], [83.7020098, 26.0613526], [83.70179, 26.0591742], [83.7027498, 26.057839], [83.7030602, 26.0556798], [83.7040145, 26.0554511], [83.7048942, 26.0562106], [83.7056199, 26.0561061], [83.7073827, 26.0551134], [83.7085042, 26.0536254], [83.70936, 26.0534285], [83.7121195, 26.0552262], [83.7135177, 26.0581878], [83.7161399, 26.0584632], [83.7164264, 26.0593245], [83.7180559, 26.0596201], [83.7204764, 26.0624113], [83.722394, 26.0636279], [83.7235838, 26.0635437], [83.7242741, 26.0646659], [83.7272928, 26.0662187], [83.728736, 26.0656807], [83.7291797, 26.0662099], [83.732124, 26.0661195], [83.7341861, 26.0651801], [83.7375213, 26.062211], [83.7387785, 26.0595537], [83.7381061, 26.0591489], [83.737488, 26.0595803], [83.7371909, 26.0583006], [83.73629, 26.0580202], [83.7363004, 26.0571229], [83.7369734, 26.0562419], [83.7393467, 26.0558342], [83.7413102, 26.0562423], [83.7423448, 26.0552641], [83.7433803, 26.0556314], [83.7447434, 26.054179], [83.7457753, 26.0538043], [83.7467931, 26.0556214], [83.7474166, 26.0596864], [83.7477501, 26.0600473], [83.748381, 26.059466], [83.7493054, 26.0594352], [83.7503621, 26.0607126], [83.7528245, 26.0617618], [83.7533684, 26.0623896], [83.7525611, 26.0651059], [83.7530905, 26.0652913], [83.7538507, 26.0646286], [83.7541798, 26.0653554], [83.7541739, 26.0662445], [83.7530681, 26.0676742], [83.7538621, 26.0681172], [83.7536016, 26.0686766], [83.751293, 26.0687242], [83.7500927, 26.0696664], [83.7487247, 26.0699863], [83.7504552, 26.0718872], [83.7497304, 26.0735526], [83.7501223, 26.0747843], [83.749688, 26.0758678], [83.7504295, 26.0771675], [83.7497555, 26.0780657], [83.7503573, 26.0793247], [83.7487991, 26.0799378], [83.7501789, 26.082565], [83.7502569, 26.0844155], [83.7509156, 26.085278], [83.7538386, 26.085953], [83.7553013, 26.0876827], [83.7566704, 26.0879546], [83.7570045, 26.0886184], [83.7559987, 26.089809], [83.755517, 26.091668], [83.7528125, 26.0922614], [83.7508121, 26.0933744], [83.75164, 26.0950811], [83.7525692, 26.0955648], [83.7526181, 26.0964765], [83.7554368, 26.0967903], [83.756948, 26.0951939], [83.7585024, 26.0951816], [83.7594624, 26.0946679], [83.7614193, 26.0921241], [83.7624034, 26.0925355], [83.7639034, 26.0920809], [83.7644164, 26.0938685], [83.7656858, 26.0940048], [83.7660447, 26.0950476], [83.7650944, 26.095787], [83.7646184, 26.096951], [83.7606825, 26.0991729], [83.7605262, 26.1006577], [83.7615402, 26.1013896], [83.76279, 26.1011468], [83.7637556, 26.1001547], [83.7662852, 26.0998001], [83.767661, 26.0985284], [83.7691357, 26.0982045], [83.7703896, 26.0989908], [83.7710872, 26.1014329], [83.7773808, 26.100679], [83.7787646, 26.1016052], [83.7806838, 26.101778], [83.7823374, 26.1030473], [83.783432, 26.1030931], [83.7831411, 26.1043702], [83.7842355, 26.1046777], [83.7851244, 26.1056485], [83.7866296, 26.104986], [83.7877639, 26.1055374], [83.7886793, 26.1046624], [83.789699, 26.1045321], [83.7912622, 26.1064195], [83.7927364, 26.1070657], [83.7946308, 26.1071481], [83.795265, 26.1081639], [83.7940682, 26.1111328], [83.7936365, 26.1138404], [83.7922404, 26.1156855], [83.793749, 26.1171847], [83.7940132, 26.118259], [83.795668, 26.1182734], [83.795542, 26.1197357], [83.7967061, 26.1208373], [83.7968, 26.12225], [83.7980339, 26.1237265], [83.7968138, 26.1241184], [83.7958873, 26.1264061], [83.796987, 26.126831], [83.7967115, 26.1276071], [83.7978309, 26.1281718], [83.7969904, 26.1291688], [83.79719, 26.1296698], [83.8011295, 26.1300194], [83.802809, 26.1307153], [83.8033874, 26.1331256], [83.8045118, 26.1339881], [83.803476, 26.1354499], [83.8036853, 26.1365601], [83.80301, 26.1370878], [83.8024882, 26.1399308], [83.8016377, 26.1408601], [83.8016931, 26.1425162], [83.8002294, 26.1435284], [83.7948883, 26.1438074], [83.7897836, 26.145254], [83.7891526, 26.1475159], [83.7880781, 26.1490216], [83.7882677, 26.1502137], [83.7872265, 26.1509532], [83.786274, 26.1510209], [83.7844259, 26.1492415], [83.7840231, 26.148006], [83.781596, 26.1463821], [83.7784391, 26.1473092], [83.7772502, 26.146425], [83.7760317, 26.1464504], [83.7723376, 26.1471015], [83.7720873, 26.1476808], [83.7726983, 26.1487685], [83.7721252, 26.1491632], [83.7721435, 26.1498805], [83.7701705, 26.1515004]]}}, {"type": "Feature", "properties": {"name": "Haha Nala", "layer": "minor", "sub_basin": "Ghaghara", "kind": "river"}, "geometry": {"type": "LineString", "coordinates": [[83.8333168, 26.1865275], [83.8301054, 26.1852057], [83.8264521, 26.1854267], [83.8221815, 26.1863784], [83.8158261, 26.1846469], [83.8100923, 26.1843851], [83.807076, 26.1825827], [83.8064399, 26.1805388], [83.804427, 26.1785717], [83.7953782, 26.1731162], [83.792821, 26.1705862], [83.7885668, 26.1701011], [83.7878558, 26.1692548], [83.7858791, 26.1686742], [83.7820479, 26.166075], [83.780732, 26.1643801], [83.7783698, 26.1632332], [83.7780103, 26.161614], [83.7769125, 26.1601538], [83.774621, 26.1576179], [83.772519, 26.1562742], [83.7714165, 26.1546226], [83.771205, 26.1525697], [83.7706532, 26.15172], [83.7701705, 26.1515004], [83.7692287, 26.1519888], [83.7647073, 26.1493078], [83.7580435, 26.1499245], [83.7493476, 26.1540275], [83.7487854, 26.1548525], [83.7496599, 26.155887], [83.7495757, 26.1567499], [83.7459799, 26.1571112], [83.7450936, 26.1577036], [83.7351331, 26.1579565], [83.7280347, 26.15762], [83.720832, 26.1548702], [83.7155151, 26.1501762], [83.7117352, 26.148221], [83.7086365, 26.1474182], [83.7039459, 26.1475296], [83.6998223, 26.1480611], [83.6973841, 26.1488991], [83.6959646, 26.1507746], [83.6954148, 26.1548525], [83.6961701, 26.1571627], [83.6957556, 26.1594948], [83.6964439, 26.1639722], [83.6946474, 26.1698166], [83.6948222, 26.1721064], [83.6944418, 26.1733813], [83.6952449, 26.1752152], [83.6951387, 26.1782282], [83.6934493, 26.1811125], [83.6912591, 26.1825799], [83.689805, 26.1829768], [83.6776208, 26.1825175], [83.6751197, 26.1831979], [83.6692867, 26.1866343], [83.6685291, 26.1893426], [83.6659979, 26.1890761], [83.6627653, 26.1907532], [83.6599733, 26.1903616], [83.6575668, 26.1906439], [83.6533873, 26.1891908], [83.6410747, 26.1890597], [83.6372742, 26.1897136], [83.6279156, 26.1934113], [83.6259674, 26.1968463], [83.6242614, 26.1978441], [83.6238281, 26.2002396], [83.619961, 26.2017469], [83.6154985, 26.2006364], [83.614003, 26.1967281], [83.6118769, 26.1965112], [83.6104263, 26.1957169], [83.6085103, 26.1956805], [83.6018128, 26.1911936], [83.5992867, 26.1903628], [83.5962953, 26.190299], [83.5911076, 26.1916698], [83.5889957, 26.194684], [83.5872997, 26.1950401], [83.5856292, 26.1940514], [83.5800337, 26.1974025], [83.5734064, 26.1976086]]}}, {"type": "Feature", "properties": {"name": "Bathwa Nala", "layer": "minor", "sub_basin": "Ghaghara", "kind": "river"}, "geometry": {"type": "LineString", "coordinates": [[83.5542821, 26.4966409], [83.55645, 26.4926848], [83.5586658, 26.4919532], [83.5625042, 26.4896977], [83.5649327, 26.4871822], [83.5657394, 26.4835496], [83.5657376, 26.4807938], [83.5637467, 26.4775597], [83.5621918, 26.4765562], [83.5621645, 26.4754084], [83.565765, 26.4739038], [83.5693941, 26.4736041], [83.5704431, 26.4747895], [83.570962, 26.4778224], [83.5744972, 26.4816007], [83.5769966, 26.4820691], [83.5797969, 26.4817852], [83.5817394, 26.4803122], [83.5820184, 26.4786418], [83.5836612, 26.4779784], [83.5852086, 26.4759963], [83.5889671, 26.4731101], [83.59094, 26.4702584], [83.5924416, 26.4663825], [83.5937002, 26.4656691], [83.5960663, 26.46591], [83.5970102, 26.4653749], [83.5977422, 26.4639827], [83.6022858, 26.4593009], [83.6027303, 26.4578201], [83.602333, 26.4567752], [83.5989826, 26.4544963], [83.5898457, 26.4547222], [83.587234, 26.4566389], [83.5831294, 26.4561445], [83.5822946, 26.4545818], [83.5829445, 26.450646], [83.5818499, 26.4493276], [83.5796997, 26.4483167], [83.5792416, 26.4469381], [83.5797431, 26.4456845], [83.5817691, 26.4437314], [83.582467, 26.4418041], [83.5850498, 26.4386919], [83.586006, 26.4386734], [83.5881847, 26.4408797], [83.5911851, 26.4396731], [83.5927764, 26.4395464], [83.594408, 26.4410935], [83.5988817, 26.4414846], [83.6005596, 26.4427437], [83.6025332, 26.44304], [83.6039537, 26.4424381], [83.6047182, 26.4410835], [83.6062922, 26.4402394], [83.6065359, 26.4393256], [83.6077946, 26.4386311], [83.6079678, 26.437001], [83.6061086, 26.4326357], [83.6035139, 26.4308206], [83.6029575, 26.427578], [83.6045729, 26.4240538], [83.6048004, 26.4202697], [83.6055867, 26.4198237], [83.6068729, 26.4202769], [83.6089339, 26.419806], [83.6098622, 26.4208403], [83.610712, 26.4208237], [83.6112107, 26.4194743], [83.6124564, 26.4182537], [83.6125437, 26.4155905], [83.614978, 26.4128824], [83.6149853, 26.4116204], [83.6139672, 26.410242], [83.6139087, 26.4093905], [83.614836, 26.407019], [83.6159403, 26.4057013], [83.6161878, 26.4034114], [83.6157375, 26.4020219], [83.6142594, 26.4004138], [83.6140542, 26.3966321], [83.6132904, 26.3932365], [83.6117836, 26.3904353], [83.6117168, 26.3892429], [83.6124614, 26.3871479], [83.6115192, 26.385768], [83.6111357, 26.384002], [83.6123986, 26.3829882], [83.6138335, 26.3828236], [83.6150761, 26.3840952], [83.6165538, 26.3841344], [83.6180692, 26.3826039], [83.6180335, 26.3795692], [83.6190149, 26.3778787], [83.619303, 26.3725867], [83.6167166, 26.3658505], [83.615706, 26.3648929]]}}, {"type": "Feature", "properties": {"name": "Barhauia Nala", "layer": "minor", "sub_basin": "Ghaghara", "kind": "river"}, "geometry": {"type": "LineString", "coordinates": [[83.5451423, 26.4891272], [83.5440191, 26.4899515], [83.5445742, 26.4922985], [83.5435653, 26.4933178], [83.5438894, 26.4960438], [83.543506, 26.4992567], [83.543069, 26.5003035], [83.5415686, 26.5013948], [83.5389253, 26.5013661], [83.537665, 26.5], [83.5360379, 26.4992974], [83.5336477, 26.496385], [83.5311902, 26.4962662], [83.5274371, 26.4981861], [83.527863, 26.4928342], [83.5287383, 26.4895223], [83.5266352, 26.4857121], [83.5233374, 26.4834397], [83.5238549, 26.4823616], [83.5257366, 26.4809639], [83.5308777, 26.4798031], [83.531526, 26.4780841], [83.5311703, 26.4776777], [83.5258445, 26.4780532], [83.5233561, 26.4793511], [83.5217216, 26.4789798], [83.5211145, 26.4781871]]}}, {"type": "Feature", "properties": {"name": "Katna", "layer": "minor", "sub_basin": "Ghaghara", "kind": "river"}, "geometry": {"type": "LineString", "coordinates": [[83.5533057, 26.517369], [83.5531399, 26.5049876], [83.555007, 26.5003014], [83.5550054, 26.4975456], [83.5529726, 26.4952307], [83.5509777, 26.4918242], [83.5456966, 26.4897436], [83.5450413, 26.4890098], [83.5448039, 26.4870623], [83.545637, 26.4845202], [83.5458081, 26.4809573], [83.5467008, 26.4782418], [83.5446576, 26.4754677], [83.5443049, 26.4740391], [83.5401766, 26.4721086], [83.5398077, 26.4699914], [83.5408986, 26.4675592], [83.5423978, 26.4662101], [83.5458368, 26.4659721], [83.5483424, 26.4667279], [83.550996, 26.4656436], [83.5521626, 26.4637266], [83.5522643, 26.4626338], [83.5518571, 26.4562114], [83.5526655, 26.4553347], [83.55852, 26.4547629], [83.560134, 26.4528947], [83.5605053, 26.4497298], [83.5596507, 26.4486554], [83.5569309, 26.4469279], [83.5539048, 26.445723], [83.5530407, 26.4442468], [83.5524939, 26.4400088], [83.554307, 26.4357829], [83.5544153, 26.4322786], [83.5521191, 26.4268685], [83.5476885, 26.4228772], [83.5444109, 26.4217917], [83.5410953, 26.4217976], [83.5398071, 26.4212481], [83.5394316, 26.418844], [83.540236, 26.4150968], [83.5406632, 26.4142849], [83.5434891, 26.4124511], [83.5468438, 26.4087125], [83.5512437, 26.4060446], [83.5527934, 26.4041776], [83.5552406, 26.4025231], [83.5563239, 26.4025022], [83.5569151, 26.4032372], [83.5575363, 26.4052347], [83.5590429, 26.4069281], [83.560684, 26.4116044], [83.5621093, 26.4125529], [83.5681327, 26.4138147], [83.5688742, 26.4128244], [83.5688751, 26.4101834], [83.5698092, 26.4092467], [83.5712043, 26.4089327], [83.5723638, 26.409427], [83.5726543, 26.4109141], [83.5731682, 26.4110764], [83.5775422, 26.4100157], [83.5802894, 26.4102495], [83.5812206, 26.409198], [83.5817755, 26.4057425], [83.5843081, 26.4050044], [83.5851851, 26.4043558], [83.5858531, 26.4029649], [83.5865152, 26.4007113], [83.5848757, 26.3970724]]}}, {"type": "Feature", "properties": {"name": "Gangrachi Nala", "layer": "minor", "sub_basin": "Ghaghara", "kind": "river"}, "geometry": {"type": "LineString", "coordinates": [[83.4916494, 26.3481755], [83.489901, 26.3501271], [83.4894053, 26.3513146], [83.4894769, 26.3527945], [83.4908067, 26.3537458], [83.4905483, 26.3555011], [83.4910494, 26.3561649], [83.4923675, 26.3566115], [83.4943432, 26.3564061], [83.4955563, 26.3571575], [83.4959136, 26.3596755], [83.493506, 26.360596], [83.4888822, 26.3610194], [83.4837135, 26.3651839], [83.482955, 26.3683346], [83.4822142, 26.3690481], [83.4801205, 26.3696544], [83.4758566, 26.369188], [83.4733477, 26.3706023], [83.4721864, 26.3717359], [83.4718671, 26.3733922], [83.4718841, 26.3758654], [83.4732944, 26.3787302], [83.4730451, 26.3802378], [83.4701095, 26.3807857], [83.4678962, 26.3824344], [83.4659218, 26.3820565], [83.4653959, 26.3824946], [83.4654573, 26.3839658], [83.4669678, 26.3870202], [83.4729352, 26.3925313], [83.4720257, 26.3955646], [83.4730602, 26.3981318], [83.4748752, 26.3991505], [83.4763017, 26.4030849], [83.4748619, 26.4070934], [83.4748627, 26.4082172], [83.4774599, 26.4094339], [83.4787801, 26.4118203], [83.4765609, 26.4130629], [83.4701965, 26.4137803], [83.4674156, 26.4147478], [83.4635339, 26.4180762], [83.4592355, 26.4208948], [83.4577097, 26.4250071], [83.4584919, 26.4323988], [83.457848, 26.4363255], [83.4584861, 26.4384236], [83.4581665, 26.4401658], [83.4585688, 26.4417948], [83.4573566, 26.4430456], [83.4572918, 26.443867]]}}, {"type": "Feature", "properties": {"name": "Salahni Nala", "layer": "minor", "sub_basin": "Ghaghara", "kind": "river"}, "geometry": {"type": "MultiLineString", "coordinates": [[[83.4572918, 26.443867], [83.4600568, 26.4475434], [83.4606696, 26.4491497], [83.4605249, 26.4500208], [83.4592376, 26.4516643], [83.4584237, 26.4562454], [83.4546687, 26.4568025], [83.4532456, 26.4579902], [83.4513757, 26.4583658], [83.4511661, 26.4598732], [83.4492613, 26.460542], [83.4476012, 26.4598749], [83.446728, 26.4586975], [83.4452292, 26.4591089], [83.4431778, 26.4578868], [83.4405707, 26.4579558], [83.4403094, 26.4570352], [83.4393012, 26.4563361], [83.4365682, 26.4552], [83.4337654, 26.455025], [83.4325475, 26.4559552], [83.4298198, 26.4555185], [83.4291935, 26.4564168], [83.4293759, 26.4604197], [83.4280073, 26.4608399], [83.4279194, 26.4616695]], [[83.4279194, 26.4616695], [83.427743, 26.4639584], [83.42838, 26.4645901], [83.4277688, 26.4657501]], [[83.4277688, 26.4657501], [83.4284759, 26.4658581], [83.4288767, 26.465154], [83.428865, 26.4615933], [83.4279194, 26.4616695]], [[83.3875801, 26.513423], [83.3888194, 26.5125326], [83.3934749, 26.5114418], [83.3952195, 26.5095163], [83.397236, 26.5104744], [83.398412, 26.5084786], [83.40042, 26.5071928], [83.4011287, 26.5041471], [83.401841, 26.5036809], [83.4012667, 26.502774], [83.4012009, 26.5004019], [83.4019586, 26.5001643], [83.4029263, 26.4981911], [83.4053486, 26.4975859], [83.4066523, 26.4964709], [83.4087528, 26.4931129], [83.4080455, 26.4926843], [83.4078486, 26.4877969], [83.4096835, 26.485549], [83.4097631, 26.4834099], [83.4112767, 26.4801872], [83.4111753, 26.4767846], [83.4106132, 26.4750788], [83.4125188, 26.4756154], [83.414064, 26.4775646], [83.4153371, 26.4757726], [83.4158386, 26.4761561], [83.4157539, 26.477492], [83.417208, 26.4768417], [83.4174434, 26.4759616], [83.4189572, 26.4746705], [83.4203918, 26.4755636], [83.4216956, 26.4756444], [83.4216701, 26.4744621], [83.4237457, 26.473807], [83.4248937, 26.4725611], [83.4244818, 26.4712525], [83.4249076, 26.4699977], [83.4259404, 26.4696814], [83.4265112, 26.4680295], [83.4274436, 26.4673388], [83.4277688, 26.4657501]]]}}, {"type": "Feature", "properties": {"name": "Taraina Nala", "layer": "minor", "sub_basin": "Ghaghara", "kind": "river"}, "geometry": {"type": "LineString", "coordinates": [[83.2245862, 26.5674898], [83.225892, 26.5663197], [83.2266539, 26.5645845], [83.228967, 26.5632538], [83.2307426, 26.5591095], [83.233142, 26.5568205], [83.2334953, 26.5559055], [83.2346542, 26.5553597], [83.23484, 26.5540648], [83.2342221, 26.5524965], [83.2351613, 26.5516195], [83.2373867, 26.5511991], [83.2379486, 26.5500893], [83.2393192, 26.549492], [83.2416901, 26.5458637], [83.2432823, 26.5456932], [83.2445104, 26.5433759], [83.2462901, 26.5420062], [83.2464747, 26.5406634], [83.2477187, 26.5391114], [83.249366, 26.5390355], [83.2505589, 26.5401156], [83.2521028, 26.540185], [83.2552599, 26.5385525], [83.2569593, 26.5384278], [83.2576876, 26.5376499], [83.2594812, 26.5369495], [83.2615467, 26.5365315], [83.2638963, 26.5369698], [83.264228, 26.5350504], [83.2659735, 26.53459], [83.2668009, 26.5334754], [83.2676197, 26.5344661], [83.2685124, 26.5339245], [83.2690021, 26.5344424], [83.2700082, 26.5342338], [83.2702548, 26.5333206], [83.2698664, 26.5325617], [83.2723403, 26.5288355], [83.2730796, 26.5285836], [83.2746867, 26.5291301], [83.2762194, 26.5286731], [83.2762349, 26.5269027], [83.2767564, 26.5264153], [83.2777615, 26.5261588], [83.2782491, 26.526581], [83.2783781, 26.5251435], [83.2809147, 26.5243822], [83.2810558, 26.5235186], [83.2804446, 26.5222853], [83.2825741, 26.5223921], [83.2832561, 26.5219498], [83.2839666, 26.5228465], [83.2847139, 26.5229771], [83.2854419, 26.5221991], [83.2850964, 26.5209612], [83.2860962, 26.5204655], [83.2865482, 26.5192138], [83.2894342, 26.5173938], [83.2903983, 26.517712], [83.290893, 26.5159811], [83.2916915, 26.5160151], [83.2925052, 26.5167665], [83.2932392, 26.5162754], [83.2937422, 26.5149271], [83.2958644, 26.514699], [83.2962701, 26.5112951], [83.2976849, 26.5103138], [83.2981877, 26.5089655], [83.2978431, 26.5077754], [83.2990493, 26.506989], [83.2986536, 26.5058955], [83.2993323, 26.5053096], [83.2995643, 26.5037268], [83.2995519, 26.5005083], [83.2988923, 26.4995612], [83.2992798, 26.4978284], [83.3013303, 26.4988946], [83.3010957, 26.4973826], [83.3025904, 26.4970315], [83.3024057, 26.4957045], [83.304337, 26.4953039], [83.3059225, 26.4941719], [83.3055149, 26.4963514], [83.3077068, 26.4961856], [83.3081272, 26.4976705], [83.3097865, 26.4991787], [83.3101128, 26.4985651], [83.3094163, 26.497459], [83.3096474, 26.4969989], [83.310535, 26.4969857], [83.3116527, 26.4984124], [83.3127315, 26.4977314], [83.313555, 26.4959401], [83.3153757, 26.4956341], [83.3164703, 26.4933645], [83.319656, 26.4913486], [83.3206555, 26.4882576], [83.3229832, 26.4869589], [83.3240406, 26.4886516], [83.3257006, 26.4886793], [83.3264832, 26.4880749], [83.3282799, 26.484939], [83.3313635, 26.4865422], [83.3342223, 26.485997], [83.3354656, 26.4873377], [83.3374717, 26.4872435], [83.3386199, 26.4880155], [83.3414485, 26.4875289], [83.3419559, 26.4848303], [83.3446291, 26.4837208], [83.3430098, 26.4819468], [83.3432763, 26.4794603], [83.340428, 26.4790804], [83.3398729, 26.4742334], [83.3439253, 26.4719779], [83.344061, 26.4708452], [83.342908, 26.4695904], [83.3436855, 26.4685119], [83.3439115, 26.4671762], [83.3451002, 26.4660933], [83.3467849, 26.4663961], [83.3478482, 26.4653177], [83.348826, 26.4653675], [83.3486949, 26.467818], [83.3468598, 26.4676778], [83.3463231, 26.4684133], [83.346749, 26.4694288], [83.3483434, 26.4700789], [83.3535336, 26.468884], [83.3532731, 26.4675121], [83.3509018, 26.465192], [83.3518498, 26.4637344], [83.3518251, 26.4624211], [83.3527228, 26.4612615], [83.352743, 26.4600836], [83.3534803, 26.4586305], [83.3521869, 26.4581158], [83.3505322, 26.4588286], [83.3501461, 26.4585532], [83.3514, 26.4567798], [83.3522322, 26.4567665], [83.3539371, 26.4556295], [83.3512901, 26.4545323], [83.3525137, 26.4532599], [83.3541982, 26.4539597], [83.3571261, 26.4540054], [83.3591567, 26.4537529], [83.359583, 26.4531979], [83.357984, 26.4507651], [83.3558838, 26.4484949], [83.3546556, 26.4478538], [83.3542145, 26.4469556], [83.3526603, 26.4473299], [83.3502992, 26.4461832], [83.3490463, 26.4442559], [83.3471965, 26.4445714], [83.3468759, 26.4431047], [83.3453375, 26.4407621], [83.3425653, 26.4404816], [83.3419991, 26.4399082], [83.3425408, 26.4386764], [83.3448968, 26.4390154], [83.3430075, 26.4371511], [83.3430226, 26.4366502], [83.3453887, 26.4365831], [83.3464371, 26.4337446], [83.3493955, 26.4304688], [83.3492404, 26.429011], [83.3474312, 26.4276568], [83.347933, 26.4255088], [83.3459183, 26.4242401], [83.3458283, 26.4236986], [83.3466855, 26.4230128], [83.3453475, 26.4219339], [83.3460748, 26.4197091], [83.3471626, 26.4191092], [83.3464259, 26.4186441], [83.3468823, 26.4174935], [83.3451532, 26.4171726], [83.3457601, 26.415855], [83.3453996, 26.4142167], [83.3460714, 26.4135941], [83.3475049, 26.4133913], [83.3465729, 26.4121996], [83.3476907, 26.4114823], [83.3477814, 26.4095553], [83.3497864, 26.4084771], [83.3513798, 26.4095606], [83.3514357, 26.4060946], [83.3522227, 26.4050297], [83.352253, 26.4037525], [83.3530401, 26.4029583], [83.3528448, 26.4016495], [83.3541227, 26.4019385], [83.3566337, 26.4001969], [83.3569594, 26.4004271], [83.3568036, 26.4026385], [83.3590288, 26.4020115], [83.3595452, 26.4009149], [83.3589691, 26.3989336], [83.3609287, 26.3983608], [83.3608036, 26.3965691], [83.3629133, 26.3964249], [83.3624625, 26.3946512], [83.3629737, 26.3941277], [83.3649332, 26.3934871], [83.3655193, 26.3937174], [83.3642363, 26.3957887], [83.3656193, 26.3975218], [83.3654538, 26.3996564], [83.3664861, 26.3989209], [83.3677939, 26.398763], [83.3675487, 26.3965021], [83.3681299, 26.3965111], [83.368646, 26.397653], [83.3709011, 26.3957305], [83.3734268, 26.3965836], [83.3718031, 26.3980458], [83.3725497, 26.3992914], [83.374038, 26.3991199], [83.3750102, 26.3978022], [83.3752408, 26.3961098], [83.3757418, 26.3957938], [83.3768544, 26.3963625], [83.3770849, 26.3981181], [83.3782826, 26.3982038], [83.3797641, 26.3931864], [83.3790892, 26.3911952], [83.3802004, 26.3903978], [83.3798891, 26.3898352], [83.3789937, 26.3898812], [83.3789486, 26.3893438], [83.3803293, 26.388721], [83.3808445, 26.386499], [83.3834689, 26.3850764], [83.3840968, 26.3834504], [83.3869076, 26.3829513], [83.3881374, 26.3815237], [83.3904159, 26.3809743], [83.3894495, 26.3793173], [83.3914226, 26.3784744], [83.3905299, 26.3771449], [83.3904018, 26.3758614], [83.3933896, 26.3758673], [83.3933365, 26.3749712], [83.3941514, 26.3742987], [83.393134, 26.3733303], [83.394507, 26.3723786], [83.3942089, 26.3709188], [83.3959928, 26.3720228], [83.3969915, 26.3706592], [83.3979518, 26.3705521], [83.3984582, 26.3709317], [83.3990548, 26.370891], [83.3991031, 26.3700827], [83.3995318, 26.3699554], [83.4001836, 26.3709004], [83.4017565, 26.37147], [83.4027493, 26.3713324], [83.4032603, 26.3719211], [83.4046431, 26.3699226], [83.4065921, 26.3694985], [83.4065534, 26.3722202], [83.4090534, 26.3726831], [83.4111077, 26.3710311], [83.4104856, 26.3699361], [83.411903, 26.3694917], [83.4123206, 26.3703512], [83.4128536, 26.3704312], [83.4136157, 26.3688924], [83.4151102, 26.368925], [83.4150482, 26.3676403], [83.4182137, 26.3681807], [83.4200584, 26.367549], [83.420753, 26.3689118], [83.4226111, 26.3688778], [83.4230792, 26.3675536], [83.4241362, 26.367325], [83.424292, 26.3668736], [83.421901, 26.3668276], [83.4218862, 26.36617], [83.4228942, 26.3637595], [83.4248686, 26.3644709], [83.4242953, 26.3625976], [83.424813, 26.3590598], [83.4284112, 26.3581866], [83.4286936, 26.3574638], [83.42814, 26.3549921], [83.432063, 26.355279], [83.4332066, 26.3544806], [83.4348723, 26.3518187], [83.4357971, 26.3516223], [83.4361418, 26.3492537], [83.4331709, 26.3499661], [83.4313964, 26.349281], [83.4308095, 26.3482751], [83.4312131, 26.3470417], [83.4310474, 26.3441144], [83.4316927, 26.3432953], [83.4331062, 26.3441664], [83.4336336, 26.3440072], [83.4336993, 26.3425109], [83.434809, 26.340218], [83.4362307, 26.3399826], [83.4366761, 26.3420675], [83.4396955, 26.3420419], [83.4401051, 26.3410775], [83.4389921, 26.3402906], [83.4403041, 26.3396087], [83.4401125, 26.3384759], [83.4405884, 26.3375103], [83.4429653, 26.3398886], [83.4456922, 26.3386722], [83.4457078, 26.3393596], [83.4449293, 26.3401514], [83.4446153, 26.3423998], [83.4463567, 26.3445506], [83.4479231, 26.3419202], [83.4472927, 26.3404667], [83.4475424, 26.3397743], [83.4495652, 26.3397071], [83.4512254, 26.3412014], [83.4530674, 26.3404796], [83.4562444, 26.3400919], [83.4570183, 26.340556], [83.4568736, 26.3414856], [83.4574375, 26.3414752], [83.4590384, 26.3403691], [83.4598213, 26.3383212], [83.4636723, 26.3369341], [83.4638365, 26.3354061], [83.4645255, 26.3350643], [83.4655771, 26.3360615], [83.4699003, 26.3364595], [83.4700949, 26.3377117], [83.4689801, 26.3383006], [83.4697062, 26.3395729], [83.4711465, 26.3387088], [83.4726441, 26.3388902], [83.4746572, 26.3384042], [83.473628, 26.3398288], [83.4742235, 26.3411931], [83.474094, 26.3427804], [83.4760407, 26.3437308], [83.4771542, 26.3430821], [83.4761827, 26.3412463], [83.4770115, 26.3397657], [83.4773063, 26.3367102], [83.4781287, 26.3363958], [83.4789407, 26.3370684], [83.4789867, 26.3390709], [83.480409, 26.338865], [83.4848518, 26.3415627], [83.4847859, 26.3444644], [83.4860493, 26.3445604], [83.4872235, 26.3436712], [83.4881178, 26.3435947], [83.4876235, 26.346624], [83.4881467, 26.3477206], [83.4936008, 26.3485429], [83.4967644, 26.3480121], [83.505451, 26.3504069], [83.507379, 26.3497646], [83.5086929, 26.3484269], [83.5102328, 26.3454516], [83.5116501, 26.3461137], [83.512328, 26.3451249], [83.5140357, 26.3445759], [83.5155945, 26.3431111], [83.5171842, 26.3429661], [83.5191955, 26.3417798], [83.5220642, 26.3418402], [83.5237041, 26.3411201], [83.5267214, 26.336642], [83.5268264, 26.3329656], [83.5293335, 26.3311956], [83.5311803, 26.3311604], [83.5351696, 26.3301083], [83.5368388, 26.3306506], [83.5392453, 26.3300305], [83.5421978, 26.33095], [83.5424497, 26.3335288], [83.5446827, 26.3363566], [83.5490663, 26.3385117], [83.5516627, 26.3405287]]}}, {"type": "Feature", "properties": {"name": "Kachni Nala", "layer": "minor", "sub_basin": "Ghaghara", "kind": "river"}, "geometry": {"type": "LineString", "coordinates": [[83.30227, 26.4567712], [83.3051429, 26.4567366], [83.3056804, 26.4550535], [83.3070601, 26.4534883], [83.3079624, 26.4535744], [83.3082038, 26.452532], [83.3099497, 26.4504028], [83.3101059, 26.4488414], [83.3112301, 26.4469103], [83.3130809, 26.4453001], [83.3183361, 26.4425946], [83.3198414, 26.439937], [83.3199974, 26.4386464], [83.3191661, 26.4370846], [83.3168054, 26.4362803], [83.3161995, 26.4349442]]}}, {"type": "Feature", "properties": {"name": "Kachni Nala", "layer": "minor", "sub_basin": "Ghaghara", "kind": "river"}, "geometry": {"type": "LineString", "coordinates": [[83.3529248, 26.4022498], [83.3520779, 26.4028543], [83.3508801, 26.4028812], [83.350464, 26.4037521], [83.3489603, 26.4046905], [83.3467603, 26.4046585], [83.3455624, 26.4052765], [83.3434875, 26.4054203], [83.3429811, 26.4061739], [83.3439482, 26.4066346], [83.3428505, 26.4072028], [83.3428754, 26.4079746], [83.341883, 26.4083264], [83.3408501, 26.4099102], [83.3396526, 26.4091382], [83.33872, 26.4103609], [83.3390552, 26.4122745], [83.3380625, 26.4133303], [83.3383376, 26.4150453], [83.3360716, 26.416719], [83.337289, 26.418028], [83.3367212, 26.422586], [83.3374023, 26.424238], [83.3383193, 26.4250776], [83.3383587, 26.4267519], [83.3401424, 26.4292166], [83.3381168, 26.4311295], [83.3378057, 26.4321042], [83.3329791, 26.430442], [83.3283471, 26.4311986], [83.3262318, 26.4309993], [83.3254094, 26.4318024], [83.3241213, 26.4314048], [83.3226875, 26.4316749], [83.3204314, 26.4327662], [83.3190378, 26.4328243], [83.3186111, 26.4341103], [83.3175037, 26.4334012], [83.3166865, 26.4335093], [83.3161995, 26.4349442], [83.3129256, 26.4360213], [83.3123988, 26.436707], [83.3111555, 26.4366839], [83.3106587, 26.4379067], [83.3092543, 26.4390298], [83.3082519, 26.4387539], [83.3052084, 26.4397498], [83.3046169, 26.4396999], [83.3045422, 26.4389371], [83.3017293, 26.4396984], [83.300015, 26.4396659], [83.2981944, 26.4408473], [83.2961035, 26.4414463], [83.2947491, 26.4426414], [83.2896807, 26.4428324], [83.2861704, 26.4442653], [83.2828649, 26.4465783], [83.2736231, 26.4490179]]}}, {"type": "Feature", "properties": {"name": "Chhoti Sarju Or Badrauhan", "layer": "minor", "sub_basin": "Ghaghara", "kind": "river"}, "geometry": {"type": "LineString", "coordinates": [[83.347186, 26.224887], [83.3484307, 26.2249366], [83.3502961, 26.226554], [83.3525168, 26.2262275], [83.3540467, 26.2270614], [83.3575463, 26.2269991], [83.3589456, 26.229127], [83.3633563, 26.2306988], [83.365952, 26.2329488], [83.3713495, 26.2356886], [83.3735537, 26.2384818], [83.3754037, 26.2393815], [83.3778487, 26.2419928], [83.3804259, 26.2433818], [83.3844285, 26.248046], [83.386037, 26.2488064], [83.3893733, 26.248531], [83.3918888, 26.2507102], [83.3933907, 26.2502525], [83.394945, 26.2485738], [83.3948431, 26.247571], [83.3939409, 26.2463673], [83.3939997, 26.2454334], [83.3952629, 26.2449799], [83.3971816, 26.2453758], [83.3986023, 26.2448477], [83.3996728, 26.2428907], [83.4008628, 26.2427256], [83.4010299, 26.2430814], [83.4080427, 26.2435282], [83.4103198, 26.2457114], [83.4113338, 26.2483481], [83.4136938, 26.2506733], [83.4150558, 26.2510791], [83.4156111, 26.2509972], [83.4177042, 26.2485191], [83.4208572, 26.2471697], [83.4234792, 26.2473969], [83.4254712, 26.2465545], [83.4288773, 26.2464921], [83.4303165, 26.2459116], [83.4371319, 26.2459375], [83.4402941, 26.2449726], [83.4436945, 26.2471263], [83.4541248, 26.2488981], [83.4564952, 26.2499624], [83.4606502, 26.2508928], [83.4612247, 26.2515873], [83.4643257, 26.2528394], [83.4657833, 26.2546774]]}}, {"type": "Feature", "properties": {"name": "Chhoti Sarju Nala", "layer": "minor", "sub_basin": null, "kind": "river"}, "geometry": {"type": "LineString", "coordinates": [[83.5423114, 25.9989448], [83.5446946, 25.9980987], [83.5464321, 25.9987676], [83.5469608, 25.9997473], [83.5457414, 26.0020931], [83.5478033, 26.0032902], [83.5491854, 26.005367], [83.5512833, 26.0050161], [83.5499607, 26.0035486], [83.5515545, 26.0024798], [83.5535509, 26.0047149], [83.5560229, 26.0051583], [83.5567018, 26.0058356], [83.5564467, 26.006544], [83.555343, 26.0063585], [83.5538343, 26.0069445], [83.5527148, 26.008167], [83.5527593, 26.0088936], [83.5540376, 26.0094358], [83.5544266, 26.0105327], [83.5556101, 26.0108763], [83.5560989, 26.0120274], [83.5555591, 26.0126273], [83.5539854, 26.0131546], [83.552033, 26.012409], [83.5516526, 26.0136905], [83.5501391, 26.0138928], [83.5497797, 26.0135045], [83.5500803, 26.011898], [83.5493713, 26.0115411], [83.5488978, 26.0099161], [83.5473535, 26.0114813], [83.5458102, 26.0113677], [83.5459895, 26.0121441], [83.5453746, 26.0129696], [83.5465224, 26.0145227], [83.5481811, 26.0137699], [83.550463, 26.0149987], [83.5528552, 26.0156092], [83.5523494, 26.0177301], [83.5512506, 26.0176439], [83.5501126, 26.0162215], [83.5446337, 26.0155191], [83.5437643, 26.0159067], [83.5420795, 26.0180811], [83.5402815, 26.017841], [83.5396811, 26.0192848], [83.5400745, 26.0209368], [83.5419465, 26.0226754], [83.5412658, 26.0245841], [83.5420992, 26.0257219], [83.5423381, 26.0270038], [83.5430325, 26.0270763], [83.5448916, 26.0257234], [83.5460251, 26.0263199], [83.5462144, 26.0273038], [83.5447443, 26.0294738], [83.5447737, 26.0302546], [83.5489648, 26.0304283], [83.5524309, 26.0318247], [83.5505053, 26.0356013], [83.5479216, 26.03685], [83.5470917, 26.0378424], [83.546728, 26.0439214], [83.5449744, 26.043934], [83.5421709, 26.0448756], [83.5404226, 26.0445452], [83.5399044, 26.0424282], [83.5410239, 26.041788], [83.5409745, 26.0411877], [83.5389564, 26.0407443], [83.5356737, 26.0411575], [83.5344456, 26.0400149], [83.5348073, 26.0373388], [83.5324454, 26.0359292], [83.531436, 26.03624], [83.5307559, 26.0371377], [83.5275293, 26.0361652], [83.5261265, 26.0350811], [83.5222295, 26.03548], [83.5218844, 26.0358634], [83.5219418, 26.0388196], [83.5159997, 26.0409543], [83.5087478, 26.0490362], [83.5076566, 26.0510166], [83.5076255, 26.052199], [83.5087144, 26.0525699], [83.5105098, 26.0508203], [83.511739, 26.0506768], [83.5123521, 26.0522027], [83.5145092, 26.0537705], [83.5157647, 26.0577204], [83.5183477, 26.0578803], [83.5186766, 26.0589456], [83.5174807, 26.0608628], [83.5174147, 26.0620768], [83.5196489, 26.0669752], [83.5195233, 26.067801], [83.5178329, 26.0693162], [83.5196465, 26.0697011], [83.5200408, 26.070243], [83.518101, 26.0711803], [83.51741, 26.0727142], [83.5142256, 26.0739349], [83.5139744, 26.0754556], [83.5123685, 26.0771783], [83.5107293, 26.0772628], [83.5101602, 26.0766802], [83.508809, 26.0734026], [83.5068276, 26.070851], [83.5060382, 26.0706654], [83.5048383, 26.071206], [83.5044639, 26.0708807], [83.5044351, 26.069635], [83.5070405, 26.0678003], [83.5067069, 26.0665906], [83.5057282, 26.0658903], [83.5044386, 26.0662322], [83.5049422, 26.0673564], [83.503502, 26.0683525], [83.5015089, 26.0675655], [83.5011962, 26.0656156], [83.5007417, 26.0653896], [83.499406, 26.0660295], [83.4978992, 26.0687468], [83.4943767, 26.0684749], [83.4922592, 26.0677945], [83.4911464, 26.0690625], [83.4906522, 26.0722086], [83.4922486, 26.0751558], [83.4935453, 26.0765103], [83.4928983, 26.0785268], [83.4920951, 26.0788955], [83.4896477, 26.0779813], [83.4878598, 26.0755322], [83.4844132, 26.0762983], [83.4834228, 26.0772298], [83.4837031, 26.0801166], [83.4849572, 26.0805654], [83.4852935, 26.0819039], [83.4865249, 26.0835401], [83.4884258, 26.0848528], [83.4896227, 26.0843962], [83.4901359, 26.0847568], [83.4887735, 26.0899382], [83.4868711, 26.0900258], [83.4839423, 26.0879385], [83.4820024, 26.0872801], [83.479567, 26.0897411], [83.4778862, 26.09225], [83.4763269, 26.0924489], [83.473931, 26.091855], [83.4676634, 26.0945711], [83.4665093, 26.0933079], [83.4644801, 26.0952769], [83.4627015, 26.0960411], [83.4614178, 26.0955928], [83.4588392, 26.0928696], [83.4574568, 26.0930639], [83.456962, 26.0952497], [83.4561012, 26.0960845], [83.4531784, 26.0941832], [83.4523184, 26.0940711], [83.4432013, 26.0948828], [83.4405539, 26.0957348], [83.4352494, 26.0985857], [83.4302455, 26.1026026], [83.4260893, 26.1038781], [83.4250479, 26.1046104], [83.4235118, 26.1075551], [83.4201273, 26.1094516], [83.4144954, 26.116697], [83.4101081, 26.1260587], [83.4106822, 26.130432], [83.410383, 26.1332664], [83.4072453, 26.1345564], [83.4053524, 26.139589], [83.4060202, 26.1410139], [83.4087657, 26.1430953], [83.4087225, 26.1473517], [83.4098523, 26.1478915], [83.4155051, 26.1540109], [83.4153949, 26.1569235], [83.4129708, 26.1596494], [83.4134446, 26.1604727], [83.4156872, 26.1609772], [83.4161465, 26.1622142], [83.4158899, 26.1629419], [83.4099792, 26.166223], [83.4090642, 26.1668613], [83.408744, 26.1678661], [83.4093191, 26.169076], [83.4121973, 26.1709997], [83.4136591, 26.1748142], [83.4182491, 26.1768986], [83.418201, 26.1824763], [83.4195848, 26.1863737], [83.4194463, 26.1877469], [83.4138427, 26.1872273], [83.4123273, 26.1879208], [83.4113306, 26.1894366], [83.4065436, 26.1912878], [83.4063505, 26.1893391], [83.4069736, 26.187946], [83.4081295, 26.1872451], [83.4099366, 26.1869903], [83.4108989, 26.1861238], [83.410229, 26.1841543], [83.4088291, 26.183305], [83.4061801, 26.1827454], [83.4026233, 26.1836669], [83.3998988, 26.1817798], [83.3960998, 26.1803077], [83.3953204, 26.1812831], [83.3945825, 26.1836516], [83.3950458, 26.1883415], [83.3942438, 26.1906711], [83.3943823, 26.1932047], [83.3922316, 26.1942944], [83.3916103, 26.1951524], [83.3944949, 26.1984867], [83.3945665, 26.2005843], [83.3936449, 26.2019198], [83.3903337, 26.2041724], [83.3879969, 26.2086789], [83.3851583, 26.2102148], [83.3842294, 26.2119151], [83.3771796, 26.2176008], [83.375, 26.2218568], [83.3726241, 26.2229757], [83.3688622, 26.2236986], [83.364969, 26.2227224], [83.3562693, 26.2230044], [83.3520634, 26.2226919], [83.349068, 26.2235093], [83.347186, 26.224887]]}}, {"type": "Feature", "properties": {"name": "Jhinga Nala", "layer": "minor", "sub_basin": "Ghaghara Confluence to Gomti confluence", "kind": "river"}, "geometry": {"type": "LineString", "coordinates": [[83.3604146, 26.1085887], [83.3567777, 26.1080915], [83.3512851, 26.1064601], [83.3481583, 26.1065906], [83.3473024, 26.1083926], [83.345276, 26.1096207], [83.3428838, 26.1130439], [83.3404119, 26.1142448], [83.3388404, 26.1159201], [83.3347572, 26.117956], [83.3340908, 26.1205529], [83.3331649, 26.1216276], [83.3293372, 26.122182], [83.3292424, 26.1214277], [83.3282718, 26.121066], [83.3263619, 26.1181205], [83.3257096, 26.1150547]]}}, {"type": "Feature", "properties": {"name": "Choti Sarju", "layer": "minor", "sub_basin": "Ghaghara Confluence to Gomti confluence", "kind": "river"}, "geometry": {"type": "MultiLineString", "coordinates": [[[82.95, 26.127937384563026], [82.9543325, 26.1253814], [82.955811, 26.122202], [82.9557387, 26.1211506], [82.9546537, 26.1197795], [82.95, 26.118334204729265]], [[82.95, 26.10305800333543], [82.959212, 26.1025376], [82.9623071, 26.103735], [82.9663238, 26.1060666], [82.9703513, 26.1061016], [82.9714495, 26.1053197], [82.9716384, 26.1040731], [82.970993, 26.1006863], [82.9699336, 26.097832], [82.9679677, 26.0975267], [82.9659903, 26.09947], [82.9645107, 26.0996836], [82.9627885, 26.0982264], [82.9616384, 26.0961867], [82.9603835, 26.0913261], [82.9583995, 26.0871461], [82.9601068, 26.08492], [82.9624027, 26.0830199], [82.9653755, 26.0833579], [82.9700712, 26.0852008], [82.9706803, 26.0866268], [82.9704323, 26.0904097], [82.9712524, 26.0917846], [82.9764226, 26.0934766], [82.9797164, 26.0968233], [82.981482, 26.0977533], [82.9819818, 26.0989895], [82.9834888, 26.1002583], [82.9849332, 26.1010018], [82.986629, 26.1010239], [82.9886645, 26.0993665], [82.9895563, 26.0960522], [82.9895225, 26.0942349], [82.9887596, 26.0930983], [82.9864563, 26.091746], [82.9841865, 26.0893407], [82.9806088, 26.0878163], [82.9802034, 26.0859568], [82.9836103, 26.0839917], [82.9856174, 26.0836742], [82.985734, 26.0842465], [82.987426, 26.0840773], [82.9905305, 26.0801074], [82.9951389, 26.0772627], [82.9957205, 26.077206], [82.9970757, 26.0788596], [82.9986248, 26.082376], [82.9954884, 26.0846243], [82.9948752, 26.0858296], [82.9948993, 26.0871209], [82.9957628, 26.0879688], [82.9998444, 26.0880979], [83.0005975, 26.0887083], [83.0007429, 26.0908109], [82.9991521, 26.093562], [82.9998612, 26.0946514], [83.001425, 26.0961105], [83.0034484, 26.0966536], [83.0068543, 26.0946401], [83.0115393, 26.0930374], [83.0124252, 26.0922584], [83.0127097, 26.090484], [83.0064824, 26.0833082], [83.0062328, 26.0813029], [83.0069473, 26.0798568], [83.0084274, 26.0796906], [83.0125851, 26.0810619], [83.0186937, 26.0847471], [83.0199647, 26.0847275], [83.0207886, 26.083471], [83.02153, 26.0834595], [83.022189, 26.0846932], [83.0238892, 26.0849539], [83.0290925, 26.079994], [83.029153, 26.0776012], [83.0283935, 26.0766562], [83.0276927, 26.0732227], [83.0304795, 26.0693525], [83.0350079, 26.0679428], [83.037891, 26.0691418], [83.0390486, 26.0687411], [83.0418131, 26.0692721], [83.0434291, 26.070682], [83.0469166, 26.0702449], [83.049909, 26.0660841], [83.0523062, 26.0640374], [83.0594411, 26.0604812], [83.0600101, 26.0570279], [83.0633323, 26.0535314], [83.0644214, 26.0495915], [83.0678153, 26.0498251], [83.0758476, 26.0543863], [83.0783853, 26.0541548], [83.0850116, 26.0517534], [83.0856115, 26.049926], [83.0838913, 26.0486139], [83.0806033, 26.0483791], [83.0779859, 26.0499514], [83.0765871, 26.0488254], [83.075911, 26.0467312], [83.075872, 26.0447227], [83.0780751, 26.0381818], [83.0790094, 26.0372103], [83.0870521, 26.0368912], [83.0921782, 26.0336523], [83.0953487, 26.0333146], [83.0992069, 26.0356449], [83.1015793, 26.0378075], [83.1050788, 26.0380384], [83.1073209, 26.0389592], [83.108079, 26.0398081], [83.1088954, 26.043622], [83.1099862, 26.045231], [83.1115613, 26.044536], [83.1124784, 26.0427034], [83.1139399, 26.0416274], [83.119334, 26.0412534], [83.1209373, 26.0419929], [83.1214498, 26.0464814], [83.1230683, 26.0479861], [83.1287822, 26.0477023], [83.1305955, 26.0483426], [83.1313671, 26.0498609], [83.1312936, 26.0514886], [83.124886, 26.0595336], [83.1238255, 26.064813], [83.1252344, 26.0664167], [83.126301, 26.0667821], [83.1350869, 26.0664483], [83.1370198, 26.0677563], [83.1373547, 26.068612], [83.1368519, 26.0699596], [83.1370885, 26.0711996], [83.1396837, 26.0738363], [83.1458174, 26.0838781], [83.1462659, 26.0851146], [83.1461958, 26.0921959], [83.1468409, 26.0926637], [83.1476883, 26.0926499], [83.1497608, 26.0903198], [83.1541711, 26.088334], [83.1548856, 26.0869828], [83.1548395, 26.0846873], [83.155866, 26.083044], [83.1564053, 26.0782513], [83.1575183, 26.0756497], [83.1573816, 26.0741211], [83.1540294, 26.0707317], [83.1523813, 26.0677927], [83.1527434, 26.0647251], [83.154203, 26.0635531], [83.1553621, 26.063247], [83.1581115, 26.0630106], [83.1590723, 26.0633775], [83.160164, 26.0649861], [83.1589086, 26.0710344], [83.1637303, 26.0737298], [83.1677644, 26.0741417], [83.1690159, 26.0731643], [83.171663, 26.0678584], [83.1710005, 26.0665298], [83.1683124, 26.0645649], [83.1672128, 26.0625738], [83.1676036, 26.0609409], [83.1699255, 26.0605199], [83.1714791, 26.058772], [83.1713209, 26.0561914], [83.1690798, 26.0553673], [83.1683038, 26.0536579], [83.1684982, 26.0527936], [83.1697534, 26.0520074], [83.1722908, 26.0517742], [83.1750263, 26.0508679], [83.1806781, 26.0475213], [83.1842625, 26.0466964], [83.1866997, 26.0467516], [83.1885289, 26.0481563], [83.1894052, 26.0495769], [83.1899971, 26.0526287], [83.1907754, 26.0544336], [83.1919636, 26.055562], [83.19264, 26.0575599], [83.1926966, 26.0603336], [83.1921945, 26.0616815], [83.1887994, 26.0666176], [83.1886227, 26.0683427], [83.1892757, 26.0691929], [83.1928998, 26.0702807], [83.1957494, 26.0697548], [83.2049253, 26.0574503], [83.2062881, 26.0567578], [83.2074529, 26.0567382], [83.2093766, 26.057567], [83.2108906, 26.0590725], [83.2119988, 26.0614458], [83.2133853, 26.0619009], [83.2148698, 26.0619716], [83.2166562, 26.0612718], [83.2182189, 26.0600017], [83.220119, 26.0596826], [83.2268973, 26.0647348], [83.2285255, 26.0666208], [83.229646, 26.0695678], [83.2296797, 26.0711938], [83.2279409, 26.0741893], [83.2278607, 26.0754344], [83.2360112, 26.0801759], [83.2370982, 26.081497], [83.2379469, 26.0917202], [83.2395955, 26.0945626], [83.2421457, 26.0949019], [83.2447598, 26.0932309], [83.2463107, 26.0913865], [83.2468982, 26.0890802], [83.2485469, 26.0868515], [83.2506733, 26.0871979], [83.2537092, 26.0904948], [83.2567192, 26.0925482], [83.2570751, 26.09436], [83.256046, 26.0958128], [83.2551067, 26.0964987], [83.2496245, 26.0978362], [83.2473181, 26.0990237], [83.2443081, 26.102041], [83.2413658, 26.1083102], [83.2384613, 26.1113257], [83.2377596, 26.1132512], [83.2382113, 26.114583], [83.2402322, 26.1149314], [83.2414955, 26.1145272], [83.2465088, 26.1109974], [83.247886, 26.1109739], [83.249711, 26.1120909], [83.2504526, 26.1120782], [83.2516019, 26.1112932], [83.2530289, 26.1085898], [83.2548977, 26.1067399], [83.2583695, 26.1055323], [83.2597466, 26.1055087], [83.2603903, 26.1058804], [83.2606303, 26.1072158], [83.2593175, 26.1103001], [83.257033, 26.1125398], [83.2563396, 26.114848], [83.2564958, 26.1172373], [83.2579555, 26.1211352], [83.2583517, 26.1248599], [83.2586917, 26.1259066], [83.2599893, 26.1271282], [83.2611649, 26.1275864], [83.2647673, 26.1275246], [83.2678138, 26.1262284], [83.2703587, 26.1262803], [83.2824006, 26.1293256], [83.2850495, 26.1292798], [83.2894752, 26.1280549], [83.292228, 26.1279114], [83.2985363, 26.1255054], [83.3009097, 26.1224979], [83.300877, 26.1209676], [83.2994629, 26.11927], [83.297468, 26.1151905], [83.2974394, 26.1138515], [83.2982624, 26.112689], [83.302174, 26.1122381], [83.3062729, 26.1106357], [83.3092453, 26.1108707], [83.3110102, 26.114093], [83.3103857, 26.1195577], [83.3121014, 26.1204845], [83.3136885, 26.120361], [83.3163084, 26.1189755], [83.3189744, 26.1148144], [83.3195399, 26.1115514], [83.320479, 26.1108651], [83.3212288, 26.1112347], [83.3215714, 26.1123768], [83.3212886, 26.1140083], [83.3220447, 26.1146648], [83.324072, 26.1152989], [83.3258668, 26.1149803], [83.3276265, 26.1130356], [83.3281128, 26.1110178], [83.3268125, 26.1097012], [83.3223095, 26.1072928], [83.3220729, 26.1061488], [83.322692, 26.1053724], [83.3295031, 26.1018079], [83.3346856, 26.096454], [83.3400025, 26.092437], [83.344312, 26.0908297], [83.3459775, 26.0894606], [83.3503864, 26.0875643], [83.353757, 26.0866431], [83.3545792, 26.0854803], [83.3547408, 26.0831811], [83.3563873, 26.0809511], [83.3601875, 26.0803092], [83.3633228, 26.0783395], [83.364342, 26.0765033], [83.3643148, 26.07526], [83.3633385, 26.074225], [83.3617332, 26.0734882], [83.3584481, 26.0734512], [83.3547109, 26.0769624], [83.3519635, 26.0772984], [83.3501318, 26.0758958], [83.3494463, 26.0736117], [83.3495272, 26.0724621], [83.3503577, 26.0716818], [83.3544691, 26.0707475], [83.3569048, 26.0707041], [83.3587838, 26.0694267], [83.3595723, 26.0667335], [83.3584506, 26.0638832], [83.3582986, 26.0617809], [83.3592244, 26.0605205], [83.3620751, 26.0600869], [83.3669986, 26.0623908], [83.370493, 26.0623281], [83.3728717, 26.059702], [83.3730435, 26.057881], [83.3714152, 26.0560923], [83.3628771, 26.0531836], [83.3609419, 26.0518787], [83.3599617, 26.0506523], [83.360034, 26.0491202], [83.3607626, 26.0485331], [83.3679604, 26.0483085], [83.3714376, 26.0474807], [83.3806918, 26.0396599], [83.3835461, 26.039417], [83.3862204, 26.0406126], [83.3895597, 26.0431356], [83.3907032, 26.0469422], [83.3926324, 26.0479597], [83.3941972, 26.0468789], [83.3952071, 26.04466], [83.3953824, 26.0382462], [83.3964071, 26.0366967], [83.397868, 26.0357134], [83.4062422, 26.0360397], [83.4164299, 26.032218], [83.428155, 26.030855], [83.4347919, 26.0292978], [83.4419386, 26.0268697], [83.4453886, 26.0248923], [83.4516053, 26.018845], [83.4516482, 26.0160695], [83.4505659, 26.0150371], [83.4486498, 26.0145941], [83.4473579, 26.0136612], [83.4464786, 26.0122423], [83.4466622, 26.0109951], [83.4502348, 26.0097808], [83.4545265, 26.0075962], [83.4578054, 26.0074397], [83.4587863, 26.0086653], [83.4609314, 26.0098692], [83.4650745, 26.0104619], [83.4680316, 26.0101197], [83.4740273, 26.0083812], [83.4776813, 26.0061121], [83.4808697, 26.0066265], [83.4824836, 26.0077444], [83.4869575, 26.0089043], [83.4906619, 26.0088346], [83.4963376, 26.0070054], [83.4996141, 26.0067523], [83.5043663, 26.0107768], [83.5081788, 26.0108003], [83.5106524, 26.0078829], [83.5103934, 26.0012858], [83.5119298, 25.999056], [83.51329, 25.9983605], [83.5164827, 25.9990653], [83.5194794, 26.0004435], [83.5302833, 26.0006203], [83.5377566, 26.0032521], [83.5431676, 26.0037224], [83.5440842, 26.0021739], [83.5440549, 26.0009306], [83.5423144, 25.9989547], [83.5419363, 25.9963786], [83.5423484, 25.9958922], [83.5438299, 25.9958638], [83.5443456, 25.9952798], [83.5447014, 25.9924025], [83.5434946, 25.9906077], [83.5407096, 25.989226], [83.5405656, 25.9876021], [83.5428104, 25.9840189], [83.5447737, 25.9819718], [83.5457396, 25.9825274], [83.5457666, 25.983675], [83.5464195, 25.9844279], [83.5480067, 25.9843974], [83.5494656, 25.9834125], [83.5499632, 25.9820634], [83.5478964, 25.9797111], [83.5478626, 25.9782766], [83.5491346, 25.9783478], [83.5522505, 25.9802971], [83.5541012, 25.9824621], [83.557528, 25.9841183], [83.5602815, 25.9841608], [83.5614273, 25.9833732], [83.5627531, 25.9812426], [83.5627192, 25.979808], [83.5620594, 25.9787683], [83.5597944, 25.9769941], [83.5585224, 25.976923], [83.5566449, 25.9781074], [83.555481, 25.9781298], [83.5555417, 25.976215], [83.5551162, 25.9761276], [83.5551004, 25.9754581], [83.5554852, 25.9738241], [83.554722, 25.972882], [83.5535581, 25.9729044], [83.5513655, 25.9741905], [83.5482116, 25.9751124], [83.5466244, 25.9751429], [83.545868, 25.9744877], [83.5458388, 25.9732444], [83.5490422, 25.9699296], [83.5495104, 25.9673372], [83.5490849, 25.9627527], [83.5495846, 25.9614992], [83.550719, 25.9602335], [83.5541719, 25.9585404], [83.5566657, 25.9565787], [83.5607577, 25.9550644], [83.5632061, 25.9511898], [83.56534755475698, 25.95]]]}}, {"type": "Feature", "properties": {"name": "Suksuia Nala", "layer": "minor", "sub_basin": "Ghaghara Confluence to Gomti confluence", "kind": "river"}, "geometry": {"type": "LineString", "coordinates": [[83.2378443, 26.1130064], [83.2357892, 26.1134966], [83.2332425, 26.112571], [83.2334238, 26.1135221], [83.232588, 26.113328], [83.2321379, 26.1146807], [83.2295064, 26.1155526], [83.2283838, 26.1164996], [83.2264576, 26.1157982], [83.2237041, 26.1163938], [83.2229303, 26.115445], [83.2223589, 26.1158402], [83.22186, 26.1152782], [83.2188315, 26.1156066], [83.2184039, 26.1150814], [83.2173945, 26.1150712], [83.2149781, 26.1150871], [83.2137024, 26.1161075], [83.2116322, 26.1164643], [83.2107543, 26.1172273], [83.2100516, 26.1166098], [83.2078488, 26.1169756], [83.2071052, 26.1164594], [83.2049825, 26.1178837], [83.2044794, 26.120442], [83.2039792, 26.1208833], [83.2042436, 26.1213991], [83.2034985, 26.1219505], [83.2006738, 26.1221313], [83.1994584, 26.123612], [83.1985002, 26.1234452], [83.1983276, 26.1228835], [83.1969002, 26.1228542], [83.1964101, 26.1232678], [83.1951766, 26.1231099], [83.1939009, 26.1240465], [83.1920958, 26.1240727], [83.1880038, 26.1262558], [83.1858859, 26.128233], [83.184216, 26.1282223], [83.1836643, 26.1289346], [83.1811334, 26.129677], [83.1813142, 26.1307979], [83.1806408, 26.1319589], [83.1797755, 26.1316696], [83.1793365, 26.1322584], [83.1785751, 26.1319089], [83.1763835, 26.1323527], [83.1755532, 26.1320584], [83.1746804, 26.1327124], [83.1732429, 26.1328379], [83.1712716, 26.1346502], [83.1697499, 26.1345513], [83.1696014, 26.1354425], [83.1706139, 26.135856], [83.1701932, 26.1363542], [83.1706638, 26.1393617], [83.1712085, 26.1401568], [83.1713322, 26.1435983], [83.1697726, 26.1447048], [83.1698111, 26.1454308], [83.1657962, 26.1481538], [83.1659264, 26.149781], [83.1637144, 26.1515788], [83.1597708, 26.1489574], [83.1555455, 26.1481362], [83.1528893, 26.1502564], [83.1522806, 26.1514162], [83.1498497, 26.1513849], [83.1485889, 26.1521619], [83.1474449, 26.1522195], [83.1462188, 26.1538038], [83.1461258, 26.156373], [83.1451083, 26.1570651], [83.1448271, 26.1586353], [83.1412805, 26.1607686], [83.1380547, 26.1618499], [83.1372939, 26.1626329], [83.137839, 26.1640103], [83.1376565, 26.1649697], [83.139182, 26.1669012], [83.1395055, 26.1681825], [83.1376225, 26.1688649], [83.1335473, 26.1716511], [83.1326807, 26.1745928], [83.1289244, 26.1761631], [83.1274647, 26.1760014], [83.1265949, 26.1749221], [83.123014, 26.1746501], [83.118765, 26.1756062], [83.1179425, 26.1763088], [83.1146314, 26.177418], [83.1129297, 26.1826149], [83.1111927, 26.1847615], [83.1097163, 26.185266], [83.1094207, 26.1858046]]}}, {"type": "Feature", "properties": {"name": "Baghari Nala", "layer": "minor", "sub_basin": "Ghaghara Confluence to Gomti confluence", "kind": "river"}, "geometry": {"type": "LineString", "coordinates": [[83.0776223, 26.0061593], [83.0773705, 26.0097237], [83.0780184, 26.0110639], [83.0781609, 26.013201], [83.0794987, 26.0151405], [83.0793757, 26.0172318], [83.0802606, 26.0189792], [83.0796754, 26.0206349], [83.0740444, 26.0219569], [83.0716417, 26.0233769], [83.0639844, 26.026235], [83.0549077, 26.0259356], [83.0514388, 26.0266664], [83.0502039, 26.0271804], [83.0503937, 26.0280397], [83.0456626, 26.030598], [83.0451051, 26.0304298], [83.0431271, 26.0313018], [83.0438836, 26.0317153], [83.0418895, 26.0342619], [83.0404313, 26.0340072], [83.0402265, 26.0331345], [83.0393585, 26.0326323], [83.0376783, 26.0336895], [83.0376278, 26.0342318], [83.0363677, 26.0353192], [83.0354346, 26.0348043], [83.034969, 26.0353253], [83.0344746, 26.0350525], [83.0346287, 26.0361606], [83.0335253, 26.0367764], [83.0328931, 26.0383604], [83.0316257, 26.0393169], [83.0315946, 26.0401207], [83.0322276, 26.0406128], [83.0316325, 26.0411582], [83.0323162, 26.0428591], [83.0345379, 26.0433468], [83.0340743, 26.0442695], [83.0347341, 26.0448694], [83.0334792, 26.0459793], [83.0336392, 26.0471369], [83.0348263, 26.0467366], [83.0350147, 26.0481014], [83.0362722, 26.0483003], [83.036382, 26.0488719], [83.0352386, 26.0489152], [83.0349405, 26.0495873], [83.0353455, 26.0501819], [83.0338938, 26.0503106], [83.0328641, 26.0523154], [83.03145, 26.0534636], [83.0310188, 26.0530906], [83.0307207, 26.0540561], [83.0291621, 26.0546557], [83.0291737, 26.0553234], [83.0271895, 26.0544261], [83.0263916, 26.0545095], [83.0259759, 26.0556121], [83.0250544, 26.055556]]}}, {"type": "Feature", "properties": {"name": "Silani", "layer": "minor", "sub_basin": "Ghaghara Confluence to Gomti confluence", "kind": "river"}, "geometry": {"type": "LineString", "coordinates": [[83.1488228, 26.0911005], [83.1501534, 26.0926413], [83.1500724, 26.0938865], [83.1494522, 26.094662], [83.1501542, 26.0953203], [83.1500665, 26.0962307], [83.1488483, 26.0962506], [83.1487258, 26.0980705], [83.1469499, 26.0993433], [83.1463865, 26.1003093], [83.1464008, 26.1010266], [83.1473695, 26.1017762], [83.1455821, 26.1024751], [83.1461772, 26.1030873], [83.1462011, 26.1042829], [83.147711, 26.1055978], [83.1468422, 26.1071906], [83.1472436, 26.1087149], [83.1468544, 26.1104435], [83.1453303, 26.1137214], [83.1440724, 26.1144117], [83.143768, 26.1150864], [83.1417841, 26.1139227], [83.1410434, 26.1139826], [83.1394008, 26.1166405], [83.1376083, 26.1171002], [83.1356955, 26.1168443], [83.135181, 26.1176181], [83.1341168, 26.1173961], [83.1338415, 26.1168744], [83.1297066, 26.1167979], [83.1293045, 26.1152258], [83.1288239, 26.1150422], [83.1257771, 26.1163832], [83.1252455, 26.1162961], [83.1245331, 26.1151116], [83.1238463, 26.1152184], [83.1231086, 26.1181007], [83.1215327, 26.1187959], [83.1206142, 26.1205807], [83.1153241, 26.1237277], [83.1150942, 26.1255014], [83.1117111, 26.1259385], [83.1109051, 26.1253774], [83.10794, 26.1281997], [83.1063485, 26.1308085], [83.1031875, 26.1317681], [83.1028448, 26.1332087], [83.104349, 26.1342371], [83.1050669, 26.1357086], [83.1059146, 26.135695], [83.1067416, 26.1346293], [83.1065881, 26.1375978], [83.1080177, 26.137527], [83.107781, 26.138966], [83.1084253, 26.1393862], [83.1082056, 26.141686], [83.1101407, 26.1430584], [83.1088005, 26.1449773], [83.1085174, 26.1467519], [83.1079913, 26.1469517], [83.1074529, 26.1465298], [83.1066732, 26.1473077], [83.1053021, 26.1476646], [83.1022517, 26.1461826], [83.1018156, 26.1455676], [83.0992534, 26.1446518], [83.0967227, 26.1426352], [83.0963331, 26.1416846], [83.0921581, 26.1395984], [83.0915575, 26.1386991], [83.0908111, 26.1384718], [83.0907877, 26.1372762], [83.0898041, 26.135761], [83.0886943, 26.1359222], [83.088933, 26.1345789], [83.0879728, 26.1342593], [83.0884164, 26.1320955], [83.0863087, 26.1289999], [83.085803, 26.1289837], [83.0845772, 26.1313472], [83.0835315, 26.1320814], [83.0826727, 26.131521], [83.0817274, 26.1319665], [83.0817032, 26.1334499], [83.0822489, 26.1342545], [83.0818418, 26.135122], [83.082051, 26.137702], [83.0808175, 26.139683], [83.0796649, 26.140371], [83.0783905, 26.1402476], [83.0773921, 26.140694], [83.0777351, 26.1419802], [83.0771058, 26.142325], [83.0774897, 26.1429887], [83.0770323, 26.1440005], [83.0759233, 26.1442094], [83.0760515, 26.1453555], [83.0754287, 26.1460351], [83.0748094, 26.1496328], [83.074286, 26.149976], [83.073942, 26.1513687], [83.0742226, 26.1549044], [83.0736833, 26.1571613], [83.0728847, 26.1569826], [83.0714733, 26.1580095], [83.0716481, 26.15882], [83.0722914, 26.1591925], [83.071675, 26.1602069], [83.0688612, 26.1589754], [83.0690487, 26.1582597], [83.0676758, 26.1578281], [83.0677166, 26.1564556], [83.0670432, 26.1562711], [83.067168, 26.1556871], [83.0650351, 26.1527031], [83.0641783, 26.1526048], [83.0653334, 26.1511825], [83.0641703, 26.1501656], [83.0643939, 26.1492282], [83.0635878, 26.1491721], [83.0624641, 26.1444179], [83.0613281, 26.1440777], [83.0616949, 26.1427545], [83.0596351, 26.1399273], [83.0568716, 26.1388701], [83.0560883, 26.1378298], [83.0549464, 26.1337166], [83.0559228, 26.1300923], [83.053071, 26.1276913], [83.0519165, 26.1271437], [83.0505225, 26.1274794], [83.0487383, 26.1295221], [83.0479529, 26.1317853], [83.0476014, 26.136854], [83.0432216, 26.136009], [83.0406126, 26.1349088], [83.0378963, 26.1328216], [83.0376648, 26.131868], [83.0361147, 26.1301253], [83.035342, 26.1273742], [83.03384, 26.1260956], [83.0329838, 26.1231381], [83.0337789, 26.1202565], [83.0334231, 26.1181901], [83.0292407, 26.1165656], [83.016041, 26.1152841], [83.0101833, 26.115357], [83.0085568, 26.1132088], [83.0061879, 26.1114907]]}}, {"type": "Feature", "properties": {"name": "Chumkuni Nala", "layer": "minor", "sub_basin": null, "kind": "river"}, "geometry": {"type": "LineString", "coordinates": [[83.0692989, 26.2793786], [83.0661864, 26.2797205], [83.0650005, 26.2787948], [83.0615113, 26.2784774], [83.0590891, 26.2773842], [83.058604, 26.2764813], [83.0577933, 26.2761515], [83.0574224, 26.2769049], [83.058258, 26.2774288], [83.0582126, 26.2780832], [83.0571851, 26.2803708], [83.0561186, 26.2806366], [83.0534209, 26.2796515], [83.0510988, 26.2787071], [83.0475513, 26.2758123], [83.0454343, 26.2751838], [83.0427873, 26.2735442], [83.0395312, 26.269977], [83.0346127, 26.2673384], [83.0308765, 26.2636535], [83.0287574, 26.2597979], [83.0267608, 26.2592685], [83.0228559, 26.2602045], [83.0210492, 26.2600588], [83.0202498, 26.2584019], [83.0202508, 26.2572512], [83.0209179, 26.2557443], [83.0241893, 26.2521272], [83.0237148, 26.2509038], [83.0239815, 26.2492508], [83.0233666, 26.2492529], [83.0218, 26.2473633], [83.020812, 26.2475534], [83.020543, 26.2466438], [83.0196924, 26.2472429], [83.0164478, 26.2462185], [83.0148183, 26.246548], [83.0109049, 26.2453371], [83.0110977, 26.2443492], [83.0092849, 26.2415887], [83.0070495, 26.2411762], [83.0075836, 26.2394202], [83.0064916, 26.2373411], [83.0066401, 26.2367192], [83.0061834, 26.2366669], [83.0060586, 26.2348744], [83.008139, 26.2338536], [83.0084994, 26.2320869], [83.0050183, 26.2297827]]}}, {"type": "Feature", "properties": {"name": "Chhoti Sarju", "layer": "minor", "sub_basin": "Ghaghara", "kind": "river"}, "geometry": {"type": "LineString", "coordinates": [[82.95, 26.30298786382886], [82.9523337, 26.3033249], [82.9514742, 26.3007565], [82.9531498, 26.3005639], [82.9547661, 26.2974788], [82.9548267, 26.2964558], [82.9532053, 26.2941536], [82.9533282, 26.2933936], [82.9566772, 26.2941517], [82.95696, 26.2931383], [82.955655, 26.2911152], [82.9560702, 26.2906205], [82.9583725, 26.290233], [82.9600479, 26.2882705], [82.9629713, 26.2870786], [82.9629396, 26.2853568], [82.9620198, 26.2851195], [82.9618103, 26.2845485], [82.9642368, 26.2844763], [82.9649835, 26.2839628], [82.9647747, 26.2834277], [82.9634921, 26.2829447], [82.9630724, 26.2817669], [82.965918, 26.2806838], [82.9669936, 26.2807394], [82.967172, 26.2817772], [82.9677363, 26.2821634], [82.9710382, 26.2820779], [82.9720449, 26.2827086], [82.9735456, 26.282076], [82.9747154, 26.2829195], [82.9756226, 26.2824753], [82.9767067, 26.2808444], [82.9798851, 26.2805453], [82.9796028, 26.282487], [82.9801885, 26.284021], [82.9827796, 26.2842329], [82.9840328, 26.2831376], [82.9845296, 26.2841706], [82.9858076, 26.2844024], [82.9861871, 26.2855448], [82.9854257, 26.2859843], [82.9873481, 26.2880387], [82.9871528, 26.2903739], [82.9884482, 26.2915382], [82.9908923, 26.2923981], [82.9908653, 26.2930802], [82.9877136, 26.2926975], [82.987323, 26.2930981], [82.988261, 26.2943038], [82.9877651, 26.2954594], [82.9892817, 26.2978045], [82.9891965, 26.2996356], [82.9923562, 26.3025656], [82.9945841, 26.3024959], [82.9976574, 26.2986818], [82.9992087, 26.2986223], [82.9986584, 26.2968726], [83.0007304, 26.2969845], [83.0018237, 26.2958556], [83.0024571, 26.2935496], [83.0044488, 26.2936268], [83.0043827, 26.2922285], [83.0025853, 26.2897803], [83.0048474, 26.2894228], [83.0055609, 26.2871515], [83.0060478, 26.2876464], [83.0062158, 26.292344], [83.0084368, 26.2919154], [83.0085117, 26.29378], [83.0094668, 26.2937653], [83.0104089, 26.2930692], [83.0115097, 26.2944516], [83.0120513, 26.2936181], [83.0145076, 26.2930063], [83.015473, 26.2956466], [83.0140318, 26.2973192], [83.0140191, 26.2987545], [83.015364, 26.2983033], [83.0165981, 26.2962034], [83.018214, 26.2953533], [83.0192129, 26.2955532], [83.0202295, 26.2966857], [83.0210254, 26.2966735], [83.021506, 26.2947286], [83.0222675, 26.2950039], [83.0225355, 26.2965426], [83.0212475, 26.29789], [83.0213757, 26.2983544], [83.0245079, 26.2976962], [83.0249677, 26.2967562], [83.0239497, 26.295552], [83.0239184, 26.293902], [83.0218995, 26.2923903], [83.0201048, 26.2922027], [83.0192542, 26.2914264], [83.017587, 26.2916674], [83.0174561, 26.2910594], [83.0184176, 26.2892865], [83.0191655, 26.2888445], [83.0198426, 26.2888699], [83.0209806, 26.2901082], [83.0217305, 26.2897737], [83.0218342, 26.2889469], [83.0207623, 26.2869901], [83.0204943, 26.2854514], [83.0222777, 26.2829482], [83.0234411, 26.2834326], [83.024462, 26.2826993], [83.0273948, 26.282044], [83.0289061, 26.2819848], [83.0312453, 26.2835991], [83.0325015, 26.2826827], [83.0332382, 26.2837476], [83.03472, 26.284227], [83.0356316, 26.2861145], [83.0369941, 26.2865957], [83.0370276, 26.2883532], [83.0396456, 26.2899631], [83.0396613, 26.290788], [83.0378275, 26.2906371], [83.0376429, 26.2913935], [83.0393684, 26.2921201], [83.0407151, 26.2938573], [83.0415069, 26.2936297], [83.0430725, 26.294323], [83.0448557, 26.2939005], [83.0463458, 26.2927292], [83.0459038, 26.2904398], [83.0433146, 26.2903366], [83.0436878, 26.2890391], [83.0461199, 26.2892524], [83.0469781, 26.288342], [83.0490732, 26.2875918], [83.0502814, 26.2883264], [83.0495859, 26.2894136], [83.0506218, 26.2894692], [83.0521413, 26.2877591], [83.0523986, 26.2887239], [83.053484, 26.289281], [83.05519, 26.2869221], [83.0570141, 26.2865707], [83.0580196, 26.285048], [83.0597731, 26.285164], [83.0597617, 26.2866353], [83.0606817, 26.286872], [83.0616976, 26.2858873], [83.0641533, 26.2811485], [83.0681328, 26.2811218], [83.0683074, 26.2798633], [83.0694906, 26.2793064], [83.0713732, 26.2799226], [83.0733562, 26.2816136], [83.0752821, 26.2824084], [83.076454, 26.2853679], [83.0749448, 26.2855353], [83.0735696, 26.286454], [83.0739695, 26.2886004], [83.0753991, 26.2904795], [83.0771904, 26.2884419], [83.0794845, 26.2893314], [83.0802656, 26.2885655], [83.0820862, 26.2880344], [83.0824555, 26.2865575], [83.0813763, 26.2863234], [83.0821818, 26.2847678], [83.0820589, 26.2825452], [83.0843519, 26.2817554], [83.0846457, 26.280495], [83.0852725, 26.2799827], [83.0856704, 26.2799764], [83.0866262, 26.2820423], [83.087692, 26.2815948], [83.0893659, 26.2817117], [83.0899424, 26.280662], [83.0906963, 26.2805424], [83.0918015, 26.2821035], [83.0933001, 26.281398], [83.0945225, 26.2828496], [83.0954641, 26.2821529], [83.0955596, 26.2809314], [83.0972669, 26.2807248], [83.0976377, 26.2813647], [83.0969356, 26.2820935], [83.0979067, 26.2829033], [83.0983669, 26.2840441], [83.0990042, 26.2840698], [83.1013884, 26.2818431], [83.1025841, 26.2819316], [83.1033542, 26.2826369], [83.1068187, 26.282725], [83.1088215, 26.2833746], [83.1099513, 26.2821365], [83.1101014, 26.2796584], [83.1122785, 26.2770401], [83.1138836, 26.2736775], [83.114433, 26.2672462], [83.120379, 26.2600463], [83.1225825, 26.2587908], [83.1223438, 26.2567854], [83.1227295, 26.2561692], [83.1249421, 26.2553801], [83.1261141, 26.2542847], [83.1259542, 26.2522422], [83.1278023, 26.2511359], [83.1284514, 26.249762], [83.131735, 26.2488118], [83.1337734, 26.2472718], [83.140398, 26.2462672], [83.1424287, 26.2463418], [83.1435386, 26.2481178], [83.1444954, 26.2482098], [83.1457119, 26.2473648], [83.1479104, 26.2478671], [83.1556283, 26.2517595], [83.1570176, 26.2535667], [83.1594433, 26.253491], [83.1643188, 26.2564967], [83.169318, 26.257742], [83.1718169, 26.257342], [83.1759338, 26.2582429], [83.1781574, 26.2599642], [83.1791552, 26.2620647], [83.1818337, 26.2626662], [83.1832089, 26.2637557], [83.1855958, 26.2637161], [83.1853981, 26.2657287], [83.1857251, 26.2661539], [83.1863219, 26.266144], [83.1871397, 26.2652693], [83.1879478, 26.2658658], [83.1890227, 26.2658838], [83.190076, 26.2667992], [83.1902211, 26.2680526], [83.1908715, 26.2687235], [83.1922249, 26.2687369], [83.1938434, 26.2700376], [83.1957081, 26.2697554], [83.2020816, 26.2719813], [83.2032088, 26.2726083], [83.2032, 26.2741154], [83.2088574, 26.2724779], [83.2100184, 26.2708797], [83.2120047, 26.2707029], [83.2129634, 26.2728038], [83.2138386, 26.2727891], [83.2142241, 26.2741102], [83.2099318, 26.2743975], [83.2090272, 26.2768525], [83.2099844, 26.2788816], [83.2113461, 26.2792894], [83.2120879, 26.2785952], [83.2148614, 26.2799121], [83.2168581, 26.2802374], [83.2186831, 26.2799555], [83.2196625, 26.2811231], [83.2213838, 26.2815965], [83.2224912, 26.2812549], [83.2237625, 26.2830634], [83.2250536, 26.2839027], [83.2266068, 26.2839483], [83.227812, 26.2825645], [83.2336066, 26.2836865], [83.2361937, 26.2817769], [83.2428405, 26.27987], [83.2434599, 26.2790343], [83.2447218, 26.2784746], [83.2484399, 26.2792725], [83.2510951, 26.2787249], [83.2540536, 26.2793561], [83.2556421, 26.2791855], [83.2566473, 26.2796706], [83.2571428, 26.2805233], [83.2578192, 26.2805117], [83.2615403, 26.279551], [83.2622614, 26.2778882], [83.2621657, 26.2752346], [83.2615739, 26.2735943], [83.263932, 26.2702887], [83.2653437, 26.2692957], [83.2665319, 26.2652567], [83.268535, 26.2640024], [83.2718895, 26.2645547], [83.2737066, 26.2639134], [83.2757128, 26.2609366], [83.2786996, 26.2591629], [83.2802726, 26.2564088], [83.282166, 26.2556226], [83.283559, 26.2556344], [83.2843241, 26.2523201], [83.2850233, 26.2515187], [83.2868829, 26.25102], [83.2894171, 26.2523037], [83.291868, 26.2515436], [83.2924584, 26.2475147], [83.2936693, 26.2464532], [83.2950216, 26.2464297], [83.2958851, 26.2458765], [83.2970111, 26.2425607], [83.2981094, 26.241824], [83.2997799, 26.2417949], [83.3019888, 26.2408953], [83.3031589, 26.2397985], [83.3041514, 26.2378436], [83.307483, 26.2373549], [83.3102084, 26.2345804], [83.3114989, 26.2316873], [83.3130055, 26.2314457], [83.314648, 26.2301252], [83.3148526, 26.2285429], [83.3142465, 26.2262571], [83.3150202, 26.2252389], [83.3161213, 26.2246455], [83.3181081, 26.2245389], [83.320193, 26.2252917], [83.3230294, 26.2276818], [83.3239043, 26.2276664], [83.3249228, 26.2269309], [83.3259866, 26.2246158], [83.328669, 26.2235639], [83.330676, 26.2243897], [83.3352936, 26.2245235], [83.3385997, 26.2265461], [83.3434201, 26.2250255], [83.347186, 26.224887]]}}, {"type": "Feature", "properties": {"name": "Jamura Nala", "layer": "minor", "sub_basin": "Ghaghara", "kind": "river"}, "geometry": {"type": "LineString", "coordinates": [[83.1374081, 26.6805189], [83.150881, 26.6730339], [83.1525487, 26.672632], [83.1589131, 26.6732488], [83.164312, 26.6706255], [83.1666079, 26.6715365], [83.1686432, 26.6741848], [83.1713867, 26.6762824], [83.1712263, 26.6770045], [83.1684992, 26.6784043], [83.1682886, 26.6792799], [83.1688516, 26.680498], [83.1713944, 26.6826905], [83.1727258, 26.6831774], [83.1738811, 26.6830326], [83.1751165, 26.6819807], [83.1749694, 26.6787542], [83.1755613, 26.6768632], [83.1757353, 26.6729054], [83.1753326, 26.6706086], [83.1755375, 26.6684017], [83.1774952, 26.6654633], [83.1800918, 26.6651013], [83.1831953, 26.6639358], [83.1874802, 26.6647823], [83.1894815, 26.6689512], [83.1913056, 26.6703177], [83.1917412, 26.6677993], [83.1936083, 26.6655693], [83.1930647, 26.6636652], [83.1920392, 26.6622757], [83.192149, 26.6609941], [83.1945997, 26.660501], [83.1957703, 26.6608614], [83.1985097, 26.6641859], [83.2010515, 26.6646404], [83.2014829, 26.663864], [83.2024772, 26.6636468], [83.2023313, 26.6631731], [83.2032152, 26.6630281], [83.2023003, 26.6618598], [83.2026352, 26.6594228], [83.2042977, 26.6594219], [83.2041565, 26.6586142], [83.205793, 26.6575483], [83.2103784, 26.6573199], [83.2117249, 26.657969], [83.2142511, 26.6578952], [83.2142954, 26.656785], [83.215721, 26.6558049], [83.2168613, 26.6560478], [83.2174186, 26.6557045], [83.2202784, 26.6522639], [83.2209853, 26.6507246], [83.2222159, 26.6509945], [83.2220745, 26.6500515], [83.223004, 26.6504389], [83.2247988, 26.6526129], [83.2247187, 26.6529739], [83.2236288, 26.6529882], [83.2230375, 26.6545815], [83.2248623, 26.6565389], [83.226585, 26.6564654], [83.226665, 26.6559463], [83.2283628, 26.6563784], [83.2307531, 26.6559164], [83.2304776, 26.656783], [83.2318038, 26.6570528], [83.2322707, 26.6568088], [83.2322046, 26.6559423], [83.235552, 26.6533495], [83.2386162, 26.6538525], [83.2402043, 26.6550155], [83.2415973, 26.6568961], [83.2418698, 26.6580918], [83.2414841, 26.659112], [83.2418163, 26.6597525], [83.2393667, 26.66114], [83.2392874, 26.6623494], [83.2426703, 26.6648467], [83.2459855, 26.6649884], [83.2470763, 26.6658223], [83.2521641, 26.6659429], [83.2529423, 26.6670805], [83.252501, 26.668099], [83.2531026, 26.6688161], [83.2531922, 26.6699377], [83.2540014, 26.6707696], [83.2563651, 26.6712006], [83.2583266, 26.6708655], [83.2627646, 26.6685564], [83.2653526, 26.6680706], [83.2660108, 26.6689657], [83.2652685, 26.6698688], [83.2662501, 26.6719316], [83.2687022, 26.6740483], [83.2684119, 26.6752964], [83.2691372, 26.6767217], [83.2726112, 26.6767983], [83.2740935, 26.6763002], [83.2750378, 26.6751124], [83.2752751, 26.6717202], [83.2748979, 26.6693839], [83.2767667, 26.6687451], [83.277176, 26.666471]]}}, {"type": "Feature", "properties": {"name": "Karmahia Nala", "layer": "minor", "sub_basin": "Ghaghara", "kind": "river"}, "geometry": {"type": "LineString", "coordinates": [[83.2842294, 26.5577671], [83.2849134, 26.5601418], [83.2871701, 26.5610061], [83.288317, 26.5606148], [83.2890426, 26.5590543], [83.2919223, 26.5593954], [83.2942573, 26.5586814], [83.2966526, 26.559865], [83.2976142, 26.5633147], [83.3001712, 26.5640135], [83.3065248, 26.5633025], [83.3077158, 26.5649588], [83.3118015, 26.5657919], [83.3141489, 26.569324], [83.3140047, 26.5710326], [83.3174386, 26.570484], [83.3182204, 26.5708376], [83.3186381, 26.5703618], [83.3197082, 26.5709029], [83.3202084, 26.5719191], [83.3214135, 26.5726242], [83.3215964, 26.5736915], [83.3235813, 26.5751423], [83.3233014, 26.5757617], [83.3248935, 26.5773637], [83.3246239, 26.5782032], [83.3267772, 26.5796603], [83.3265624, 26.5804881], [83.3300928, 26.5818824], [83.3304297, 26.583193], [83.3310808, 26.5835268], [83.3312301, 26.5852202], [83.332234, 26.5856389], [83.3317086, 26.5864177], [83.3325033, 26.5867677], [83.3331401, 26.5885449], [83.3341124, 26.5891667], [83.3341087, 26.589664], [83.3324364, 26.5900755], [83.3306933, 26.5939597]]}}, {"type": "Feature", "properties": {"name": "Gogahra Nala", "layer": "minor", "sub_basin": "Ghaghara", "kind": "river"}, "geometry": {"type": "LineString", "coordinates": [[83.2742395, 26.6292566], [83.2751285, 26.6292082], [83.2751047, 26.6256462], [83.2766034, 26.6238656], [83.2769682, 26.6220129], [83.2781111, 26.6217685], [83.2787668, 26.6206363], [83.2800778, 26.6198145], [83.2816099, 26.6195661], [83.2826635, 26.6181689], [83.2833053, 26.6157019], [83.2830234, 26.6152326], [83.2848844, 26.6141895], [83.2852667, 26.6106982], [83.2863877, 26.607498], [83.2877153, 26.6056873], [83.2908571, 26.6054825], [83.2908361, 26.6044687], [83.2918208, 26.6041587], [83.2912618, 26.6034814], [83.2921426, 26.6031381], [83.2919872, 26.6023693], [83.2928853, 26.6014624], [83.2938435, 26.6009257], [83.2943167, 26.6016178], [83.2950323, 26.6013145], [83.2960851, 26.6016291], [83.2967041, 26.6026225], [83.2978104, 26.6032109], [83.2979828, 26.604158], [83.2992466, 26.604161], [83.2987767, 26.6047688], [83.2992216, 26.6056357], [83.2988493, 26.6065876], [83.3000981, 26.607554], [83.2992131, 26.6093101], [83.2991093, 26.610991], [83.3013448, 26.6135741], [83.3027396, 26.6143215], [83.3077002, 26.614303], [83.3087881, 26.6133397], [83.3097759, 26.6108934], [83.3115969, 26.6091016], [83.314413, 26.6087761], [83.3167312, 26.6076573], [83.3193508, 26.6090795], [83.3181812, 26.60422], [83.3194589, 26.5993177], [83.3224739, 26.5960117], [83.3325293, 26.5934431], [83.3345257, 26.5922597], [83.3358003, 26.5921416], [83.3383912, 26.5938183], [83.3372313, 26.5991971], [83.3383161, 26.6001348], [83.340878, 26.6004724], [83.3425344, 26.5983381], [83.3438091, 26.5982199], [83.3445706, 26.5989719], [83.3466005, 26.5993187], [83.3485072, 26.5989023], [83.3519679, 26.5965445], [83.3530942, 26.5945151], [83.351406, 26.5903349], [83.3529362, 26.5824616], [83.3533421, 26.5767133], [83.3551232, 26.5754378], [83.3565599, 26.5730201], [83.3568391, 26.5711971], [83.3577565, 26.5693628], [83.3591161, 26.5682861], [83.3618648, 26.5674717], [83.3643042, 26.5655076], [83.3658287, 26.5638607], [83.3669481, 26.5615443], [83.3688457, 26.560745], [83.3712877, 26.56051], [83.3759247, 26.5632976], [83.3786618, 26.565813], [83.3797297, 26.5659852], [83.3825219, 26.5623469], [83.392624, 26.5596773], [83.3940495, 26.5583933], [83.3953698, 26.5549996], [83.3974156, 26.5524589], [83.3977545, 26.5548617], [83.4020975, 26.5550298], [83.4046062, 26.5519493], [83.4052985, 26.5491451], [83.4066693, 26.5475527], [83.4086084, 26.5435458], [83.4096592, 26.5440739], [83.4095778, 26.5462874], [83.4108875, 26.5473578]]}}, {"type": "Feature", "properties": {"name": "Jokaha Nala", "layer": "minor", "sub_basin": "Ghaghara", "kind": "river"}, "geometry": {"type": "LineString", "coordinates": [[83.294288, 26.6913483], [83.2967236, 26.6920059], [83.2974642, 26.693083], [83.2997221, 26.6938823], [83.3010162, 26.6937348], [83.3022306, 26.6924234], [83.3035168, 26.6925799], [83.304423, 26.6920712], [83.3088914, 26.6934235], [83.3103796, 26.6934626], [83.3110255, 26.6943766], [83.3106647, 26.6971571], [83.3114163, 26.6996038], [83.3139953, 26.7015969], [83.3170235, 26.7016188], [83.3178593, 26.7030929], [83.3181063, 26.7053161], [83.3171853, 26.7089207], [83.3166158, 26.7143259], [83.3159945, 26.7161845], [83.3138163, 26.7194687], [83.3134467, 26.7241572], [83.3126995, 26.7252719], [83.3088031, 26.7270349], [83.3077376, 26.728038], [83.3046019, 26.7351916]]}}, {"type": "Feature", "properties": {"name": "Sonwan Nala", "layer": "minor", "sub_basin": "Ghaghara", "kind": "river"}, "geometry": {"type": "LineString", "coordinates": [[83.2872727, 26.7202708], [83.2869969, 26.7182721], [83.2878392, 26.7171812], [83.2864676, 26.715321], [83.2865675, 26.7137644], [83.2852062, 26.7123825], [83.282653, 26.712875], [83.282385, 26.7112351], [83.2845766, 26.7094032], [83.2853396, 26.7077156], [83.2875393, 26.7078272], [83.2887682, 26.7061315], [83.291247, 26.7068363], [83.291942, 26.7066448], [83.2920047, 26.7049095], [83.2910383, 26.7033115], [83.2911183, 26.7023832], [83.2917711, 26.7017739], [83.2919727, 26.6987503], [83.2958208, 26.6981157], [83.2938976, 26.696923], [83.2943846, 26.6947916], [83.2959268, 26.6937482], [83.2958378, 26.6927032], [83.293934, 26.6908524], [83.2953038, 26.6876711], [83.2955771, 26.6855134], [83.2930143, 26.6802473], [83.2907149, 26.6773208], [83.2914806, 26.6757766], [83.2923518, 26.671695], [83.291327, 26.668603], [83.289511, 26.6658595], [83.2897619, 26.6651375], [83.2923578, 26.6645186], [83.2905757, 26.6633533], [83.2897189, 26.6606411], [83.2883352, 26.6603415], [83.2884721, 26.6587533], [83.2902298, 26.658416], [83.2908981, 26.657623]]}}, {"type": "Feature", "properties": {"name": "Baluahwa Nala", "layer": "minor", "sub_basin": "Ghaghara", "kind": "river"}, "geometry": {"type": "LineString", "coordinates": [[83.2644454, 26.8398073], [83.2656568, 26.8387736], [83.2677243, 26.8353924], [83.2679051, 26.8327355], [83.2673038, 26.8294371], [83.268113, 26.8247568], [83.2679846, 26.8211784], [83.2689522, 26.8163115], [83.2704624, 26.8152923], [83.272369, 26.815565], [83.278153, 26.818086], [83.2797602, 26.8181806], [83.280339, 26.8178368], [83.2809266, 26.8142425], [83.2853503, 26.813505], [83.2914967, 26.8112736], [83.2935378, 26.8126264], [83.2966773, 26.8168204], [83.302046, 26.8202222], [83.3077954, 26.8220293], [83.3108101, 26.8219319], [83.3119916, 26.8210585], [83.3127341, 26.8192705], [83.3143626, 26.8200909], [83.3164053, 26.8199767], [83.3167119, 26.8203923], [83.3168745, 26.8209169], [83.3152769, 26.8211528], [83.3147206, 26.8217605], [83.3143989, 26.8228383], [83.3150461, 26.8238272], [83.3164943, 26.8240177], [83.318403, 26.8224016]]}}, {"type": "Feature", "properties": {"name": "Jahda Tal", "layer": "minor", "sub_basin": "Ghaghara", "kind": "river"}, "geometry": {"type": "LineString", "coordinates": [[83.3260864, 26.8545606], [83.3285494, 26.8557222], [83.3305844, 26.8548984], [83.3307581, 26.8556542], [83.3315228, 26.8553857], [83.3323757, 26.856103], [83.3351505, 26.8564524], [83.336841, 26.8563731], [83.3385161, 26.8553462], [83.3426162, 26.8543097], [83.3446993, 26.8558997], [83.3498893, 26.8642275], [83.3524786, 26.8656858], [83.353903, 26.8672783], [83.3542611, 26.8692255], [83.3547733, 26.869742], [83.357182, 26.8690576], [83.3593324, 26.8674843], [83.3595442, 26.8686777], [83.3626512, 26.8683631]]}}, {"type": "Feature", "properties": {"name": "Khurna Nala", "layer": "minor", "sub_basin": "Ghaghara", "kind": "river"}, "geometry": {"type": "LineString", "coordinates": [[83.3309843, 26.8216433], [83.3306056, 26.8231489], [83.3317332, 26.8259518], [83.3350423, 26.8260851], [83.3387988, 26.8271673], [83.3395984, 26.8271532], [83.3410669, 26.826027], [83.3438805, 26.8254511], [83.3482045, 26.8256619], [83.3578563, 26.8280745], [83.3603965, 26.8296083], [83.3647271, 26.8301054], [83.3667463, 26.8324175], [83.3667463, 26.8330316], [83.3690357, 26.8344303], [83.3688775, 26.8369209], [83.3667463, 26.8379603], [83.3658885, 26.8392227], [83.3667463, 26.8417384], [83.3744029, 26.8431855], [83.3762657, 26.8430087], [83.379214, 26.8412815], [83.3796332, 26.838547], [83.3801003, 26.8379645], [83.3809554, 26.8380449], [83.3819051, 26.8400854], [83.3838532, 26.8412463], [83.3842338, 26.8439665], [83.3865039, 26.8453133], [83.3862554, 26.846131], [83.3854664, 26.8466236], [83.3858012, 26.8472874], [83.388227, 26.84844], [83.39014, 26.8505107], [83.3905752, 26.8532778], [83.3914006, 26.8544112], [83.3912801, 26.8561835], [83.3923285, 26.8577435], [83.3923691, 26.8595608], [83.3915831, 26.8601968], [83.3896029, 26.8646818], [83.3884927, 26.8651323], [83.3876683, 26.8664388], [83.3868151, 26.8664541], [83.3866338, 26.8655005], [83.3857209, 26.8652299], [83.3844134, 26.8664015], [83.384439, 26.8675493], [83.3855737, 26.8681987], [83.3851951, 26.8703584], [83.3854394, 26.8748443], [83.3871278, 26.8768682], [83.3879346, 26.8789691], [83.3863145, 26.8837474], [83.3866167, 26.8846962], [83.387684, 26.8856197], [83.3885569, 26.8880416], [83.3871034, 26.8889679], [83.3869721, 26.8894993], [83.3893993, 26.892511], [83.3867984, 26.8950662], [83.386548, 26.897152], [83.3849408, 26.8969431], [83.3834662, 26.8974737], [83.3828689, 26.8993451], [83.3834005, 26.9001989], [83.3846959, 26.9001347], [83.3850117, 26.9005398], [83.3850011, 26.9023392], [83.3839286, 26.9033967], [83.3839179, 26.9045771], [83.3853708, 26.9063909], [83.3853033, 26.9072096], [83.3843565, 26.9069352], [83.3829873, 26.9088416], [83.3833628, 26.9112425], [83.3847226, 26.9117876], [83.3854759, 26.9114393], [83.3868531, 26.9122562], [83.3873988, 26.9154206], [83.3863866, 26.9175743], [83.3876264, 26.9174867], [83.3878647, 26.9189913], [83.3891969, 26.9201476], [83.3877, 26.9211741], [83.3864811, 26.9213437], [83.3870482, 26.9246176], [83.3921599, 26.9294912], [83.3939879, 26.9306025], [83.3953938, 26.9305273], [83.3959893, 26.9313548], [83.3975684, 26.9318366], [83.3995874, 26.9334798], [83.4003367, 26.9329913], [83.4032169, 26.9332765], [83.4037036, 26.9338507], [83.4025534, 26.9344728], [83.4027405, 26.935797], [83.4043271, 26.9368316], [83.4061604, 26.9368862], [83.4061306, 26.9349805], [83.4066514, 26.934547], [83.4094752, 26.9354029], [83.4096058, 26.936679], [83.4110112, 26.9368926], [83.4116369, 26.9353588], [83.413057, 26.9351428], [83.4137777, 26.9361487], [83.4150972, 26.9368678], [83.4140745, 26.9374455], [83.4148024, 26.9383853], [83.4152477, 26.9384982], [83.4159121, 26.9376403], [83.4165601, 26.9377649], [83.4172684, 26.940522], [83.4186269, 26.9415048], [83.4205335, 26.9417865], [83.4208663, 26.9430628], [83.4224159, 26.9436387], [83.4234842, 26.9446911], [83.4239492, 26.9446523], [83.4242676, 26.9433685], [83.4251799, 26.9427523], [83.4282146, 26.9432999], [83.4302138, 26.9467632], [83.4316607, 26.9470018], [83.4329487, 26.9484279], [83.4333378, 26.9483389], [83.4340204, 26.950609], [83.4336634, 26.9515126], [83.4354127, 26.9531204], [83.4346051, 26.9545254], [83.4372311, 26.9562709], [83.4372865, 26.9573632], [83.4379094, 26.9579114], [83.4369216, 26.9592215], [83.4371286, 26.9606813], [83.4365699, 26.9615169], [83.4369683, 26.9631908], [83.4365492, 26.9642417], [83.4349892, 26.9650088], [83.4351115, 26.9668273], [83.4361864, 26.9677823], [83.435828, 26.9693937], [83.433931, 26.9714534], [83.434341, 26.9720902], [83.4355564, 26.9718108], [83.4364067, 26.9736261], [83.434548, 26.9757912], [83.4336154, 26.9756294], [83.4327684, 26.9760901], [83.4330156, 26.9775856], [83.4339764, 26.9779041], [83.433915, 26.9789693], [83.4328971, 26.9790287], [83.4324694, 26.9795808], [83.4320175, 26.9790863], [83.4313479, 26.9792661], [83.4317635, 26.9806737], [83.4323836, 26.9811927], [83.4308767, 26.9819784], [83.4313666, 26.9830937], [83.4299997, 26.9834607], [83.4305958, 26.9846486], [83.4293204, 26.984922], [83.429565, 26.9865177], [83.4283474, 26.9875814], [83.4268482, 26.9874058], [83.4259541, 26.987807], [83.4262251, 26.9888063], [83.4257837, 26.9891286], [83.4264809, 26.9899269], [83.426098, 26.9907117], [83.4255315, 26.9908117], [83.4254184, 26.9917159], [83.4242251, 26.9923613], [83.4236223, 26.9912624], [83.4221041, 26.9914385], [83.422199, 26.9928613], [83.421098, 26.9928947], [83.4202432, 26.9937308], [83.4191305, 26.9938638], [83.4192788, 26.9948545], [83.4204272, 26.9956552], [83.4198142, 26.9959285], [83.4211548, 26.997215], [83.4204932, 26.9981742], [83.4196485, 26.9982757], [83.4197124, 26.99925], [83.4175963, 26.9987228], [83.4171915, 27.0006324], [83.4161468, 27.0014068], [83.4155513, 27.0010521], [83.4144811, 27.0014863], [83.4135156, 27.0032613], [83.4144633, 27.0040155], [83.4142775, 27.0044651], [83.4125349, 27.0046402], [83.4122198, 27.0038984], [83.4117483, 27.0038794], [83.4115126, 27.0050464], [83.4105455, 27.0057546], [83.410886, 27.0066154], [83.4076656, 27.008907], [83.4079732, 27.0098221], [83.4064698, 27.0109897], [83.4067228, 27.0120639], [83.4059653, 27.012111], [83.4052329, 27.0128668], [83.4044154, 27.0125773], [83.4042687, 27.0133417], [83.4034115, 27.0138545], [83.4032421, 27.0152711], [83.4048618, 27.0154141], [83.4042752, 27.0162233], [83.4035257, 27.0163953], [83.4039513, 27.0176888], [83.4029792, 27.0173927], [83.4023848, 27.0187897], [83.4011798, 27.0187883], [83.400965, 27.0202258], [83.4001673, 27.0205857], [83.3995262, 27.0202931], [83.3978276, 27.0216292], [83.3977997, 27.0223664], [83.3966006, 27.022848], [83.3965901, 27.0241839], [83.397417, 27.0262871], [83.3997952, 27.02769], [83.4002971, 27.0288571], [83.400012, 27.0296799], [83.4021058, 27.0316178], [83.4018126, 27.033], [83.4025857, 27.0337308], [83.4021009, 27.0345425], [83.4022135, 27.0358836], [83.4047377, 27.0374637], [83.4062821, 27.040057], [83.4067151, 27.0397802], [83.4104672, 27.0409885], [83.4130465, 27.0405991], [83.4139934, 27.0410928], [83.4143902, 27.0406039], [83.4163064, 27.0405874], [83.418555, 27.0415222], [83.4196538, 27.0403886], [83.4214134, 27.0415322], [83.4233105, 27.041254], [83.4245695, 27.0433852], [83.4257641, 27.0433105], [83.4266216, 27.0440566], [83.4290968, 27.0441204], [83.4295214, 27.0455611], [83.4312125, 27.0462372], [83.4330432, 27.0462148], [83.4348413, 27.0473184], [83.4343226, 27.0485006], [83.435374, 27.0489386], [83.4353841, 27.05053], [83.4374397, 27.0518797], [83.4387396, 27.0523387], [83.4393183, 27.052061], [83.4413787, 27.0534055], [83.4432946, 27.0534941], [83.4437994, 27.0543225], [83.4465302, 27.0555988], [83.449469, 27.0563087], [83.4502707, 27.0574201], [83.4531076, 27.0583055], [83.4537472, 27.0580376], [83.4565807, 27.0594379], [83.4605226, 27.0626895], [83.4644651, 27.06443], [83.4696013, 27.0699454], [83.472319, 27.0716962], [83.474015, 27.0757338], [83.4737818, 27.0766162], [83.4745021, 27.0786078], [83.4830687, 27.0877259], [83.4863215, 27.0895662], [83.4884047, 27.0901061], [83.4981032, 27.0912008], [83.5003131, 27.0909083], [83.5011793, 27.0930296]]}}, {"type": "Feature", "properties": {"name": "Chillua Nala", "layer": "minor", "sub_basin": "Ghaghara", "kind": "river"}, "geometry": {"type": "LineString", "coordinates": [[83.4316607, 26.9470018], [83.4313524, 26.945826], [83.4320352, 26.9460441], [83.4336669, 26.9451828], [83.434303, 26.9456563], [83.4352755, 26.9453587], [83.4354053, 26.9460401], [83.441212, 26.9468957], [83.44136, 26.9481732], [83.4431357, 26.9484622], [83.4438248, 26.9495993], [83.4453945, 26.9495707], [83.4468542, 26.9505813], [83.4471947, 26.9495853], [83.4485473, 26.9503052], [83.450756, 26.9501239], [83.4510045, 26.9507632], [83.4505442, 26.9510484], [83.451717, 26.9520527], [83.4534082, 26.9512519], [83.454833, 26.9518331], [83.4557752, 26.9516143], [83.4563384, 26.952197], [83.4551376, 26.9525199], [83.4562795, 26.9534796], [83.4556046, 26.9535255], [83.4540624, 26.9548151], [83.4542595, 26.9555535], [83.4551392, 26.9557861], [83.4553462, 26.9575609], [83.4563488, 26.9571744], [83.4567966, 26.9579067], [83.4582478, 26.9586338], [83.4598169, 26.9581476], [83.4600456, 26.9596906], [83.4607451, 26.9593552], [83.4619271, 26.9600898], [83.4632189, 26.9595206], [83.4639783, 26.9598484], [83.4632595, 26.9600712], [83.4634174, 26.9611067], [83.462979, 26.9619872], [83.4616664, 26.9616235], [83.4619564, 26.9643953], [83.4628355, 26.9647697], [83.4631501, 26.9638244], [83.4655899, 26.9632702], [83.467541, 26.9637524]]}}, {"type": "Feature", "properties": {"name": "Manjharia Tal", "layer": "minor", "sub_basin": "Ghaghara", "kind": "river"}, "geometry": {"type": "LineString", "coordinates": [[83.3179855, 26.8923183], [83.317729, 26.8934026], [83.3188055, 26.8949045], [83.3176864, 26.8957988], [83.3146322, 26.8953023], [83.3100061, 26.892886], [83.3071143, 26.8943248], [83.3070501, 26.8958559], [83.307696, 26.897967], [83.3088383, 26.8998309], [83.3128688, 26.9006899], [83.307406, 26.9100541], [83.3073001, 26.914201], [83.3091953, 26.9163034], [83.3090716, 26.9200097]]}}, {"type": "Feature", "properties": {"name": "Gobrahia Nala", "layer": "minor", "sub_basin": "Ghaghara", "kind": "river"}, "geometry": {"type": "LineString", "coordinates": [[83.2634152, 26.9394174], [83.2656834, 26.9383404], [83.2672593, 26.9384986], [83.2691075, 26.9373958], [83.2712725, 26.9350048], [83.2708079, 26.9329313], [83.2718462, 26.9312663], [83.2740997, 26.9315252], [83.2747543, 26.9306134], [83.2746274, 26.9287323], [83.2736793, 26.9280137], [83.2733075, 26.926684], [83.2736327, 26.9254031], [83.2698759, 26.9025996], [83.2663632, 26.9014952], [83.2650557, 26.8996495], [83.2656388, 26.8986911], [83.2674658, 26.8976042], [83.2684498, 26.8956307], [83.2695278, 26.8958408], [83.2705914, 26.8950206], [83.2707099, 26.8943193], [83.269706, 26.893471], [83.2695177, 26.8920228], [83.2703608, 26.8907789], [83.2719618, 26.8901468], [83.2720312, 26.8893497], [83.2731025, 26.8879967], [83.2763521, 26.8782649], [83.2770353, 26.8773636], [83.2787518, 26.8769985], [83.2809888, 26.8746429], [83.2814765, 26.8723212], [83.2830229, 26.8690202], [83.2870065, 26.8625773], [83.2863708, 26.8587393], [83.2873698, 26.8543859], [83.2884758, 26.8531841], [83.2867265, 26.8489571], [83.282374, 26.8458562], [83.277099, 26.8489176], [83.2734806, 26.8492485], [83.2717777, 26.8480022], [83.2694428, 26.8481615], [83.267543, 26.8471822], [83.2654941, 26.845091], [83.2640798, 26.8426964], [83.2638805, 26.8413626], [83.2644454, 26.8398073]]}}, {"type": "Feature", "properties": {"name": "Kuin Tal", "layer": "minor", "sub_basin": "Ghaghara", "kind": "river"}, "geometry": {"type": "LineString", "coordinates": [[83.2659683, 26.9801941], [83.2655694, 26.9779305], [83.2663909, 26.9749851], [83.2673394, 26.9741663], [83.2714917, 26.9729268], [83.2715699, 26.9715368], [83.269941, 26.9703762], [83.2691819, 26.9690325], [83.2693607, 26.9656133], [83.2723215, 26.9632038], [83.273678, 26.9608277], [83.2776833, 26.9585712], [83.2779145, 26.9565496], [83.2775893, 26.9549123], [83.2759364, 26.9542961], [83.2743083, 26.9514734], [83.2710633, 26.949043], [83.2713359, 26.9462539], [83.2703798, 26.9418815], [83.2674948, 26.940969], [83.2655934, 26.9413053], [83.2634152, 26.9394174]]}}, {"type": "Feature", "properties": {"name": "Siapo Tal", "layer": "minor", "sub_basin": "Ghaghara", "kind": "river"}, "geometry": {"type": "LineString", "coordinates": [[83.1373924, 26.951172], [83.1374571, 26.9494598], [83.1398123, 26.9463053], [83.1416669, 26.9451415], [83.1453119, 26.9448862], [83.1464668, 26.9454308], [83.1504659, 26.9495792], [83.1527919, 26.9540646]]}}, {"type": "Feature", "properties": {"name": "Churma Nala", "layer": "minor", "sub_basin": "Ghaghara", "kind": "river"}, "geometry": {"type": "LineString", "coordinates": [[83.2275648, 26.8314997], [83.2272132, 26.8322222], [83.2261286, 26.832754], [83.2227292, 26.8331202], [83.2169492, 26.8351782], [83.2161152, 26.8364174], [83.2085186, 26.8362383], [83.2067097, 26.8382162], [83.2046378, 26.8389948], [83.199535, 26.8384497], [83.1976896, 26.8404853], [83.196035, 26.8410229], [83.1978534, 26.8458706], [83.2004404, 26.846989], [83.2004787, 26.8500606], [83.2054705, 26.8541933], [83.206357, 26.855722], [83.207149, 26.8581583], [83.205977, 26.8644191], [83.2060265, 26.867341], [83.2072216, 26.869286], [83.2100151, 26.8718209], [83.210246, 26.8733229], [83.209803, 26.8741017], [83.2053414, 26.8759964], [83.200748, 26.8731467], [83.1946333, 26.8704407], [83.1904509, 26.8704145], [83.1858482, 26.8722845], [83.1738366, 26.8757832], [83.1675172, 26.8798336], [83.1625981, 26.8819234], [83.1599523, 26.8856264], [83.1534881, 26.886521], [83.1493598, 26.8881669], [83.1484186, 26.889115], [83.1479863, 26.8914902], [83.1468966, 26.8930148], [83.1436235, 26.8934267], [83.1413235, 26.8944686], [83.1390594, 26.8973039], [83.1370822, 26.898484], [83.1326902, 26.8989854], [83.1274782, 26.9025138], [83.1190567, 26.9056629], [83.11503, 26.9084542], [83.1127266, 26.9093522], [83.107382, 26.9144421], [83.1018356, 26.9172041], [83.0975021, 26.9207174], [83.0967415, 26.9227387], [83.0965671, 26.9301328], [83.0974999, 26.9327732], [83.0989788, 26.9346872], [83.0993557, 26.9375517], [83.1027503, 26.9389091], [83.1025375, 26.9401747], [83.1041732, 26.9422099], [83.10394, 26.9443936], [83.1031856, 26.9458415], [83.1046127, 26.9483447], [83.1074565, 26.95129], [83.1083553, 26.9511256], [83.1124068, 26.9546293], [83.1134088, 26.9573862], [83.1147477, 26.9594385], [83.116477, 26.9596239], [83.1186894, 26.9610603], [83.1190169, 26.9646197], [83.1202303, 26.9666372], [83.1202813, 26.967195], [83.1193685, 26.9682928], [83.1202031, 26.9727414], [83.1236125, 26.9774262], [83.1231367, 26.9798523]]}}, {"type": "Feature", "properties": {"name": "Gulihiya Nala", "layer": "minor", "sub_basin": "Ghaghara", "kind": "river"}, "geometry": {"type": "LineString", "coordinates": [[83.182039, 26.8733112], [83.1836073, 26.8770586], [83.1824374, 26.8777779], [83.183154, 26.8788586], [83.1863349, 26.8787289], [83.1869283, 26.8780996], [83.1880993, 26.8781789], [83.189073, 26.8788689], [83.1904109, 26.8784056], [83.19364, 26.8803627], [83.1943293, 26.8797119], [83.1969182, 26.8810195], [83.1975097, 26.8803229], [83.1984053, 26.8805238], [83.1987351, 26.8792942], [83.2026529, 26.8789405], [83.2039369, 26.8808598], [83.2048215, 26.8802912], [83.2056224, 26.880552], [83.2058417, 26.8799696], [83.2075859, 26.8798433], [83.2078923, 26.8801244], [83.2071763, 26.8809015], [83.2083478, 26.8813751], [83.208721, 26.880924], [83.2083934, 26.8799596], [83.2089914, 26.8794937], [83.2095208, 26.8796355], [83.209914, 26.8810219], [83.2114868, 26.882004], [83.2127549, 26.8819535], [83.2139129, 26.8826658], [83.2166399, 26.8820864]]}}, {"type": "Feature", "properties": {"name": "Surma Nala", "layer": "minor", "sub_basin": "Ghaghara", "kind": "river"}, "geometry": {"type": "LineString", "coordinates": [[83.1964629, 26.8406464], [83.1969119, 26.8369425], [83.1963909, 26.8358113], [83.1970811, 26.8342737], [83.1967056, 26.8335177], [83.197037, 26.8321174], [83.1941456, 26.8291476], [83.1940379, 26.8274242], [83.1920163, 26.825994], [83.1902683, 26.8255947], [83.1899525, 26.824262], [83.1884107, 26.823699], [83.1898938, 26.8224769], [83.1886926, 26.8214368], [83.189477, 26.820291], [83.1902043, 26.8203729], [83.1917281, 26.8164527], [83.1927488, 26.8162159], [83.1920965, 26.814906], [83.1920711, 26.8125107], [83.1948022, 26.8098955]]}}, {"type": "Feature", "properties": {"name": "Ami", "layer": "minor", "sub_basin": "Ghaghara", "kind": "river"}, "geometry": {"type": "LineString", "coordinates": [[82.9650596, 26.9822341], [82.9675228, 26.9821374], [82.9689259, 26.9829297], [82.9699668, 26.9843494], [82.971353, 26.984233], [82.9717062, 26.9831274], [82.9711003, 26.9821318], [82.9729464, 26.9809082], [82.9726856, 26.9783766], [82.9732478, 26.9770287], [82.9740894, 26.9763464], [82.9783544, 26.9759954], [82.9789798, 26.9751728], [82.9784013, 26.9727895], [82.9822441, 26.9698614], [82.9816221, 26.968005], [82.9801765, 26.9677875], [82.9794158, 26.9670814], [82.980452, 26.9653914], [82.9807898, 26.9634728], [82.983646, 26.9620425], [82.9814153, 26.9569572], [82.9836071, 26.9571156], [82.9840668, 26.9560084], [82.9799964, 26.9553041], [82.9778634, 26.9554318], [82.9761244, 26.9537835], [82.9771134, 26.9524292], [82.9821991, 26.9503436], [82.9861236, 26.9518154], [82.9872098, 26.9528037], [82.9873273, 26.953376], [82.9856356, 26.9542626], [82.9856998, 26.9548357], [82.9864487, 26.9549201], [82.9886534, 26.9529254], [82.98937, 26.9512881], [82.993482, 26.9513695], [82.9956739, 26.9487052], [82.9969619, 26.9490684], [82.997433, 26.9514054], [82.9989007, 26.9512417], [82.9998283, 26.9482117], [83.0007853, 26.9480058], [83.0034337, 26.9497357], [83.0046493, 26.9519179], [83.0057266, 26.9524277], [83.0077564, 26.9524926], [83.0084412, 26.9520037], [83.0094586, 26.9493571], [83.0086779, 26.9462256], [83.012036, 26.945658], [83.0121693, 26.9418849], [83.0126634, 26.9412119], [83.0153591, 26.941852], [83.0167646, 26.9415658], [83.0177914, 26.9409255], [83.0186285, 26.9391796], [83.0221671, 26.9379145], [83.0257764, 26.9384729], [83.028084, 26.940291], [83.0301535, 26.9399815], [83.0329053, 26.938018], [83.032909, 26.9360517], [83.0344155, 26.9343176], [83.0352271, 26.9348389], [83.0371332, 26.9376893], [83.0387644, 26.9379279], [83.0399115, 26.9368473], [83.0415944, 26.9317466], [83.0431904, 26.9295834], [83.044439, 26.9298744], [83.0450321, 26.9306918], [83.0443309, 26.9328091], [83.0451049, 26.9341261], [83.0459534, 26.9341872], [83.0465863, 26.9335553], [83.0471666, 26.9320677], [83.0469139, 26.9305569], [83.0478275, 26.9293801], [83.0487601, 26.9300047], [83.049363, 26.9337663], [83.0502797, 26.9337994], [83.0530521, 26.9319375], [83.05056, 26.9278506], [83.0491026, 26.9230396], [83.0490906, 26.9207742], [83.0479678, 26.9200301], [83.0459716, 26.9201263], [83.0446821, 26.9196469], [83.0446399, 26.9166129], [83.0439921, 26.9148604], [83.0434862, 26.9143289], [83.0427206, 26.9144161], [83.0424575, 26.9137859], [83.0407245, 26.913614], [83.038859, 26.9119761], [83.0367777, 26.9094652], [83.0356686, 26.9066504], [83.0368951, 26.9053963], [83.0382227, 26.9053411], [83.038666, 26.9047083], [83.0379142, 26.9023751], [83.0382486, 26.9013326], [83.0389683, 26.9010079], [83.0405169, 26.9014867], [83.0410584, 26.9011217], [83.0400664, 26.8986435], [83.0415698, 26.8946201], [83.0426625, 26.8938899], [83.0460399, 26.8929901], [83.0461082, 26.8922379], [83.0437564, 26.8900718], [83.0440756, 26.8883574], [83.045714, 26.8888872], [83.0449764, 26.8878168], [83.0452682, 26.8869537], [83.047866, 26.887785], [83.0496648, 26.8869599], [83.0502048, 26.8861798], [83.0506301, 26.886621], [83.050001, 26.8877476], [83.0502113, 26.8882465], [83.0507056, 26.8883241], [83.0515953, 26.8870064], [83.0525122, 26.8874281], [83.052903, 26.8882314], [83.0555306, 26.8871145], [83.0565481, 26.8872513], [83.0572749, 26.8855159], [83.0586086, 26.886061], [83.0588314, 26.8851994], [83.0577808, 26.8849308], [83.0562344, 26.8834364], [83.0572222, 26.8824943], [83.0552426, 26.8820868], [83.0542313, 26.8807221], [83.0545266, 26.8799914], [83.0556235, 26.8801531], [83.0560991, 26.8795421], [83.0561066, 26.8790915], [83.0549342, 26.8785826], [83.0561995, 26.8759821], [83.0558786, 26.8750352], [83.0567549, 26.8735894], [83.0583007, 26.8728845], [83.057339, 26.871858], [83.0561621, 26.8720133], [83.0556185, 26.8710551], [83.0580619, 26.8687416], [83.060247, 26.8677031], [83.0617266, 26.8640164], [83.0636385, 26.8631842], [83.0639336, 26.8623464], [83.0628179, 26.8604197], [83.0618145, 26.8602541], [83.0593746, 26.8617091], [83.0589121, 26.8607247], [83.0623883, 26.8593124], [83.0623665, 26.856465], [83.0646389, 26.8567009], [83.0645613, 26.8575258], [83.065012, 26.8577361], [83.0658687, 26.8571794], [83.0659119, 26.8560944], [83.0640893, 26.8529371], [83.0682468, 26.8529461], [83.0687502, 26.8524216], [83.0684607, 26.8517922], [83.0689554, 26.8507032], [83.0733102, 26.8453355], [83.0754106, 26.8451103], [83.0769703, 26.8408861], [83.0843661, 26.8382554], [83.0843253, 26.8375013], [83.0815265, 26.8363277], [83.0811146, 26.835538], [83.0815855, 26.8344925], [83.0833697, 26.8336999], [83.0853157, 26.8341463], [83.0876118, 26.8339727], [83.088364, 26.8355863], [83.0889049, 26.8357782], [83.0913946, 26.8336644], [83.0924378, 26.8316363], [83.0938344, 26.831247], [83.095951, 26.8328198], [83.0989377, 26.8341315], [83.1035522, 26.8338015], [83.1061747, 26.8330915], [83.1073901, 26.8337086], [83.1079358, 26.8352008], [83.1106548, 26.8348555], [83.111591, 26.8362123], [83.1141371, 26.8374655], [83.1126434, 26.8386153], [83.1124542, 26.8396069], [83.1144999, 26.841689], [83.1165703, 26.8407058], [83.1199463, 26.8402967], [83.1209759, 26.8397685], [83.1179967, 26.8313517], [83.1180971, 26.8307137], [83.1191605, 26.8300951], [83.1217608, 26.8310558], [83.1226121, 26.8303197], [83.1221975, 26.8278494], [83.1200797, 26.8257853], [83.1207007, 26.8225567], [83.1202005, 26.819232], [83.1193547, 26.8174888], [83.1159429, 26.814409], [83.1148082, 26.812429], [83.112638, 26.8110833], [83.1108351, 26.8113891], [83.1098454, 26.813616], [83.1088796, 26.8138166], [83.1084226, 26.8130443], [83.1085797, 26.8108319], [83.1072694, 26.8099975], [83.1037767, 26.8082896], [83.1014553, 26.8077132], [83.0991548, 26.8083989], [83.0969959, 26.8071261], [83.0967326, 26.8061293], [83.0994428, 26.8019548], [83.1017289, 26.8010615], [83.1025733, 26.7987524], [83.1052103, 26.7987065], [83.1053497, 26.7978313], [83.1035706, 26.7954958], [83.1039258, 26.7945506], [83.1057455, 26.7947142], [83.1061029, 26.7935162], [83.1073945, 26.7941151], [83.108472, 26.7936919], [83.108714, 26.794901], [83.1095955, 26.7952728], [83.1119279, 26.7940169], [83.1105931, 26.7903988], [83.1084238, 26.7903897], [83.1082859, 26.7893332], [83.1085982, 26.7883867], [83.1099046, 26.7893604], [83.1108833, 26.7893061], [83.1116878, 26.7885303], [83.1118149, 26.786881], [83.1127453, 26.7845587], [83.112541, 26.7830716], [83.1137415, 26.7818605], [83.1138403, 26.7808313], [83.1122359, 26.7797878], [83.1110048, 26.7795705], [83.1108259, 26.7776835], [83.1090774, 26.7771271], [83.1112909, 26.7754699], [83.1114624, 26.7744472], [83.1109352, 26.774084], [83.1096895, 26.7749837], [83.1086279, 26.7749909], [83.1093203, 26.7720949], [83.107861, 26.7714914], [83.1057879, 26.7684847], [83.10711, 26.7668577], [83.1080506, 26.7664131], [83.1093216, 26.7641886], [83.1108421, 26.764049], [83.1127756, 26.7647398], [83.1152992, 26.764072], [83.1241201, 26.7659931], [83.1254009, 26.7671972], [83.1256858, 26.7683157], [83.1288766, 26.7704943], [83.1287094, 26.7717231], [83.1272244, 26.7728239], [83.1273715, 26.7742063], [83.1295003, 26.7764231], [83.1323092, 26.7783157], [83.134019, 26.7781227], [83.1349666, 26.777355], [83.1349153, 26.776484], [83.1327569, 26.7745677], [83.1335756, 26.7733486], [83.1364293, 26.773179], [83.1379133, 26.771519], [83.1420435, 26.7693916], [83.1417434, 26.7671146], [83.1434626, 26.7659594], [83.143681, 26.7646749], [83.1412063, 26.7644368], [83.1398958, 26.7636428], [83.1408701, 26.7623962], [83.14126, 26.7604231], [83.1420358, 26.7593357], [83.1416203, 26.753844], [83.1405615, 26.753615], [83.139675, 26.7559137], [83.1386744, 26.756148], [83.1371562, 26.754731], [83.1368031, 26.7533828], [83.1387498, 26.7509726], [83.1435835, 26.7467971], [83.1441348, 26.7450659], [83.1431519, 26.7438858], [83.1400575, 26.7436967], [83.139532, 26.7414088], [83.1362842, 26.738878], [83.1311238, 26.7366171], [83.1303514, 26.73529], [83.1317037, 26.7336416], [83.1311746, 26.7311624], [83.1317394, 26.7301007], [83.1346535, 26.7292882], [83.1331191, 26.7271602], [83.1329905, 26.7260619], [83.1349046, 26.7232084], [83.1374001, 26.7227853], [83.1398269, 26.7215979], [83.1427555, 26.7188713], [83.1467962, 26.7184708], [83.148712, 26.7130815], [83.1499079, 26.7116268], [83.1511212, 26.711033], [83.1528767, 26.7082775], [83.1576509, 26.7072907], [83.1586094, 26.707275], [83.1592117, 26.7080785], [83.1602244, 26.7133723], [83.1602642, 26.7179644], [83.1626483, 26.7225661], [83.1636263, 26.7235069], [83.1649685, 26.7240112], [83.1673661, 26.7240198], [83.1741932, 26.7191714], [83.1768696, 26.7197972], [83.1779543, 26.7207362], [83.1797601, 26.7204672], [83.1822842, 26.7188468], [83.1842453, 26.7157526], [83.1862611, 26.7153366], [83.1876774, 26.7142607], [83.1882259, 26.7124336], [83.1900898, 26.7124028], [83.1904014, 26.7120149], [83.1898434, 26.7107803], [83.186744, 26.7103053], [83.1848933, 26.7083743], [83.182283, 26.7083696], [83.18222, 26.7078922], [83.1833729, 26.7069642], [83.1854353, 26.7036291], [83.1861148, 26.7029959], [83.1872853, 26.7029287], [83.1887247, 26.705584], [83.1925015, 26.7053302], [83.194938, 26.7072513], [83.1960001, 26.7070901], [83.1965741, 26.703923], [83.1945793, 26.7027601], [83.1944868, 26.700848], [83.1956829, 26.6994407], [83.2003263, 26.6973064], [83.2017176, 26.6976182], [83.2021632, 26.6985676], [83.203875, 26.6989218], [83.2074721, 26.6977137], [83.2077551, 26.6985223], [83.2063924, 26.6995975], [83.2060404, 26.7006081], [83.2090745, 26.7005096], [83.2088095, 26.7031453], [83.2063798, 26.7041427], [83.2060328, 26.7053923], [83.2106971, 26.7068455], [83.2126164, 26.7094925], [83.2141805, 26.7104232], [83.2143641, 26.7115683], [83.2124148, 26.7151891], [83.2127591, 26.7163793], [83.2146961, 26.7173038], [83.2177968, 26.717826], [83.2201531, 26.7132894], [83.2232482, 26.7109889], [83.2251553, 26.7104785], [83.2265899, 26.7093633], [83.2266779, 26.7059172], [83.2242913, 26.7025845], [83.2221848, 26.7011846], [83.2212778, 26.6998363], [83.2216242, 26.697283], [83.2231828, 26.695391], [83.2260121, 26.6950564], [83.2262907, 26.6937088], [83.2275154, 26.6917745], [83.2288993, 26.6910934], [83.2326088, 26.6901937], [83.2364876, 26.6910253], [83.2385395, 26.6904524], [83.2391862, 26.6895444], [83.2392202, 26.687989], [83.2375829, 26.686103], [83.237421, 26.6847303], [83.2379296, 26.6835854], [83.2385889, 26.6832753], [83.2401232, 26.6834287], [83.2438487, 26.6864754], [83.2446422, 26.6862228], [83.2454019, 26.684356], [83.246316, 26.6835033], [83.2508489, 26.6837852], [83.2530742, 26.6882923], [83.2574669, 26.6913871], [83.2590974, 26.6960837], [83.2602491, 26.6970209], [83.261643, 26.6968177], [83.262798, 26.6947647], [83.267254, 26.6913994], [83.2692448, 26.6879566], [83.2704605, 26.688773], [83.2705049, 26.6908653], [83.269532, 26.6920781], [83.2694908, 26.6932748], [83.2707947, 26.6951064], [83.2725251, 26.6950767], [83.2740127, 26.6930179], [83.2765137, 26.6916593], [83.2771474, 26.6901534], [83.2775844, 26.6856607], [83.2798541, 26.6797012], [83.2800953, 26.6722815], [83.281648, 26.667052], [83.2800883, 26.6657033], [83.278691, 26.6657274], [83.277309, 26.6664688], [83.2747805, 26.6665122], [83.2737943, 26.6639576], [83.2727196, 26.6634976], [83.2698661, 26.6639053], [83.2687863, 26.6632062], [83.2687724, 26.6625486], [83.271219, 26.661789], [83.273135, 26.6579886], [83.2748344, 26.6565242], [83.277221, 26.6529549], [83.2794385, 26.6508237], [83.2809021, 26.6507985], [83.2839994, 26.6524794], [83.2890237, 26.6540074], [83.2901816, 26.6552433], [83.2898271, 26.6573425], [83.2915647, 26.6576713], [83.2942567, 26.65906], [83.2991738, 26.6586758], [83.2999594, 26.6580642], [83.2992452, 26.655804], [83.2998977, 26.6551947], [83.3024809, 26.6546116], [83.3046854, 26.654992], [83.3061323, 26.6541894], [83.3057739, 26.6529995], [83.2995748, 26.6494592], [83.2976596, 26.6501503], [83.2955973, 26.650186], [83.2940633, 26.6500331], [83.2931741, 26.6489123], [83.2932943, 26.6483121], [83.2949933, 26.6468475], [83.2966027, 26.6474176], [83.2969955, 26.6471118], [83.2968379, 26.6428685], [83.2982963, 26.6426041], [83.30064, 26.643281], [83.3024821, 26.6422922], [83.3024166, 26.6392434], [83.3043238, 26.6381936], [83.3053586, 26.6368002], [83.3058877, 26.6335616], [83.3088965, 26.6342269], [83.3105505, 26.6337795], [83.3108495, 26.6322194], [83.3102277, 26.6311538], [83.3059792, 26.6285366], [83.3054943, 26.627648], [83.3056758, 26.6268076], [83.3115865, 26.626286], [83.3185744, 26.6263435], [83.3216612, 26.6275453], [83.3225039, 26.6265139], [83.3236308, 26.6263148], [83.3245408, 26.6283919], [83.3250859, 26.6289804], [83.3259519, 26.629025], [83.3269224, 26.6277521], [83.32846, 26.628084], [83.3291839, 26.6277124], [83.3296994, 26.623876], [83.3311444, 26.6230134], [83.3338089, 26.620096], [83.3351548, 26.6207899], [83.3353934, 26.6225798], [83.3366571, 26.6225576], [83.3385246, 26.6197139], [83.3376704, 26.6171574], [83.3386211, 26.6149878], [83.3402577, 26.6137628], [83.3421146, 26.6134908], [83.3445909, 26.6111148], [83.3441644, 26.6098664], [83.3410869, 26.6090835], [83.3406422, 26.6069983], [83.3430741, 26.6056397], [83.3441588, 26.6035274], [83.3455279, 26.6022473], [83.3483183, 26.6020784], [83.3494094, 26.600265], [83.3504747, 26.6003059], [83.3516524, 26.6024379], [83.3538508, 26.6025784], [83.3551493, 26.6011201], [83.355214, 26.5980091], [83.3557862, 26.5968029], [83.3574789, 26.5981483], [83.3590617, 26.5975222], [83.3594317, 26.5961999], [83.3585226, 26.5941828], [83.3568155, 26.5921798], [83.355871, 26.5885485], [83.3563911, 26.5880011], [83.3585866, 26.5880219], [83.3591516, 26.5834668], [83.3609218, 26.582299], [83.3621923, 26.5795853], [83.3679053, 26.576254], [83.3687432, 26.575043], [83.3705304, 26.5746523], [83.3740712, 26.5753664], [83.3752867, 26.5731918], [83.3773278, 26.5722582], [83.3802769, 26.5732818], [83.3816556, 26.5754698], [83.3827885, 26.5755691], [83.3836408, 26.5750155], [83.3845982, 26.5732042], [83.3858481, 26.5725837], [83.390164, 26.5722669], [83.392233, 26.5725884], [83.3933552, 26.5722094], [83.3955224, 26.5709742], [83.3955006, 26.5640374], [83.3961851, 26.5619319], [83.3999301, 26.5598907], [83.4008594, 26.5598141], [83.4021803, 26.565352], [83.4030686, 26.5664124], [83.4083097, 26.565839], [83.4094794, 26.5646217], [83.413464, 26.56437], [83.4156033, 26.5648693], [83.4157013, 26.5633126], [83.4168126, 26.5624551], [83.4156952, 26.5600833], [83.4169085, 26.5578485], [83.41694, 26.556293], [83.414649, 26.5549592], [83.4128751, 26.5529581], [83.4112819, 26.5501165], [83.4107428, 26.5468371], [83.4109724, 26.5452182], [83.4144467, 26.5430021], [83.4174282, 26.5425293], [83.420781, 26.5437839], [83.4235087, 26.5438537], [83.4268046, 26.5455279], [83.4279292, 26.5452681], [83.4292884, 26.5436285], [83.4306842, 26.543603], [83.4300871, 26.5466041], [83.4308358, 26.5473679], [83.4317664, 26.5473508], [83.4337373, 26.5462981], [83.4357313, 26.5462615], [83.4398224, 26.5478012], [83.4414854, 26.5478304], [83.444654, 26.5468153], [83.4477766, 26.546698], [83.4498585, 26.5453125]]}}, {"type": "Feature", "properties": {"name": "Gunha Tal", "layer": "minor", "sub_basin": "Ghaghara", "kind": "river"}, "geometry": {"type": "LineString", "coordinates": [[83.105549, 26.8137674], [83.1037862, 26.8146701], [83.1015514, 26.8169143], [83.1004448, 26.8165428], [83.1004542, 26.8152317], [83.1022805, 26.8106451], [83.1022371, 26.8089686], [83.1014553, 26.8077132]]}}, {"type": "Feature", "properties": {"name": "Khudwa Nala", "layer": "minor", "sub_basin": "Ghaghara", "kind": "river"}, "geometry": {"type": "LineString", "coordinates": [[83.1329905, 26.7260619], [83.1304763, 26.7271069], [83.1310613, 26.7280543], [83.1301626, 26.7280688], [83.1299088, 26.7287008], [83.1291372, 26.7284142], [83.1290563, 26.7276979], [83.1284364, 26.7283358], [83.1269954, 26.7278806], [83.127736, 26.7266129], [83.1263497, 26.7255588], [83.1259361, 26.7265222], [83.1254314, 26.7262612], [83.1251764, 26.7268335], [83.1219671, 26.7261973], [83.1206, 26.7277741], [83.1199324, 26.7276951], [83.1191781, 26.7266009], [83.1192803, 26.7250444], [83.1183477, 26.7233551], [83.1184166, 26.7217991], [83.117701, 26.7209734], [83.116092, 26.720431], [83.1139058, 26.7210043], [83.1131972, 26.7222116], [83.1114354, 26.7223594], [83.1113545, 26.7233175], [83.1098531, 26.7231621], [83.1092122, 26.7244282], [83.1071953, 26.7251481], [83.106094, 26.7233417], [83.1059481, 26.7210118], [83.1064107, 26.7191506], [83.1071721, 26.7189291], [83.1064115, 26.717506], [83.1070838, 26.7161498], [83.1083321, 26.7152927], [83.1079013, 26.7137148], [83.1084238, 26.7131981], [83.1086219, 26.7114309], [83.1078493, 26.7110844], [83.1079623, 26.710066], [83.1075891, 26.7097131], [83.1060453, 26.7124587], [83.1046147, 26.7125114], [83.1040644, 26.7116232], [83.1031617, 26.7114282], [83.1026468, 26.7123335], [83.1033028, 26.713519], [83.1012392, 26.7135519], [83.1010399, 26.7152594], [83.1000667, 26.7165606], [83.100391, 26.7178113], [83.0997454, 26.7188381], [83.0972148, 26.7205229], [83.096347, 26.7204171], [83.0940755, 26.7217389], [83.0924778, 26.7217642], [83.0920962, 26.7243716], [83.0894095, 26.7265969], [83.0890288, 26.7275597], [83.0877995, 26.7276988], [83.0878229, 26.7288944], [83.0845221, 26.7286775], [83.0821218, 26.7268316], [83.0814297, 26.725497], [83.0779375, 26.7257016], [83.0770831, 26.7245788], [83.0769868, 26.7230554], [83.0744307, 26.7234544], [83.0745715, 26.7221366], [83.074119, 26.721379], [83.0690085, 26.7215617], [83.0659556, 26.7206826], [83.0631509, 26.721751], [83.0616749, 26.7190471], [83.0610066, 26.7189205], [83.0563108, 26.7228623], [83.0549284, 26.7236741], [83.0533101, 26.7238989], [83.0533246, 26.7247562], [83.0524146, 26.7253875], [83.0524338, 26.7269444], [83.0531617, 26.728055], [83.0526388, 26.7285285], [83.0515081, 26.7284557], [83.0505255, 26.7323633], [83.0496311, 26.7321461], [83.0485802, 26.7329759], [83.0475499, 26.7329348], [83.0481518, 26.7346453], [83.0476085, 26.735516], [83.0477182, 26.7366758], [83.0483054, 26.7379262], [83.0468879, 26.7382413], [83.0465388, 26.7415354], [83.0451401, 26.7436736], [83.0442301, 26.7441199], [83.0437208, 26.746245], [83.0427002, 26.7465557], [83.0426345, 26.7471424], [83.0413317, 26.7484142], [83.0406632, 26.7484861], [83.0402353, 26.7493432], [83.0392652, 26.7493155], [83.0386067, 26.7498399], [83.0390988, 26.7503425], [83.038082, 26.7515743], [83.0388019, 26.7542449], [83.0360862, 26.755165], [83.0353191, 26.7564033], [83.0340067, 26.7569536], [83.031721, 26.7596036], [83.0342105, 26.7618126], [83.0334344, 26.7620456], [83.0334688, 26.763344], [83.0328573, 26.7636546], [83.0324274, 26.7660107], [83.032882, 26.7679389], [83.0319791, 26.7680663], [83.0317802, 26.7705896], [83.0307278, 26.7723821], [83.0306031, 26.7742078], [83.0296703, 26.7751091], [83.0296854, 26.7761273], [83.0306574, 26.7771154], [83.0288021, 26.7801556], [83.0287581, 26.780762], [83.0292213, 26.780752], [83.0295402, 26.7816479], [83.0278256, 26.782579], [83.0276865, 26.7838815], [83.0226342, 26.7851856], [83.0227054, 26.7880652], [83.0215514, 26.7892209], [83.0225466, 26.7914435], [83.022091, 26.7936322], [83.0200176, 26.7942818], [83.0201843, 26.7948039], [83.0195657, 26.7950113], [83.0191619, 26.7960942], [83.0178953, 26.7958744], [83.016209, 26.7925385], [83.0169439, 26.7922302], [83.0170022, 26.7915524], [83.0156164, 26.7914998], [83.0153961, 26.7906392], [83.013959, 26.7906563], [83.0133919, 26.790193], [83.0125724, 26.792096], [83.0106973, 26.7930594], [83.0097233, 26.7928014], [83.0054247, 26.7965417], [83.0042152, 26.7963902], [83.0, 26.7982994]]}}, {"type": "Feature", "properties": {"name": "Sikri Nala", "layer": "minor", "sub_basin": "Ghaghara", "kind": "river"}, "geometry": {"type": "LineString", "coordinates": [[82.9844156, 26.8687973], [82.9863818, 26.8672202], [82.9884304, 26.8672654], [82.9894644, 26.865799], [82.9905518, 26.8657759], [82.9906332, 26.864363], [82.9915231, 26.864353], [82.9934253, 26.8663448], [82.9950089, 26.8656366], [82.9985281, 26.8675965], [82.9999871, 26.8673497], [83.0015567, 26.8649112], [83.0027693, 26.8645695], [83.0036656, 26.8649038], [83.0049231, 26.8641095], [83.0055494, 26.8648404], [83.0064717, 26.8637857], [83.007026, 26.864027], [83.0070645, 26.8654762], [83.0088873, 26.8655575], [83.0088724, 26.8660581], [83.0079997, 26.8665419], [83.0094623, 26.8666119], [83.009727, 26.8678093], [83.012065, 26.868257], [83.0125707, 26.8689617], [83.0139033, 26.8679704], [83.0144454, 26.869579], [83.0155629, 26.8696662], [83.0168793, 26.8690684], [83.0181113, 26.8678163], [83.018663, 26.8682289], [83.0184031, 26.8690593], [83.0195616, 26.8694185], [83.0201506, 26.8686984], [83.0199006, 26.8679811], [83.0204476, 26.8669973], [83.0218693, 26.8661203], [83.0235138, 26.8670733], [83.0235988, 26.867977], [83.0243927, 26.8679287], [83.0248505, 26.8673579], [83.0256884, 26.868242], [83.0265923, 26.8681366], [83.027793, 26.8658345], [83.0282554, 26.8661013], [83.0297652, 26.8653884], [83.0318754, 26.8653633], [83.0328424, 26.8648091], [83.0334909, 26.863695], [83.0372708, 26.8616075], [83.0372843, 26.8628029], [83.0365717, 26.8630906], [83.0357558, 26.8647251], [83.0367816, 26.8649466], [83.0386302, 26.864165], [83.03911, 26.8635653], [83.0386987, 26.862318], [83.0398821, 26.8620459], [83.0408535, 26.8628578], [83.041774, 26.861025], [83.0413167, 26.8600741], [83.0402851, 26.8595267], [83.0408201, 26.8577341], [83.0414571, 26.8571627], [83.0428885, 26.8579172], [83.0439866, 26.8564291], [83.0451379, 26.8561495], [83.0454678, 26.8552296], [83.0470726, 26.8556901], [83.0482808, 26.8544143], [83.0493621, 26.8541716], [83.0498927, 26.852647], [83.0530955, 26.8533933], [83.055666, 26.8515192], [83.0562397, 26.8517473], [83.0576174, 26.854307], [83.0571205, 26.8569216], [83.0600303, 26.8587481], [83.0609328, 26.8583039], [83.060764, 26.8590576], [83.0624658, 26.8591558]]}}, {"type": "Feature", "properties": {"name": "Pachhu Nala", "layer": "minor", "sub_basin": "Ghaghara", "kind": "river"}, "geometry": {"type": "LineString", "coordinates": [[83.0201378, 26.9385378], [83.0195235, 26.9381748], [83.0163241, 26.9389778], [83.0155561, 26.938746], [83.0159661, 26.9364745], [83.0139404, 26.9365603], [83.0129662, 26.9354261], [83.0133771, 26.9345486], [83.0141724, 26.9343221], [83.0129989, 26.9331655], [83.012416, 26.9313516], [83.0120905, 26.9274794], [83.0104445, 26.9267473], [83.0106319, 26.9258246], [83.0080554, 26.9257687], [83.0071032, 26.9251618], [83.0072717, 26.9235327], [83.0053712, 26.9218525], [83.0041398, 26.9217563], [83.0027591, 26.9223302], [83.0017987, 26.9218122], [82.9990832, 26.9234459], [82.9975313, 26.9238305], [82.9964012, 26.9234572], [82.9920537, 26.9252135], [82.9909842, 26.9250223], [82.9891822, 26.9236459], [82.9867791, 26.9234565], [82.9864038, 26.9227867], [82.9835102, 26.9227409]]}}, {"type": "Feature", "properties": {"name": "Gaunra Nala", "layer": "minor", "sub_basin": "Ghaghara", "kind": "river"}, "geometry": {"type": "LineString", "coordinates": [[83.0504945, 26.9924907], [83.0492139, 26.9912158], [83.0501629, 26.9903494], [83.0507267, 26.9861657], [83.0501223, 26.9856443], [83.050341, 26.9847419], [83.0497712, 26.981898], [83.0478163, 26.9780429], [83.0478168, 26.9752719], [83.0471405, 26.9746587], [83.0473579, 26.9741351], [83.0480733, 26.9744828], [83.0484628, 26.9741164], [83.0466024, 26.970801], [83.0472841, 26.9688248], [83.0462966, 26.9684726], [83.0465479, 26.9677044], [83.0460909, 26.9657788], [83.0440668, 26.9661727], [83.0435976, 26.9648285], [83.0427455, 26.9644031], [83.0432813, 26.9632852], [83.0420874, 26.9616532], [83.0424719, 26.9599871], [83.0437363, 26.95964], [83.0439293, 26.9577469], [83.0430066, 26.9579541], [83.0424718, 26.9570557], [83.0415368, 26.9567693], [83.038935, 26.9574636], [83.0374181, 26.9572891], [83.0359739, 26.9582121], [83.0336219, 26.957565], [83.0319134, 26.9595341], [83.0311942, 26.9587605], [83.0291071, 26.9581501], [83.0277468, 26.9552655], [83.027635, 26.953002], [83.0258518, 26.9522036], [83.0255982, 26.9512981], [83.0236288, 26.9507514], [83.022572, 26.9473752], [83.0212537, 26.9470486], [83.0213852, 26.9460456], [83.0201306, 26.9451368], [83.0195872, 26.9436513], [83.0213393, 26.943788], [83.0220368, 26.9432374], [83.0228971, 26.9444644], [83.02462, 26.9421688], [83.0249788, 26.9432065], [83.0267082, 26.9433048], [83.0272766, 26.9427699], [83.026351, 26.940983], [83.0264398, 26.9392047]]}}, {"type": "Feature", "properties": {"name": "Burhi Or Oldapti", "layer": "minor", "sub_basin": "Ghaghara", "kind": "river"}, "geometry": {"type": "LineString", "coordinates": [[82.95, 27.172293031662935], [82.9532161, 27.1718833], [82.9546479, 27.1730928], [82.9575262, 27.1769251], [82.9602695, 27.1784554], [82.9615285, 27.1784959], [82.9642346, 27.1774676], [82.9656825, 27.1758627], [82.9663351, 27.1742009], [82.9665322, 27.1731516], [82.9658199, 27.1691266], [82.9680143, 27.1671576], [82.9711721, 27.1656707], [82.9743548, 27.1628567], [82.977852, 27.1609003], [82.9785311, 27.1611004], [82.9793956, 27.1649211], [82.980011, 27.165826], [82.9811509, 27.1656143], [82.9833302, 27.1642215], [82.9855129, 27.1604101], [82.9850498, 27.1528089], [82.9872361, 27.1516906], [82.9915833, 27.1513237], [82.9980415, 27.1470059], [82.9996502, 27.1450086], [83.0, 27.1387179], [83.0061304, 27.1351915], [83.0089253, 27.1343004], [83.0107255, 27.1344875], [83.0117805, 27.1368467], [83.0130984, 27.1378474], [83.0152491, 27.1379447], [83.0169595, 27.1373278], [83.0186712, 27.1354384], [83.0212342, 27.1289694], [83.0258521, 27.1254079], [83.0291521, 27.124622], [83.0305652, 27.1250567], [83.0319924, 27.129536], [83.0349597, 27.1304546], [83.0363556, 27.1320031], [83.0353348, 27.1356189], [83.0375958, 27.1383845], [83.0431291, 27.1416459], [83.0487271, 27.1421009], [83.0533252, 27.1433111], [83.0561161, 27.1459523], [83.0578642, 27.1455524], [83.0600392, 27.1438748], [83.061129, 27.1416788], [83.0608914, 27.139128], [83.0588527, 27.1342113], [83.0586393, 27.1315664], [83.0600973, 27.1306534], [83.0624984, 27.1311378], [83.0631464, 27.1306446], [83.063593, 27.1291128], [83.0643123, 27.1248691], [83.0641817, 27.122763], [83.0614274, 27.1183852], [83.0642454, 27.1168066], [83.0659399, 27.1167442], [83.0691717, 27.1177878], [83.0732599, 27.1214626], [83.0751507, 27.1219686], [83.0771428, 27.1216715], [83.0764676, 27.1204123], [83.0698233, 27.1156537], [83.0694154, 27.1145345], [83.0699457, 27.1129508], [83.0708134, 27.1120666], [83.0741818, 27.1123207], [83.0783917, 27.113933], [83.0814271, 27.1145342], [83.0818591, 27.120363], [83.0825337, 27.1216055], [83.0851909, 27.1233888], [83.0880343, 27.1234245], [83.0928974, 27.120972], [83.0999174, 27.1201703], [83.1021364, 27.1194758], [83.1021214, 27.1189072], [83.1012873, 27.1183193], [83.0967447, 27.1162643], [83.0946138, 27.1139691], [83.0937824, 27.1122768], [83.0945117, 27.1115623], [83.0963603, 27.1129691], [83.0978056, 27.1132949], [83.0998535, 27.1130542], [83.1007512, 27.1119398], [83.1002425, 27.1094578], [83.0988111, 27.1065424], [83.0984684, 27.102462], [83.0965557, 27.0991633], [83.0964096, 27.0978558], [83.1029994, 27.0983023], [83.1093263, 27.1012342], [83.111002, 27.1009154], [83.1108011, 27.0987377], [83.1074207, 27.0965996], [83.1072549, 27.0951116], [83.1079799, 27.0935288], [83.1079756, 27.0917874], [83.1047092, 27.0859162], [83.104787, 27.0843057], [83.1073118, 27.0762698], [83.1077932, 27.0753845], [83.1093015, 27.0744219], [83.1122823, 27.0736188], [83.1144981, 27.0711975], [83.1207943, 27.0669183], [83.1229386, 27.0649103], [83.1231241, 27.0641602], [83.1224847, 27.0625125], [83.1175931, 27.0579544], [83.1173954, 27.0567696], [83.119515, 27.0561835], [83.1219822, 27.0564447], [83.1255324, 27.0538858], [83.1281315, 27.0536049], [83.1291175, 27.0528117], [83.129072, 27.05054], [83.1274896, 27.0482332], [83.1257928, 27.0435363], [83.121664, 27.037443], [83.1190401, 27.0364684], [83.1178158, 27.0353518], [83.1153781, 27.0303078], [83.1151374, 27.0282784], [83.1131862, 27.0241833], [83.110029, 27.0198683], [83.1097097, 27.0172422], [83.1108112, 27.0155502], [83.1107541, 27.0126807], [83.1116648, 27.0114702], [83.111641, 27.0102746], [83.1102634, 27.0081437], [83.1102313, 27.0065296], [83.1113434, 27.0053757], [83.1153728, 27.0032184], [83.1210658, 27.0007951], [83.124383, 27.0000145], [83.1263492, 26.9981889], [83.1276072, 26.993002], [83.1301693, 26.9889422], [83.1303736, 26.9871449], [83.1323381, 26.9852475], [83.1327097, 26.9838063], [83.1334289, 26.983723], [83.1360136, 26.9808109], [83.1379267, 26.9803495], [83.1381553, 26.9797717], [83.1389841, 26.977175], [83.1383515, 26.9735971], [83.1392063, 26.9722916], [83.1376144, 26.9688011], [83.1382167, 26.962907], [83.1401849, 26.9612247], [83.1430539, 26.9605325], [83.1440788, 26.9597265], [83.1442958, 26.9585748], [83.1439568, 26.9576474], [83.1417008, 26.9569663], [83.1408858, 26.9562619], [83.1381504, 26.9516416], [83.1369352, 26.9509436], [83.1312258, 26.9497439], [83.1298818, 26.9466081], [83.12988, 26.9425177], [83.1294553, 26.9413046], [83.1286147, 26.9393089], [83.1268165, 26.937472], [83.1248255, 26.9380063], [83.1221486, 26.9402738], [83.1185295, 26.9394707], [83.1115804, 26.9362807], [83.1083817, 26.9364753], [83.1059573, 26.9393843], [83.1027503, 26.9389091]]}}, {"type": "Feature", "properties": {"name": "Ghonghi", "layer": "minor", "sub_basin": "Ghaghara", "kind": "river"}, "geometry": {"type": "LineString", "coordinates": [[83.2303005, 27.0769165], [83.2295152, 27.0739525], [83.2270495, 27.0706085], [83.2268325, 27.0682724], [83.2251369, 27.0642261], [83.2234844, 27.0625751], [83.2227747, 27.0609253], [83.2195531, 27.0596524], [83.2162607, 27.0567836], [83.2144504, 27.0585366], [83.2139307, 27.0581833], [83.2140041, 27.0571774], [83.2130175, 27.056405], [83.2112341, 27.0573129], [83.2094567, 27.057536], [83.2081897, 27.0586831], [83.2069156, 27.0584417], [83.2051387, 27.0568846], [83.2037459, 27.0544972], [83.2034728, 27.0529515], [83.2021798, 27.0513834], [83.2010932, 27.0462543]]}}, {"type": "Feature", "properties": {"name": "Chetra Tal", "layer": "minor", "sub_basin": "Ghaghara", "kind": "river"}, "geometry": {"type": "LineString", "coordinates": [[83.2302168, 27.0763834], [83.2272783, 27.075933], [83.2266983, 27.0753563], [83.22383, 27.0759006], [83.2227608, 27.0754575], [83.2187288, 27.069403], [83.2179181, 27.0675627], [83.2178563, 27.0658277], [83.2167964, 27.0657072], [83.215799, 27.0647281], [83.2166406, 27.0632773], [83.2153179, 27.0613485], [83.2138649, 27.0600793], [83.2093301, 27.0608761], [83.2076321, 27.0587871]]}}, {"type": "Feature", "properties": {"name": "Burhnaiya Nala", "layer": "minor", "sub_basin": "Ghaghara", "kind": "river"}, "geometry": {"type": "LineString", "coordinates": [[83.1759209, 27.1661653], [83.1694937, 27.1657331], [83.1649608, 27.1671375], [83.1594169, 27.170651], [83.158781, 27.1717121], [83.1598066, 27.1763696], [83.1578688, 27.1768441], [83.1544125, 27.1763672], [83.1533716, 27.1769037], [83.1530602, 27.1780807], [83.1534496, 27.1796938], [83.1557562, 27.1776304], [83.1567982, 27.1779561], [83.1570604, 27.1807626], [83.1599286, 27.1848245], [83.1596436, 27.1853031], [83.1576621, 27.1858606], [83.1528319, 27.1838748], [83.1518036, 27.1848626], [83.1529002, 27.1871373], [83.1530171, 27.1913224], [83.1525353, 27.1937966], [83.1511662, 27.1965574], [83.1509539, 27.1988202], [83.1517093, 27.1995629], [83.1559002, 27.2007185]]}}, {"type": "Feature", "properties": {"name": "Ghonghi", "layer": "minor", "sub_basin": "Ghaghara", "kind": "river"}, "geometry": {"type": "LineString", "coordinates": [[83.1759209, 27.1661653], [83.175719, 27.1615282], [83.1740775, 27.157106], [83.1740948, 27.1553357], [83.1708433, 27.1558672], [83.1695729, 27.1565099], [83.1679145, 27.1564892], [83.1667801, 27.1559336], [83.1652363, 27.1536625], [83.1636664, 27.1527313], [83.1608515, 27.1536861], [83.1602536, 27.1532174], [83.1581647, 27.1530601], [83.1565901, 27.1518897], [83.1568438, 27.1512158], [83.1591387, 27.1509871], [83.1590551, 27.1495054], [83.1595285, 27.149115], [83.1605433, 27.1490507], [83.1610876, 27.1495202], [83.1642893, 27.149181], [83.1647035, 27.1511357], [83.1655074, 27.1512183], [83.1690629, 27.1498685], [83.1690395, 27.1487208], [83.1670449, 27.1479401], [83.164954, 27.145056], [83.1632773, 27.1441265], [83.1617776, 27.1440074], [83.1609592, 27.1432075], [83.1587149, 27.1432918], [83.1580005, 27.1449778], [83.1561975, 27.1457247], [83.1549126, 27.1456499], [83.1541983, 27.1420735], [83.1547737, 27.1414423], [83.156218, 27.1414667], [83.1571025, 27.1402563], [83.1593341, 27.1395503], [83.1598394, 27.1381069], [83.1588442, 27.1364965], [83.159369, 27.1360096], [83.1603283, 27.1358504], [83.1618153, 27.137979], [83.1631012, 27.1381016], [83.16435, 27.1364068], [83.1682131, 27.1344302], [83.1703092, 27.1323388], [83.1718098, 27.1325057], [83.1721151, 27.1343664], [83.1735323, 27.1356827], [83.1781244, 27.1353683], [83.1804489, 27.1339906], [83.1815753, 27.1341635], [83.1833222, 27.1359049], [83.1849159, 27.1354002], [83.1881067, 27.1319511], [83.1880752, 27.1304207], [83.1864986, 27.129155], [83.1866819, 27.127669], [83.1877945, 27.1271722], [83.1912697, 27.1271628], [83.192214, 27.1262861], [83.1927189, 27.1248425], [83.195128, 27.1249941], [83.1958615, 27.1242644], [83.1957388, 27.123501], [83.1949817, 27.1230829], [83.1906445, 27.1227718], [83.1903002, 27.1216293], [83.1908733, 27.1209023], [83.1925095, 27.1198706], [83.1946116, 27.120697], [83.1978986, 27.119351], [83.2015438, 27.1198169], [83.2015814, 27.1190508], [83.2003779, 27.1177312], [83.2004551, 27.1162948], [83.201621, 27.115797], [83.2035014, 27.1162443], [83.2047078, 27.1151239], [83.2048315, 27.1133518], [83.2030481, 27.1124246], [83.2023711, 27.1107136], [83.2010024, 27.1091575], [83.2015794, 27.1060383], [83.1991104, 27.1029696], [83.1986839, 27.1004412], [83.2024809, 27.1005218], [83.2036179, 27.1012205], [83.2046866, 27.1012028], [83.2078591, 27.0995235], [83.2097244, 27.0992533], [83.2098728, 27.0986768], [83.2092167, 27.0979701], [83.2084704, 27.0954948], [83.2058136, 27.0962565], [83.2032565, 27.091515], [83.203397, 27.0905558], [83.2050415, 27.0899544], [83.2075518, 27.0898649], [83.2114235, 27.0884131], [83.2118321, 27.0874974], [83.2116924, 27.085921], [83.2127995, 27.0851849], [83.2138147, 27.085168], [83.2147399, 27.0859659], [83.2160769, 27.0885748], [83.218707, 27.089105], [83.2210355, 27.0905491], [83.2232195, 27.0901945]]}}, {"type": "Feature", "properties": {"name": "Khamukhar Nala", "layer": "minor", "sub_basin": "Ghaghara", "kind": "river"}, "geometry": {"type": "LineString", "coordinates": [[83.209868, 27.2350572], [83.2112867, 27.2338471], [83.2132462, 27.2332459], [83.2149154, 27.2335692], [83.2160377, 27.2327136], [83.2188597, 27.234017], [83.2194581, 27.2333185], [83.218996, 27.2320498], [83.2193881, 27.2316307], [83.2204841, 27.2325334], [83.221907, 27.2326474], [83.2224388, 27.232147], [83.2229466, 27.2327213], [83.2249828, 27.2313662], [83.225682, 27.2321145], [83.2290021, 27.2313306], [83.2300383, 27.2321918], [83.2309467, 27.2316597], [83.2340617, 27.2321586], [83.2348055, 27.2312567], [83.2361088, 27.2306959], [83.2394297, 27.2319204], [83.2408182, 27.2333777], [83.2416027, 27.2346575], [83.2402289, 27.2350627], [83.2409188, 27.2376425], [83.2441182, 27.2403023], [83.2451168, 27.2406137], [83.2454393, 27.2418844], [83.2469614, 27.2420461], [83.2468489, 27.2434841], [83.2474632, 27.2441976], [83.249133, 27.2441395], [83.2485663, 27.2458436], [83.2493324, 27.2472418], [83.2542722, 27.2443185]]}}, {"type": "Feature", "properties": {"name": "Santokh Nala", "layer": "minor", "sub_basin": "Ghaghara", "kind": "river"}, "geometry": {"type": "LineString", "coordinates": [[82.9922009, 27.2112119], [82.9951397, 27.2071686], [83.0046874, 27.2037767], [83.0073008, 27.2038728], [83.015558, 27.2079465], [83.0170226, 27.2077725], [83.0176017, 27.2046972], [83.0234355, 27.2029803], [83.0235636, 27.2015187], [83.0214116, 27.2002467], [83.0199017, 27.1985247], [83.0182461, 27.197535], [83.0136615, 27.1968932], [83.0134845, 27.1963129], [83.014102, 27.1948419], [83.0195498, 27.1906519], [83.0198165, 27.1881662], [83.0232311, 27.1876629], [83.025539, 27.18864], [83.028957, 27.1882825], [83.0284362, 27.1869793], [83.0264265, 27.1848291], [83.0262388, 27.1838113], [83.02747, 27.1807233], [83.0322678, 27.1766912], [83.0323993, 27.1753754], [83.0313963, 27.1743732], [83.0299601, 27.1757141], [83.028815, 27.1755902], [83.0271317, 27.1734338], [83.0264338, 27.1715502], [83.0267354, 27.170523], [83.0307597, 27.1682568], [83.0317311, 27.1679462], [83.0338686, 27.1686347], [83.0352364, 27.1712349], [83.0373669, 27.1716316], [83.0382435, 27.1707392], [83.0415682, 27.1699454], [83.0444295, 27.1668258], [83.0455886, 27.167533], [83.0458222, 27.1704469], [83.0461766, 27.1716074], [83.0470061, 27.1721751], [83.0502605, 27.1718202], [83.0512178, 27.1709261], [83.0529804, 27.1714374], [83.0534338, 27.1730932], [83.0551924, 27.1734817], [83.0565989, 27.1751168], [83.0593349, 27.1750373], [83.0607208, 27.177804], [83.0623647, 27.1794201], [83.0630143, 27.1818075], [83.0670459, 27.1816784], [83.0684782, 27.1831185], [83.0724248, 27.181297], [83.0755172, 27.1806647], [83.0764225, 27.1797469], [83.0778571, 27.1793871], [83.0794553, 27.1796369], [83.0810253, 27.178858], [83.0859445, 27.1796922], [83.0870716, 27.1808255], [83.087684, 27.18263], [83.0882868, 27.1822883], [83.0900319, 27.1834328], [83.0937838, 27.1827592], [83.0962869, 27.1838651], [83.0978076, 27.1807019], [83.0987739, 27.1772621], [83.099906, 27.1767473]]}}, {"type": "Feature", "properties": {"name": "Bilar nadi", "layer": "minor", "sub_basin": "Ghaghara", "kind": "river"}, "geometry": {"type": "MultiLineString", "coordinates": [[[82.9922009, 27.2112119], [82.9904426, 27.2146761], [82.9909744, 27.2167058], [82.9919085, 27.2176238], [82.9934619, 27.2180597], [82.9954502, 27.2168729], [82.9967567, 27.2173003], [82.998155, 27.2194764], [83.0003832, 27.221482], [83.0034183, 27.2230531], [83.0034233, 27.2252817], [83.0040846, 27.2263959]], [[83.0040846, 27.2263959], [83.0071078, 27.2284167], [83.0108066, 27.233814], [83.0115141, 27.2372476], [83.0096436, 27.2402037], [83.0105644, 27.2413378], [83.0124252, 27.2412521], [83.0141315, 27.239791], [83.0178911, 27.2382412], [83.0214706, 27.233996], [83.0238187, 27.232525], [83.0247817, 27.2325102], [83.0270584, 27.2340253], [83.0309138, 27.2341385], [83.0379251, 27.2313901], [83.0397294, 27.2283772], [83.0401235, 27.2255008], [83.0425929, 27.2270127], [83.0457363, 27.2268494], [83.0500718, 27.2252324], [83.0520537, 27.2214703], [83.052069, 27.2189442], [83.0532749, 27.2149071], [83.0532946, 27.2126105], [83.0497192, 27.2037106], [83.0496228, 27.2020473], [83.0500554, 27.2011795], [83.0510801, 27.2010488], [83.0541902, 27.2058227], [83.0556832, 27.2066607], [83.0585174, 27.2071333], [83.0600874, 27.2053293], [83.0609168, 27.2017572], [83.0608755, 27.1996338], [83.0600087, 27.1979825], [83.0582692, 27.1976651], [83.0551102, 27.2002975], [83.0536949, 27.2001472], [83.0536029, 27.1987135], [83.054511, 27.1958865], [83.0557634, 27.1942597], [83.0574299, 27.194119], [83.0594981, 27.1948331], [83.0610384, 27.1948092], [83.06325, 27.1929951], [83.066576, 27.1923692], [83.07134, 27.1897689], [83.0724388, 27.1901536], [83.0732438, 27.1919206], [83.0745352, 27.1923022], [83.0743887, 27.1946582], [83.0747805, 27.1949965], [83.0779264, 27.1950046], [83.0796446, 27.1942314], [83.0820496, 27.1924714], [83.0830966, 27.1902161], [83.0846999, 27.1901335], [83.0865947, 27.1885537], [83.0873682, 27.1887137], [83.0887554, 27.1907011], [83.090111, 27.1910816], [83.0927827, 27.1898339], [83.0985488, 27.1860113], [83.1034101, 27.1851306], [83.1055703, 27.1840056], [83.1051443, 27.1819457], [83.1022099, 27.1796386], [83.0999736, 27.1769185], [83.0998833, 27.1755996], [83.1009548, 27.1746067], [83.1029808, 27.1731968], [83.1054089, 27.1726416], [83.1076145, 27.1738121], [83.1097984, 27.1738922], [83.1116042, 27.1743227], [83.1121336, 27.175118], [83.1136747, 27.1751508], [83.115515, 27.1740881], [83.118697, 27.1695022]], [[83.0040846, 27.2263959], [83.0029881, 27.2260704], [83.0001971, 27.2264393], [82.9988475, 27.2273405], [82.9952316, 27.2372728], [82.9930861, 27.2404068], [82.9927958, 27.2419298], [82.9937928, 27.2454127], [82.9935344, 27.2482774], [82.9911582, 27.2499566], [82.9892293, 27.2502724]]]}}, {"type": "Feature", "properties": {"name": "Dubaal Nala", "layer": "minor", "sub_basin": "Ghaghara", "kind": "river"}, "geometry": {"type": "LineString", "coordinates": [[83.0569702, 27.2825806], [83.0585374, 27.2834376], [83.0602093, 27.2820566], [83.0606762, 27.2780202], [83.0628651, 27.2758715], [83.0645845, 27.2766715], [83.0656045, 27.2758644], [83.0666915, 27.2734933], [83.0660594, 27.2726512], [83.0688291, 27.2697165], [83.0688584, 27.2690722], [83.0719126, 27.2671406], [83.0713896, 27.2659902], [83.0727663, 27.2651753], [83.0728859, 27.2641942], [83.0733899, 27.2640053], [83.0726068, 27.2626172], [83.073887, 27.2621289], [83.0737209, 27.2607638], [83.0725994, 27.2597731], [83.0733497, 27.2593852], [83.0734327, 27.2579155], [83.0728986, 27.2572155], [83.0737908, 27.2556121], [83.073556, 27.2547276], [83.0723437, 27.2544841], [83.0727906, 27.2534853], [83.0738024, 27.2528317], [83.0729264, 27.2511815], [83.0733984, 27.2506864], [83.0731655, 27.2497535], [83.0735895, 27.2487576], [83.0764475, 27.2478877], [83.077327, 27.2454784], [83.0802186, 27.248435], [83.0826824, 27.2484357], [83.0831867, 27.2478174], [83.0840879, 27.2478164], [83.0836056, 27.24704], [83.0848647, 27.2463379], [83.0847742, 27.2453281], [83.0852018, 27.244869], [83.0847828, 27.24411], [83.0860404, 27.2433517], [83.0857971, 27.2413521], [83.0869611, 27.2402399], [83.087878, 27.2400512], [83.0857772, 27.2361237], [83.086701, 27.23563], [83.0865191, 27.2346561], [83.0872291, 27.2346146], [83.0867623, 27.2336866], [83.0872167, 27.2332688], [83.0889372, 27.2335266], [83.0895436, 27.2324299], [83.0910353, 27.2323754], [83.0918264, 27.2317671], [83.0929894, 27.2326718], [83.0934776, 27.2352985], [83.097214, 27.2365166], [83.0979495, 27.2356688], [83.1010159, 27.2354592], [83.1006979, 27.2332446], [83.1021402, 27.232615], [83.1028875, 27.2333684], [83.1039673, 27.2332882], [83.1040246, 27.2327855], [83.1063374, 27.2310184], [83.1064473, 27.2304228], [83.1073614, 27.2303195], [83.1084596, 27.2316174], [83.1069857, 27.2324829], [83.1067331, 27.2338451], [83.1072064, 27.2351894], [83.1093774, 27.2350926], [83.1103332, 27.2359699], [83.1151862, 27.2350952], [83.1163057, 27.2352828], [83.1166539, 27.2361844], [83.1178477, 27.2363902], [83.1176927, 27.2387421], [83.1185965, 27.2397185]]}}, {"type": "Feature", "properties": {"name": "Jamuar", "layer": "minor", "sub_basin": "Ghaghara", "kind": "river"}, "geometry": {"type": "LineString", "coordinates": [[83.1268909, 27.214629], [83.1271557, 27.2196545], [83.1281902, 27.2217318], [83.1264448, 27.2227415], [83.1259621, 27.2236099], [83.1274187, 27.224581], [83.1314897, 27.2252028], [83.1334372, 27.2249492], [83.1332286, 27.2277798], [83.1322256, 27.2288054], [83.1324149, 27.2297561], [83.1295015, 27.2323777], [83.1297967, 27.2344068], [83.1280233, 27.2337664], [83.1267327, 27.2342158], [83.1273499, 27.2323248], [83.1269693, 27.2316535], [83.123812, 27.2326621], [83.1226231, 27.2348247], [83.1219657, 27.2378817], [83.1209707, 27.2385511], [83.1202308, 27.2398729], [83.1185965, 27.2397185], [83.1182639, 27.2407417], [83.1191847, 27.2419675], [83.1186711, 27.2430308], [83.1197256, 27.2432017], [83.1198764, 27.2440723], [83.1192523, 27.2457206], [83.1181616, 27.2468614], [83.1186834, 27.2474001], [83.1204566, 27.2473771], [83.1207448, 27.248633], [83.1189429, 27.2489318], [83.1177334, 27.2497029], [83.1166278, 27.2476882], [83.1140642, 27.2483195], [83.1136261, 27.2499328], [83.1140923, 27.2517735], [83.112983, 27.2520254], [83.1130678, 27.2530143], [83.1123898, 27.2543208], [83.1107064, 27.255471], [83.110679, 27.2568586], [83.1098666, 27.2583413], [83.1100851, 27.2606156], [83.1090837, 27.261511], [83.1084712, 27.2634105], [83.1059052, 27.264668], [83.1065061, 27.2659126], [83.1063009, 27.2668051], [83.1084615, 27.2671685], [83.1083542, 27.2677433], [83.1074728, 27.268225], [83.1080208, 27.272027], [83.1074501, 27.2727472], [83.1065367, 27.2729655], [83.106328, 27.2737333], [83.1067036, 27.2742534], [83.1086231, 27.2742038], [83.1094215, 27.2754705], [83.1088384, 27.2760557], [83.1071154, 27.2763872], [83.1054522, 27.2759101], [83.103241, 27.2778493], [83.1011799, 27.2781294], [83.0994072, 27.2775519], [83.0978687, 27.2777251], [83.096788, 27.2793266], [83.1003964, 27.2800433], [83.1008115, 27.2814065], [83.1004322, 27.2828385], [83.0964141, 27.2830074], [83.0948678, 27.2817057], [83.0945335, 27.2823882], [83.0947889, 27.2838408], [83.0930653, 27.2841575], [83.0915031, 27.2834725], [83.0912989, 27.2841081], [83.0919986, 27.2850761], [83.0909909, 27.2857513], [83.0895353, 27.2906874], [83.0906436, 27.2942335], [83.0903448, 27.2956016], [83.0907722, 27.2974122], [83.087138, 27.2972275], [83.0860295, 27.298125], [83.084907, 27.2977961], [83.0834414, 27.2982465], [83.0852119, 27.3011384], [83.0848412, 27.3037957], [83.0826862, 27.3048152], [83.0807575, 27.3123233], [83.0795115, 27.3135794], [83.0775536, 27.3137542], [83.0748205, 27.3113994], [83.0735507, 27.3112068], [83.0720249, 27.3126643], [83.0713479, 27.3124363]]}}, {"type": "Feature", "properties": {"name": "Mekhra", "layer": "minor", "sub_basin": "Ghaghara", "kind": "river"}, "geometry": {"type": "MultiLineString", "coordinates": [[[83.0996998, 27.2830748], [83.0994247, 27.2839586], [83.1006097, 27.2843583], [83.1009719, 27.2849888], [83.0993313, 27.2868055], [83.0991796, 27.2887535], [83.1004724, 27.2894884], [83.1026608, 27.2871219], [83.1053308, 27.2877824], [83.1045973, 27.2901296], [83.1052215, 27.2910332], [83.1075717, 27.2914071], [83.1071998, 27.2931032], [83.1077929, 27.2939897], [83.1062729, 27.2948451], [83.1075148, 27.2982481], [83.1092601, 27.2996225], [83.1084227, 27.301116], [83.1097519, 27.3010794], [83.1111475, 27.3029089], [83.1111851, 27.3045666], [83.1117514, 27.3054494], [83.1130479, 27.30512], [83.1132019, 27.307226], [83.1161732, 27.3086649], [83.1156755, 27.3108883], [83.1164052, 27.3117382], [83.1193079, 27.312474], [83.1194405, 27.318461], [83.1202418, 27.3196002], [83.1223221, 27.3196936], [83.1228204, 27.320189], [83.1223499, 27.3225366], [83.1203542, 27.3235914], [83.1226449, 27.3252617], [83.1237269, 27.3283548], [83.1254135, 27.3291585], [83.1259616, 27.3299623], [83.1254837, 27.3314692], [83.1228695, 27.3321724], [83.1232767, 27.3349301], [83.1214213, 27.3362989], [83.1209582, 27.3399499], [83.1183658, 27.3424362], [83.1193128, 27.3431168], [83.1182309, 27.3455771], [83.1189486, 27.3471576], [83.1157811, 27.3484604], [83.11544, 27.3494953], [83.1162839, 27.3505734], [83.1159612, 27.3513804], [83.1132353, 27.3511323], [83.1121527, 27.3526825], [83.1118255, 27.3553944], [83.112406, 27.3570768], [83.1122576, 27.358162], [83.1133742, 27.3590327], [83.1128731, 27.3599243], [83.1118733, 27.3600124], [83.1118036, 27.3607625], [83.1132639, 27.3618751], [83.113047, 27.3628957], [83.1120149, 27.3630065], [83.1112583, 27.3623847], [83.1059187, 27.3635956], [83.1047907, 27.3661633], [83.1035682, 27.3671148], [83.1037566, 27.3679913], [83.1049657, 27.368339], [83.105201, 27.3688255], [83.1043499, 27.3698094], [83.1034426, 27.3696825], [83.103087, 27.3707911], [83.1023012, 27.3711973], [83.1030651, 27.3720832], [83.1030717, 27.3732253], [83.1042429, 27.3739848], [83.1054447, 27.3737676], [83.1058904, 27.374739], [83.1045044, 27.3766188], [83.1047026, 27.377845], [83.102176, 27.3785903], [83.1022501, 27.3828038], [83.1037716, 27.3825576], [83.1040934, 27.3820074], [83.1053442, 27.3820754], [83.1068032, 27.383487], [83.1076789, 27.3833576], [83.1099871, 27.388996], [83.1121192, 27.3903214], [83.1118504, 27.3910024], [83.1123609, 27.3943509], [83.110056, 27.3959941], [83.109766, 27.3982865], [83.1077017, 27.3991245], [83.10711444319692, 27.4]], [[83.09841054263657, 27.4], [83.0978866231884, 27.4]]]}}, {"type": "Feature", "properties": {"name": "Jamwar", "layer": "minor", "sub_basin": "Ghaghara", "kind": "river"}, "geometry": {"type": "LineString", "coordinates": [[83.0113739, 27.3906435], [83.0124025, 27.3901351], [83.0141576, 27.3909808], [83.0171358, 27.3877847], [83.0187758, 27.3882946], [83.0189587, 27.3876843], [83.0182193, 27.3864935], [83.0185278, 27.3855781], [83.019337, 27.3851311], [83.020849, 27.386321], [83.0202328, 27.387348], [83.021406, 27.3876337], [83.0203225, 27.3888436], [83.0204132, 27.389332], [83.0215635, 27.3897194], [83.0220543, 27.3887736], [83.0228061, 27.3887945], [83.0233942, 27.3902705], [83.0280143, 27.3892313], [83.0280667, 27.3876706], [83.0297715, 27.3868247], [83.0304903, 27.3849216], [83.0312121, 27.3850831], [83.0341629, 27.3894962], [83.0340042, 27.3906176], [83.0328292, 27.3925565], [83.0335528, 27.3934851], [83.035668, 27.3917537], [83.0379745, 27.391301], [83.0396582, 27.3886261], [83.0409023, 27.3896026], [83.042422, 27.3886691], [83.045152, 27.3887368], [83.0461451, 27.3881084], [83.0464601, 27.3871912], [83.0443059, 27.3860742], [83.0461041, 27.3848468], [83.0457503, 27.3839647], [83.0460076, 27.3819612], [83.0437446, 27.3820521], [83.0432497, 27.3836476], [83.0425818, 27.3833838], [83.0420361, 27.3820551], [83.0442982, 27.3773989], [83.0451835, 27.3776749], [83.044564, 27.3788516], [83.0448352, 27.3794528], [83.045679, 27.3792407], [83.0466466, 27.3780227], [83.0475458, 27.3788126], [83.0483439, 27.3783065], [83.0480388, 27.3758227], [83.0448106, 27.3747711], [83.0438329, 27.3731736], [83.0443314, 27.3720585], [83.0466243, 27.3720343], [83.0456434, 27.3702903], [83.0458333, 27.3689374], [83.0463591, 27.3688333], [83.0478251, 27.370091], [83.0504054, 27.3698752], [83.0513298, 27.3691555], [83.054183, 27.3685628], [83.0584673, 27.3654504], [83.0588185, 27.3635569], [83.0605326, 27.3643563], [83.0621668, 27.3637265], [83.0597541, 27.3598578], [83.059102, 27.3578869], [83.0596528, 27.3567339], [83.0571598, 27.3525735], [83.0557189, 27.3521497], [83.0547338, 27.3549009], [83.0525924, 27.3531786], [83.0523505, 27.3521344], [83.0531895, 27.351265], [83.053768, 27.3492461], [83.0522606, 27.3484861], [83.0512626, 27.3486397], [83.0502664, 27.345533], [83.0512065, 27.344456], [83.0492378, 27.3436472], [83.048356, 27.3423336], [83.0499877, 27.3419241], [83.0515333, 27.3425805], [83.0527929, 27.3402637], [83.0522426, 27.3399601], [83.0506593, 27.3406401], [83.0507827, 27.3389019], [83.0531809, 27.3370742], [83.0547868, 27.3373271], [83.0564959, 27.3367471], [83.056908, 27.3355861], [83.0585915, 27.3358798], [83.0586391, 27.3349101], [83.0577202, 27.334343], [83.057622, 27.3334675], [83.0605869, 27.3311086], [83.0608339, 27.3284101], [83.0613476, 27.3277238], [83.0641525, 27.328184], [83.0660737, 27.3296687], [83.0682199, 27.3286332], [83.0675868, 27.3270985], [83.0699309, 27.326622], [83.0700251, 27.3255667], [83.068885, 27.32381], [83.0697507, 27.3227271], [83.0685267, 27.3215085], [83.0696986, 27.3202135], [83.0676087, 27.3197672], [83.0661053, 27.3176304], [83.0690306, 27.3158863], [83.069319, 27.3138208], [83.0676265, 27.3128816], [83.0678657, 27.3123187], [83.0713479, 27.3124363]]}}, {"type": "Feature", "properties": {"name": "Basauni", "layer": "minor", "sub_basin": "Ghaghara", "kind": "river"}, "geometry": {"type": "LineString", "coordinates": [[83.0276902, 27.3307168], [83.0292202, 27.3301221], [83.0307083, 27.330541], [83.0319915, 27.328831], [83.0338339, 27.3288359], [83.0339544, 27.3282835], [83.0348019, 27.3282213], [83.0350572, 27.3271931], [83.0360146, 27.3270956], [83.0362692, 27.3264963], [83.0354592, 27.3256719], [83.0360463, 27.3246256], [83.0365665, 27.3247463], [83.0374202, 27.3240022], [83.0379203, 27.3229248], [83.0378635, 27.3213136], [83.0388821, 27.3189274], [83.0389221, 27.3176729], [83.0396672, 27.3179208], [83.0432238, 27.3166589], [83.0438036, 27.3157997], [83.0450495, 27.3163667], [83.0474318, 27.31448], [83.0491553, 27.3149596], [83.0504762, 27.3142053], [83.0517647, 27.3142335], [83.0522713, 27.3129469], [83.0542843, 27.3113968], [83.0554117, 27.3121312], [83.0577319, 27.3114762], [83.0582093, 27.3122906], [83.0589705, 27.3119325], [83.0598761, 27.3121988], [83.0599096, 27.3129788], [83.0608217, 27.3134869], [83.0616169, 27.3128649], [83.0640106, 27.3130989], [83.0641762, 27.3124025], [83.065768, 27.3123874], [83.0670783, 27.3113536], [83.0684432, 27.309005], [83.0694172, 27.3082866], [83.0699176, 27.3091711], [83.0691163, 27.3102012], [83.0691587, 27.3108534], [83.0708227, 27.3113456], [83.0713479, 27.3124363]]}}, {"type": "Feature", "properties": {"name": "Sagar Tal", "layer": "minor", "sub_basin": "Ghaghara", "kind": "river"}, "geometry": {"type": "LineString", "coordinates": [[83.0233942, 27.3902705], [83.0222849, 27.3934912], [83.0209677, 27.3937624], [83.0201364, 27.3926698], [83.0195941, 27.3927536], [83.0194956, 27.3942933], [83.0202485, 27.3954796], [83.0199149, 27.3960815], [83.0185009, 27.3968608], [83.0173891, 27.3962866], [83.0157489, 27.3968604], [83.0159223, 27.3975663], [83.0177475, 27.3986943], [83.01801593164627, 27.4]]}}, {"type": "Feature", "properties": {"name": "Siswa", "layer": "minor", "sub_basin": "Ghaghara", "kind": "river"}, "geometry": {"type": "LineString", "coordinates": [[83.17778385442628, 27.4], [83.1769615, 27.3979355], [83.1780614, 27.3945023], [83.1774319, 27.3922438]]}}, {"type": "Feature", "properties": {"name": "Telar", "layer": "minor", "sub_basin": "Ghaghara", "kind": "river"}, "geometry": {"type": "MultiLineString", "coordinates": [[[83.1743036, 27.3582909], [83.1747533, 27.3612361], [83.1745763, 27.3622715], [83.1730366, 27.3644139], [83.1738732, 27.3662881], [83.1725526, 27.3702569], [83.1730353, 27.3720092], [83.1749126, 27.3729516], [83.1759591, 27.3752475], [83.178077, 27.3763001], [83.1784323, 27.3771601], [83.1762437, 27.3799496], [83.175728, 27.3815913], [83.1737006, 27.3824612], [83.1725454, 27.3840099], [83.1727992, 27.3847703], [83.1741144, 27.3843893], [83.1744833, 27.3847673], [83.1741083, 27.3870287], [83.1719741, 27.3866346], [83.1711072, 27.3874191], [83.1711582, 27.3881977], [83.1763265, 27.3919363], [83.1799062, 27.3927861], [83.1821915, 27.397292], [83.1830569, 27.3974225], [83.1853625, 27.3954713], [83.1877218, 27.3961682], [83.1881063, 27.3973271], [83.1871907, 27.3977088], [83.1871909, 27.3982073], [83.18913334858802, 27.4]], [[83.19732497121213, 27.4], [83.1978896, 27.3992547], [83.1984854342788, 27.4]]]}}, {"type": "Feature", "properties": {"name": "Hagni", "layer": "minor", "sub_basin": "Ghaghara", "kind": "river"}, "geometry": {"type": "LineString", "coordinates": [[83.1716943, 27.2936563], [83.1718296, 27.2949943], [83.1746315, 27.295356], [83.1758202, 27.2971657], [83.1785964, 27.2976257], [83.1800264, 27.2984605], [83.1917275, 27.2987083], [83.1915641, 27.3026977], [83.1906124, 27.3063168], [83.1914448, 27.3072106], [83.193409, 27.3073576], [83.194152, 27.3080031], [83.1901, 27.3109062], [83.1889858, 27.3128959], [83.189495, 27.3134291], [83.1911287, 27.3129506], [83.1922399, 27.3132199], [83.1940064, 27.3151082], [83.1939823, 27.3165807], [83.1924047, 27.3172935], [83.1921292, 27.3180357], [83.1925585, 27.319233], [83.1952887, 27.3202458], [83.1962081, 27.3201367], [83.1972962, 27.3161083], [83.1979428, 27.3162556], [83.1995352, 27.3184515], [83.2012845, 27.3191478], [83.2006512, 27.3212082], [83.1975871, 27.322941], [83.1985937, 27.3259276], [83.1975432, 27.329543], [83.1979694, 27.3312114], [83.2005592, 27.3342292], [83.2012955, 27.3340506], [83.2020423, 27.3325028], [83.2029245, 27.3283073], [83.204712, 27.3274425], [83.206493, 27.3275051], [83.2067211, 27.3285745], [83.2050241, 27.3302533], [83.2049044, 27.3329939], [83.2072024, 27.3355913], [83.2077175, 27.3369043], [83.2109752, 27.3379049], [83.2113505, 27.3331566], [83.21231, 27.3321731], [83.2143202, 27.3321863], [83.2156185, 27.3309203], [83.2154732, 27.3287156], [83.2139019, 27.3273383], [83.2137256, 27.3263561], [83.2146033, 27.3253646], [83.2190149, 27.330127], [83.2196877, 27.331328], [83.2198324, 27.3329866], [83.2207319, 27.3331363]]}}, {"type": "Feature", "properties": {"name": "Ghaghwa", "layer": "minor", "sub_basin": "Ghaghara", "kind": "river"}, "geometry": {"type": "LineString", "coordinates": [[83.1235351, 27.3212084], [83.126552, 27.317393], [83.1278917, 27.3171359], [83.1283116, 27.318653], [83.1276957, 27.3192464], [83.1284433, 27.3204407], [83.1303109, 27.3205608], [83.1340284, 27.3223761], [83.1370989, 27.3220437], [83.1433648, 27.3268613], [83.1446664, 27.3261205], [83.1462688, 27.3264444], [83.1465094, 27.3277086], [83.1494515, 27.3293962], [83.149421, 27.3318149], [83.1507195, 27.3321382], [83.1504872, 27.3332295], [83.1490373, 27.3351438], [83.1506896, 27.3381305], [83.1528733, 27.33962], [83.1553901, 27.3394463], [83.155432, 27.3403554], [83.153313, 27.3427453], [83.1530002, 27.3438971], [83.1511308, 27.3457808], [83.1493171, 27.3466781], [83.147585, 27.3483952], [83.146332, 27.3488268], [83.1455741, 27.3511039], [83.1449853, 27.3514913], [83.1451588, 27.3521371], [83.143946, 27.3522448], [83.1435367, 27.3531786], [83.1427451, 27.3532312], [83.142821, 27.3541835], [83.1415451, 27.3549751], [83.1435272, 27.3568372]]}}, {"type": "Feature", "properties": {"name": "Kunhara", "layer": "minor", "sub_basin": "Ghaghara", "kind": "river"}, "geometry": {"type": "LineString", "coordinates": [[83.2551032, 27.3943736], [83.2524788, 27.3927083], [83.2531487, 27.3875968], [83.2539815, 27.3864346], [83.2536983, 27.3831864], [83.2489111, 27.3798229], [83.2485956, 27.3750444], [83.2469461, 27.3679921], [83.244371, 27.3678442], [83.2411975, 27.3698111], [83.2396977, 27.3698363], [83.2381616, 27.3681399], [83.2374342, 27.3641338], [83.2363388, 27.363004], [83.2348552, 27.3637943], [83.2323526, 27.3670893], [83.22679, 27.3675651], [83.2237744, 27.36685], [83.2218141, 27.3653519], [83.2182302, 27.3579489], [83.2160759, 27.3574107], [83.2156993, 27.3599046], [83.2161997, 27.3633406], [83.2119187, 27.3636031], [83.2048048, 27.3616162], [83.1968778, 27.3617472], [83.1958224, 27.3625301], [83.1947987, 27.3648432], [83.1933108, 27.3654417], [83.1898985, 27.3662633], [83.1858632, 27.3680518], [83.182443, 27.3684907], [83.179007, 27.3681643], [83.1786984, 27.3635769], [83.1797225, 27.3612639], [83.1796714, 27.3587772], [83.1751684, 27.3586595], [83.1743036, 27.3582909], [83.1734114, 27.3565834], [83.1733722, 27.3546705], [83.1743846, 27.3517837], [83.1749449, 27.3477561], [83.1753615, 27.3471752], [83.1772856, 27.3469524], [83.1801254, 27.3495848], [83.1822637, 27.3493584], [83.1837436, 27.3483774], [83.1841169, 27.3456923], [83.1804005, 27.3421176], [83.1797068, 27.3396414], [83.1796911, 27.3388762], [83.1805243, 27.3377145], [83.1847453, 27.3345836], [83.1853682, 27.3336166], [83.1851185, 27.3318985], [83.1818074, 27.327169], [83.1817602, 27.3248736], [83.1836563, 27.3233116], [83.1902956, 27.3232025], [83.1908946, 27.3210877], [83.1895899, 27.3201524], [83.1859215, 27.3188733], [83.1830902, 27.3166235], [83.1824241, 27.3154864], [83.1823061, 27.3097477], [83.1812, 27.3080436], [83.1801136, 27.307296], [83.1784004, 27.3073241], [83.1760606, 27.3081278], [83.1717816, 27.3083891], [83.1700489, 27.3074607], [83.1684991, 27.3049983], [83.1663226, 27.3033116], [83.165209, 27.3012249], [83.1649285, 27.2979765], [83.1661781, 27.2962339], [83.1691367, 27.2942721], [83.1753107, 27.2924491], [83.1763421, 27.2905187], [83.1761538, 27.2813367], [83.1752778, 27.2803943], [83.1731369, 27.2804293], [83.1708328, 27.2829546], [83.1711017, 27.2856291], [83.1719816, 27.2867629], [83.1720442, 27.2898235], [83.1716238, 27.2902131], [83.1692647, 27.2900603], [83.1666368, 27.2872328], [83.1638262, 27.2859391], [83.1622963, 27.2844332], [83.1622495, 27.2821377], [83.1645421, 27.2790387], [83.1645304, 27.2784648], [83.1660017, 27.2771014], [83.1659353, 27.2738494], [83.1667565, 27.2721139], [83.1694886, 27.2695817], [83.1714113, 27.2693589], [83.1728589, 27.2668477], [83.1727767, 27.2628306], [83.1705461, 27.2584658], [83.1679502, 27.2571687], [83.1658098, 27.2572036], [83.1645372, 27.2577984], [83.1626614, 27.2603166], [83.1629924, 27.2660518], [83.162362, 27.2666362], [83.1612916, 27.2666536], [83.1597581, 27.2649563], [83.1588513, 27.2624834], [83.158147, 27.2489087], [83.1563453, 27.2445367], [83.1543803, 27.2426551], [83.1509405, 27.2419454], [83.1467453, 27.2462231], [83.1435542, 27.2472314], [83.1401375, 27.2476692], [83.1366976, 27.2469592], [83.1362426, 27.245627], [83.1364104, 27.2433281], [83.1380686, 27.2406224], [83.1386412, 27.2371688], [83.1401007, 27.2352317], [83.1422253, 27.2344321], [83.1452329, 27.2349576], [83.1473575, 27.2341578], [83.1490424, 27.2327911], [83.1489998, 27.2306869], [83.151249, 27.2254838], [83.151156, 27.2208928], [83.1509265, 27.2201311], [83.1498411, 27.2193832], [83.1468493, 27.219623], [83.1434859, 27.2206805], [83.1391364, 27.2207976], [83.1359443, 27.2201816], [83.1331357, 27.2188873], [83.1309498, 27.2166261], [83.1285808, 27.2158987], [83.1255316, 27.2132686], [83.1247671, 27.2071575], [83.1255731, 27.2046569], [83.1255347, 27.202744], [83.124163, 27.1983648], [83.1240519, 27.1928172], [83.1263322, 27.1891449], [83.1262671, 27.1858929], [83.1253731, 27.1839937], [83.1250519, 27.1786409], [83.1243911, 27.1776947], [83.1236843, 27.1744529], [83.1221411, 27.1721813], [83.118697, 27.1695022], [83.1205301, 27.1648803], [83.1192731, 27.1533616], [83.1196844, 27.1514606], [83.1213191, 27.1497696]]}}, {"type": "Feature", "properties": {"name": "Hagni", "layer": "minor", "sub_basin": "Ghaghara", "kind": "river"}, "geometry": {"type": "LineString", "coordinates": [[83.2722659, 27.3524865], [83.2704523, 27.3515747], [83.2699859, 27.3506608], [83.2711117, 27.3493782], [83.2735578, 27.3485125], [83.2737184, 27.3442481], [83.2731519, 27.3437006], [83.2710072, 27.3439989], [83.269949, 27.3432027], [83.2706983, 27.3422723], [83.2701041, 27.3387078], [83.2708665, 27.3364478], [83.2696713, 27.3344711], [83.2652059, 27.3326095], [83.2639259, 27.3338519], [83.2612465, 27.3351258], [83.260669, 27.3334978], [83.2618508, 27.3327655], [83.2617817, 27.3321661], [83.258463, 27.3313908], [83.2542075, 27.327825], [83.2536129, 27.3258454], [83.2531989, 27.3261713], [83.2531016, 27.329286], [83.2516088, 27.3292708], [83.2500835, 27.3248827], [83.2512755, 27.3243785], [83.2516041, 27.3235655], [83.2506452, 27.3218094], [83.2494587, 27.3228274], [83.2484979, 27.3228101], [83.2470192, 27.320467], [83.2447724, 27.320813], [83.2423165, 27.3190441], [83.2415403, 27.3195477], [83.2419034, 27.321291], [83.2401989, 27.321021], [83.2388128, 27.3220832], [83.2386414, 27.3212776], [83.2396675, 27.3202972], [83.239179, 27.3193516], [83.2365034, 27.3196779], [83.2329776, 27.3185075], [83.2303446, 27.3185972], [83.2300593, 27.3172642], [83.2335441, 27.3164338], [83.234565, 27.3147234], [83.2367839, 27.3157029], [83.2352842, 27.312808], [83.2370678, 27.3106769], [83.2364681, 27.3092244], [83.2368673, 27.3070662], [83.2364959, 27.3067508], [83.2349913, 27.3071239], [83.233233, 27.3043968], [83.2315297, 27.303008], [83.2297942, 27.3027974], [83.2278976, 27.3044305], [83.2260262, 27.305224], [83.2246813, 27.3025463], [83.2239571, 27.3031369], [83.2236823, 27.304708], [83.2227926, 27.3046988], [83.2217136, 27.3032515], [83.2229937, 27.3019416], [83.2206013, 27.3017901], [83.2198937, 27.3006581], [83.2189397, 27.3018575], [83.2170242, 27.3011062], [83.2154225, 27.3021142], [83.2100612, 27.3009194], [83.2073417, 27.3015033], [83.2047355, 27.3002082], [83.2040843, 27.3004732], [83.2028231, 27.2995598], [83.2015525, 27.3006337], [83.1994013, 27.3004693], [83.1983891, 27.2988507], [83.197057, 27.2983362], [83.1957534, 27.2971188], [83.1953749, 27.2952256], [83.1942278, 27.2954281], [83.1939857, 27.2938586], [83.1898749, 27.2929211], [83.1890549, 27.2918701], [83.1892545, 27.2907763], [83.1898341, 27.2903069], [83.1913067, 27.2905533], [83.1917352, 27.2899843], [83.1883633, 27.2895453], [83.1878238, 27.2891011], [83.1879846, 27.2866303], [83.1871586, 27.2859571], [83.1865903, 27.2834648], [83.1885984, 27.2815528], [83.1885559, 27.2800416], [83.1921436, 27.2805494], [83.1951223, 27.2775822], [83.1951837, 27.2768448], [83.1928111, 27.2756229], [83.1906788, 27.2753326], [83.1897254, 27.2759724], [83.1887818, 27.2775393], [83.1876732, 27.2779323], [83.1870975, 27.2762083], [83.1848614, 27.273992], [83.1846907, 27.2726121], [83.1830856, 27.2717504], [83.1861586, 27.2703738], [83.1869984, 27.2709583], [83.1871464, 27.2732807], [83.1919084, 27.271657], [83.1929526, 27.2718983], [83.1952443, 27.2737454], [83.1957329, 27.2735577], [83.1969387, 27.2725294], [83.1958794, 27.2705956], [83.1969622, 27.2687519], [83.1966527, 27.2682879], [83.1935432, 27.268373], [83.1923639, 27.2675985], [83.1922056, 27.2664897], [83.1932533, 27.2651117], [83.1928515, 27.2642965], [83.1909728, 27.2642359], [83.1902462, 27.2647381], [83.1898223, 27.2677947], [83.189158, 27.2681777], [83.1882891, 27.2677263], [83.1877476, 27.2660458], [83.1870753, 27.2655605], [83.1852308, 27.2655432], [83.1848327, 27.2671861], [83.1840799, 27.2673503], [83.1818285, 27.2657524], [83.1813341, 27.2657341], [83.1807337, 27.2666309], [83.1792619, 27.2656214], [83.1778438, 27.2667132], [83.1759742, 27.266976], [83.1747251, 27.2658854], [83.1728268, 27.2652777]]}}, {"type": "Feature", "properties": {"name": "Ghonghi", "layer": "minor", "sub_basin": "Ghaghara", "kind": "river"}, "geometry": {"type": "LineString", "coordinates": [[83.3591607, 27.3432863], [83.3580155, 27.3435583], [83.3566175, 27.3447431], [83.3543576, 27.344244], [83.3508245, 27.3419482], [83.352762, 27.3405696], [83.3519261, 27.3398579], [83.3491334, 27.3397956], [83.3472674, 27.338741], [83.3436373, 27.3379061], [83.343801, 27.3363828], [83.3427369, 27.334764], [83.3393791, 27.3339232], [83.337923, 27.3329206], [83.3367648, 27.3328843], [83.3344759, 27.3338446], [83.3330927, 27.3330227], [83.3315263, 27.332995], [83.3291822, 27.3344427], [83.3278119, 27.3341069], [83.3262064, 27.3351742], [83.3253884, 27.3351307], [83.3248585, 27.335689], [83.3248826, 27.3366003], [83.3235836, 27.3363846], [83.3185682, 27.3372196], [83.3176758, 27.3369345], [83.3188131, 27.336181], [83.3156051, 27.3332697], [83.3176044, 27.3316471], [83.3179854, 27.3306056], [83.3169441, 27.3298372], [83.3162326, 27.3312504], [83.3152249, 27.3317579], [83.311287, 27.3321446], [83.3076532, 27.3337406], [83.3065896, 27.3321215], [83.3056244, 27.3316554], [83.3046071, 27.3317983], [83.299983, 27.33457], [83.2947142, 27.3335251], [83.2937519, 27.3348118], [83.2919524, 27.3352015], [83.2895273, 27.3345256], [83.284708, 27.3346082], [83.2786202, 27.3286129], [83.2741205, 27.3279722], [83.2706108, 27.3266566], [83.2686366, 27.3251355], [83.2682108, 27.3240066], [83.2713641, 27.3243117], [83.272519, 27.3219598], [83.270267, 27.319965], [83.2701153, 27.3191304], [83.2711568, 27.3177373], [83.270896, 27.3149312], [83.2686021, 27.3109638], [83.2647749, 27.3104309], [83.2615246, 27.3086921], [83.2616682, 27.3059987], [83.2611176, 27.3052905], [83.254178, 27.3000262], [83.2503348, 27.2987158], [83.2483955, 27.2988083], [83.2461382, 27.2996836], [83.2447305, 27.2995877], [83.2439136, 27.2989437], [83.2433809, 27.295903], [83.2485583, 27.2970116], [83.2492148, 27.2964026], [83.2509417, 27.2926061], [83.2525765, 27.2907845], [83.252392, 27.2883956], [83.2531657, 27.2870072], [83.2530798, 27.2861116], [83.2500791, 27.2834714], [83.2472224, 27.2844764], [83.2467301, 27.2833485], [83.244372, 27.2826109], [83.2428332, 27.2826368], [83.2419811, 27.2834884], [83.2397051, 27.2834669], [83.239483, 27.282454], [83.240238, 27.280169], [83.2376896, 27.2767435], [83.2376154, 27.2732166], [83.2345572, 27.2709956], [83.2335198, 27.2693984], [83.2280394, 27.2697295], [83.2267533, 27.2690334], [83.2239787, 27.2707542], [83.2217161, 27.2681608], [83.2204389, 27.2678831], [83.2179131, 27.2687026], [83.216559, 27.2679478], [83.2164115, 27.2672925], [83.2182446, 27.2653484], [83.2185504, 27.2639679], [83.2166724, 27.26376], [83.2149568, 27.2649247], [83.2138134, 27.2646448], [83.2135828, 27.2632134], [83.2124765, 27.2614977], [83.2146664, 27.2606241], [83.2151073, 27.2593012], [83.21287, 27.2579032], [83.2128464, 27.2567674], [83.2135672, 27.2560378], [83.2172485, 27.2560961], [83.2185651, 27.2550576], [83.2186095, 27.2539805], [83.21743, 27.251967], [83.2184208, 27.2513525], [83.2199604, 27.2513866], [83.2209437, 27.2504134], [83.2209856, 27.2492167], [83.2187216, 27.2497329], [83.2182309, 27.2486647], [83.2182866, 27.2481256], [83.2202606, 27.2465379], [83.2205513, 27.2444401], [83.2179168, 27.2432282], [83.2170473, 27.2432427], [83.2159997, 27.2443365], [83.2137132, 27.2437766], [83.212492, 27.2429598], [83.2113759, 27.2407657], [83.2089496, 27.2399091], [83.208791, 27.2387157], [83.2104169, 27.2364762], [83.2104651, 27.2355784], [83.209317, 27.2350592], [83.2079251, 27.2356804], [83.2064526, 27.235645], [83.205094, 27.2346509], [83.2045329, 27.2334045], [83.2065899, 27.232593], [83.2064858, 27.2308007], [83.205017, 27.2309447], [83.2033874, 27.2330049], [83.2028486, 27.2328344], [83.2019892, 27.2300979], [83.2030529, 27.2297812], [83.2045984, 27.2301144], [83.2049117, 27.2290926], [83.2030839, 27.2280466], [83.2018393, 27.2260938], [83.1993577, 27.2257761], [83.1978506, 27.227296], [83.1966878, 27.2260594], [83.1952142, 27.2259641], [83.1946519, 27.227887], [83.193385, 27.2280873], [83.1929764, 27.2277353], [83.1932663, 27.2255777], [83.1902522, 27.2253882], [83.1892011, 27.2230734], [83.1887228, 27.225832], [83.190153, 27.2270642], [83.1890679, 27.2295936], [83.1875224, 27.2292603], [83.1867015, 27.2283768], [83.186823, 27.2277768], [83.1883475, 27.2270939], [83.1877952, 27.2262658], [83.1862474, 27.2258129], [83.1839315, 27.227047], [83.1827266, 27.227007], [83.1797315, 27.2244848], [83.178799, 27.2246795], [83.1777499, 27.2257132], [83.1751493, 27.2261146], [83.1747726, 27.2273168], [83.1757952, 27.2282568], [83.1758817, 27.2292122], [83.1752301, 27.23006], [83.1745614, 27.230071], [83.1713414, 27.2263563], [83.1696659, 27.2262043], [83.1677389, 27.2268337], [83.1661132, 27.2258436], [83.1651234, 27.2232286], [83.165246, 27.2193995], [83.1639865, 27.2199582], [83.1627452, 27.2214136], [83.1625009, 27.2225538], [83.162997, 27.2239211], [83.1625362, 27.2242873], [83.1617277, 27.2240015], [83.1588511, 27.2206996], [83.157842, 27.220417], [83.1568365, 27.2203137], [83.1560778, 27.2224788], [83.1548085, 27.2225592], [83.1544671, 27.218917], [83.1504908, 27.2197554]]}}, {"type": "Feature", "properties": {"name": "Poh Nala", "layer": "minor", "sub_basin": "Ghaghara", "kind": "river"}, "geometry": {"type": "LineString", "coordinates": [[83.3186059, 27.2553641], [83.3197628, 27.2571542], [83.3223833, 27.2577947], [83.3234187, 27.2606917], [83.3245115, 27.2613809], [83.3248676, 27.2625065], [83.3280194, 27.2644298], [83.3286367, 27.2669346], [83.3291226, 27.2672264], [83.3295435, 27.2666487], [83.3300175, 27.2668033], [83.3308807, 27.2691434], [83.33201, 27.2687596], [83.3332517, 27.269644], [83.3347321, 27.2691484], [83.3345601, 27.2710425], [83.335102, 27.2714724], [83.3347147, 27.2718375], [83.3370547, 27.2731954], [83.3385119, 27.2734036], [83.3392681, 27.2722373], [83.3402772, 27.2728645], [83.340655, 27.2721785], [83.3413446, 27.2726743], [83.3415913, 27.271849], [83.3429818, 27.2720722], [83.3423505, 27.2714144], [83.3434482, 27.2703046], [83.3436646, 27.2694322], [83.3460534, 27.2701171], [83.3456893, 27.2684778], [83.3470804, 27.2683971], [83.3481769, 27.2661455], [83.3487583, 27.2670823], [83.3510851, 27.268504], [83.3507098, 27.2697169], [83.3529947, 27.271327], [83.3538276, 27.2714157], [83.3527893, 27.27223], [83.3513469, 27.2717303], [83.3508642, 27.2729689], [83.3516711, 27.2738136], [83.3506844, 27.2747516], [83.3505858, 27.2755242], [83.3512346, 27.2764421], [83.3510626, 27.2771884], [83.3517952, 27.277755], [83.3532487, 27.2772529], [83.3538279, 27.2762411], [83.3548927, 27.2762674], [83.3552381, 27.27562], [83.356391, 27.276146], [83.3572437, 27.2743387], [83.3576069, 27.2749349], [83.3591637, 27.2747375], [83.3589676, 27.2755658], [83.3595019, 27.2759434], [83.3598811, 27.2751715], [83.3607555, 27.2755282], [83.3609383, 27.2747389], [83.362627, 27.2741035], [83.3625909, 27.2751586], [83.3636279, 27.2768013], [83.3635362, 27.2775884], [83.3648649, 27.277436], [83.3666202, 27.2782286], [83.3665418, 27.2792986], [83.3673543, 27.2796771], [83.3672173, 27.2805512], [83.3679057, 27.2812801], [83.3674487, 27.282851], [83.3687255, 27.2833562], [83.3684232, 27.2841613], [83.3708523, 27.2843729], [83.3715762, 27.2849905], [83.3714325, 27.2867354], [83.3702695, 27.289053], [83.3718031, 27.2926452], [83.3731037, 27.3025824], [83.3754842, 27.3058937], [83.3774428, 27.3067877], [83.3783376, 27.3084811], [83.3788672, 27.3085083], [83.3816604, 27.311174], [83.3815681, 27.3134235], [83.3810622, 27.3145588], [83.3812157, 27.3171927], [83.3837039, 27.3193536], [83.3847114, 27.321417]]}}, {"type": "Feature", "properties": {"name": "Dunri Nala", "layer": "minor", "sub_basin": "Ghaghara", "kind": "river"}, "geometry": {"type": "LineString", "coordinates": [[83.44114417600849, 27.4], [83.4417922, 27.3987897], [83.4412696, 27.3984948], [83.4414257, 27.3977804], [83.4421973, 27.397149], [83.4408297, 27.3971999], [83.4400789, 27.3967244], [83.4404688, 27.3953878], [83.4394149, 27.395356], [83.439727, 27.3942463], [83.4386219, 27.3928319], [83.4379194, 27.3929725], [83.4375461, 27.3943345], [83.4365853, 27.3932821], [83.4357196, 27.3934224], [83.4353206, 27.3928185], [83.4360359, 27.3917406], [83.4363003, 27.3892972], [83.4355879, 27.3893672], [83.4352598, 27.3904475], [83.4342871, 27.3894712], [83.4331684, 27.3904368], [83.4335879, 27.3911503], [83.4332224, 27.3917249], [83.4326295, 27.3916077], [83.4323265, 27.3898281], [83.4317406, 27.3896976], [83.4308569, 27.3909163], [83.4300196, 27.3905156], [83.4296735, 27.3921977], [83.4289023, 27.391521], [83.4293439, 27.3902999], [83.4266026, 27.3902677], [83.4266205, 27.3894055], [83.427527, 27.3892007], [83.4281833, 27.3880138], [83.4263908, 27.3877909], [83.4259604, 27.387062], [83.4272656, 27.3854995], [83.4272259, 27.3845755], [83.4288284, 27.3835889], [83.4302412, 27.3810368], [83.4288027, 27.3797221], [83.4305616, 27.378513], [83.4289302, 27.3774201], [83.4291344, 27.3764675], [83.4286524, 27.3755732], [83.4314244, 27.374704], [83.431441, 27.3725504], [83.4300164, 27.3709214], [83.4299775, 27.3700182], [83.4304963, 27.3694433], [83.4322799, 27.3694312], [83.4316425, 27.3682862], [83.4321775, 27.3678048], [83.4308632, 27.3670143], [83.4309574, 27.3656347], [83.4305687, 27.3647717], [83.429544, 27.3645714], [83.4296144, 27.3635491], [83.4287461, 27.36302], [83.4285106, 27.3637329], [83.4279791, 27.363498], [83.4285034, 27.3623371], [83.426184, 27.3624432], [83.4258963, 27.3615954], [83.4263626, 27.3610121], [83.4259869, 27.3604821], [83.4267628, 27.3604633], [83.4271204, 27.359788], [83.426358, 27.3588983], [83.4251638, 27.3590496], [83.4244674, 27.3583684], [83.4240698, 27.359381], [83.4235555, 27.3585477], [83.4240019, 27.3571504], [83.4219598, 27.3575874], [83.4196528, 27.3559739], [83.421515, 27.355749], [83.4216804, 27.3545573], [83.4225398, 27.353969], [83.4216539, 27.3533519], [83.4219427, 27.3525702], [83.4209128, 27.3520109], [83.421016, 27.351428], [83.4219421, 27.3513741], [83.4221142, 27.3508975], [83.421855, 27.3503318], [83.42016, 27.3497882], [83.4195429, 27.347568], [83.4206007, 27.3463759], [83.4206217, 27.3437431], [83.4184193, 27.3414077], [83.4166443, 27.3405236], [83.4163675, 27.338874], [83.4158562, 27.3384507], [83.4163037, 27.3377463], [83.414878, 27.3382762], [83.4145613, 27.3369784], [83.4138625, 27.3366947], [83.4154831, 27.3343325], [83.4146942, 27.3331925], [83.4137245, 27.3337869], [83.4131631, 27.3334761], [83.4134863, 27.3328778], [83.4153328, 27.3320036], [83.4149927, 27.3296536], [83.4155829, 27.3294772], [83.4171169, 27.3302511], [83.4182261, 27.3292315], [83.4179497, 27.3287386], [83.4160839, 27.3287578], [83.4162692, 27.3273185], [83.4147064, 27.3269662], [83.4148153, 27.3255221], [83.4137882, 27.3258449], [83.4119014, 27.3246337], [83.4108598, 27.325247], [83.4110097, 27.3235547], [83.4104702, 27.3235863], [83.4100302, 27.3243894], [83.4094484, 27.3241682], [83.4086651, 27.3234689], [83.4089996, 27.3228478], [83.4081265, 27.3218626], [83.4060742, 27.3218192], [83.4065533, 27.3232296], [83.4054535, 27.3225328], [83.4045833, 27.3230862], [83.4042738, 27.3222454], [83.4036327, 27.3221247], [83.4034354, 27.3227052], [83.4040017, 27.3235331], [83.4036164, 27.323852], [83.4025765, 27.3233755], [83.4013409, 27.3235291], [83.3999441, 27.3219856], [83.3986697, 27.3222329], [83.3984538, 27.3210136], [83.3974017, 27.3215095], [83.3969444, 27.3205918], [83.3959612, 27.3208445], [83.3957055, 27.3196821], [83.3946033, 27.3203525], [83.3930775, 27.3198444], [83.392045, 27.3204554], [83.3897231, 27.3206598], [83.3893735, 27.3195491], [83.3862201, 27.3192904], [83.3854864, 27.3211507], [83.3847114, 27.321417], [83.3863056, 27.3225861], [83.3848236, 27.3242057], [83.3828025, 27.3244756], [83.382892, 27.3258417], [83.3807959, 27.3270483], [83.3796691, 27.3271372], [83.3786334, 27.3288436], [83.3773055, 27.3286958], [83.3762284, 27.3294697], [83.3759115, 27.3313772], [83.3775809, 27.3300189], [83.3781089, 27.3302973], [83.3775929, 27.3313436], [83.3787933, 27.3309372], [83.3788443, 27.3317015], [83.3778154, 27.3322833], [83.3781793, 27.3335485], [83.3764247, 27.3337328], [83.3756075, 27.3343837], [83.3743173, 27.3336468], [83.3730826, 27.3370547], [83.3698627, 27.3377805], [83.3693329, 27.3390553], [83.3681191, 27.3401473], [83.3685119, 27.3419255], [83.3652728, 27.3444921]]}}, {"type": "Feature", "properties": {"name": "Bokwa Nala", "layer": "minor", "sub_basin": "Ghaghara", "kind": "river"}, "geometry": {"type": "LineString", "coordinates": [[83.4569755, 27.2540814], [83.4579513, 27.2514009], [83.4595057, 27.2501588], [83.458236, 27.2488434], [83.4576707, 27.2468109], [83.4555638, 27.2467089], [83.4567248, 27.2460836], [83.4584147, 27.2462875], [83.4588291, 27.2459565], [83.4581254, 27.2435643], [83.4564453, 27.2439695], [83.4558794, 27.2435885], [83.4569661, 27.2422121], [83.4565952, 27.2414898], [83.4558292, 27.2416095], [83.4558938, 27.2410387], [83.4576511, 27.2414547], [83.4579369, 27.2410713], [83.4556781, 27.2390246], [83.4538914, 27.2384369], [83.4532105, 27.2393259], [83.4515073, 27.2396706], [83.4509292, 27.2382156], [83.4502087, 27.2391514], [83.4506818, 27.2405264], [83.44993, 27.2407743], [83.4492635, 27.2387809], [83.4500619, 27.2366826], [83.4485705, 27.2355621], [83.4497117, 27.2343536], [83.4494579, 27.2331018], [83.4507321, 27.2322111], [83.44721, 27.2289057], [83.4465134, 27.2289411], [83.4456873, 27.2297785], [83.4447095, 27.228674], [83.4435855, 27.2284903], [83.4444025, 27.2273895], [83.4437428, 27.2262853], [83.4438883, 27.2257155], [83.4445532, 27.2253137], [83.4462815, 27.2257949], [83.4457431, 27.2249645], [83.4458737, 27.2238686], [83.4473909, 27.2221287], [83.4484203, 27.221697]]}}, {"type": "Feature", "properties": {"name": "Basmania", "layer": "minor", "sub_basin": "Ghaghara", "kind": "river"}, "geometry": {"type": "LineString", "coordinates": [[83.4922574, 27.2536218], [83.4908456, 27.2504678], [83.4906367, 27.2472424], [83.4914253, 27.2466297], [83.4937062, 27.2468863], [83.4947553, 27.2459697], [83.4941171, 27.2415562], [83.4925915, 27.2392524], [83.4907106, 27.2389286], [83.4869307, 27.2403744], [83.4853939, 27.2404627], [83.4815823, 27.237663], [83.4797683, 27.2373378], [83.4786509, 27.2381957], [83.4776266, 27.2401882], [83.4767042, 27.2408033], [83.4756328, 27.2407633], [83.4747509, 27.2402414], [83.4740448, 27.2386398], [83.4764638, 27.236203], [83.4766256, 27.2345255], [83.4759334, 27.2335217], [83.4723007, 27.2297616], [83.4709619, 27.2297266], [83.4682561, 27.2313314], [83.4662528, 27.2314879], [83.4627969, 27.2295781], [83.4618601, 27.2266651], [83.4620587, 27.2236714], [83.4611715, 27.2229103], [83.4595695, 27.2230594], [83.4538236, 27.2262746], [83.4511543, 27.2265628], [83.4504596, 27.2254393], [83.4503393, 27.2231092], [83.4483659, 27.2216504], [83.4483193, 27.219618], [83.4470555, 27.2170098], [83.4462354, 27.2162474], [83.4434258, 27.216239], [83.4426726, 27.2154754], [83.4408727, 27.2128172], [83.4405765, 27.2086365], [83.439545, 27.2073995], [83.4362227, 27.2054268], [83.4359567, 27.2025612], [83.4340138, 27.2024172], [83.4311568, 27.2032466], [83.4286791, 27.2031123], [83.4278605, 27.2024096], [83.4276219, 27.2007395], [83.4287478, 27.1973103], [83.4285693, 27.1953401], [83.4266771, 27.1944775], [83.4218721, 27.1949235], [83.4207113, 27.1938681], [83.4193179, 27.1884514], [83.4166839, 27.1873031], [83.4161167, 27.1858781], [83.4179025, 27.1850085], [83.4193993, 27.1831874], [83.4193178, 27.1821688], [83.4210997, 27.1785519], [83.421424, 27.172207], [83.4204011, 27.1713285], [83.4160501, 27.1711083], [83.4175521, 27.1695263], [83.4175892, 27.16821], [83.4164874, 27.1667947], [83.4157325, 27.162981], [83.4131471, 27.1609945], [83.4128764, 27.1578897]]}}, {"type": "Feature", "properties": {"name": "Piyas Nala", "layer": "minor", "sub_basin": "Ghaghara", "kind": "river"}, "geometry": {"type": "LineString", "coordinates": [[83.4720495, 27.2104934], [83.4685255, 27.2092029], [83.4662836, 27.2073979], [83.4629264, 27.2067959], [83.4593164, 27.2042708], [83.4576211, 27.2048303], [83.4571893, 27.2044457], [83.4573068, 27.2037102], [83.454449, 27.2038006], [83.4545153, 27.2031531], [83.4567856, 27.2020275], [83.4578122, 27.202494], [83.4563382, 27.1993522], [83.4555973, 27.1997752], [83.4552903, 27.201354], [83.4540237, 27.2007873], [83.4534703, 27.2024107], [83.4526919, 27.2016104], [83.4508882, 27.2021461], [83.4507782, 27.2029935], [83.4488177, 27.2040343], [83.4493513, 27.2052835], [83.4487001, 27.205473], [83.4483825, 27.203855], [83.4461387, 27.2019722], [83.4457276, 27.1990846], [83.4446215, 27.1998924], [83.4429236, 27.200011], [83.4424606, 27.1982313], [83.4449979, 27.1980944], [83.4442159, 27.1971701], [83.4455882, 27.1966161], [83.4445123, 27.1955931], [83.4448187, 27.1950458], [83.4459368, 27.1947213], [83.4465718, 27.1957661], [83.4471672, 27.1958672], [83.4490276, 27.1936284], [83.4533109, 27.1920874], [83.454294, 27.1908595], [83.4526637, 27.1904271], [83.4518457, 27.1895838], [83.4473942, 27.1901371], [83.4463568, 27.1908544], [83.4445044, 27.1908195], [83.4420707, 27.1881673], [83.4422753, 27.1851922], [83.441416, 27.1852601], [83.4413573, 27.1865147], [83.4398752, 27.1874194], [83.438639, 27.1875688], [83.4391229, 27.1865217], [83.4380129, 27.1868335], [83.4373768, 27.1863194], [83.4391063, 27.1839497], [83.4379302, 27.1834582], [83.4374747, 27.180918], [83.4343654, 27.1800341], [83.4332905, 27.1808026], [83.4345434, 27.181375], [83.4347143, 27.1819439], [83.4337265, 27.1822102], [83.4325453, 27.1812044], [83.4321865, 27.1801442], [83.4325393, 27.1794852], [83.4380176, 27.1771905], [83.4397742, 27.1752061], [83.4389638, 27.1733474], [83.4351054, 27.171045], [83.4363018, 27.1703796], [83.4376173, 27.170444], [83.4369072, 27.1693857], [83.4384555, 27.1693191], [83.4388992, 27.1683346], [83.4375714, 27.1678658], [83.4369574, 27.1682085], [83.4368285, 27.1689249], [83.4352604, 27.1690499], [83.4355757, 27.1680886], [83.4341496, 27.1672194], [83.4309215, 27.1683391], [83.4308826, 27.1674146], [83.4326851, 27.1661465], [83.4320508, 27.1654686], [83.4309948, 27.1657931], [83.431026, 27.1639763], [83.4313519, 27.1637177], [83.4322071, 27.1642271], [83.4320807, 27.1632566], [83.4328379, 27.1619573], [83.4324424, 27.161697], [83.4310414, 27.1623577], [83.4304312, 27.1599915], [83.4295201, 27.1599439], [83.4289283, 27.1581846], [83.4319323, 27.1565127], [83.432093, 27.1549514], [83.4344544, 27.1559071], [83.4348624, 27.1548193], [83.4341859, 27.1538178], [83.4360312, 27.1521881], [83.4350473, 27.1516065], [83.4351275, 27.1506136], [83.4342092, 27.1501448], [83.4325245, 27.1502718], [83.4331101, 27.1513906], [83.4328682, 27.1518104], [83.4316978, 27.1513912], [83.4320043, 27.1493019], [83.4337996, 27.1482497], [83.432755, 27.1472349], [83.4329713, 27.1464135], [83.4344744, 27.1462505], [83.4355343, 27.1474142], [83.437849, 27.1463437], [83.4380501, 27.1450982], [83.4387158, 27.1448949], [83.4389424, 27.144263], [83.4403951, 27.1444428], [83.4405614, 27.1440773], [83.439542, 27.1431437], [83.4394558, 27.1423721], [83.4378618, 27.1421562], [83.4395562, 27.1415282], [83.4394904, 27.1410905], [83.4379368, 27.1408791], [83.4348757, 27.1419138], [83.4335843, 27.1417203], [83.4345687, 27.1432045], [83.4345287, 27.1440258], [83.4333682, 27.1431735], [83.4307352, 27.1431294], [83.4299328, 27.1421008], [83.4295903, 27.1433689], [83.429091, 27.1434594], [83.4283389, 27.1422143], [83.4290295, 27.1412619], [83.4304566, 27.1407244], [83.4311317, 27.1391177], [83.4310452, 27.137615], [83.4284323, 27.13707], [83.4272827, 27.1379143], [83.4269644, 27.1367954], [83.4256125, 27.1361325], [83.4238554, 27.1338832], [83.4246162, 27.1330471], [83.430181, 27.1341318], [83.4304578, 27.1328682], [83.4291614, 27.1323994], [83.4290995, 27.1319885], [83.4300282, 27.1313188], [83.4311641, 27.1314047], [83.4309239, 27.1300276], [83.4319522, 27.1293702], [83.4333676, 27.1307289], [83.434663, 27.1308314], [83.4327668, 27.1282081], [83.43365, 27.1279075], [83.43478, 27.1287316]]}}, {"type": "Feature", "properties": {"name": "Kula Nala", "layer": "minor", "sub_basin": "Ghaghara", "kind": "river"}, "geometry": {"type": "LineString", "coordinates": [[83.2618558, 27.2209641], [83.2813157, 27.2418312], [83.3060275, 27.2442347]]}}, {"type": "Feature", "properties": {"name": "Gar Kiali", "layer": "minor", "sub_basin": "Ghaghara", "kind": "river"}, "geometry": {"type": "LineString", "coordinates": [[83.2542722, 27.2443185], [83.2568699, 27.2431483], [83.2595761, 27.2459077], [83.2609272, 27.2483454], [83.2629007, 27.2483586], [83.2639826, 27.249003], [83.2656145, 27.2487685], [83.2662005, 27.2500015], [83.2678895, 27.2515137], [83.2693558, 27.2515016], [83.270904, 27.2527945], [83.2717081, 27.2547208], [83.2731177, 27.2551255], [83.2754051, 27.2547724], [83.2764601, 27.2563076], [83.2780294, 27.2574143], [83.2811151, 27.2568878], [83.2814762, 27.2573605]]}}, {"type": "Feature", "properties": {"name": "Bijaisalahi Nala", "layer": "minor", "sub_basin": "Ghaghara", "kind": "river"}, "geometry": {"type": "LineString", "coordinates": [[83.320802, 27.1948872], [83.3182687, 27.1949765], [83.3179813, 27.1944754], [83.3167652, 27.1944073], [83.3130761, 27.1948028], [83.3116839, 27.1937326], [83.3092819, 27.1937722], [83.3071029, 27.1920023], [83.3076889, 27.1910821], [83.3073009, 27.1902381], [83.3081968, 27.1897699], [83.3083006, 27.1876739], [83.30686, 27.1849808], [83.3060879, 27.1845968], [83.3057031, 27.1830899], [83.304829, 27.1828399], [83.3045758, 27.1820039], [83.3036446, 27.1823215], [83.3013993, 27.1820327], [83.3019887, 27.1808925], [83.3002484, 27.1804768], [83.3010681, 27.1798332], [83.3009174, 27.1794612], [83.2984723, 27.17755], [83.2967478, 27.177249], [83.2967486, 27.176407], [83.2954924, 27.1759916], [83.2958584, 27.1749581], [83.2955539, 27.1740492], [83.2940608, 27.1746604], [83.293711, 27.1755038], [83.2931509, 27.1754463], [83.2923946, 27.1742935], [83.2906363, 27.1743698], [83.28901, 27.1716551], [83.2871822, 27.1707965], [83.2861793, 27.1694962], [83.2846708, 27.1693915], [83.2811862, 27.16753], [83.2771857, 27.1672656], [83.2748291, 27.1678641], [83.2697407, 27.1710958], [83.2672979, 27.1719603], [83.2639596, 27.1703919], [83.261946, 27.1709182], [83.2599032, 27.1702623], [83.2599296, 27.16922], [83.2586129, 27.1691692], [83.2585782, 27.1684337], [83.2574842, 27.1677198], [83.2572529, 27.166966], [83.256647, 27.1676063], [83.2560018, 27.1669875], [83.2547251, 27.1672843], [83.2552534, 27.1684986], [83.2542238, 27.1689173], [83.253039, 27.1681537], [83.2523777, 27.1685637], [83.2513134, 27.1683642], [83.2502327, 27.1693154], [83.2506804, 27.1703244], [83.2493921, 27.1705916], [83.2486067, 27.1699359], [83.2491086, 27.1691543], [83.2489882, 27.1682426], [83.246525, 27.1669946]]}}, {"type": "Feature", "properties": {"name": "Powa Nala", "layer": "minor", "sub_basin": "Ghaghara", "kind": "river"}, "geometry": {"type": "LineString", "coordinates": [[83.3186059, 27.2553641], [83.3185372, 27.2546393], [83.3192234, 27.2541087], [83.3188703, 27.2528277], [83.3191777, 27.2511167], [83.3181347, 27.2495297], [83.316547, 27.2489683], [83.3162922, 27.2482193], [83.3154375, 27.2488382], [83.3141031, 27.2479844], [83.3134497, 27.2485204], [83.3124206, 27.2471648], [83.3113854, 27.2475796], [83.3095782, 27.2464766], [83.3087174, 27.2468872], [83.3083585, 27.2465572], [83.3087075, 27.2455598], [83.3081398, 27.2450525], [83.3068886, 27.2457929], [83.3058064, 27.2455729], [83.305406, 27.2448651], [83.3059952, 27.2440964], [83.3037312, 27.2431361], [83.3030688, 27.2435668], [83.30311, 27.2428109], [83.3038932, 27.2421886], [83.3028183, 27.2422138], [83.3026486, 27.2414629], [83.300925, 27.2410185], [83.3007441, 27.2398088], [83.3015697, 27.238472], [83.300563, 27.2379482], [83.3024614, 27.2365101], [83.3024039, 27.2357414], [83.3006477, 27.236787], [83.2994347, 27.2361469], [83.2959539, 27.2375682], [83.2944941, 27.2374135], [83.2939922, 27.2368402], [83.294799, 27.2355757], [83.2961656, 27.2354306], [83.2964697, 27.2350083], [83.2933164, 27.2324774], [83.2932561, 27.231856], [83.2951503, 27.2310003], [83.2937469, 27.2298883], [83.2941293, 27.22934], [83.2938941, 27.2284316], [83.2956614, 27.2268865], [83.298632, 27.2260622], [83.2992486, 27.225357], [83.3000903, 27.2254356], [83.3001586, 27.2248232], [83.3008035, 27.2251451], [83.3012713, 27.2227427], [83.3003934, 27.2222297], [83.2996953, 27.2224093], [83.2993297, 27.2217098], [83.2987198, 27.2223138], [83.2987796, 27.2211399], [83.3003188, 27.2209298], [83.3004479, 27.2194408], [83.3018809, 27.2196249], [83.3023485, 27.2181994], [83.3039555, 27.2174413], [83.3031295, 27.2162888], [83.3030803, 27.2148552], [83.3041067, 27.213743], [83.3039872, 27.2126091], [83.303512, 27.2124527], [83.3029153, 27.2137724], [83.3006304, 27.214997], [83.3002638, 27.214802], [83.3004622, 27.2140743], [83.2994971, 27.2146023], [83.2994674, 27.2133189], [83.29857, 27.2140138], [83.2985551, 27.2126703], [83.2980599, 27.212366], [83.2983341, 27.211819], [83.296993, 27.2099077], [83.2960258, 27.209825], [83.2958432, 27.2091456], [83.2951903, 27.2096172], [83.294141, 27.20941], [83.2933346, 27.2069956], [83.2921206, 27.2067852], [83.2923644, 27.2054626], [83.2917849, 27.2049566], [83.2928453, 27.203935], [83.2928193, 27.203309], [83.2912195, 27.2037464], [83.2900272, 27.2034723], [83.289545, 27.2025358], [83.28906, 27.2025822], [83.2878929, 27.2014538], [83.286764, 27.2017398], [83.2857114, 27.2011477], [83.2852514, 27.2015095], [83.2840255, 27.2011589], [83.2838992, 27.2005932], [83.2826016, 27.2014782], [83.2830506, 27.2020855], [83.2828533, 27.2033383], [83.2818595, 27.202877], [83.2809, 27.2033276], [83.2802289, 27.2026341], [83.2796178, 27.2031959], [83.276464, 27.2003792], [83.276829, 27.1994209], [83.2783501, 27.1980587], [83.2775274, 27.1969719], [83.2767399, 27.1971306], [83.2761671, 27.1957079], [83.2741364, 27.1956022], [83.2714274, 27.1970474], [83.2705293, 27.1969918], [83.2693134, 27.1960366], [83.2705933, 27.1940469], [83.2702554, 27.1931886], [83.2653461, 27.1941184], [83.265403, 27.1931363], [83.2649694, 27.1929043], [83.2641309, 27.194414], [83.2631462, 27.1931795], [83.262701, 27.1905795], [83.2615978, 27.1908088], [83.2611772, 27.1900416], [83.2604786, 27.189994], [83.2599169, 27.1882046], [83.2575855, 27.1904451], [83.2546711, 27.189766], [83.2547132, 27.1891444], [83.254058, 27.1888609], [83.2536156, 27.1892473], [83.2528796, 27.1889363], [83.2526985, 27.1876656], [83.2516364, 27.1873796], [83.2505566, 27.1853221], [83.2479462, 27.184397], [83.246729, 27.1818262], [83.2468582, 27.1811735], [83.2459452, 27.1807613], [83.2475211, 27.1775727], [83.2480939, 27.1773952], [83.249756, 27.178139], [83.2506587, 27.1776695], [83.2501178, 27.1765733], [83.2488488, 27.1769928], [83.2495443, 27.1745223], [83.2463187, 27.1736581], [83.2465357, 27.166226], [83.2450197, 27.1644802], [83.2462323, 27.1640747], [83.2463083, 27.1634473], [83.2448008, 27.1629285], [83.2439498, 27.1637302], [83.2432585, 27.1630723], [83.2450181, 27.1620693], [83.2459641, 27.160363], [83.2469212, 27.1599801], [83.2459443, 27.1592084], [83.2465182, 27.1580927], [83.2451629, 27.1567883], [83.245548, 27.1561538], [83.2437169, 27.1570021], [83.2427518, 27.1566393], [83.2420303, 27.1572695], [83.2407871, 27.1556497], [83.2407398, 27.1544716], [83.2400545, 27.1544874], [83.2380108, 27.1529818], [83.2378626, 27.1516567], [83.2353087, 27.1503721], [83.2346068, 27.1494152], [83.2339321, 27.1478478], [83.2330343, 27.1471094], [83.233356, 27.1452382], [83.2325125, 27.1451806], [83.2323779, 27.1445012], [83.2300874, 27.1442884], [83.2297561, 27.1437917], [83.2302267, 27.1432814], [83.2297759, 27.1428226], [83.2288864, 27.1424787], [83.2276503, 27.1428223], [83.2241603, 27.1408715], [83.2236241, 27.1401628], [83.2235852, 27.1382977], [83.2208542, 27.1361906], [83.2192075, 27.1360746], [83.2190254, 27.1350371], [83.2182109, 27.1344407], [83.2184009, 27.1339352], [83.2200802, 27.1336919], [83.2197763, 27.1325847], [83.2201896, 27.1312502], [83.2225814, 27.1305644], [83.2231142, 27.1291921], [83.2218951, 27.1284231], [83.2212203, 27.1287573], [83.2206359, 27.1276548], [83.2212028, 27.1259948], [83.220328, 27.1244307], [83.2205502, 27.1216283], [83.2194642, 27.1214671], [83.2188416, 27.1186369], [83.2193647, 27.1155186], [83.2186761, 27.1106982], [83.2195921, 27.1084823], [83.2213911, 27.1075911], [83.2214106, 27.1059642], [83.2229709, 27.103881], [83.2247462, 27.0993064], [83.2244601, 27.0984023], [83.2235487, 27.098274], [83.2221297, 27.0971955], [83.2211551, 27.0937213], [83.2200011, 27.0922097], [83.2205769, 27.091626], [83.2238323, 27.0913802], [83.224038, 27.0909941], [83.2230005, 27.0899422], [83.2227548, 27.0884154], [83.2259501, 27.0853001], [83.2290854, 27.0844343], [83.2298507, 27.0826992], [83.2303005, 27.0769165]]}}, {"type": "Feature", "properties": {"name": "Dandoh Nala", "layer": "minor", "sub_basin": "Ghaghara", "kind": "river"}, "geometry": {"type": "LineString", "coordinates": [[83.295508, 27.165206], [83.2945882, 27.1644248], [83.2945858, 27.1633952], [83.2937366, 27.1629037], [83.2931119, 27.1617256], [83.2909231, 27.1608398], [83.2884841, 27.1575398], [83.2875056, 27.157291], [83.2873155, 27.1552784], [83.285928, 27.1534283], [83.2847042, 27.1530205], [83.284282, 27.1511836], [83.2845555, 27.1497668], [83.2831187, 27.1488635], [83.2831846, 27.1483265], [83.2818985, 27.1482084], [83.2816721, 27.1473915], [83.2809411, 27.1469262], [83.2786264, 27.1464102], [83.2754583, 27.1466923], [83.2736895, 27.1449176], [83.2667786, 27.1403143], [83.2614976, 27.1403598], [83.2608172, 27.1398899], [83.2602465, 27.1406385], [83.2579812, 27.1411691], [83.2561032, 27.1427559], [83.2547257, 27.1431518], [83.2501162, 27.1471006], [83.2456645, 27.148911], [83.2445727, 27.148872], [83.2436504, 27.1477394], [83.2412526, 27.1466316], [83.2393476, 27.1445396], [83.2379351, 27.144506], [83.2367646, 27.146822], [83.2356303, 27.147817], [83.2335682, 27.147499]]}}, {"type": "Feature", "properties": {"name": "Kalan Nala", "layer": "minor", "sub_basin": "Ghaghara", "kind": "river"}, "geometry": {"type": "LineString", "coordinates": [[83.3242121, 26.9697043], [83.3216225, 26.9713213], [83.3196909, 26.971309], [83.3177023, 26.9720724], [83.3154953, 26.9715604], [83.3149015, 26.9743316], [83.3140681, 26.9747354], [83.3128665, 26.9767672], [83.3118185, 26.9769334], [83.3083948, 26.9804704], [83.3082006, 26.9814777], [83.3102813, 26.9842129], [83.3088735, 26.984031], [83.3082181, 26.9861354], [83.3055081, 26.9873785], [83.3034478, 26.986248], [83.3009603, 26.9869788], [83.2983219, 26.98535], [83.2944197, 26.987032], [83.2905123, 26.98692], [83.2889352, 26.9880834], [83.2871296, 26.9910447], [83.286769, 26.9929048], [83.2876063, 26.9945947], [83.287127, 26.9957375], [83.2874105, 26.9963622], [83.2890949, 26.9970808], [83.2889563, 26.9983988], [83.2876625, 26.9993779], [83.2882902, 27.0000005], [83.2888385, 27.002195], [83.2925067, 27.0035566], [83.2925126, 27.004989], [83.2917917, 27.0059145], [83.2921043, 27.0067004], [83.2917902, 27.0080189], [83.2931819, 27.0102504], [83.2928211, 27.0112182], [83.293095, 27.0118655], [83.2923728, 27.0130801], [83.2910209, 27.0133315], [83.2911213, 27.0137187], [83.2918318, 27.0136225], [83.2915448, 27.0145647], [83.292259, 27.0157719], [83.2920098, 27.0165307], [83.2924657, 27.0184332], [83.2921301, 27.019178], [83.2914438, 27.0191748], [83.2916647, 27.0198511], [83.2911758, 27.020734], [83.2923015, 27.022351], [83.2910719, 27.023321], [83.2915819, 27.0241515], [83.2908212, 27.0257296], [83.2915397, 27.0268406], [83.2904161, 27.0277675], [83.2910496, 27.0294154], [83.2899293, 27.02948], [83.2907124, 27.0303524], [83.2900748, 27.0317519], [83.2919359, 27.0328343], [83.2919167, 27.0336486], [83.2926843, 27.0339941], [83.2932063, 27.0379577], [83.2923416, 27.0384779], [83.2926079, 27.0400256], [83.2941895, 27.0414643], [83.2953934, 27.0411055], [83.2976666, 27.0417158], [83.2977888, 27.042305], [83.2970639, 27.0429036], [83.2974979, 27.0438624], [83.2967728, 27.0448604], [83.2976411, 27.045772], [83.2976514, 27.0468802], [83.2969932, 27.0478583], [83.2977621, 27.0480285], [83.2983852, 27.0496463], [83.2983837, 27.0516337], [83.2977905, 27.0521282], [83.2984527, 27.0527727], [83.2976399, 27.0535435], [83.2983691, 27.0540326], [83.2979009, 27.0546459], [83.2992003, 27.0553196], [83.2997424, 27.0562553], [83.2987692, 27.0567161], [83.2986706, 27.0572567], [83.2959082, 27.057411], [83.2953713, 27.058122], [83.2942559, 27.0581003], [83.2937966, 27.059248], [83.2943426, 27.0613291], [83.2952885, 27.0612553], [83.2966649, 27.0625788], [83.2966303, 27.0645852], [83.2974932, 27.0646006], [83.2979753, 27.0632186], [83.2996165, 27.0655975], [83.3007448, 27.0658805], [83.3022402, 27.0650107], [83.304719, 27.0668892], [83.3033218, 27.0684093], [83.3060529, 27.0697688], [83.3063348, 27.0705316], [83.3056339, 27.0708832], [83.3031895, 27.070169], [83.3031892, 27.0706834], [83.3045651, 27.0711264], [83.3051089, 27.0719569], [83.3046953, 27.0724351], [83.3027998, 27.0726868], [83.3034499, 27.0731068], [83.3037413, 27.0744562], [83.3053942, 27.0751834], [83.3054893, 27.0763884], [83.3047831, 27.0771146], [83.3059118, 27.0780221], [83.3056631, 27.0806392], [83.3071302, 27.0794456], [83.3080161, 27.0794985], [83.3084392, 27.0799302], [83.3084008, 27.0817359], [83.3128647, 27.0847986], [83.3126776, 27.085728], [83.3133322, 27.0873168], [83.315327, 27.086812], [83.3157584, 27.0860163], [83.3189433, 27.0855353], [83.3184914, 27.0871208], [83.3204214, 27.0860053], [83.3211146, 27.0867049], [83.3207034, 27.087784], [83.3242985, 27.0885631], [83.3249235, 27.0881], [83.3254578, 27.088831], [83.3248845, 27.0890355], [83.3248567, 27.089891], [83.325807, 27.0896535], [83.3254407, 27.091187], [83.3260816, 27.0920847], [83.3248993, 27.0935221], [83.3264593, 27.0946978], [83.3263849, 27.0959372], [83.3246873, 27.0976494], [83.324852, 27.0987641], [83.3232328, 27.0980315], [83.3228704, 27.098516], [83.3234019, 27.0997294], [83.3219457, 27.0995252], [83.3223495, 27.1001789], [83.3216749, 27.1017482], [83.3221612, 27.1022411], [83.3214744, 27.1034165], [83.3220113, 27.1036352], [83.3223593, 27.1052278], [83.3210134, 27.1084851], [83.3218949, 27.1096092], [83.3207569, 27.1098776], [83.3212871, 27.1113192], [83.3199368, 27.1127006], [83.3217647, 27.1135136], [83.3205644, 27.1138273], [83.320647, 27.1150139], [83.3224332, 27.1153852], [83.3216025, 27.1161258], [83.3215154, 27.1173122], [83.3225447, 27.116986], [83.3222435, 27.1177982], [83.3230228, 27.1178721], [83.3234303, 27.1193888], [83.3246744, 27.1196259], [83.3251501, 27.1201995], [83.324131, 27.1215069], [83.3250705, 27.1220353], [83.3257697, 27.1214539], [83.3263407, 27.1217246], [83.3258597, 27.1220876], [83.3263999, 27.1228044], [83.3255708, 27.1230584], [83.3255961, 27.1237802], [83.3261197, 27.1239206], [83.3266565, 27.1233006], [83.3285328, 27.1255335], [83.3296245, 27.1255752], [83.3297407, 27.12602], [83.3307259, 27.1257364], [83.3309581, 27.1270192], [83.3315911, 27.127518], [83.3318381, 27.1256923], [83.3332876, 27.1267675], [83.3340053, 27.1258469], [83.3347255, 27.1259293], [83.3351998, 27.1248323], [83.3356714, 27.1260287], [83.336482, 27.12653], [83.3370334, 27.1258669], [83.3379402, 27.126134], [83.3381515, 27.1253689], [83.3384122, 27.1258706], [83.3398723, 27.1252665], [83.3401491, 27.1256506], [83.3395183, 27.1262056], [83.3396311, 27.1267385], [83.3409077, 27.126681], [83.3410412, 27.1277326], [83.3423622, 27.1286956], [83.3430076, 27.1301419], [83.3452447, 27.1300536], [83.3454169, 27.1308778], [83.3464402, 27.130497], [83.3464216, 27.1311519], [83.3471302, 27.1317955], [83.3469504, 27.1330247], [83.3477326, 27.1329212], [83.347919, 27.1337134], [83.348671, 27.1337465], [83.3496135, 27.1351255], [83.3488972, 27.1361415], [83.3497259, 27.1359452], [83.351261, 27.1383557], [83.3525033, 27.1377826], [83.3524604, 27.1383816], [83.353432, 27.1386506], [83.3543257, 27.1402092], [83.3554915, 27.1401203], [83.3554426, 27.1413863], [83.3566773, 27.1422376], [83.3565178, 27.1430068], [83.3575435, 27.1438181], [83.3571553, 27.1446116], [83.3594372, 27.1450595], [83.3589038, 27.1457449], [83.3594279, 27.1468166], [83.3603008, 27.1470812], [83.3599782, 27.1479963], [83.3603021, 27.1486817], [83.3613441, 27.1492752], [83.3625304, 27.1489104], [83.3624186, 27.1507612], [83.3638743, 27.1509779], [83.3647993, 27.1527997], [83.3640035, 27.1530837], [83.3629978, 27.1552013], [83.3622431, 27.155593], [83.3634785, 27.157072], [83.3632915, 27.158179], [83.3638674, 27.1601897], [83.3624104, 27.1626822], [83.3616789, 27.1658758], [83.3611105, 27.165903], [83.3611576, 27.1667172], [83.3604712, 27.1671141], [83.3607322, 27.1677224], [83.3598719, 27.169418], [83.3603577, 27.1704392], [83.3572808, 27.1738], [83.3591828, 27.1762707], [83.3660369, 27.1786933], [83.3675203, 27.182653]]}}, {"type": "Feature", "properties": {"name": "Amahwa Nala", "layer": "minor", "sub_basin": "Ghaghara", "kind": "river"}, "geometry": {"type": "LineString", "coordinates": [[83.3880879, 27.0570886], [83.3893776, 27.0572122], [83.3907001, 27.058355], [83.3911502, 27.0602016], [83.3928614, 27.0606085], [83.395754, 27.0595777], [83.3973886, 27.0573318], [83.3970077, 27.0551068], [83.3955489, 27.0523763], [83.393583, 27.0506017], [83.389979, 27.0484498], [83.3851426, 27.0475885], [83.3836805, 27.0465594], [83.3769635, 27.0457798], [83.374041, 27.0445916], [83.373333, 27.0435121], [83.3734636, 27.0399708], [83.3742696, 27.0389757], [83.3745177, 27.0369141], [83.3762855, 27.0359257], [83.3761094, 27.0340152], [83.3767097, 27.0333825], [83.3767825, 27.0318503], [83.3782325, 27.0309872], [83.3779298, 27.0293899], [83.3788158, 27.0283933], [83.379864, 27.0286856], [83.3805492, 27.0282667], [83.3807132, 27.0272352], [83.3818571, 27.0270234], [83.3823639, 27.0257414], [83.3806291, 27.0222611], [83.3782304, 27.0206893], [83.3775248, 27.0195895], [83.3752718, 27.0191633], [83.3726934, 27.0203215], [83.3712533, 27.0204189], [83.3698388, 27.01987], [83.3679161, 27.0180742], [83.3673533, 27.0161825], [83.36813, 27.0132962], [83.3667463, 27.0112034], [83.3667463, 27.0085176], [83.364607, 27.0079427], [83.3642748, 27.0074103], [83.364657, 27.0065783], [83.3658456, 27.0059831], [83.3658194, 27.0047995], [83.3650189, 27.0030196], [83.3635167, 27.0021133], [83.3631757, 27.0011865], [83.3633537, 27.0001786], [83.3654195, 26.9975944], [83.3660951, 26.9991612], [83.3668999, 26.9993263], [83.3675575, 26.998274], [83.3684352, 26.9981149], [83.3687433, 26.9993653], [83.3698716, 26.9996681], [83.3704592, 27.0008777], [83.3729041, 27.0009418], [83.3734456, 27.000071], [83.3779872, 26.9971553], [83.3785463, 26.9952795], [83.3794648, 26.9951555], [83.3792285, 26.992935], [83.3781545, 26.9914711], [83.3724173, 26.9880331], [83.3660557, 26.9889356], [83.362335, 26.9885233], [83.3611683, 26.9876828], [83.3600427, 26.9836242], [83.36093, 26.9826995], [83.3610511, 26.9809272], [83.3626635, 26.9789849], [83.3623618, 26.9774115], [83.3594494, 26.9736836], [83.357084, 26.97296], [83.3565478, 26.9704339], [83.3523948, 26.9685458], [83.3523162, 26.967399], [83.3510823, 26.9671337], [83.3511147, 26.9661763], [83.3504114, 26.9657582], [83.3502271, 26.9646611], [83.3473961, 26.9621754], [83.3476398, 26.9611186], [83.3467471, 26.9593642], [83.3463096, 26.9588935], [83.3439499, 26.9584088], [83.3432383, 26.957608], [83.3424366, 26.9551343], [83.3417408, 26.9550509], [83.3401073, 26.9535965], [83.3399043, 26.9516386], [83.3406063, 26.949569], [83.3393326, 26.9473814]]}}, {"type": "Feature", "properties": {"name": "Rohini", "layer": "minor", "sub_basin": "Ghaghara", "kind": "river"}, "geometry": {"type": "LineString", "coordinates": [[83.47767901284247, 27.4], [83.4783728, 27.3994737], [83.4789322, 27.3978504], [83.4806766, 27.3975714], [83.4822618, 27.3963647], [83.4823888, 27.3946144], [83.4830374, 27.3940886], [83.4844912, 27.3941237], [83.4850334, 27.3959396], [83.4865754, 27.3962161], [83.4880603, 27.395539], [83.489275, 27.3941327], [83.4912685, 27.3937452], [83.492059, 27.3931347], [83.4919502, 27.3925732], [83.4897194, 27.3918704], [83.4890042, 27.3894774], [83.4894257, 27.3876322], [83.4906037, 27.3859593], [83.4901161, 27.3842572], [83.4912808, 27.3826443], [83.4915017, 27.3813444], [83.4905707, 27.380595], [83.4882471, 27.3808523], [83.4873718, 27.3802516], [83.4882647, 27.3778842], [83.4860007, 27.3760897], [83.4849214, 27.3715333], [83.4837539, 27.3698804], [83.4850622, 27.366564], [83.4849563, 27.3645018], [83.4868132, 27.3633608], [83.4890761, 27.3634954], [83.4895471, 27.3624845], [83.4868682, 27.3617269], [83.4852156, 27.3604711], [83.4847983, 27.359591], [83.4852698, 27.3590451], [83.4872541, 27.3590445], [83.4880099, 27.3583185], [83.4878073, 27.3570753], [83.4865356, 27.355483], [83.4868263, 27.3546768], [83.4874924, 27.3545151], [83.48927, 27.3554064], [83.4912009, 27.3532254], [83.4945309, 27.352262], [83.4945375, 27.3515074], [83.4937733, 27.3508013], [83.4914078, 27.3518882], [83.4903181, 27.3517217], [83.4902618, 27.3495969], [83.4921743, 27.3483008], [83.4905084, 27.3470144], [83.4904381, 27.3461031], [83.4963959, 27.3394771], [83.4976655, 27.3391226], [83.5, 27.3395176], [83.5010236, 27.3389051], [83.501386, 27.3376412], [83.4993806, 27.3357032], [83.5004942, 27.3317666], [83.4991685, 27.3313107], [83.4940078, 27.3319666], [83.4937644, 27.3314584], [83.4946231, 27.3293946], [83.4940819, 27.3283247], [83.4932626, 27.3278604], [83.4907475, 27.3286931], [83.4890396, 27.3277645], [83.4879039, 27.329048], [83.4860515, 27.3293842], [83.4849427, 27.3288163], [83.4848507, 27.3278811], [83.4855509, 27.3272853], [83.4875463, 27.327253], [83.4912691, 27.3251118], [83.494466, 27.3254257], [83.4972022, 27.322438], [83.4974718, 27.3215388], [83.4970899, 27.3205555], [83.4927191, 27.3190293], [83.491809, 27.3178955], [83.4922662, 27.3172069], [83.4937227, 27.3167841], [83.4950689, 27.3169876], [83.4959013, 27.3185991], [83.4969214, 27.3187967], [83.4975522, 27.3182815], [83.4976745, 27.3161697], [83.498194, 27.3153756], [83.5017409, 27.3131768], [83.5032427, 27.3108824], [83.5039908, 27.3107153], [83.5056402, 27.3117436], [83.5083664, 27.3103493], [83.5077267, 27.3086624], [83.5052272, 27.3062945], [83.5053376, 27.305569], [83.5066698, 27.3042391], [83.5069312, 27.3026625], [83.5042953, 27.3012529], [83.5067382, 27.2982843], [83.507793, 27.2976542], [83.5096734, 27.2979242], [83.5114651, 27.2996122], [83.5129433, 27.2990606], [83.5130126, 27.2977323], [83.5125148, 27.2966854], [83.5093153, 27.2957009], [83.5084707, 27.2941874], [83.5089422, 27.2922551], [83.5088353, 27.2892139], [83.5094688, 27.2885745], [83.5116552, 27.2880053], [83.512115, 27.2864229], [83.5107721, 27.2849616], [83.5082889, 27.2838931], [83.507601, 27.2821018], [83.5058928, 27.280241], [83.5056447, 27.2787372], [83.5017401, 27.2791988], [83.4997882, 27.2783803], [83.4960528, 27.2778475], [83.4950956, 27.278115], [83.4940519, 27.2802313], [83.4928261, 27.280751], [83.4924335, 27.2814984], [83.4910563, 27.2815289], [83.4906192, 27.2806767], [83.4896416, 27.2802058], [83.4894322, 27.2776248], [83.4880482, 27.2774092], [83.4878833, 27.2764278], [83.4866517, 27.2762478], [83.4836212, 27.2771652], [83.4797662, 27.2771649], [83.4793133, 27.2749487], [83.4781628, 27.2738218], [83.476084, 27.2729922], [83.476084, 27.2724916], [83.4773904, 27.2716833], [83.4772885, 27.2707522], [83.476084, 27.2701933], [83.476084, 27.2695611], [83.4741114, 27.2688017], [83.4731614, 27.2693934], [83.4736696, 27.2705321], [83.4725474, 27.2706246], [83.4718084, 27.2699207], [83.4698016, 27.2699577], [83.462573, 27.2664312], [83.4622304, 27.2655046], [83.4626856, 27.264348], [83.4613963, 27.2641565], [83.4620972, 27.2632107], [83.4621461, 27.2618463], [83.4594956, 27.2618233], [83.4586583, 27.2603317], [83.4571118, 27.2594272], [83.4554977, 27.2555817], [83.4543922, 27.2563914], [83.453827, 27.2562583], [83.4538397, 27.2533158], [83.4543768, 27.2522295], [83.4550926, 27.2519293], [83.4552267, 27.2507787], [83.453068, 27.2511771], [83.4511747, 27.2526471], [83.4494892, 27.2526779], [83.4483409, 27.2516226], [83.4460969, 27.2518071], [83.4450338, 27.2509655], [83.4449371, 27.2502496], [83.4469844, 27.2484899], [83.4469713, 27.247916], [83.4420674, 27.2476469], [83.4418839, 27.2466456], [83.440264, 27.2460293], [83.440079, 27.2449563], [83.4419101, 27.244277], [83.4395728, 27.2438891], [83.4377811, 27.2392573], [83.4381185, 27.2364524], [83.4391912, 27.2342082], [83.4407044, 27.2336783], [83.4412809, 27.2343136], [83.4411368, 27.2350339], [83.4393926, 27.2359986], [83.4393402, 27.2372195], [83.4423585, 27.2358009], [83.4424748, 27.2338612], [83.4442958, 27.2327515], [83.4445054, 27.2313842], [83.4422159, 27.2295603], [83.4350693, 27.2259591], [83.4343096, 27.2243224], [83.4329226, 27.223343], [83.4322513, 27.2220635], [83.4323119, 27.2212012], [83.4337317, 27.220099], [83.4347748, 27.22008], [83.4346797, 27.2229522], [83.4362992, 27.2235685], [83.4381365, 27.2231762], [83.4381202, 27.2224589], [83.4365842, 27.2219846], [83.4360061, 27.2212775], [83.4361422, 27.2166823], [83.4355658, 27.2160469], [83.4338727, 27.215719], [83.4282168, 27.2176159], [83.4276027, 27.218847], [83.4286523, 27.219115], [83.4291663, 27.2205408], [83.4282902, 27.2208438], [83.427316, 27.2203592], [83.4243667, 27.2212739], [83.4225196, 27.2212356], [83.4219942, 27.2193076], [83.4202946, 27.2186925], [83.4174279, 27.216161], [83.4153385, 27.2160553], [83.4120732, 27.2171907], [83.4109402, 27.2167806], [83.4113106, 27.2154104], [83.4120181, 27.2147518], [83.4132986, 27.2145851], [83.4145953, 27.2151358], [83.4152291, 27.2147655], [83.4145613, 27.2136294], [83.4150807, 27.2117542], [83.4121997, 27.208577], [83.412143, 27.2060664], [83.4134169, 27.2056128], [83.4134339, 27.2028138], [83.4152742, 27.2025653], [83.4154743, 27.2007676], [83.4168859, 27.1993068], [83.4171516, 27.1968621], [83.4163477, 27.1968049], [83.4160593, 27.1982454], [83.4149346, 27.198194], [83.4118149, 27.1950928], [83.4111966, 27.1925923], [83.409218, 27.1902599], [83.4094757, 27.1874565], [83.4083301, 27.1864725], [83.4081836, 27.1835329], [83.4091364, 27.1830852], [83.4096338, 27.1837938], [83.4105162, 27.1837779], [83.4106555, 27.1828425], [83.4099701, 27.1809173], [83.411192, 27.1781683], [83.412754, 27.1762743], [83.4127345, 27.1754135], [83.4104904, 27.1755258], [83.4105123, 27.1729419], [83.4084619, 27.1709696], [83.406691, 27.1707145], [83.4058454, 27.1687922], [83.405707, 27.1662112], [83.4068362, 27.1664779], [83.4069003, 27.1657592], [83.4045325, 27.163936], [83.4049125, 27.1629963], [83.4038603, 27.1625846], [83.4038328, 27.1613652], [83.4041407, 27.1607855], [83.4063011, 27.1605313], [83.4070552, 27.161953], [83.4081844, 27.1622197], [83.4087231, 27.1612053], [83.4099966, 27.1607517], [83.4107046, 27.1565767], [83.4112611, 27.1563514], [83.4128764, 27.1578897], [83.4124869, 27.1554449], [83.413982, 27.153564], [83.4139591, 27.1525478], [83.4122533, 27.1510238], [83.412011, 27.1491743], [83.4104606, 27.1486043], [83.4094982, 27.1474256], [83.4096143, 27.1466461], [83.4107286, 27.1456692], [83.4151185, 27.1446928], [83.4151037, 27.1440352], [83.4132125, 27.1431724], [83.4127272, 27.1424037], [83.4130127, 27.1402457], [83.4117965, 27.1396697], [83.410041, 27.1418543], [83.4076382, 27.1420172], [83.4072265, 27.1415462], [83.407209, 27.1407691], [83.408187, 27.139675], [83.4083511, 27.1380574], [83.4090631, 27.137028], [83.4134486, 27.1358723], [83.4140365, 27.1352637], [83.414083, 27.1343658], [83.4122919, 27.1320061], [83.4118249, 27.1290842], [83.4099684, 27.1267855], [83.4104935, 27.1263574], [83.4135748, 27.1266605], [83.4147247, 27.1243074], [83.4146787, 27.122275], [83.415141, 27.1220274], [83.4162943, 27.122784], [83.4173586, 27.1255156], [83.418358, 27.1253779], [83.4193178, 27.1238031], [83.419993, 27.1237934], [83.4221114, 27.1258481], [83.4228535, 27.1232033], [83.4256977, 27.1218958], [83.4258819, 27.1211749], [83.4250612, 27.1203525], [83.4219078, 27.1198118], [83.420351, 27.118943], [83.4202955, 27.1164921], [83.4186232, 27.1134725], [83.416551, 27.1134502], [83.4133689, 27.1145842], [83.4119539, 27.1140716], [83.4117184, 27.112521], [83.41274, 27.1104095], [83.4121759, 27.109104], [83.4104351, 27.108956], [83.4076673, 27.1106805], [83.4053988, 27.110841], [83.4049083, 27.1098332], [83.4049334, 27.1079789], [83.4036732, 27.1054301], [83.4076939, 27.1029655], [83.4094529, 27.1009603], [83.4095515, 27.0994037], [83.4081219, 27.0982334], [83.4088324, 27.0971442], [83.4103686, 27.0971164], [83.4126442, 27.1002448], [83.4152937, 27.1021704], [83.4185896, 27.1031273], [83.4198587, 27.1031043], [83.4210421, 27.1022456], [83.4216789, 27.1008586], [83.4215904, 27.0999034], [83.4209103, 27.0993775], [83.4175666, 27.0992587], [83.416284, 27.0986839], [83.4146776, 27.0956033], [83.4154534, 27.094453], [83.4168506, 27.0941885], [83.4198313, 27.0959883], [83.421103, 27.0960849], [83.4227525, 27.0951579], [83.4255648, 27.0924755], [83.4261771, 27.0900125], [83.4259733, 27.0839762], [83.4232857, 27.0833074], [83.4221558, 27.0835671], [83.4217632, 27.083933], [83.4216224, 27.0865669], [83.4197917, 27.0883344], [83.4190076, 27.0884087], [83.4183102, 27.087823], [83.417624, 27.0840679], [83.416098, 27.0815838], [83.4140048, 27.0806051], [83.4107912, 27.0803043], [83.4090987, 27.0793183], [83.408265, 27.0778981], [83.4066583, 27.0777477], [83.4041973, 27.0812008], [83.4028177, 27.0822423], [83.4010813, 27.0822735], [83.3985554, 27.0798671], [83.3966801, 27.0796616], [83.3953925, 27.0788475], [83.3956876, 27.0771079], [83.3971205, 27.0754675], [83.3964179, 27.0739253], [83.3929401, 27.0737485], [83.3914857, 27.0744324], [83.3881481, 27.0745521], [83.3842523, 27.0736051], [83.3825548, 27.0723796], [83.3817042, 27.0701821], [83.3822467, 27.0645511], [83.3826967, 27.0637656], [83.3834272, 27.0635731], [83.3847827, 27.0644459], [83.3858844, 27.0659213], [83.3873494, 27.0657156], [83.3884605, 27.0616292], [83.3883149, 27.0581035], [83.3865389, 27.0563412], [83.3847295, 27.0560746], [83.3815713, 27.0582241], [83.3799127, 27.0587321], [83.3779365, 27.0569733], [83.377189, 27.0533985], [83.3731405, 27.051557], [83.372544, 27.0487569], [83.3717937, 27.0480526], [83.3695055, 27.0478515], [83.3641305, 27.0488466], [83.3621719, 27.0478647], [83.3618361, 27.044761], [83.3628461, 27.0421118], [83.3645997, 27.039868], [83.3645454, 27.0374171], [83.3657966, 27.0366174], [83.3682184, 27.0374116], [83.369145, 27.0370364], [83.3689174, 27.0327944], [83.365312, 27.0298086], [83.3654243, 27.0288497], [83.3676581, 27.0271954], [83.3686903, 27.0257393], [83.3686638, 27.0243668], [83.3680485, 27.0237199], [83.3667463, 27.023923], [83.3650355, 27.0233548], [83.3632023, 27.025002], [83.362032, 27.027118], [83.3608455, 27.0271369], [83.3586897, 27.0262781], [83.3549623, 27.0268224], [83.3529242, 27.0252438], [83.3520091, 27.0231071], [83.3518252, 27.0177879], [83.3497663, 27.0152528], [83.3491916, 27.0133011], [83.3516633, 27.0104351], [83.3529336, 27.0074824], [83.3529727, 27.0062258], [83.3525618, 27.0057547], [83.3486949, 27.0060023], [83.3482853, 27.0055909], [83.3484017, 27.0048115], [83.352492, 27.0025864], [83.3527339, 27.0014458], [83.3521017, 27.0000218], [83.3513532, 26.9993772], [83.3498877, 26.9995226], [83.3468783, 27.0023266], [83.3462359, 27.0034742], [83.3457033, 27.0035434], [83.3442115, 27.0024932], [83.3454504, 26.9981058], [83.3454189, 26.9966711], [83.3443667, 26.9943574], [83.3434927, 26.9940737], [83.3420482, 26.9951756], [83.3403223, 26.9956246], [83.3364388, 26.9950948], [83.3337054, 26.9952623], [83.332652, 26.9959386], [83.3320173, 26.9974448], [83.3308842, 26.9975244], [83.329475, 26.9971903], [83.3290615, 26.9965995], [83.3291779, 26.9957088], [83.329907, 26.9957082], [83.3305585, 26.994839], [83.3304029, 26.9938251], [83.3268678, 26.9908969], [83.3241882, 26.9904653], [83.3230382, 26.9897678], [83.3230243, 26.9860603], [83.3263082, 26.9866607], [83.3270357, 26.986349], [83.3261907, 26.9843305], [83.3220359, 26.9805159], [83.3220871, 26.9797974], [83.3236611, 26.9785141], [83.3238799, 26.9762976], [83.3258519, 26.9718377], [83.3254923, 26.970648], [83.3238611, 26.969301], [83.3239724, 26.9682825], [83.3262632, 26.9662091], [83.3266977, 26.9647065], [83.3272249, 26.9643983], [83.3280333, 26.9647429], [83.3293465, 26.966813], [83.3316226, 26.967132], [83.3331598, 26.9641747], [83.3365282, 26.9625607], [83.3385217, 26.9621669], [83.3398939, 26.9608271], [83.3399867, 26.9589716], [83.3392961, 26.9579073], [83.3348435, 26.958763], [83.3331692, 26.9584933], [83.3330162, 26.957599], [83.333856, 26.9563284], [83.3343205, 26.9531507], [83.3321743, 26.9496002], [83.3393326, 26.9473814], [83.3395052, 26.9461226], [83.3387218, 26.9438638], [83.3361571, 26.9425334], [83.3339691, 26.9401199], [83.3392762, 26.9387111], [83.3397287, 26.9380453], [83.3350979, 26.9337611], [83.3328055, 26.932665], [83.331915, 26.9316042], [83.3325534, 26.9272274], [83.3312536, 26.9257551], [83.3287561, 26.9244234], [83.3289408, 26.9206527], [83.3284518, 26.9196446], [83.3254288, 26.9186808], [83.318259, 26.9203011], [83.3173267, 26.9203771], [83.3169162, 26.9199059], [83.3171376, 26.9178089], [83.3182362, 26.9161751], [83.3182627, 26.9143208], [83.3153473, 26.9121589], [83.315034, 26.9100114], [83.3155389, 26.908687], [83.3167877, 26.907828], [83.32065, 26.9075214], [83.3237372, 26.9053146], [83.3247637, 26.9034428], [83.3242199, 26.9029739], [83.3200192, 26.9030473], [83.3194741, 26.9025185], [83.3195265, 26.9018598], [83.3215403, 26.8993727], [83.3238297, 26.8972995], [83.3237474, 26.8965833], [83.3215541, 26.8938707], [83.3214944, 26.8911208], [83.3183189, 26.8923125], [83.3175097, 26.8919079], [83.3173608, 26.8911929], [83.3179459, 26.8874152], [83.3171801, 26.8859334], [83.3172247, 26.884916], [83.3187521, 26.8815404], [83.3196089, 26.8779971], [83.3213555, 26.8755147], [83.3216997, 26.8729372], [83.3203613, 26.8727214], [83.3185506, 26.8753245], [83.3171507, 26.8753489], [83.3167985, 26.8714081], [83.3154162, 26.8691596], [83.3150311, 26.8667743], [83.3171187, 26.8646448], [83.3185869, 26.861629], [83.3234422, 26.8610658], [83.3246956, 26.8604459], [83.3258014, 26.8591707], [83.3261805, 26.8582072], [83.3258723, 26.8562989], [83.32624, 26.8517475], [83.3267458, 26.8504827], [83.3287741, 26.8487129], [83.3279903, 26.8463944], [83.3250755, 26.8411229], [83.3248643, 26.8375385], [83.3217011, 26.8361585], [83.3205683, 26.8361783], [83.3185232, 26.8371708], [83.3168352, 26.8361836], [83.3157567, 26.8325545], [83.3117784, 26.8294523], [83.311331, 26.8282659], [83.3139258, 26.8280414], [83.3159384, 26.8255544], [83.3181307, 26.8252171], [83.3190415, 26.8241846], [83.3183978, 26.8221625], [83.3216198, 26.8201328], [83.3248781, 26.8197768], [83.3280578, 26.8219338], [83.3301938, 26.8220758], [83.3317094, 26.8212717], [83.3328134, 26.8199367], [83.3329663, 26.8177811], [83.3325509, 26.8170708], [83.329903, 26.8148447], [83.3278167, 26.8139985], [83.3270462, 26.8122036], [83.3277609, 26.8113539], [83.3304755, 26.8105289], [83.3329733, 26.8089302], [83.3330936, 26.8052801], [83.3346794, 26.8046542], [83.3365592, 26.802229], [83.3367199, 26.7973821], [83.3343389, 26.7921015], [83.3327024, 26.790396], [83.3306794, 26.7892952], [83.3300356, 26.7872732], [83.3310074, 26.7860003], [83.3337984, 26.7856523], [83.3358933, 26.7869909], [83.3365868, 26.7882346], [83.3375859, 26.788217], [83.340104, 26.7845247], [83.3399538, 26.7837499], [83.3384727, 26.7830584], [83.3387535, 26.7776113], [83.3380391, 26.7754112], [83.3370741, 26.7739331], [83.33473, 26.7733763], [83.3343148, 26.772666], [83.3341281, 26.7702173], [83.332983, 26.7665894], [83.3328866, 26.7621657], [83.3312729, 26.7584264], [83.3322815, 26.7542242]]}}, {"type": "Feature", "properties": {"name": "Terhar Nala", "layer": "minor", "sub_basin": "Ghaghara", "kind": "river"}, "geometry": {"type": "LineString", "coordinates": [[83.4854441, 27.0001293], [83.4859321, 27.0022082], [83.4887216, 27.003596], [83.4888404, 27.0050958], [83.4895487, 27.0060318], [83.4911505, 27.0067338], [83.4942998, 27.0059008], [83.49818, 27.0078655], [83.4995083, 27.009334], [83.4993852, 27.0105806], [83.5004333, 27.0114667], [83.5006732, 27.012754], [83.5022152, 27.0145386], [83.5024768, 27.017371], [83.5013059, 27.0180233], [83.5020033, 27.0186448], [83.5013824, 27.0188083], [83.5017622, 27.0192819], [83.5016328, 27.0204381], [83.5006414, 27.020712], [83.5010403, 27.0223723], [83.5022351, 27.0222102], [83.5030547, 27.0231247], [83.5016653, 27.0234631], [83.5017768, 27.0245354], [83.5012919, 27.0248824], [83.5016626, 27.0256211], [83.5008056, 27.0257437], [83.5012433, 27.0272393], [83.5004821, 27.0276478], [83.5007548, 27.028311], [83.5002844, 27.0294055], [83.5017451, 27.0313755], [83.5012085, 27.0337026], [83.5021682, 27.0338034], [83.502522, 27.0348435], [83.5033667, 27.0351653], [83.5028662, 27.0364087], [83.5035432, 27.0369294], [83.503582, 27.037899], [83.5054736, 27.0380467], [83.5046694, 27.0390327], [83.5050247, 27.040395], [83.504211, 27.040797], [83.5044978, 27.0427638], [83.5056976, 27.0433153], [83.5048847, 27.045143], [83.5043372, 27.0445957], [83.5038274, 27.0449823], [83.5029784, 27.0445282], [83.502943, 27.045908], [83.5045101, 27.0465234], [83.5048041, 27.0478716], [83.5034267, 27.0491492], [83.5039747, 27.0494316], [83.5044541, 27.0511491], [83.5036377, 27.0522943], [83.5045346, 27.0528874], [83.5039219, 27.0538842], [83.5028136, 27.0537638], [83.5026369, 27.0547965], [83.5016437, 27.0550238], [83.501936, 27.0574108], [83.5010616, 27.0578221], [83.5014035, 27.058468], [83.50117, 27.0601955], [83.5019459, 27.0610955], [83.5016064, 27.0619571], [83.5029485, 27.062882], [83.502271, 27.0654385], [83.5040425, 27.0661918], [83.50293, 27.0673413], [83.5043787, 27.0686141], [83.5042176, 27.0698724], [83.5058432, 27.0698397], [83.5053786, 27.071125], [83.5078807, 27.0721457], [83.5070787, 27.07349], [83.5078772, 27.0739921], [83.5075994, 27.0746335], [83.5084886, 27.0744166], [83.5088031, 27.0758578], [83.5093652, 27.0763113], [83.509848, 27.0778496], [83.5094665, 27.0781707], [83.5094983, 27.0797538], [83.5105156, 27.0802972], [83.5104147, 27.0809697], [83.5109761, 27.0813998], [83.5105174, 27.0820344], [83.5112619, 27.0821951], [83.5114899, 27.0830931], [83.5134964, 27.0827159], [83.5128221, 27.0836909], [83.5136019, 27.0847742], [83.5155251, 27.083955], [83.5154262, 27.0846897], [83.5160896, 27.0858807], [83.5155329, 27.0867204], [83.5163876, 27.0873457], [83.517615, 27.0872503], [83.5180736, 27.0877296], [83.5190763, 27.0869645], [83.5196761, 27.0880635], [83.5204531, 27.0873118], [83.5208613, 27.0884079], [83.5215104, 27.0882982], [83.5218208, 27.0890461], [83.523881, 27.0892673], [83.5253013, 27.0902954], [83.5253868, 27.0913606], [83.5266803, 27.0909932], [83.5269727, 27.0919986], [83.5276785, 27.0917551], [83.5283123, 27.0922689], [83.5293185, 27.0918932], [83.5305563, 27.0925244], [83.5318861, 27.0922866], [83.5352085, 27.0939921], [83.5350978, 27.0962931], [83.5370514, 27.0975539], [83.537556, 27.0992579], [83.5379779, 27.1021805], [83.5376377, 27.1049362], [83.5379935, 27.1057326], [83.5406784, 27.1087194], [83.5417368, 27.1088954], [83.5452091, 27.1119554], [83.5470504, 27.1126726], [83.5484223, 27.1144792]]}}, {"type": "Feature", "properties": {"name": "Parwa Nala", "layer": "minor", "sub_basin": "Ghaghara", "kind": "river"}, "geometry": {"type": "LineString", "coordinates": [[83.4541828, 27.1405551], [83.4546776, 27.1410466], [83.4570535, 27.1415146], [83.4607237, 27.1391614], [83.4632554, 27.138826], [83.4644856, 27.1381438], [83.4660728, 27.1362385], [83.467092, 27.13668], [83.4677921, 27.135556], [83.4708577, 27.134489], [83.4739967, 27.1366483], [83.4758126, 27.1368275], [83.4769029, 27.1377427], [83.4789556, 27.1377007], [83.4817459, 27.1387996], [83.4873894, 27.1382989], [83.4888376, 27.1389835], [83.4910788, 27.1389974], [83.4913884, 27.1394296], [83.4909388, 27.1400422], [83.4914867, 27.1409861], [83.4925973, 27.1413152], [83.4936056, 27.1404593], [83.4949692, 27.1421441], [83.4966417, 27.1417671], [83.498145, 27.1421157], [83.4976845, 27.1429942], [83.4979453, 27.1433001], [83.4990681, 27.1430707], [83.5002321, 27.1436106], [83.5006456, 27.1446379], [83.5021501, 27.1455543], [83.5030083, 27.1449014], [83.5037254, 27.1459663], [83.5029785, 27.1462619], [83.503427, 27.1474881], [83.5050544, 27.1486463], [83.5063529, 27.1484916], [83.5073176, 27.146863], [83.5089583, 27.1472926], [83.5094833, 27.1465771], [83.5112736, 27.146365], [83.511344, 27.1472397], [83.5123089, 27.1472415], [83.5130914, 27.1487815], [83.5174424, 27.1512473], [83.5196281, 27.1546186], [83.5220356, 27.1565787], [83.5263326, 27.1570564], [83.5309319, 27.1552225], [83.5357972, 27.1547528], [83.5398713, 27.153608], [83.5430663, 27.1566109], [83.5475488, 27.1622756], [83.5491035, 27.1652675], [83.551972, 27.1670543], [83.5547248, 27.1680225], [83.5610545, 27.1678176], [83.5624668, 27.1664737], [83.5685893, 27.1655079], [83.5693172, 27.1655217], [83.5703505, 27.1665396], [83.571008, 27.1663812]]}}, {"type": "Feature", "properties": {"name": "Rihaw Nala", "layer": "minor", "sub_basin": "Ghaghara", "kind": "river"}, "geometry": {"type": "LineString", "coordinates": [[83.4565155, 27.1508376], [83.4577967, 27.1508503], [83.4596185, 27.1517698], [83.460425, 27.1510338], [83.4613834, 27.1510648], [83.4626229, 27.1492771], [83.4635511, 27.1492991], [83.4638079, 27.1485995], [83.464524, 27.1485313], [83.464488, 27.147674], [83.4661274, 27.1476369], [83.4671961, 27.14686], [83.4703129, 27.1463436], [83.4714191, 27.1480981], [83.4738819, 27.1494366], [83.4745234, 27.1503838], [83.4773233, 27.1508059], [83.4804825, 27.1524145], [83.4802921, 27.1537323], [83.4811652, 27.1541468], [83.4809135, 27.1551053], [83.4830633, 27.1556976], [83.4830235, 27.1561579], [83.4817326, 27.1566914], [83.481592, 27.1574361], [83.4820678, 27.1590827], [83.483946, 27.1607192], [83.4837411, 27.1626733], [83.4849173, 27.1634756], [83.4880554, 27.1635499], [83.4933399, 27.1661446], [83.4969988, 27.1671432], [83.4990214, 27.1683121], [83.4996147, 27.1701537], [83.5006512, 27.1700585], [83.500814, 27.1710156], [83.5031452, 27.1697583], [83.5035823, 27.1703988], [83.5047663, 27.1696466], [83.5048402, 27.1708839], [83.5064186, 27.1711147], [83.5060629, 27.1716637], [83.5064822, 27.1723507], [83.5071788, 27.1719123], [83.5090481, 27.1729302], [83.5094785, 27.1722126], [83.5102768, 27.1724787], [83.510154, 27.1742372], [83.5135444, 27.1757602], [83.5134748, 27.1766596], [83.51466, 27.1768048], [83.5142925, 27.1775447], [83.515121, 27.1782072], [83.5157306, 27.1783985], [83.5169054, 27.1773525], [83.5180374, 27.1786349], [83.5191323, 27.1778768], [83.5195868, 27.1785009], [83.5190114, 27.1796909], [83.5192846, 27.1803308], [83.5200118, 27.1803047], [83.5202524, 27.1791946], [83.5209508, 27.1793837], [83.5213866, 27.1788406], [83.5221198, 27.179291], [83.5229358, 27.1786987], [83.5229078, 27.1778018], [83.5239859, 27.1782117], [83.5236404, 27.1790862], [83.5253557, 27.1805684], [83.5249192, 27.1813737], [83.525509, 27.1817799], [83.5261664, 27.1815093], [83.5257823, 27.1805816], [83.526107, 27.1801763], [83.5298815, 27.1810097], [83.5310796, 27.1829814], [83.5326527, 27.1819015], [83.5341091, 27.1819126], [83.5345483, 27.1831805], [83.5353879, 27.1833422], [83.5362205, 27.1846955], [83.5374632, 27.1827023], [83.5372188, 27.1839714], [83.5382842, 27.1841335], [83.5384078, 27.1846785], [83.539685, 27.1846385], [83.5414561, 27.1830769], [83.5434555, 27.1842658], [83.5440649, 27.186141], [83.5454129, 27.1849633], [83.5467935, 27.1851033], [83.5493205, 27.1872559], [83.5490396, 27.1897056], [83.5508582, 27.1893739], [83.5508743, 27.1901678], [83.5517847, 27.1914748], [83.5527572, 27.1919031], [83.5518622, 27.1928073], [83.5527767, 27.1936501], [83.5523541, 27.194892], [83.5534009, 27.1945797], [83.5547332, 27.1951577], [83.5557995, 27.1960734], [83.5553146, 27.1967449], [83.5560946, 27.1972654], [83.5568958, 27.1967686], [83.5573464, 27.1972577], [83.5570456, 27.198139], [83.558223, 27.1989315], [83.5566743, 27.2005036], [83.5577357, 27.2017795], [83.5582129, 27.2042576], [83.5600923, 27.2047186], [83.5602791, 27.2061357], [83.5613714, 27.2055759], [83.5616467, 27.2064189], [83.5613143, 27.207147], [83.5622134, 27.2074977], [83.5626453, 27.2082414], [83.5632602, 27.2108578], [83.5640347, 27.2109177], [83.56449, 27.2118355], [83.5654527, 27.2116682], [83.5658502, 27.2124446], [83.5665507, 27.2125272], [83.5671173, 27.2141571], [83.5676699, 27.2145006], [83.5701832, 27.2125386], [83.5702089, 27.2130701], [83.5724151, 27.214031], [83.5735721, 27.2140335], [83.5741563, 27.2148131]]}}, {"type": "Feature", "properties": {"name": "Nado Oradao Nala", "layer": "minor", "sub_basin": "Ghaghara", "kind": "river"}, "geometry": {"type": "LineString", "coordinates": [[83.5317227, 27.2390511], [83.5299712, 27.2379674], [83.5276256, 27.2382326], [83.5259519, 27.2366313], [83.5252576, 27.2334735], [83.525773, 27.2326266], [83.524198, 27.2313834], [83.523633, 27.2303569], [83.5243404, 27.2296879], [83.5231043, 27.2293534], [83.5231744, 27.2273156], [83.522853, 27.2266961], [83.5218284, 27.2263086], [83.521737, 27.2253736], [83.5189579, 27.2262531], [83.5168504, 27.2261615], [83.5165497, 27.2270586], [83.5157877, 27.2268314], [83.515338, 27.226263], [83.5153036, 27.2248738], [83.5146532, 27.2248106], [83.5142091, 27.2253776], [83.5126534, 27.2241931], [83.512978, 27.2228639], [83.5126449, 27.2221493], [83.5120126, 27.2218076], [83.5107162, 27.222102], [83.5090309, 27.219587], [83.5079356, 27.2194951], [83.5093651, 27.2186255], [83.5081446, 27.218505], [83.5069588, 27.217689], [83.507008, 27.2149871], [83.5058859, 27.2157457], [83.5052255, 27.215357], [83.5059206, 27.2145772], [83.5057065, 27.2122416], [83.503848, 27.2127326], [83.5038486, 27.2109899], [83.5026085, 27.2119501], [83.501396, 27.2109396], [83.5002876, 27.2109909], [83.5001444, 27.2100969], [83.4991468, 27.2106308], [83.4963637, 27.2092079], [83.4967863, 27.2080841], [83.4955278, 27.2059636], [83.4959652, 27.2049857], [83.4934661, 27.202242], [83.4933653, 27.2012976], [83.4906544, 27.1998657], [83.4896092, 27.1982083], [83.4867418, 27.1973171], [83.4826167, 27.1949378], [83.4827954, 27.19177], [83.4801302, 27.1909282], [83.4772616, 27.1883943], [83.4748943, 27.187656], [83.4717338, 27.1855013], [83.4698669, 27.1856289], [83.4696412, 27.1872807], [83.4668752, 27.1862762], [83.4650037, 27.186882], [83.4640295, 27.1865848], [83.4639128, 27.1855516], [83.4660361, 27.1845034], [83.4615443, 27.1764741], [83.461865, 27.1736447], [83.4601629, 27.1713759], [83.4624009, 27.1686761], [83.462656, 27.1657925], [83.4600066, 27.164657], [83.4594302, 27.1630059], [83.4602616, 27.161629], [83.4623598, 27.1612487], [83.4622075, 27.159877], [83.4610919, 27.1590248], [83.4617573, 27.1583927], [83.46154, 27.157901], [83.4603748, 27.1580506], [83.4591738, 27.157343], [83.4581348, 27.1577677], [83.4580988, 27.1567975], [83.4568321, 27.1560763], [83.4561653, 27.1549079], [83.4570154, 27.1515953], [83.4555056, 27.1493987], [83.455297, 27.146917], [83.4556294, 27.1461406], [83.4536953, 27.1431634], [83.4541828, 27.1405551], [83.4530579, 27.1402804], [83.4518567, 27.1391123], [83.4507249, 27.1363107], [83.4482877, 27.1346379], [83.4459078, 27.1356364], [83.4422909, 27.1344469], [83.4404198, 27.1348945], [83.4387545, 27.1329594], [83.4368123, 27.1322519], [83.4351872, 27.1309405], [83.4347135, 27.1288728], [83.4365114, 27.1269766], [83.4364651, 27.1249902], [83.435602, 27.1250239], [83.4345504, 27.1263056], [83.4336383, 27.1261248], [83.4328125, 27.1250538], [83.43138, 27.125926], [83.4310898, 27.1247658], [83.4298972, 27.1242114], [83.430148, 27.1231396], [83.4295457, 27.1224311], [83.4287147, 27.1221214], [83.4282215, 27.1236051], [83.427699, 27.1236559], [83.4267759, 27.1217118], [83.4258123, 27.1210565]]}}, {"type": "Feature", "properties": {"name": "Soya Nala", "layer": "minor", "sub_basin": "Ghaghara", "kind": "river"}, "geometry": {"type": "LineString", "coordinates": [[83.5473113, 27.2214267], [83.5447322, 27.2212989], [83.5415765, 27.2225425], [83.5342426, 27.2224611], [83.5310415, 27.2235014], [83.5297444, 27.2233652], [83.5275398, 27.2246177], [83.5267996, 27.2257637], [83.524406, 27.2267051], [83.5233161, 27.2263071], [83.5226366, 27.2265903]]}}, {"type": "Feature", "properties": {"name": "Kulya Minor", "layer": "minor", "sub_basin": "Ghaghara", "kind": "river"}, "geometry": {"type": "LineString", "coordinates": [[83.5534565, 27.2504441], [83.5506737, 27.2491806], [83.5471857, 27.2447645], [83.54704, 27.243521], [83.5459204, 27.2426239], [83.5447929, 27.2426443], [83.5446116, 27.2419657], [83.5424736, 27.2414872], [83.5419442, 27.2407538], [83.5398827, 27.2403638], [83.5390477, 27.2406469], [83.5384067, 27.2400354], [83.5376674, 27.2402525], [83.5376002, 27.2398094], [83.5364541, 27.2395204], [83.5361121, 27.2385281], [83.5346024, 27.2379702], [83.5337752, 27.2387852], [83.5319916, 27.2385598], [83.5317227, 27.2390511]]}}, {"type": "Feature", "properties": {"name": "Baliya Or Balia Nala", "layer": "minor", "sub_basin": "Ghaghara", "kind": "river"}, "geometry": {"type": "LineString", "coordinates": [[83.4259733, 27.0839762], [83.427157, 27.084467], [83.4271977, 27.085286], [83.4276817, 27.0851187], [83.427846, 27.0842948], [83.4295634, 27.0847337], [83.4315396, 27.0859014], [83.4314222, 27.0867101], [83.4318812, 27.0867555], [83.4331751, 27.0857202], [83.4342723, 27.0854814], [83.4349542, 27.0840369], [83.4356066, 27.0842189], [83.4358378, 27.0850756], [83.4363888, 27.0850339], [83.4365463, 27.084507], [83.4357326, 27.0836927], [83.4368838, 27.0832722], [83.4370851, 27.082108], [83.4404407, 27.0819412], [83.4431584, 27.0796035], [83.444643, 27.0796521], [83.445401, 27.080708], [83.4475151, 27.0792849], [83.4504992, 27.0793533], [83.4507482, 27.0807892], [83.4521952, 27.0806407], [83.4537207, 27.081631], [83.4536082, 27.0825951], [83.4548904, 27.0827334], [83.4554576, 27.0847694], [83.457208, 27.0865503], [83.458243, 27.0866621], [83.4584665, 27.0877846], [83.4597665, 27.0878698], [83.4601859, 27.0890999], [83.4614383, 27.0892467], [83.4618398, 27.0906276], [83.4629403, 27.0911236], [83.4625307, 27.0923144], [83.4673252, 27.0921876], [83.4709714, 27.0936489], [83.4706637, 27.0955152], [83.4720107, 27.0982158], [83.4735446, 27.0987229], [83.4749329, 27.1027588], [83.4757393, 27.1026361], [83.4781421, 27.1036004], [83.4795574, 27.104819], [83.4796828, 27.1037753], [83.480362, 27.1035931], [83.4811335, 27.1042443], [83.480631, 27.1054787], [83.4815693, 27.1055396], [83.4822746, 27.1050338], [83.482421, 27.1059899], [83.483614, 27.105854], [83.48447, 27.1063744], [83.4853173, 27.1057525], [83.4857013, 27.1068079], [83.4881615, 27.1056942], [83.4887635, 27.1075697], [83.4895372, 27.1076757], [83.4902774, 27.1071327], [83.4907732, 27.1085187], [83.4922097, 27.109092], [83.4964853, 27.1087718], [83.497492, 27.1094354], [83.4991956, 27.1093043], [83.5004758, 27.1102331], [83.501528, 27.109384], [83.502405, 27.1107887], [83.5043128, 27.1102584], [83.5064179, 27.1111416], [83.5080249, 27.1103994], [83.509581, 27.1107776], [83.5101881, 27.1090178], [83.5133315, 27.1103879], [83.5140749, 27.1114337], [83.5148808, 27.1113368], [83.5165072, 27.1125979], [83.5170194, 27.1136934], [83.5198014, 27.1132947], [83.5217573, 27.1147474], [83.5239575, 27.1153398], [83.5249692, 27.1171771], [83.5270745, 27.1194397], [83.52879, 27.1210886], [83.5299138, 27.1213567], [83.5309093, 27.1237897], [83.532844, 27.1256834], [83.5326585, 27.1272297], [83.5350591, 27.1291227], [83.5368972, 27.1294936], [83.5365666, 27.131071], [83.5427327, 27.1293373], [83.54344, 27.1284417], [83.5453794, 27.1285246], [83.5457872, 27.127066], [83.5476927, 27.1284116], [83.5477223, 27.1301335], [83.5488383, 27.1301493], [83.5489155, 27.129094], [83.5501138, 27.128998], [83.550982, 27.1305505], [83.5500364, 27.1312765], [83.551576, 27.1318961], [83.5524727, 27.1331244], [83.5535418, 27.1324281], [83.5550692, 27.1322689], [83.5551137, 27.1329042], [83.5539922, 27.1342712], [83.5549073, 27.1354393], [83.5575651, 27.1361403], [83.5582467, 27.1355964], [83.5592181, 27.1368557], [83.560492, 27.1360445], [83.5602893, 27.1381674], [83.5618416, 27.1387975], [83.5620449, 27.1398019], [83.5631694, 27.1408598], [83.5619979, 27.141032], [83.5618434, 27.1415736], [83.564189, 27.142864], [83.5651315, 27.1439813], [83.5648403, 27.1448897], [83.5663347, 27.1475622], [83.5669657, 27.1477438], [83.5675686, 27.1470372], [83.5677357, 27.1476694], [83.5690756, 27.1477782], [83.5689925, 27.1482521], [83.5680245, 27.1486607], [83.5680512, 27.1495049], [83.5705499, 27.1498147], [83.5687137, 27.1510682], [83.5696509, 27.151626], [83.5692432, 27.1530795], [83.5728148, 27.1526618], [83.5728802, 27.154339], [83.574323, 27.1545987], [83.5765019, 27.1533255], [83.5986146, 27.16299], [83.6048061, 27.1723069], [83.6050583, 27.1729748], [83.6045064, 27.1760572], [83.6059805, 27.1794502], [83.607721, 27.1810884], [83.6115807, 27.1831825], [83.6115452, 27.18427], [83.6126198, 27.1867746], [83.6155467, 27.1908659], [83.6160707, 27.1936026], [83.6168806, 27.1933896], [83.618635, 27.196042], [83.6202503, 27.1961132], [83.6215552, 27.1983281], [83.6229536, 27.1992751], [83.6245532, 27.2025307], [83.6266682, 27.2027541], [83.6272435, 27.2042188], [83.6288969, 27.2039166], [83.631241, 27.2108598], [83.6361235, 27.2147318], [83.6421256, 27.2140249], [83.6440606, 27.2146153], [83.6452951, 27.2166682], [83.6466143, 27.2174473], [83.648029, 27.2191466], [83.6491388, 27.2190176], [83.6499735, 27.2198586], [83.6514432, 27.2198263], [83.6553869, 27.2243936], [83.6568735, 27.2280506], [83.656632, 27.2305218], [83.657894, 27.2346252], [83.656261, 27.2356906], [83.6569221, 27.2406249], [83.6585506, 27.2469934], [83.6604847, 27.248094], [83.6624568, 27.2500006], [83.6629014, 27.251397], [83.6658471, 27.2535599], [83.6673311, 27.2539766]]}}, {"type": "Feature", "properties": {"name": "Hirni Nala", "layer": "minor", "sub_basin": "Ghaghara", "kind": "river"}, "geometry": {"type": "LineString", "coordinates": [[83.6725576, 27.2298158], [83.671223, 27.2299191], [83.6695478, 27.2279082], [83.6681621, 27.2253801], [83.6687091, 27.222023], [83.6678515, 27.2202848], [83.6619597, 27.2135917], [83.6605381, 27.209847], [83.6582494, 27.2060823], [83.658583, 27.201915], [83.6568229, 27.1949052], [83.6559244, 27.1881886], [83.6535819, 27.1849644], [83.6521633, 27.1840979], [83.6517901, 27.1825737], [83.652016, 27.181012], [83.6545401, 27.1786628], [83.6549554, 27.1773697], [83.6547318, 27.1748787], [83.6568255, 27.1740344], [83.6597913, 27.1737117], [83.6634724, 27.1723914], [83.665684, 27.1736292], [83.6687891, 27.1739319], [83.6704519, 27.1752777], [83.6732805, 27.1756447], [83.6745056, 27.1755361], [83.6768277, 27.1737287], [83.6788236, 27.1736372], [83.6785964, 27.1731459], [83.6796261, 27.1717215], [83.6794598, 27.1704519], [83.6809316, 27.1703198], [83.6801925, 27.1692653], [83.6814535, 27.1685081], [83.6819401, 27.1673705], [83.6809567, 27.1664162], [83.6811262, 27.1649684], [83.6825146, 27.1646169], [83.6822481, 27.1637461], [83.681578, 27.163346], [83.6827614, 27.1626329], [83.6814938, 27.1611407], [83.6820142, 27.1601641], [83.6808171, 27.1584701], [83.6816476, 27.1576559], [83.6814876, 27.1571317], [83.6821962, 27.1569598], [83.6810985, 27.1557103], [83.6819497, 27.1555346], [83.6828396, 27.1543445], [83.6825203, 27.1534769], [83.681395, 27.1531313], [83.6818768, 27.1518627], [83.6816533, 27.1505562], [83.6828534, 27.1502777], [83.6820405, 27.1495831], [83.6813087, 27.1496278], [83.6811472, 27.1487628], [83.6823175, 27.1484425], [83.6805457, 27.1472319], [83.6813228, 27.1468281], [83.6794093, 27.1453783], [83.6794477, 27.1442183], [83.6784237, 27.1440576], [83.677749, 27.143223], [83.6775958, 27.1425594], [83.6782072, 27.1423304], [83.6778874, 27.1412821], [83.6784023, 27.141013], [83.6790052, 27.1413978], [83.6796181, 27.1406319], [83.6791535, 27.1389397], [83.6773203, 27.1393625], [83.6780061, 27.1382027], [83.6774022, 27.137761], [83.6774741, 27.1370433], [83.6812532, 27.1323635], [83.6817735, 27.1305318], [83.6824213, 27.129961], [83.6815308, 27.1298053], [83.6815846, 27.1294119], [83.6828799, 27.1294292], [83.6832627, 27.1280302], [83.6825648, 27.1273581], [83.6829854, 27.1268273], [83.6827176, 27.1259004], [83.6830357, 27.1245627], [83.6837966, 27.1245428], [83.6820061, 27.1233236], [83.6821934, 27.1226455], [83.6832906, 27.1224294], [83.6829474, 27.1218261], [83.6832947, 27.1213825], [83.6821677, 27.1209773], [83.6832182, 27.1193691], [83.6839807, 27.1194003], [83.684457, 27.1188255], [83.6845813, 27.11797], [83.6839202, 27.1172545], [83.6852018, 27.1165648], [83.6844286, 27.1156221], [83.6855383, 27.1143872], [83.6836012, 27.1142418], [83.6846229, 27.1134652], [83.6847409, 27.112414], [83.6853292, 27.112356], [83.685263, 27.113244], [83.6859074, 27.1134487], [83.686001, 27.1128156], [83.687129, 27.1117976], [83.6867276, 27.1108724], [83.6872956, 27.1087961], [83.6877305, 27.1078303], [83.6889584, 27.107272], [83.6879574, 27.106642], [83.6879695, 27.1061389], [83.6901317, 27.1058949], [83.6888377, 27.1038696], [83.6903847, 27.1028687], [83.6915093, 27.1029159], [83.693771, 27.1014881], [83.6942461, 27.1005894], [83.6952382, 27.1003674], [83.6960494, 27.0995592], [83.6964313, 27.0980051], [83.6982676, 27.096385], [83.6985524, 27.095495], [83.6993469, 27.0962155], [83.7006992, 27.0956602], [83.7012824, 27.0945796], [83.7006439, 27.0939743], [83.7012103, 27.093332], [83.7019336, 27.09333], [83.7020763, 27.0924571], [83.7025128, 27.09242], [83.7032779, 27.0936952], [83.7038312, 27.0934421], [83.7043849, 27.0923368], [83.704566, 27.0900226], [83.7058656, 27.0884906], [83.7050294, 27.0870809], [83.7059215, 27.086728], [83.7062098, 27.0853655], [83.7077981, 27.0839626], [83.709912, 27.0834213], [83.7116778, 27.0807613], [83.7128814, 27.0803205], [83.7131313, 27.0789505], [83.7125477, 27.0782756], [83.7125384, 27.0774151], [83.7137598, 27.07665], [83.7133985, 27.0755412], [83.7143459, 27.075414], [83.7150088, 27.0735814], [83.7164071, 27.0724111], [83.7216421, 27.071406], [83.7219798, 27.0706813], [83.7230491, 27.0707894], [83.7222432, 27.0679899], [83.7246914, 27.0664202], [83.7245869, 27.0638031], [83.726023, 27.0640719], [83.728686, 27.0634646], [83.7311668, 27.0649234], [83.7326481, 27.0648331], [83.7345878, 27.0627993], [83.7338081, 27.0619507], [83.7351341, 27.0606202], [83.7359032, 27.0611453], [83.7370187, 27.0601456], [83.7366888, 27.0590891], [83.7374694, 27.0588127], [83.737309, 27.0584224]]}}, {"type": "Feature", "properties": {"name": "Sota Nala", "layer": "minor", "sub_basin": "Ghaghara", "kind": "river"}, "geometry": {"type": "LineString", "coordinates": [[83.7032779, 27.0936952], [83.7037764, 27.0943404], [83.7036071, 27.0951556], [83.7044332, 27.0964132], [83.7052693, 27.0967675], [83.7049762, 27.0982289], [83.7063403, 27.0985857], [83.7065482, 27.1005288], [83.7073754, 27.1006855], [83.7074401, 27.1027169], [83.7065622, 27.1030636], [83.7056909, 27.1048043], [83.7076966, 27.1066838], [83.7062397, 27.1074499], [83.7065669, 27.109413], [83.7053822, 27.1091776], [83.7062905, 27.1101561], [83.7048541, 27.11095], [83.7045682, 27.1121176], [83.7031853, 27.1133573], [83.7038084, 27.1161595], [83.7030176, 27.1171541], [83.7037782, 27.1175618], [83.7030183, 27.1182769], [83.703627, 27.1191612], [83.703078, 27.1225409], [83.7038995, 27.1231276], [83.7035268, 27.1245882], [83.7045339, 27.1255886], [83.7043626, 27.1262479], [83.7053842, 27.1270426], [83.7062409, 27.1288308], [83.7069181, 27.1288631], [83.7074405, 27.1297549], [83.7091684, 27.130527], [83.7098443, 27.1322626], [83.7105337, 27.1326677], [83.7101676, 27.1332817], [83.7105912, 27.1336374], [83.7107738, 27.1375811], [83.7103746, 27.1396472], [83.7108933, 27.1405452], [83.7106844, 27.1423079], [83.7100963, 27.1424627], [83.7105138, 27.1445619], [83.70864, 27.145132]]}}, {"type": "Feature", "properties": {"name": "Bari Gandak", "layer": "minor", "sub_basin": "Gandak and others", "kind": "river"}, "geometry": {"type": "LineString", "coordinates": [[83.8382585, 27.2564316], [83.8417302, 27.2504142], [83.8422897, 27.2486859], [83.8423312, 27.2473715], [83.8407754, 27.2458772], [83.8406682, 27.2450407], [83.8432452, 27.2398703], [83.8450812, 27.2381813], [83.8455724, 27.2348983], [83.847202, 27.2333711], [83.8515714, 27.2318597], [83.8525944, 27.2319441], [83.8564647, 27.2357167], [83.8574072, 27.2358395], [83.8586039, 27.2349346], [83.8598263, 27.2348682], [83.8608733, 27.237068], [83.8615711, 27.2371969], [83.8635226, 27.2356167], [83.8659931, 27.2363223], [83.8686703, 27.2357823], [83.8692223, 27.2351486], [83.8689583, 27.2318716], [83.8715431, 27.2309021], [83.8785064, 27.2319017], [83.8851377, 27.2300948], [83.8943692, 27.2309955]]}}, {"type": "Feature", "properties": {"name": "Khekhra Nala", "layer": "minor", "sub_basin": "Ghaghara", "kind": "river"}, "geometry": {"type": "LineString", "coordinates": [[83.7455733, 27.0769767], [83.7478533, 27.0807179], [83.7497597, 27.0826039], [83.7524896, 27.0841838], [83.7543449, 27.0863517], [83.7556553, 27.0864044], [83.7549758, 27.0889957], [83.7536361, 27.0893814], [83.7512748, 27.0890055], [83.7490017, 27.0898516], [83.7489695, 27.0911678], [83.7472875, 27.0922293], [83.743703, 27.0916015], [83.7378076, 27.0917165], [83.7369765, 27.0915166], [83.736335, 27.0907104], [83.7358091, 27.0921426], [83.7348558, 27.0926558], [83.7361463, 27.0927452], [83.7358718, 27.0932328], [83.7319848, 27.0942988], [83.7327008, 27.0976071], [83.7331882, 27.098149], [83.7318298, 27.0991371], [83.7304061, 27.0987278], [83.7267699, 27.0996565], [83.7237333, 27.1034123], [83.7243144, 27.1057879], [83.7231813, 27.1067606], [83.7240034, 27.1087688], [83.7235211, 27.1108335], [83.7251619, 27.1133964], [83.7253811, 27.115729], [83.7263236, 27.1174131], [83.7257939, 27.1186663], [83.7264225, 27.1200698], [83.7263754, 27.1213442], [83.7283794, 27.1228547], [83.729682, 27.1256667], [83.7309453, 27.1270081], [83.7312831, 27.1295054], [83.7321493, 27.1317017], [83.7329138, 27.1323578], [83.7323345, 27.1341471], [83.7326015, 27.1388391], [83.7348779, 27.1399105], [83.7349501, 27.1410351], [83.7359693, 27.1424449], [83.7360937, 27.1434134], [83.7370487, 27.1440185], [83.7375335, 27.1455089], [83.73725, 27.147005], [83.7390644, 27.1484545], [83.7404972, 27.1507548], [83.7458128, 27.1562243], [83.748117, 27.1560697], [83.749277, 27.157059], [83.7492412, 27.1578841], [83.7483919, 27.1586406], [83.7498559, 27.1602894], [83.7497005, 27.1607924], [83.7484846, 27.1612647], [83.7492587, 27.1620082], [83.7473409, 27.1635431], [83.746689, 27.1651422], [83.7469835, 27.1655242], [83.7477448, 27.1649193], [83.747935, 27.1652467], [83.7465496, 27.1694331], [83.7471784, 27.1708952], [83.7467294, 27.172145], [83.7474909, 27.1722316], [83.747475, 27.1730985], [83.747911, 27.1734092], [83.7468961, 27.1745272], [83.7458255, 27.1791963], [83.7437831, 27.181344], [83.7443495, 27.1841259], [83.743998, 27.1854943], [83.7426231, 27.1869178], [83.7437979, 27.1871846], [83.7442496, 27.1880553], [83.7432664, 27.1877719], [83.7426432, 27.189401], [83.742848, 27.1905533], [83.7408005, 27.1906305], [83.7408474, 27.191661], [83.7403437, 27.1919265], [83.7418518, 27.192196], [83.7412879, 27.194911], [83.742234, 27.1956195], [83.742935, 27.1951195], [83.7429405, 27.1960593], [83.7437978, 27.1967931], [83.7422952, 27.1974634], [83.7422712, 27.1978996], [83.7438765, 27.1991638], [83.740726, 27.1996027], [83.7392548, 27.2008338], [83.7386178, 27.2001744], [83.7379035, 27.2002736], [83.7374703, 27.1995744], [83.7362879, 27.2010156], [83.7343385, 27.2009641], [83.7338948, 27.2003339], [83.7316928, 27.2005968], [83.7316309, 27.2014352], [83.730858, 27.2020572], [83.7318652, 27.203452], [83.7309318, 27.2039008], [83.7296728, 27.2034182], [83.7290184, 27.2037794], [83.7297816, 27.2051577], [83.7309743, 27.2055732], [83.7301662, 27.2059385], [83.7309795, 27.2072879], [83.7289578, 27.2120135], [83.729766, 27.2124277], [83.7293599, 27.213321], [83.7303315, 27.2132495], [83.7304578, 27.2139683], [83.7290201, 27.2150609], [83.7268856, 27.2156216], [83.7272237, 27.2169309], [83.7262195, 27.2164072], [83.7254163, 27.2169213], [83.7237378, 27.2169313], [83.7231929, 27.2175073], [83.7252741, 27.2188447], [83.7241297, 27.2195053], [83.7244549, 27.2208149], [83.7234166, 27.2211977], [83.723321, 27.2217963], [83.723718, 27.2221755], [83.7249657, 27.2219248], [83.7243216, 27.2237644], [83.7258692, 27.2236662], [83.7264925, 27.2247322], [83.7251198, 27.2250779], [83.7243527, 27.2263017], [83.7249261, 27.2269744], [83.7240493, 27.2275936], [83.7247541, 27.2279762], [83.7247181, 27.2292151], [83.7236588, 27.2309051], [83.7238807, 27.2337808], [83.7232518, 27.234531], [83.7242605, 27.2348024], [83.7244958, 27.2361029], [83.7267645, 27.2364901], [83.7273773, 27.237964], [83.7284519, 27.2379012], [83.728665, 27.2393441], [83.729504, 27.2399065], [83.7296287, 27.2421269], [83.7308568, 27.2443756], [83.7297571, 27.2475389], [83.7254681, 27.2503512], [83.725237, 27.2531008], [83.7238776, 27.2540703], [83.7222003, 27.2545148], [83.723332, 27.2590093], [83.7240595, 27.2590151], [83.7246683, 27.2615455], [83.7254854, 27.2616604], [83.7272597, 27.2635895], [83.7264532, 27.2724723], [83.7237344, 27.2771889]]}}, {"type": "Feature", "properties": {"name": "Chitari", "layer": "minor", "sub_basin": "Ghaghara", "kind": "river"}, "geometry": {"type": "LineString", "coordinates": [[83.6691955, 27.346098], [83.6692174, 27.3446834], [83.6698214, 27.3435423], [83.6707914, 27.3425927], [83.6721389, 27.3421513], [83.6728967, 27.3411398], [83.6735541, 27.3417137], [83.6751948, 27.3416642], [83.6763346, 27.342572], [83.6774429, 27.3419182], [83.6792862, 27.3422506], [83.679318, 27.3404292], [83.6798281, 27.3411496], [83.6807742, 27.3412472], [83.6808273, 27.3405461], [83.6815878, 27.3398538], [83.682528, 27.3409366], [83.6833962, 27.3402822], [83.6852581, 27.3408104], [83.689152, 27.3399125], [83.690665, 27.340692], [83.6904396, 27.3413776], [83.691424, 27.3428479], [83.6929933, 27.3429933], [83.6935857, 27.3425418], [83.6943396, 27.3430902], [83.6953189, 27.3428516], [83.6954654, 27.3436831], [83.696761, 27.344267], [83.6975532, 27.3441132], [83.6973925, 27.3448928], [83.6978453, 27.3451805], [83.6982792, 27.3443271], [83.6987494, 27.34526], [83.6995831, 27.3444894], [83.7003827, 27.3446748], [83.7007897, 27.3431166], [83.703226, 27.3434283], [83.7038203, 27.3421411], [83.7046534, 27.3420329], [83.7059006, 27.3430189], [83.7075746, 27.3434455], [83.7082137, 27.3431131], [83.7094591, 27.3438444], [83.7117987, 27.3441553], [83.7129887, 27.3453853], [83.717296, 27.3455605], [83.7191798, 27.3468233], [83.7227027, 27.3477244], [83.7276825, 27.3477567], [83.7290446, 27.3485601], [83.7313077, 27.3485079], [83.7368959, 27.3494988], [83.7392386, 27.3504768], [83.7421302, 27.3507704], [83.7453379, 27.3523995], [83.7475459, 27.3555126], [83.7479986, 27.3594218], [83.746066, 27.3697581]]}}, {"type": "Feature", "properties": {"name": "Little Gandak", "layer": "minor", "sub_basin": "Ghaghara", "kind": "river"}, "geometry": {"type": "LineString", "coordinates": [[83.8035497, 27.2327391], [83.7989714, 27.2310379], [83.7954489, 27.2279123], [83.7953808, 27.225652], [83.7964569, 27.2207374], [83.7957451, 27.2187844], [83.7939201, 27.2178069], [83.7907514, 27.218095], [83.789001, 27.2190263], [83.7874182, 27.2236404], [83.7885774, 27.2271016], [83.7896499, 27.2276558], [83.7890084, 27.2289362], [83.7897924, 27.2286625], [83.7901962, 27.2290403], [83.789929, 27.2304661], [83.7893703, 27.2309767], [83.7898825, 27.2332852], [83.7890778, 27.2345234], [83.7887644, 27.2390986], [83.7873141, 27.2402017], [83.786307, 27.2470933], [83.7863706, 27.249958], [83.7854518, 27.2506215], [83.7838799, 27.2540631], [83.7815374, 27.2547591], [83.7777944, 27.2548982], [83.7745622, 27.2556177], [83.7708402, 27.2594215], [83.770255, 27.2610685], [83.7706281, 27.2630868], [83.7718842, 27.2647742], [83.7743042, 27.2656034], [83.7813773, 27.2667745], [83.7847703, 27.2688305], [83.7858047, 27.2701451], [83.7863003, 27.2719436], [83.7861577, 27.2737873], [83.7844448, 27.2760292], [83.7760961, 27.2805227], [83.7743143, 27.2848274], [83.772698, 27.2865423], [83.7711368, 27.2864711], [83.7708546, 27.2857558], [83.770568, 27.2763528], [83.7681382, 27.2715295], [83.7664417, 27.2704684], [83.7608288, 27.2690963], [83.7599844, 27.2702061], [83.7592199, 27.2740151], [83.7567454, 27.2762471], [83.7556408, 27.2763588], [83.7538592, 27.2756268], [83.7520471, 27.2722176], [83.7508175, 27.2713091], [83.7442767, 27.2702119], [83.7428331, 27.2707664], [83.7405678, 27.2746411], [83.7402745, 27.2760376], [83.7406922, 27.2809638], [83.7436194, 27.2896553], [83.7471627, 27.2951321], [83.7515124, 27.3001416], [83.7542964, 27.3024308], [83.7605061, 27.3096241], [83.7736696, 27.3164294], [83.7758229, 27.3195792], [83.7763828, 27.3221612], [83.7759128, 27.3228542], [83.7755856, 27.3280669], [83.774489, 27.3307253], [83.7742259, 27.3334618], [83.774686, 27.334795], [83.7740952, 27.3357619], [83.7741722, 27.3378012], [83.7746475, 27.338554], [83.7741674, 27.3404999], [83.7746221, 27.3411528], [83.7748922, 27.34379], [83.7770535, 27.3462928], [83.7775824, 27.350453], [83.7788298, 27.3540926], [83.778193, 27.3573031], [83.7774101, 27.358221], [83.7760021, 27.3624418], [83.7724227, 27.3633494], [83.7699527, 27.3656691], [83.768493, 27.3659749], [83.7674341, 27.3674503], [83.7635492, 27.3702804], [83.7631257, 27.3711832], [83.7620944, 27.3709675], [83.7600859, 27.3727344], [83.7606359, 27.3734839], [83.7593358, 27.3739527], [83.7588594, 27.3756036], [83.756656, 27.3791123], [83.7570665, 27.3813128], [83.7565666, 27.382067], [83.7548719, 27.3829514], [83.7524528, 27.3823268], [83.7491765, 27.3830725], [83.7472326, 27.3874337], [83.7447232, 27.3897438], [83.741953, 27.3939215], [83.7399787, 27.3982134], [83.74010225013801, 27.4]]}}, {"type": "Feature", "properties": {"name": "Sonia", "layer": "minor", "sub_basin": "Ghaghara", "kind": "river"}, "geometry": {"type": "LineString", "coordinates": [[83.62454354452204, 27.4], [83.6258301, 27.3965998], [83.6257017, 27.393367], [83.6252711, 27.39265], [83.6237641, 27.3919588], [83.6244139, 27.3913198], [83.6237998, 27.3895976], [83.6246941, 27.3877935], [83.6253723, 27.3876293], [83.626569, 27.3853459], [83.6276563, 27.3844688], [83.6285659, 27.3822197], [83.6292857, 27.3817203], [83.6295627, 27.3820964], [83.631584, 27.3815143], [83.6319201, 27.3808557], [83.6310199, 27.3799882], [83.6315384, 27.3785202], [83.6309831, 27.3780122], [83.630157, 27.3782539], [83.6298644, 27.3766552], [83.6272431, 27.3766772], [83.6265565, 27.3759028], [83.6247432, 27.375331], [83.623318, 27.3758619], [83.6213077, 27.3747622], [83.620193, 27.3734912], [83.6204669, 27.372911], [83.6214509, 27.3728908], [83.623831, 27.3712032], [83.6228311, 27.3691611], [83.6228736, 27.3681983], [83.6238879, 27.3673729], [83.6249033, 27.3650729], [83.625876, 27.3645486], [83.6257124, 27.3634555]]}}, {"type": "Feature", "properties": {"name": "Piyas/ Jharai", "layer": "minor", "sub_basin": "Ghaghara", "kind": "river"}, "geometry": {"type": "LineString", "coordinates": [[83.4922574, 27.2536218], [83.4929958, 27.2540912], [83.494075, 27.253222], [83.4940938, 27.253847], [83.4959101, 27.2554346], [83.495703, 27.2569591], [83.4963985, 27.2582357], [83.4951979, 27.2596197], [83.4978468, 27.2594874], [83.499374, 27.2585031], [83.5020227, 27.2586607], [83.5043386, 27.2598455], [83.5061967, 27.2619538], [83.5072931, 27.261392], [83.5069972, 27.2630175], [83.5078428, 27.2636998], [83.5107281, 27.2627841], [83.5123185, 27.2615123], [83.513305, 27.2620673], [83.5163905, 27.2622599], [83.5166184, 27.263914], [83.5140196, 27.2637256], [83.5103144, 27.266955], [83.5101945, 27.2677107], [83.5092195, 27.2679319], [83.5099706, 27.2694155], [83.5118137, 27.2708243], [83.5131466, 27.2705773], [83.5137451, 27.2693865], [83.5134345, 27.2685052], [83.5123658, 27.2679411], [83.5125188, 27.266992], [83.5136789, 27.267707], [83.5151751, 27.2678554], [83.5153257, 27.2668333], [83.5165038, 27.2664663], [83.5176564, 27.266899], [83.5184006, 27.2658081], [83.5196665, 27.2652307], [83.5212851, 27.2670809], [83.5204208, 27.2678226], [83.5194754, 27.2677787], [83.5188135, 27.2687384], [83.5182981, 27.2679523], [83.5177066, 27.2679558], [83.5169706, 27.2689757], [83.5180597, 27.2708135], [83.5222986, 27.2721693], [83.5224075, 27.2726335], [83.5218556, 27.2730974], [83.5208732, 27.2726774], [83.5203151, 27.2733497], [83.5193604, 27.2730078], [83.5177134, 27.2748589], [83.5182568, 27.2751267], [83.5232751, 27.2742645], [83.5236303, 27.2757635], [83.5230943, 27.2765328], [83.5236508, 27.2780268], [83.5224671, 27.278619], [83.5221047, 27.2783017], [83.5227837, 27.2776715], [83.5225685, 27.2772324], [83.5213565, 27.277724], [83.5202807, 27.277537], [83.5206025, 27.278698], [83.5182021, 27.2790279], [83.5189449, 27.2802416], [83.5211242, 27.280086], [83.5219338, 27.2808744], [83.5171455, 27.2834306], [83.5154669, 27.28677], [83.517192, 27.288908], [83.5172566, 27.2900448], [83.5166153, 27.2907178], [83.5147049, 27.2911009], [83.5142804, 27.2919572], [83.5147883, 27.292608], [83.5207165, 27.2948719], [83.5236893, 27.2973432], [83.5240001, 27.2998335], [83.5282558, 27.3001169], [83.5314163, 27.3008641], [83.5322252, 27.3014265], [83.5328342, 27.3029725], [83.5349327, 27.3030435], [83.5350605, 27.3043449], [83.5363402, 27.305692], [83.535938, 27.3065607], [83.5332662, 27.3071475], [83.5323697, 27.3071113], [83.531443, 27.3063409], [83.530665, 27.306601], [83.5301978, 27.308372], [83.5289345, 27.3091712], [83.528231, 27.3104183], [83.5276865, 27.3128154], [83.5291373, 27.3140476], [83.5266884, 27.3174038], [83.5255362, 27.3180375], [83.5234303, 27.3165149], [83.5226769, 27.3168655], [83.522952, 27.3177498], [83.5254589, 27.3185329], [83.5260235, 27.3195922], [83.5251911, 27.3199772], [83.5237791, 27.318822], [83.5228421, 27.3186568], [83.5225254, 27.3194713], [83.5230961, 27.3207353], [83.5210847, 27.3218328], [83.5227051, 27.3229354], [83.5218858, 27.3249074], [83.5219166, 27.3261231], [83.5225786, 27.3263407], [83.5234193, 27.3248236], [83.5248191, 27.323956], [83.5253407, 27.3243398], [83.5248733, 27.3259675], [83.5253643, 27.3276986], [83.5281473, 27.326829], [83.5296167, 27.3274883], [83.5298696, 27.3286114], [83.5293383, 27.3302444], [83.5312751, 27.3318965], [83.5308751, 27.3340011], [83.5321751, 27.3351233], [83.5343607, 27.3351662], [83.534257, 27.3358063], [83.5330596, 27.3366299], [83.5342362, 27.3374656], [83.5348441, 27.3394345], [83.5358278, 27.3396896], [83.5375736, 27.3387091], [83.5387601, 27.3390224], [83.5395922, 27.3379282], [83.5399216, 27.3391429], [83.5418496, 27.3395564], [83.5442161, 27.3382861], [83.5449964, 27.3399448], [83.5462545, 27.3398937], [83.5476488, 27.3412442], [83.5518031, 27.3411398], [83.5525313, 27.3388316], [83.5548163, 27.3395895], [83.5562276, 27.3377065], [83.5570817, 27.3389275], [83.5578249, 27.3387136], [83.5583819, 27.3372164], [83.5571798, 27.3358002], [83.5572135, 27.3350252], [83.5582123, 27.3339137], [83.5603287, 27.3336802], [83.5597357, 27.3321925], [83.5616098, 27.3306751], [83.5645038, 27.3310878], [83.5650091, 27.3330201], [83.5665622, 27.3328638], [83.5684527, 27.333473], [83.5700149, 27.3330486], [83.571229, 27.3336814], [83.5727101, 27.3335464], [83.573784, 27.3341821], [83.5797276, 27.3354856], [83.5807127, 27.3408371], [83.5833564, 27.3410823], [83.5829802, 27.3427636], [83.5851117, 27.3429617], [83.585985, 27.3441793], [83.5885419, 27.3451292], [83.588478, 27.3472676], [83.58974, 27.3498506], [83.5916707, 27.3489689], [83.5921119, 27.3502457], [83.5941239, 27.3500839], [83.5944366, 27.3515353], [83.5961608, 27.352168], [83.5952244, 27.3538572], [83.5987404, 27.3538561], [83.5989161, 27.3554779], [83.5999759, 27.3570218], [83.5990987, 27.3585143], [83.5996006, 27.3594058], [83.6008468, 27.3594325], [83.6028888, 27.3583852], [83.6063221, 27.358374], [83.6065611, 27.3599226], [83.6074083, 27.360454], [83.6086316, 27.3604487], [83.6106139, 27.3595849], [83.6116425, 27.3603198], [83.6128943, 27.3602943], [83.6142863, 27.3609349], [83.6167256, 27.3604691], [83.6176303, 27.3614283], [83.6196137, 27.3615643], [83.6203145, 27.3625221], [83.6225603, 27.36238], [83.6256722, 27.3634635], [83.6275621, 27.3615415], [83.6299925, 27.3644421], [83.6320484, 27.3660871], [83.6350096, 27.3654338], [83.6366184, 27.3636035], [83.6372092, 27.3636338], [83.6379483, 27.3646426], [83.6390712, 27.3651341], [83.6395096, 27.3661346], [83.6414069, 27.3669249], [83.6411024, 27.3687912], [83.6432293, 27.3694715], [83.6434394, 27.3717279], [83.6463199, 27.3728263], [83.6466318, 27.3757013], [83.6471976, 27.3766151], [83.647987, 27.377117], [83.6501784, 27.377207], [83.6495388, 27.3790803], [83.6504733, 27.3809033], [83.6514099, 27.3811039], [83.6532647, 27.3805966], [83.6543784, 27.3811933], [83.6549363, 27.3832348], [83.6530109, 27.3839296], [83.6527116, 27.3844846], [83.6554382, 27.3868964], [83.6543142, 27.389394], [83.6550692, 27.3904006], [83.6565189, 27.3905585], [83.6604804, 27.389683], [83.6627266, 27.3917846], [83.6650989, 27.3913712], [83.6682211, 27.3921405], [83.671318, 27.3918848], [83.672839, 27.392549], [83.67467, 27.3923157], [83.6756506, 27.3933026], [83.6771139, 27.3935382], [83.6793587, 27.3956174], [83.6819863, 27.3959789], [83.6834827, 27.3991374], [83.6850801, 27.3993922], [83.6857473104, 27.4]]}}, {"type": "Feature", "properties": {"name": "Malaon", "layer": "minor", "sub_basin": "Ghaghara", "kind": "river"}, "geometry": {"type": "LineString", "coordinates": [[83.6691955, 27.346098], [83.6659294, 27.3461553], [83.6645835, 27.341661], [83.6602148, 27.3418029], [83.6593104, 27.3410807], [83.658229, 27.3418972], [83.6570946, 27.3412783], [83.6573463, 27.3402838], [83.6518745, 27.3384837], [83.6490185, 27.3400603], [83.6470245, 27.3396533], [83.6457584, 27.3354216], [83.6465366, 27.3336829], [83.6451849, 27.3326098], [83.6440354, 27.3287338], [83.6452977, 27.3280975], [83.6455264, 27.3271652], [83.6432388, 27.3233507], [83.6443203, 27.3231442], [83.6438582, 27.3224983], [83.6428688, 27.3219858], [83.6425667, 27.3226753], [83.6419681, 27.3219436], [83.6400708, 27.3226954], [83.6389441, 27.3218126], [83.6370438, 27.3232013], [83.6370017, 27.3221693], [83.6349516, 27.3215672], [83.6354346, 27.3206947], [83.634038, 27.3201506], [83.6352465, 27.3179381], [83.6345848, 27.3168163], [83.6329033, 27.3176574], [83.6323073, 27.3162066], [83.6314602, 27.3172143], [83.6302213, 27.317327], [83.6294233, 27.3168016], [83.6287933, 27.3175147], [83.6281004, 27.3174959], [83.6281633, 27.3168017], [83.6270084, 27.3159949], [83.6276383, 27.3153944], [83.6270293, 27.3136495], [83.6277853, 27.3122798], [83.6262314, 27.3122985], [83.6236546, 27.3097492], [83.6226525, 27.3104162], [83.6213802, 27.3090995], [83.621192, 27.3082625], [83.6196592, 27.3083938], [83.6193674, 27.3071183], [83.6179787, 27.3069543], [83.6170747, 27.3042283], [83.6143873, 27.3033274], [83.6132746, 27.3021265], [83.6125397, 27.3020701], [83.6114268, 27.3033272], [83.6037002, 27.3032887], [83.6039733, 27.3023318], [83.6033912, 27.301477], [83.6018607, 27.301111], [83.6012079, 27.3002008], [83.600368, 27.300332], [83.5998855, 27.2986807], [83.6003265, 27.2980053], [83.5977885, 27.2971932], [83.5971568, 27.2955655], [83.5972413, 27.2936892], [83.596045, 27.2921128], [83.5933793, 27.2901046]]}}, {"type": "Feature", "properties": {"name": "Rukhahwa Tal", "layer": "minor", "sub_basin": "Ghaghara", "kind": "river"}, "geometry": {"type": "LineString", "coordinates": [[83.6215982, 27.3488589], [83.6195148, 27.3492262], [83.6142823, 27.3468504], [83.6103689, 27.3465162], [83.6090935, 27.3475763], [83.6076547, 27.3529537], [83.6069994, 27.3533925], [83.6025321, 27.3539505]]}}, {"type": "Feature", "properties": {"name": "Potaha", "layer": "minor", "sub_basin": "Ghaghara", "kind": "river"}, "geometry": {"type": "LineString", "coordinates": [[83.6312812, 27.2962837], [83.6302758, 27.2965067], [83.6299721, 27.2955145], [83.627986, 27.2967249], [83.6267021, 27.2958763], [83.6258455, 27.297069], [83.620635, 27.2973139], [83.6171434, 27.2981791], [83.6160115, 27.2966189], [83.6163663, 27.2945468], [83.6150843, 27.2939617], [83.6130113, 27.2939737], [83.6117295, 27.2927791], [83.6118943, 27.2907504], [83.611048, 27.2892565], [83.6088957, 27.2882996], [83.6048763, 27.2889706], [83.6023397, 27.2885436], [83.6007988, 27.2878729], [83.5997082, 27.286471], [83.5977717, 27.2861538], [83.5968703, 27.286312], [83.5954515, 27.2879938], [83.5953269, 27.2894417], [83.5945216, 27.289401], [83.5940463, 27.290029], [83.5927201, 27.2900672], [83.5917011, 27.2907498], [83.5892872, 27.2896077], [83.5837899, 27.289738], [83.5820222, 27.2891891], [83.5803502, 27.28952], [83.5795674, 27.2888023], [83.5784276, 27.2891515], [83.5762314, 27.2883725], [83.5732043, 27.2884395], [83.5717391, 27.2868862], [83.5701001, 27.2870692], [83.5694137, 27.2865212], [83.5682848, 27.2869943], [83.5655945, 27.2870534], [83.5647686, 27.2876956], [83.5631989, 27.2876023], [83.5634527, 27.2866919], [83.5613957, 27.2856622], [83.5617229, 27.2849403], [83.5605286, 27.2843545], [83.560247, 27.2837323], [83.5586529, 27.2836454], [83.5571437, 27.2842996], [83.5559211, 27.282815], [83.5538143, 27.2832466], [83.553485, 27.2826878], [83.5544735, 27.2823012], [83.5537806, 27.2818298], [83.5534863, 27.2804457], [83.5520396, 27.2801742], [83.5509426, 27.2791513], [83.5495173, 27.2797347], [83.5484598, 27.2792525], [83.547055, 27.2795185], [83.5460132, 27.279087], [83.5454492, 27.2782325], [83.5432411, 27.2791198], [83.5411345, 27.2772259], [83.5395277, 27.2771225], [83.5398821, 27.2781764], [83.5373516, 27.2789616], [83.5366724, 27.2804883], [83.535482, 27.2799258], [83.5343804, 27.2804606], [83.5341641, 27.2810426], [83.5332282, 27.2811184], [83.5321016, 27.280519], [83.5327716, 27.2794434], [83.5324972, 27.2785452], [83.5328931, 27.2780793], [83.5318839, 27.2769356], [83.5322623, 27.2755457], [83.5313306, 27.2751916], [83.5312807, 27.2735994], [83.5306917, 27.2736569], [83.5301498, 27.2745143], [83.5291823, 27.2741402], [83.5279701, 27.2730451], [83.5275945, 27.2717231], [83.5261908, 27.2709779], [83.5256845, 27.2714815], [83.5247465, 27.2711347], [83.524717, 27.2717585], [83.5234318, 27.2723982], [83.5224496, 27.2723681]]}}, {"type": "Feature", "properties": {"name": "Baghela", "layer": "minor", "sub_basin": "Ghaghara", "kind": "river"}, "geometry": {"type": "MultiLineString", "coordinates": [[[83.54032280479281, 27.4], [83.54076760271028, 27.4]], [[83.54147048005865, 27.4], [83.54027, 27.3986017], [83.5384473, 27.3986929], [83.5388318, 27.3979043], [83.5381644, 27.397166], [83.5382691, 27.3947307], [83.5373397, 27.3952632], [83.5361051, 27.3935171], [83.5357807, 27.3936571], [83.536105, 27.3947934], [83.5348653, 27.3954895], [83.5350661, 27.3961137], [83.5358917, 27.3959073], [83.5354689, 27.3974039], [83.5350182, 27.3973672], [83.5347754, 27.3964745], [83.5324869, 27.3972858], [83.5315575, 27.3967518], [83.5306284, 27.3943003], [83.5309834, 27.3927665], [83.5300876, 27.3924473], [83.5307531, 27.3916278], [83.5302575, 27.3883099], [83.5272883, 27.3879145], [83.5263591, 27.3869735], [83.5249238, 27.3870807], [83.5250442, 27.3853768], [83.5257695, 27.3844217], [83.5250058, 27.3835097], [83.5237063, 27.3829603], [83.5229643, 27.3814569], [83.5231762, 27.3803334], [83.5247708, 27.3802519], [83.524744, 27.379608], [83.5239035, 27.3792291], [83.5195578, 27.3795169], [83.5184366, 27.3782796], [83.5191008, 27.3764337], [83.5186969, 27.3754829], [83.5170624, 27.3749268], [83.515709, 27.373662], [83.5140344, 27.3737454], [83.5132177, 27.3732588], [83.513511, 27.3717356], [83.51521, 27.370082], [83.5156209, 27.3701851], [83.5161744, 27.3720997], [83.5180287, 27.3713493], [83.5178316, 27.3706022], [83.5162771, 27.3696084], [83.5167309, 27.3681086], [83.5188545, 27.3687122], [83.5204564, 27.3683037], [83.51953, 27.3673122], [83.519528, 27.3648952], [83.5213556, 27.3654345], [83.522248, 27.3666238], [83.5210792, 27.3677093], [83.5223271, 27.3678692], [83.5230341, 27.3669742], [83.5242577, 27.3667885], [83.524103, 27.3656883], [83.5250074, 27.3651791], [83.5244142, 27.3637317], [83.5247756, 27.3626842], [83.5229616, 27.3610725], [83.5241067, 27.3598742], [83.5241611, 27.3590343], [83.5226791, 27.3584327], [83.5214222, 27.3586192], [83.5229731, 27.3569393], [83.5215977, 27.3566947], [83.5207404, 27.3576635], [83.5190185, 27.3576987], [83.5195777, 27.3552115], [83.5186238, 27.3536381], [83.5199869, 27.3543118], [83.5217455, 27.3532721], [83.519689, 27.3515767], [83.5226962, 27.3496281], [83.5208968, 27.3478534], [83.5211397, 27.3470391], [83.5195754, 27.3469892], [83.519176, 27.3479234], [83.5182583, 27.3480317], [83.5171997, 27.3469869], [83.5157657, 27.347301], [83.5149268, 27.3456562], [83.5143971, 27.3467174], [83.5137523, 27.3467218], [83.5132835, 27.3462655], [83.5133311, 27.344858], [83.5119239, 27.3445179], [83.5105627, 27.3464002], [83.5093352, 27.3468793], [83.5094955, 27.3460478], [83.5088067, 27.3450594], [83.5104846, 27.3445884], [83.5108629, 27.3438034], [83.5105644, 27.3401975], [83.5092992, 27.3411301], [83.5087069, 27.3383507], [83.507255, 27.3398215], [83.5062693, 27.3378827], [83.5049482, 27.3392458], [83.5032705, 27.3376912], [83.5019128, 27.3380187], [83.501386, 27.3376412]]]}}, {"type": "Feature", "properties": {"name": "Mahau", "layer": "minor", "sub_basin": "Ghaghara", "kind": "river"}, "geometry": {"type": "LineString", "coordinates": [[83.5305472, 27.389538], [83.5315329, 27.3892807], [83.5321631, 27.3901307], [83.5330558, 27.3890607], [83.5359167, 27.388473], [83.5366318, 27.3890475], [83.5360608, 27.3898136], [83.5370906, 27.3903954], [83.537628, 27.3893719], [83.53926, 27.389762], [83.5400161, 27.3911024], [83.5416924, 27.3908858], [83.5422185, 27.3903182], [83.5432247, 27.3905054], [83.5438773, 27.3899043], [83.5442055, 27.3906099], [83.5451317, 27.3908143], [83.5458384, 27.3921181], [83.5456731, 27.3939173], [83.5464134, 27.3935463], [83.5469589, 27.3940392], [83.5460225, 27.3948335], [83.5468521, 27.3957437], [83.546211, 27.3957377], [83.5459082, 27.3966924], [83.5478166, 27.3966225], [83.5484496, 27.3975426], [83.5505925, 27.3960466], [83.5512341, 27.3968454], [83.5517687, 27.3966007], [83.5537188, 27.3920287], [83.554731, 27.3909155], [83.5554854, 27.3909956], [83.5560247, 27.3905085], [83.5566275, 27.3912532], [83.5571751, 27.3937612], [83.5584491, 27.3940315], [83.5591242, 27.3947193], [83.560502, 27.3942441], [83.5609318, 27.3949711], [83.5619641, 27.3944826], [83.5626572, 27.3947491], [83.5635585, 27.3967417], [83.564951, 27.3967286], [83.5648595, 27.397733], [83.5673553, 27.3975269], [83.5678967, 27.3971058], [83.5684511, 27.3980526], [83.5699101, 27.3980559], [83.5700327, 27.3970955], [83.5714484, 27.3974378], [83.5724988, 27.3967677], [83.5743353, 27.3984509], [83.5785212, 27.3991473], [83.5790163, 27.399339], [83.57898345730338, 27.4]]}}]}