{"type": "FeatureCollection", "features": [{"type": "Feature", "properties": {"name": "Khadda", "district": "Kushinagar", "kind": "wasteland", "wl_pct": 3.7}, "geometry": {"type": "Polygon", "coordinates": [[[83.8787268, 27.2913213], [83.8788641, 27.2885592], [83.8811316, 27.2836319], [83.8944197, 27.2853533], [83.901467, 27.2808748], [83.9071425, 27.2757758], [83.9058278, 27.2749574], [83.9046853, 27.272381], [83.9046178, 27.2684055], [83.9054743, 27.2645922], [83.905072, 27.2576158], [83.9103047, 27.2500008], [83.91177, 27.2459497], [83.919302, 27.2445442], [83.9232992, 27.2417767], [83.9324003, 27.2393592], [83.9362636, 27.2393803], [83.939736, 27.2379483], [83.9482624, 27.2378222], [83.9534137, 27.2362467], [83.9556297, 27.2353002], [83.9608112, 27.2314751], [83.9633177, 27.2285135], [83.9622162, 27.227183], [83.9625439, 27.2266368], [83.9701839, 27.223992], [83.9727431, 27.2181919], [83.9675249, 27.2130648], [83.9670287, 27.2111654], [83.9674665, 27.2095091], [83.9717706, 27.2084458], [83.9745234, 27.2052627], [83.9789077, 27.203829], [83.9832038, 27.1999496], [83.986956, 27.1975281], [83.988819, 27.1884251], [83.9903598, 27.1852922], [83.9933882, 27.1816393], [83.9930264, 27.1782824], [83.9941836, 27.1751723], [83.9939351, 27.1738911], [83.9932684, 27.1731741], [83.9884434, 27.1716033], [83.9868167, 27.1694792], [83.9787352, 27.1648737], [83.9776259, 27.1599605], [83.9753621, 27.1558198], [83.9720808, 27.1529613], [83.9651872, 27.1431648], [83.9587208, 27.1362603], [83.9628045, 27.1276931], [83.9595171, 27.1220682], [83.9562022, 27.1197642], [83.9521873, 27.1186159], [83.9476749, 27.1124949], [83.9463827, 27.1024733], [83.9473487, 27.0989938], [83.9473649, 27.0928929], [83.9463757, 27.0912645], [83.9467733, 27.0902399], [83.9494682, 27.0867007], [83.9528397, 27.0849256], [83.9564336, 27.0839488], [83.9641822, 27.0840795], [83.9669825, 27.087119], [83.9752573, 27.0890718], [83.9783998, 27.0907617], [83.9863548, 27.0900518], [83.9906922, 27.0915013], [83.9932805, 27.0935252], [83.9979843, 27.0990905], [84.0028341, 27.1018058], [84.0087663, 27.0992387], [84.0152043, 27.1050695], [84.0164444, 27.1054224], [84.0220123, 27.1041271], [84.0236026, 27.101881], [84.0239672, 27.1001169], [84.028173, 27.0992806], [84.0303374, 27.0976304], [84.0306729, 27.0944043], [84.0291007, 27.0934014], [84.0262874, 27.0934807], [84.0249421, 27.092478], [84.0251256, 27.0903077], [84.0287732, 27.0872236], [84.0286231, 27.0860277], [84.0240146, 27.0810156], [84.0204772, 27.0794112], [84.0165979, 27.0717957], [84.0121527, 27.0709258], [84.0039609, 27.0715191], [84.0002125, 27.069756], [84.0000795, 27.0684985], [83.997876, 27.0686892], [83.9873758, 27.0671319], [83.9807509, 27.0654088], [83.975025, 27.0654761], [83.9738098, 27.0592994], [83.9725026, 27.0598198], [83.9647969, 27.0580284], [83.9415877, 27.0507084], [83.9409456, 27.0472251], [83.9211019, 27.0434239], [83.9162936, 27.0525222], [83.9157022, 27.0485297], [83.9039549, 27.0493043], [83.9080741, 27.0725201], [83.8944121, 27.0941419], [83.8822362, 27.0936286], [83.8807487, 27.0908219], [83.8709882, 27.0907543], [83.8608493, 27.0918276], [83.8494999, 27.0944432], [83.8505722, 27.1017987], [83.856778, 27.1087353], [83.8634681, 27.1191011], [83.8464373, 27.1229749], [83.8389362, 27.1137587], [83.8314853, 27.1081701], [83.8190713, 27.0973584], [83.8204193, 27.0934692], [83.8219054, 27.0854376], [83.8110846, 27.0800948], [83.804928, 27.0741985], [83.7987144, 27.0714517], [83.7741836, 27.0685934], [83.7743228, 27.0708091], [83.7734844, 27.0725639], [83.7860907, 27.08634], [83.7989818, 27.1084948], [83.8010885, 27.1099714], [83.8049275, 27.1153432], [83.8058596, 27.1248198], [83.8053293, 27.134246], [83.8060806, 27.1426982], [83.8107158, 27.1604794], [83.8119555, 27.1629482], [83.8148092, 27.166045], [83.8220161, 27.1711154], [83.8251578, 27.1744467], [83.8242185, 27.1762468], [83.8220692, 27.1763227], [83.8122686, 27.1714453], [83.8063254, 27.1711356], [83.7980119, 27.1696873], [83.7954199, 27.1679576], [83.7937113, 27.1656373], [83.7911091, 27.164291], [83.7870332, 27.1639185], [83.7823396, 27.1660137], [83.7819954, 27.16748], [83.7849439, 27.1708888], [83.787395, 27.1720501], [83.7962329, 27.1742348], [83.8037722, 27.1795319], [83.8075656, 27.1811763], [83.8126792, 27.186025], [83.8120673, 27.188272], [83.8061266, 27.1909721], [83.8002342, 27.196235], [83.7994852, 27.1993662], [83.7997696, 27.2041675], [83.79835, 27.2065223], [83.7975983, 27.213322], [83.7996408, 27.2157237], [83.8012856, 27.2165639], [83.806071, 27.2157045], [83.8084192, 27.2135622], [83.8111634, 27.2071559], [83.8117895, 27.2068538], [83.8116941, 27.2058024], [83.8125824, 27.205875], [83.8129766, 27.2048058], [83.8136727, 27.2053881], [83.8168189, 27.2015179], [83.8212355, 27.1999042], [83.8268868, 27.2016074], [83.8305391, 27.2052953], [83.8320469, 27.2083687], [83.8328479, 27.2120872], [83.8325498, 27.2130752], [83.830369, 27.2140086], [83.8305195, 27.2163957], [83.8291958, 27.2195314], [83.827969, 27.2203703], [83.8269485, 27.2223058], [83.8260484, 27.2259199], [83.8211239, 27.2323031], [83.8169989, 27.233777], [83.8135126, 27.2304228], [83.8075421, 27.2285204], [83.8064096, 27.2313445], [83.8050307, 27.2326344], [83.8003562, 27.2326094], [83.7952402, 27.2360315], [83.7942439, 27.2385714], [83.7949011, 27.2442212], [83.7963893, 27.2458014], [83.8001699, 27.247085], [83.8046137, 27.2455801], [83.8074535, 27.2497781], [83.8138236, 27.2432651], [83.8169143, 27.2410735], [83.8173, 27.2470706], [83.8190916, 27.2484295], [83.8234786, 27.2492434], [83.8379334, 27.2484538], [83.8494811, 27.2533093], [83.8478604, 27.2566794], [83.8461199, 27.2578353], [83.8406423, 27.2659157], [83.837656, 27.2691947], [83.8368572, 27.2785237], [83.8396239, 27.2828864], [83.8473814, 27.2890882], [83.857868, 27.2914876], [83.8612327, 27.2932941], [83.8621166, 27.2949128], [83.8652282, 27.2929974], [83.8664755, 27.2909362], [83.8671208, 27.2930504], [83.8734237, 27.2972451], [83.8782792, 27.293942], [83.8787268, 27.2913213]]]}}, {"type": "Feature", "properties": {"name": "Vishunpura", "district": "Kushinagar", "kind": "wasteland", "wl_pct": 0.3}, "geometry": {"type": "Polygon", "coordinates": [[[83.9978934, 27.0686859], [84.0000795, 27.0684985], [84.0005783, 27.0672383], [84.002212, 27.0666306], [84.005601, 27.0602303], [84.0073352, 27.0598978], [84.008572, 27.0581119], [84.0180041, 27.0560211], [84.0235771, 27.0518512], [84.0281806, 27.0494718], [84.0313185, 27.0456293], [84.0390757, 27.0440414], [84.0471378, 27.0457608], [84.0483376, 27.045211], [84.0495031, 27.0432712], [84.0495287, 27.0350224], [84.0485332, 27.0317232], [84.0471789, 27.0300258], [84.0441302, 27.0231831], [84.0442457, 27.0167212], [84.0428568, 27.0144055], [84.0406813, 27.0130956], [84.0373089, 27.0090774], [84.0398346, 27.006773], [84.0437542, 27.0065768], [84.0458964, 27.0050032], [84.0528063, 26.9969515], [84.0525609, 26.9947044], [84.0566992, 26.9896621], [84.0566698, 26.9881732], [84.0539974, 26.9851669], [84.0478485, 26.9845951], [84.04576, 26.9822387], [84.0468794, 26.9803805], [84.0520987, 26.9774505], [84.0537871, 26.9752314], [84.0543425, 26.9728449], [84.0529963, 26.967502], [84.0546761, 26.9627381], [84.0548339, 26.9600626], [84.0541461, 26.9567099], [84.0527978, 26.9549811], [84.0459722, 26.9524507], [84.042009, 26.9467994], [84.0349063, 26.9452069], [84.0321357, 26.9411849], [84.032726, 26.9395925], [84.0349724, 26.9381998], [84.043111, 26.9404968], [84.0448782, 26.9402813], [84.0465352, 26.9391632], [84.0463656, 26.9369974], [84.0433983, 26.9330567], [84.0432332, 26.9317932], [84.0503414, 26.9310167], [84.0533576, 26.9296691], [84.0550703, 26.9277163], [84.0562058, 26.9231055], [84.0595089, 26.9209684], [84.0601474, 26.9191065], [84.0584229, 26.91541], [84.0530907, 26.9096042], [84.0523679, 26.9064133], [84.0533912, 26.904776], [84.0501233, 26.9022741], [84.0471342, 26.9013136], [84.0430909, 26.8965934], [84.0335537, 26.8961272], [84.0318273, 26.8932922], [84.0314054, 26.8922292], [84.0338616, 26.8919826], [84.0357073, 26.8904315], [84.035326, 26.888976], [84.0364991, 26.8883833], [84.0363843, 26.8871783], [84.0414406, 26.8856516], [84.0425943, 26.8839488], [84.0430111, 26.8815574], [84.0411551, 26.8804416], [84.0354339, 26.8797455], [84.0311501, 26.8814958], [84.0214168, 26.8822787], [84.0203972, 26.8856624], [84.0277268, 26.8916874], [84.027469, 26.895954], [84.0294814, 26.8999016], [84.0334321, 26.9065377], [84.0383477, 26.9125155], [84.0308819, 26.9134403], [84.0262393, 26.9152602], [84.0246694, 26.9174116], [84.0235027, 26.9216051], [84.0210392, 26.9263145], [84.0151307, 26.9323275], [84.0143255, 26.9346193], [84.0126613, 26.9348503], [84.0108587, 26.9375903], [84.0087351, 26.9389242], [84.0011932, 26.9409508], [83.9985353, 26.9426112], [83.9979053, 26.9439691], [83.9915321, 26.94614], [83.9914584, 26.9518135], [83.985771, 26.9546903], [83.9829727, 26.9526601], [83.9803215, 26.9552952], [83.9806061, 26.9601904], [83.9792808, 26.9656516], [83.9755039, 26.9656304], [83.9741246, 26.9755867], [83.9707032, 26.9765251], [83.9687248, 26.9778007], [83.9658071, 26.9844106], [83.9627618, 26.9848959], [83.9566054, 26.983767], [83.956272, 26.981441], [83.9555564, 26.981459], [83.955572, 26.9798829], [83.9548545, 26.9798426], [83.9545449, 26.9782746], [83.9528904, 26.9783162], [83.9499692, 26.9735458], [83.9493223, 26.9736787], [83.947995, 26.970794], [83.9417589, 26.9733433], [83.9381861, 26.9736079], [83.9319337, 26.9777329], [83.9284179, 26.9789793], [83.9224825, 26.9772953], [83.9217725, 26.9715543], [83.9318327, 26.9632255], [83.9338026, 26.9626985], [83.9359972, 26.9631648], [83.9327274, 26.9577314], [83.9246262, 26.9589326], [83.9239227, 26.9565617], [83.9241584, 26.9486406], [83.9216549, 26.9486291], [83.9214272, 26.9466126], [83.9171374, 26.9484211], [83.9123872, 26.9527716], [83.9056501, 26.9523967], [83.90291, 26.9514043], [83.9058375, 26.9432186], [83.9104486, 26.9426625], [83.9125875, 26.9417705], [83.914975, 26.9425498], [83.9199024, 26.9421381], [83.9318091, 26.9376237], [83.9304139, 26.9320451], [83.9288078, 26.932129], [83.9278111, 26.9304921], [83.9262682, 26.9297055], [83.9264339, 26.9276383], [83.9286298, 26.9213118], [83.9300066, 26.9211949], [83.9292901, 26.9192983], [83.9264621, 26.9188835], [83.925937, 26.9182494], [83.9243377, 26.9132403], [83.9197677, 26.9133202], [83.9145646, 26.9165906], [83.912679, 26.9191493], [83.9119806, 26.9235905], [83.9110518, 26.9256199], [83.9104068, 26.9254594], [83.9098396, 26.9219568], [83.9054482, 26.9202582], [83.9100895, 26.9112744], [83.9182018, 26.9047972], [83.9218358, 26.9029816], [83.9221543, 26.9000734], [83.9242795, 26.900287], [83.9255266, 26.8997559], [83.9258075, 26.8980289], [83.9191968, 26.8983617], [83.9137907, 26.8965041], [83.9037551, 26.8968089], [83.9003135, 26.9010875], [83.8986426, 26.9021437], [83.8904036, 26.9050509], [83.8908927, 26.9111925], [83.8884718, 26.9124563], [83.8882807, 26.9145095], [83.8868311, 26.9157551], [83.8866248, 26.9170773], [83.8817621, 26.9172897], [83.8827036, 26.91937], [83.882593, 26.9205658], [83.8815861, 26.9208275], [83.8816314, 26.9215676], [83.8781429, 26.9232645], [83.8759984, 26.9257284], [83.8735165, 26.9253223], [83.8752181, 26.9299071], [83.8747902, 26.9309495], [83.876512, 26.9381064], [83.8790749, 26.945904], [83.878773, 26.950403], [83.8775998, 26.9509942], [83.8764619, 26.9540628], [83.8745937, 26.9545592], [83.874503, 26.955588], [83.8698852, 26.9577494], [83.8632783, 26.9590982], [83.8611479, 26.9610836], [83.8552403, 26.9638761], [83.8567761, 26.9650722], [83.8582512, 26.9684297], [83.8558237, 26.9690296], [83.8527905, 26.9756581], [83.8529566, 26.9764613], [83.8544471, 26.978086], [83.8588642, 26.9782716], [83.8601938, 26.9793729], [83.8642181, 26.9786964], [83.8653058, 26.9803435], [83.8664139, 26.9807768], [83.8693604, 26.9808943], [83.8722111, 26.979527], [83.8733696, 26.9802581], [83.8741352, 26.9820811], [83.8819271, 26.9819772], [83.8824962, 26.9829023], [83.886551, 26.9841655], [83.8860072, 26.9859886], [83.8858015, 26.9942465], [83.8847589, 26.9958937], [83.8809859, 26.9977215], [83.8807493, 26.9991565], [83.8822606, 26.9999281], [83.8910271, 27.0004658], [83.887868, 27.0051021], [83.8951228, 27.0072583], [83.8972693, 27.0091667], [83.8990788, 27.0134443], [83.8986834, 27.0256146], [83.9046656, 27.0304464], [83.9066465, 27.0327699], [83.9075439, 27.0343491], [83.9072069, 27.0363978], [83.9211028, 27.0434244], [83.9409456, 27.0472251], [83.9415877, 27.0507084], [83.9647969, 27.0580284], [83.9725026, 27.0598198], [83.9738098, 27.0592994], [83.975025, 27.0654761], [83.9807509, 27.0654088], [83.9873758, 27.0671319], [83.9978934, 27.0686859]]]}}, {"type": "Feature", "properties": {"name": "Nebua Naurangia", "district": "Kushinagar", "kind": "wasteland", "wl_pct": 0.8}, "geometry": {"type": "Polygon", "coordinates": [[[83.8694555, 27.0908895], [83.8807487, 27.0908219], [83.8822362, 27.0936286], [83.8944121, 27.0941419], [83.9080741, 27.0725201], [83.9039549, 27.0493043], [83.9157022, 27.0485297], [83.9162936, 27.0525222], [83.9211019, 27.0434239], [83.9072069, 27.0363978], [83.9075439, 27.0343491], [83.9066465, 27.0327699], [83.9046656, 27.0304464], [83.8986834, 27.0256146], [83.8990788, 27.0134443], [83.8978337, 27.010227], [83.8951228, 27.0072583], [83.887868, 27.0051021], [83.8910271, 27.0004658], [83.8810012, 26.9995942], [83.8809859, 26.9977215], [83.8847589, 26.9958937], [83.8858015, 26.9942465], [83.8860072, 26.9859886], [83.886551, 26.9841655], [83.8824962, 26.9829023], [83.8819271, 26.9819772], [83.8741352, 26.9820811], [83.8733696, 26.9802581], [83.8722111, 26.979527], [83.8693604, 26.9808943], [83.8664139, 26.9807768], [83.8653058, 26.9803435], [83.8642181, 26.9786964], [83.8601938, 26.9793729], [83.8588642, 26.9782716], [83.8544471, 26.978086], [83.8529566, 26.9764613], [83.8527905, 26.9756581], [83.8558237, 26.9690296], [83.8582512, 26.9684297], [83.8567761, 26.9650722], [83.8552403, 26.9638761], [83.8611479, 26.9610836], [83.8632783, 26.9590982], [83.8698852, 26.9577494], [83.874503, 26.955588], [83.8745937, 26.9545592], [83.8764619, 26.9540628], [83.8775998, 26.9509942], [83.878773, 26.950403], [83.8789952, 26.9481328], [83.8675017, 26.9519514], [83.8623067, 26.9459183], [83.8562575, 26.9441987], [83.8558235, 26.9459583], [83.8549805, 26.9459392], [83.8538795, 26.9476356], [83.8483789, 26.9490026], [83.8486392, 26.9502681], [83.8451704, 26.9513864], [83.8404763, 26.9515807], [83.8396176, 26.9510452], [83.827164, 26.9527003], [83.8227595, 26.9522113], [83.8129785, 26.9542772], [83.8107785, 26.9504353], [83.8097391, 26.9497848], [83.8009484, 26.950872], [83.7998671, 26.9503019], [83.7983309, 26.9478748], [83.7929458, 26.9486805], [83.7885758, 26.9522836], [83.789828, 26.9555921], [83.7910745, 26.966095], [83.796295, 26.9656907], [83.7967248, 26.9667138], [83.7980244, 26.9656887], [83.8007333, 26.965822], [83.8029357, 26.9668021], [83.8027369, 26.9705034], [83.8038986, 26.9737345], [83.797613, 26.9741248], [83.7973026, 26.9770736], [83.7964642, 26.977213], [83.7961631, 26.98195], [83.7839554, 26.9815686], [83.7772766, 26.9821663], [83.7787371, 26.9850327], [83.7801253, 26.9854763], [83.7813708, 26.9870759], [83.7815296, 26.9894171], [83.7796801, 26.9898589], [83.7800687, 26.9924728], [83.7816296, 26.9927532], [83.7811271, 26.9952295], [83.7817936, 26.9997047], [83.7810951, 27.0002701], [83.7641738, 27.0002956], [83.7651144, 27.0025778], [83.7634979, 27.0019267], [83.7632498, 27.0031494], [83.7617138, 27.0027059], [83.7610021, 27.0040321], [83.7584521, 27.0049686], [83.7566995, 27.0044301], [83.7560528, 27.0031675], [83.7567214, 27.0075212], [83.7479253, 27.0119448], [83.7455727, 27.0119368], [83.744517, 27.0141077], [83.7450888, 27.0164186], [83.7441596, 27.0182272], [83.7454185, 27.0231877], [83.7447717, 27.024771], [83.7452209, 27.0285619], [83.7461516, 27.0298443], [83.7479272, 27.0298778], [83.7486741, 27.0316381], [83.7516772, 27.0317129], [83.7548956, 27.0330739], [83.7555838, 27.0352225], [83.7519181, 27.037268], [83.7490567, 27.0364758], [83.7469295, 27.0346526], [83.7440464, 27.0340278], [83.7398954, 27.035182], [83.7368836, 27.036854], [83.7367544, 27.0386546], [83.7355164, 27.0403883], [83.7364214, 27.0433433], [83.7352143, 27.0458848], [83.7346835, 27.0492606], [83.733179, 27.0518338], [83.7301673, 27.0540924], [83.7299266, 27.0554147], [83.7318232, 27.0570739], [83.7342736, 27.057961], [83.737807, 27.058274], [83.7450187, 27.0574784], [83.7513592, 27.055137], [83.7529027, 27.0540508], [83.7571621, 27.0487116], [83.7590072, 27.0481221], [83.7632199, 27.0486445], [83.7675603, 27.052682], [83.7686415, 27.0552143], [83.7667509, 27.061025], [83.7685914, 27.070868], [83.7678425, 27.0738322], [83.7630073, 27.0748257], [83.7562294, 27.0728481], [83.7500429, 27.0740612], [83.7475936, 27.0736393], [83.7459541, 27.0746666], [83.7456045, 27.0762321], [83.7463891, 27.0778303], [83.7495327, 27.0796111], [83.7510046, 27.0796981], [83.7602942, 27.0858294], [83.7640244, 27.0862565], [83.7690191, 27.0877631], [83.7699307, 27.0886527], [83.7728293, 27.0890565], [83.7752098, 27.0936564], [83.7752285, 27.1010839], [83.7763537, 27.1057957], [83.7771396, 27.1065769], [83.793361, 27.1064248], [83.7989818, 27.1084948], [83.7860907, 27.08634], [83.7734844, 27.0725639], [83.7743228, 27.0708091], [83.7741836, 27.0685934], [83.7987144, 27.0714517], [83.804928, 27.0741985], [83.8110846, 27.0800948], [83.8219054, 27.0854376], [83.8204193, 27.0934692], [83.8190713, 27.0973584], [83.8314853, 27.1081701], [83.8389362, 27.1137587], [83.8464373, 27.1229749], [83.8634681, 27.1191011], [83.856778, 27.1087353], [83.8505722, 27.1017987], [83.8494999, 27.0944432], [83.8608493, 27.0918276], [83.8694555, 27.0908895]]]}}, {"type": "Feature", "properties": {"name": "Ramkola", "district": "Kushinagar", "kind": "wasteland", "wl_pct": 0.9}, "geometry": {"type": "Polygon", "coordinates": [[[83.7761192, 27.0005919], [83.7810951, 27.0002701], [83.7817936, 26.9997047], [83.7811271, 26.9952295], [83.7816296, 26.9927532], [83.7800687, 26.9924728], [83.7796801, 26.9898589], [83.7815296, 26.9894171], [83.7813708, 26.9870759], [83.7801253, 26.9854763], [83.7787371, 26.9850327], [83.7772766, 26.9821663], [83.7839554, 26.9815686], [83.7961631, 26.98195], [83.7964642, 26.977213], [83.7973026, 26.9770736], [83.797613, 26.9741248], [83.8038986, 26.9737345], [83.8027369, 26.9705034], [83.8029357, 26.9668021], [83.8007333, 26.965822], [83.7980244, 26.9656887], [83.7967248, 26.9667138], [83.796295, 26.9656907], [83.7910745, 26.966095], [83.789828, 26.9555921], [83.7885758, 26.9522836], [83.7912885, 26.9495949], [83.7929458, 26.9486805], [83.7983309, 26.9478748], [83.7998671, 26.9503019], [83.8009484, 26.950872], [83.8089344, 26.9495658], [83.8107785, 26.9504353], [83.8129785, 26.9542772], [83.8227595, 26.9522113], [83.827164, 26.9527003], [83.8396176, 26.9510452], [83.8404763, 26.9515807], [83.8451704, 26.9513864], [83.8486392, 26.9502681], [83.8483789, 26.9490026], [83.8538795, 26.9476356], [83.8549805, 26.9459392], [83.8558235, 26.9459583], [83.8562575, 26.9441987], [83.8623067, 26.9459183], [83.8675017, 26.9519514], [83.8789952, 26.9481328], [83.8790749, 26.945904], [83.8747902, 26.9309495], [83.8752181, 26.9299071], [83.8734762, 26.925417], [83.8759984, 26.9257284], [83.8781429, 26.9232645], [83.8816314, 26.9215676], [83.8815861, 26.9208275], [83.882593, 26.9205658], [83.8827036, 26.91937], [83.8817621, 26.9172897], [83.8866248, 26.9170773], [83.8868311, 26.9157551], [83.8882807, 26.9145095], [83.8884718, 26.9124563], [83.8908927, 26.9111925], [83.8904036, 26.9050509], [83.8986426, 26.9021437], [83.9003135, 26.9010875], [83.904062, 26.8966824], [83.9137907, 26.8965041], [83.9191968, 26.8983617], [83.9243756, 26.897832], [83.9230356, 26.8946872], [83.9235233, 26.8936311], [83.9238064, 26.884827], [83.921416, 26.8849], [83.9209602, 26.8777612], [83.9177712, 26.8679247], [83.9150983, 26.8648479], [83.910177, 26.8637436], [83.9091346, 26.8608107], [83.9054105, 26.8574271], [83.9034583, 26.8572695], [83.9023059, 26.8562634], [83.9002179, 26.8557945], [83.8941441, 26.8487693], [83.8884488, 26.8454622], [83.8879406, 26.8442393], [83.8880886, 26.8412001], [83.8853355, 26.8400607], [83.882865, 26.8371815], [83.8822836, 26.8345982], [83.8828556, 26.8341139], [83.878409, 26.8293776], [83.8757766, 26.8241198], [83.8606575, 26.8266731], [83.8504338, 26.8297919], [83.8482931, 26.820325], [83.8485706, 26.8180835], [83.8432466, 26.815855], [83.8315222, 26.8146517], [83.8287075, 26.8153411], [83.8259996, 26.8172695], [83.8209482, 26.8175912], [83.8207448, 26.8192214], [83.8191502, 26.8187122], [83.816594, 26.8198327], [83.8164025, 26.8204609], [83.8182764, 26.8218516], [83.8179103, 26.8229755], [83.8114812, 26.8262498], [83.808866, 26.8264645], [83.8109265, 26.8375472], [83.8053753, 26.8425052], [83.8031175, 26.8459582], [83.8043268, 26.8550197], [83.8038407, 26.8564566], [83.8008354, 26.8601833], [83.8053378, 26.8628144], [83.8064016, 26.8617681], [83.807413, 26.8624806], [83.8087084, 26.8621279], [83.8092858, 26.8631155], [83.811162, 26.8631644], [83.8108626, 26.8602237], [83.8128013, 26.8595531], [83.812304, 26.857033], [83.8193056, 26.8552376], [83.824019, 26.8550851], [83.8264257, 26.8615272], [83.824028, 26.8700969], [83.8242015, 26.8729286], [83.8210852, 26.8802122], [83.8180473, 26.881389], [83.8128037, 26.8822252], [83.8092715, 26.8727565], [83.8073126, 26.8718587], [83.8028366, 26.8719277], [83.8014451, 26.8672192], [83.7961533, 26.8678986], [83.7928098, 26.8676643], [83.7802787, 26.8728898], [83.777069, 26.8727307], [83.7756886, 26.8735516], [83.7746616, 26.8744428], [83.7731985, 26.8783772], [83.7704637, 26.8822189], [83.7683543, 26.8842152], [83.7582936, 26.8894146], [83.7575877, 26.8921902], [83.7492162, 26.8966778], [83.7415937, 26.9026954], [83.7400545, 26.9026664], [83.7395312, 26.904781], [83.7375243, 26.9062742], [83.7343132, 26.906679], [83.729869, 26.906259], [83.7318157, 26.9114028], [83.7349193, 26.9123145], [83.7358658, 26.9145914], [83.7442056, 26.9216195], [83.7443294, 26.9233247], [83.7419376, 26.9266664], [83.7419052, 26.9280468], [83.7435548, 26.9293214], [83.7447251, 26.9317243], [83.7479227, 26.9320609], [83.7521007, 26.93015], [83.7514901, 26.9320182], [83.7498775, 26.9334509], [83.7506366, 26.9353666], [83.752026, 26.9365477], [83.7518181, 26.9379918], [83.7510185, 26.9387391], [83.7498375, 26.9376195], [83.7479221, 26.9387561], [83.7425956, 26.938913], [83.7396291, 26.935239], [83.7380819, 26.9349473], [83.7373666, 26.9330592], [83.7348753, 26.9330527], [83.7292333, 26.9305589], [83.7250582, 26.9305922], [83.7219544, 26.9321767], [83.7168724, 26.9412314], [83.7155495, 26.9410059], [83.7113295, 26.9439409], [83.7050233, 26.9463919], [83.7005571, 26.9579339], [83.6984112, 26.9582072], [83.6971323, 26.9597968], [83.6959736, 26.9628617], [83.6978472, 26.9622619], [83.7007536, 26.9632035], [83.7077228, 26.962446], [83.7126887, 26.9564954], [83.7126268, 26.9547266], [83.7204937, 26.9503217], [83.7235811, 26.9511906], [83.7256019, 26.9530167], [83.7280148, 26.9540168], [83.728545, 26.9556364], [83.7311465, 26.9588428], [83.7288354, 26.9592688], [83.7294408, 26.9605138], [83.7292307, 26.9620617], [83.7304242, 26.9620293], [83.730442, 26.9648315], [83.7285238, 26.9655008], [83.7307859, 26.9664152], [83.7285676, 26.9693004], [83.7303466, 26.9705761], [83.7303477, 26.9718937], [83.7315275, 26.973197], [83.7302364, 26.9766862], [83.7321775, 26.9788462], [83.7314089, 26.9809135], [83.7331021, 26.9871305], [83.732817, 26.9892606], [83.7344685, 26.9886096], [83.7363863, 26.992358], [83.7389912, 26.9930553], [83.738444, 26.9949194], [83.7397028, 26.9963678], [83.7406614, 26.9958246], [83.739844, 26.994467], [83.7412297, 26.9948855], [83.7422592, 26.9967078], [83.7417522, 26.998441], [83.7433079, 26.9975372], [83.7429532, 26.9956106], [83.74566, 26.9972825], [83.7489238, 26.9975116], [83.749393, 26.9969344], [83.7489771, 26.9949621], [83.7516363, 26.9954834], [83.7522913, 26.9952989], [83.7527612, 26.9939501], [83.7559347, 26.9940115], [83.7583574, 26.9941895], [83.7591062, 26.995959], [83.7630991, 26.9977086], [83.7632839, 26.9993107], [83.7641738, 27.0002956], [83.7761192, 27.0005919]]]}}, {"type": "Feature", "properties": {"name": "Motichak", "district": "Kushinagar", "kind": "wasteland", "wl_pct": 0.8}, "geometry": {"type": "Polygon", "coordinates": [[[83.7582936, 26.8894146], [83.7683543, 26.8842152], [83.7731985, 26.8783772], [83.7746616, 26.8744428], [83.7756886, 26.8735516], [83.777069, 26.8727307], [83.7802787, 26.8728898], [83.7928098, 26.8676643], [83.7961533, 26.8678986], [83.8014451, 26.8672192], [83.8028366, 26.8719277], [83.8085933, 26.8721033], [83.8128037, 26.8822252], [83.8180473, 26.881389], [83.8210852, 26.8802122], [83.8235662, 26.8751497], [83.8242015, 26.8729286], [83.824028, 26.8700969], [83.8264257, 26.8615272], [83.824019, 26.8550851], [83.8193056, 26.8552376], [83.812304, 26.857033], [83.8128013, 26.8595531], [83.8108626, 26.8602237], [83.811162, 26.8631644], [83.8092858, 26.8631155], [83.8087084, 26.8621279], [83.807413, 26.8624806], [83.8064016, 26.8617681], [83.8053378, 26.8628144], [83.8008354, 26.8601833], [83.8038407, 26.8564566], [83.8043268, 26.8550197], [83.8031175, 26.8459582], [83.8053753, 26.8425052], [83.8109265, 26.8375472], [83.808866, 26.8264645], [83.8114812, 26.8262498], [83.8179103, 26.8229755], [83.8182764, 26.8218516], [83.8163677, 26.8200082], [83.8191502, 26.8187122], [83.8207448, 26.8192214], [83.8209482, 26.8175912], [83.8223283, 26.8172742], [83.8224159, 26.8140805], [83.8205812, 26.8119365], [83.8199584, 26.808898], [83.8158837, 26.8068085], [83.809304, 26.8051148], [83.8051855, 26.800908], [83.8001941, 26.7983989], [83.7966894, 26.7956243], [83.7966579, 26.7919537], [83.7971661, 26.7911999], [83.7993843, 26.7897695], [83.8006588, 26.7876911], [83.8031885, 26.7868178], [83.8045256, 26.7855146], [83.8030325, 26.7807838], [83.7974706, 26.7795274], [83.7936357, 26.7715724], [83.7896821, 26.7725621], [83.7886017, 26.7734326], [83.789934, 26.7772754], [83.7894527, 26.7778335], [83.778566, 26.7838088], [83.7812733, 26.790786], [83.7701425, 26.7960532], [83.7688378, 26.7980637], [83.768386, 26.8040432], [83.7671634, 26.8088372], [83.7646824, 26.8089596], [83.759999, 26.8079719], [83.7599719, 26.8070616], [83.7549725, 26.8060503], [83.7492684, 26.8025112], [83.7479334, 26.8034612], [83.7458719, 26.8033076], [83.7456756, 26.8042516], [83.7450782, 26.8042659], [83.7445057, 26.8026022], [83.7429184, 26.7890804], [83.7443547, 26.7828335], [83.7479356, 26.7767515], [83.7532409, 26.7766134], [83.7539954, 26.7784785], [83.7563914, 26.7794834], [83.7575385, 26.7764623], [83.7571867, 26.7736701], [83.7520609, 26.7749034], [83.7522623, 26.7726291], [83.7502973, 26.7662058], [83.7497459, 26.7612118], [83.7479368, 26.7621058], [83.7456853, 26.7664164], [83.7429731, 26.7689848], [83.7387571, 26.7745804], [83.7319616, 26.7739409], [83.7291497, 26.7694556], [83.7283995, 26.7649732], [83.7286433, 26.761263], [83.7295926, 26.7592597], [83.7237393, 26.7595118], [83.7089007, 26.762806], [83.7078218, 26.7625485], [83.7074622, 26.7588785], [83.6963079, 26.7587178], [83.6960404, 26.7601719], [83.6974523, 26.7681152], [83.6871835, 26.7689693], [83.681763, 26.7710426], [83.6847158, 26.7768516], [83.689511, 26.7839594], [83.6809957, 26.7922798], [83.6861478, 26.7946685], [83.6852621, 26.7962483], [83.6878333, 26.8001804], [83.6877372, 26.8026922], [83.6770328, 26.8046049], [83.6740278, 26.8119758], [83.6732006, 26.8125138], [83.6687398, 26.8119606], [83.6684437, 26.8144469], [83.6637376, 26.8216498], [83.6606946, 26.8220043], [83.6584945, 26.8079021], [83.6555391, 26.8075852], [83.650115, 26.8089236], [83.6392255, 26.8080122], [83.6383456, 26.8085177], [83.6389944, 26.8097451], [83.6377975, 26.8101017], [83.6384162, 26.8110764], [83.6373752, 26.8117308], [83.6382204, 26.813766], [83.6374207, 26.8141721], [83.6377025, 26.8151063], [83.6362843, 26.8158104], [83.6373254, 26.8163202], [83.6367522, 26.8177688], [83.637019, 26.8200928], [83.6387324, 26.8207478], [83.6387064, 26.8225998], [83.6338749, 26.825631], [83.633036, 26.8295666], [83.6312394, 26.8333108], [83.6335661, 26.8518847], [83.6328044, 26.8547711], [83.6334051, 26.8601485], [83.6400596, 26.8618906], [83.6617614, 26.8656027], [83.6599648, 26.8688974], [83.6639799, 26.8726728], [83.6683357, 26.8710191], [83.6686479, 26.8739612], [83.6698068, 26.8767817], [83.6733098, 26.8822424], [83.6766339, 26.8893344], [83.680095, 26.8892487], [83.6815916, 26.8913413], [83.6827916, 26.8918171], [83.6839621, 26.8912858], [83.6827887, 26.8895775], [83.6828873, 26.8886793], [83.6846046, 26.8876312], [83.6826745, 26.8856608], [83.6860544, 26.8828239], [83.6889131, 26.8835915], [83.6887246, 26.8814122], [83.6866159, 26.8753679], [83.6905191, 26.8730545], [83.6899807, 26.8714311], [83.6912846, 26.8659497], [83.6955753, 26.8649951], [83.698534, 26.8635463], [83.699899, 26.8601649], [83.7032176, 26.8586117], [83.7037213, 26.8574186], [83.7068609, 26.8563242], [83.7113585, 26.8505262], [83.7235369, 26.8550509], [83.7169405, 26.862902], [83.7156357, 26.8666681], [83.7203504, 26.8684242], [83.721993, 26.870477], [83.7233403, 26.8738069], [83.7309202, 26.8835514], [83.7377617, 26.8901613], [83.7439627, 26.8866477], [83.7479266, 26.8874567], [83.7496085, 26.888114], [83.7504499, 26.892396], [83.7526473, 26.8951481], [83.7575877, 26.8921902], [83.7582936, 26.8894146]]]}}, {"type": "Feature", "properties": {"name": "Hata", "district": "Kushinagar", "kind": "wasteland", "wl_pct": 1.0}, "geometry": {"type": "Polygon", "coordinates": [[[83.9006185, 26.8248017], [83.9029366, 26.8223193], [83.9081424, 26.8226566], [83.9093444, 26.8221825], [83.9104639, 26.8154088], [83.9124851, 26.8134317], [83.9170714, 26.8123113], [83.918112, 26.8108488], [83.9195584, 26.8059973], [83.9145445, 26.8058093], [83.9136221, 26.7996318], [83.911856, 26.7963154], [83.9130578, 26.7962745], [83.9111503, 26.7908056], [83.9079524, 26.7916232], [83.9076103, 26.7908561], [83.9064438, 26.7909331], [83.905699, 26.78888], [83.9009021, 26.788714], [83.8999008, 26.7855598], [83.896642, 26.7823067], [83.8934091, 26.7827359], [83.8914034, 26.7860755], [83.8913836, 26.7881333], [83.8898199, 26.788526], [83.8881555, 26.7885081], [83.8851634, 26.7833414], [83.8770733, 26.7833372], [83.8768923, 26.781126], [83.8775761, 26.7807063], [83.8775559, 26.7798489], [83.8762788, 26.7777551], [83.8781441, 26.7767126], [83.8783201, 26.7753724], [83.8774352, 26.7749797], [83.8772994, 26.7740231], [83.8782144, 26.7731792], [83.8756151, 26.7629445], [83.8745243, 26.7608732], [83.8742629, 26.7571321], [83.8794354, 26.7550834], [83.8793952, 26.7543162], [83.8770829, 26.7539778], [83.8758162, 26.7511393], [83.8680334, 26.7502943], [83.8604099, 26.7506298], [83.8573137, 26.7492982], [83.8499702, 26.7484667], [83.8490852, 26.7503438], [83.8441928, 26.7560231], [83.8416284, 26.7585677], [83.8399643, 26.7591765], [83.8372607, 26.7565178], [83.8365576, 26.754848], [83.8368698, 26.7529527], [83.8357697, 26.7506871], [83.8410775, 26.7504833], [83.8364244, 26.7471685], [83.8340418, 26.747574], [83.8317609, 26.7444911], [83.8303781, 26.7458535], [83.8279107, 26.744878], [83.8240044, 26.7469254], [83.8189884, 26.7461473], [83.8157606, 26.7478608], [83.8140582, 26.744981], [83.8133591, 26.7456801], [83.8128652, 26.7482477], [83.8100904, 26.7486165], [83.8091298, 26.7503232], [83.8096192, 26.7463102], [83.8089204, 26.7464904], [83.8084151, 26.7425913], [83.8092545, 26.7424427], [83.8093606, 26.7415357], [83.8071901, 26.7317241], [83.8076225, 26.7314852], [83.8072766, 26.7299552], [83.8083621, 26.7299557], [83.8086289, 26.7292699], [83.8076859, 26.7261241], [83.8080385, 26.7248111], [83.8013687, 26.7264278], [83.8007322, 26.7239184], [83.8021698, 26.723328], [83.8014777, 26.7210668], [83.8027494, 26.7206252], [83.8022779, 26.7193298], [83.8005141, 26.7192205], [83.8010881, 26.7175241], [83.7996762, 26.7173068], [83.7991851, 26.7151314], [83.7946273, 26.7154582], [83.7938894, 26.7142214], [83.7910956, 26.7143145], [83.7902903, 26.7091651], [83.7837783, 26.7091971], [83.7837979, 26.7098244], [83.7829987, 26.7101939], [83.7823204, 26.710049], [83.7822005, 26.7092953], [83.7772101, 26.7103074], [83.7760047, 26.7038398], [83.7717638, 26.7040624], [83.7717444, 26.7032862], [83.7695084, 26.7034515], [83.7695302, 26.7016059], [83.7704107, 26.700185], [83.7691396, 26.7002201], [83.7677615, 26.7017489], [83.766632, 26.7006786], [83.7670658, 26.6988874], [83.7663473, 26.6989455], [83.7606986, 26.7052634], [83.7569187, 26.7067765], [83.7568827, 26.7026835], [83.7556065, 26.7026644], [83.7538762, 26.6950003], [83.7479457, 26.692301], [83.7452921, 26.6919422], [83.7419921, 26.6926264], [83.7422336, 26.6930007], [83.7411739, 26.6934348], [83.7417722, 26.6937367], [83.7377894, 26.6950847], [83.7381474, 26.6963254], [83.7280599, 26.6974973], [83.7293252, 26.7021265], [83.7281512, 26.7039956], [83.7279077, 26.7126963], [83.724578, 26.7205191], [83.7210063, 26.7219206], [83.7089213, 26.7229706], [83.7065768, 26.7261895], [83.7016359, 26.725028], [83.694572, 26.7248513], [83.6936394, 26.7232586], [83.6902212, 26.7215589], [83.6836083, 26.722171], [83.6779883, 26.7292717], [83.6781271, 26.7358467], [83.6939679, 26.7357451], [83.6943701, 26.7431637], [83.6969293, 26.7446472], [83.6995458, 26.7490141], [83.6958058, 26.7503194], [83.6963079, 26.7587178], [83.7074622, 26.7588785], [83.7078218, 26.7625485], [83.7089007, 26.762806], [83.7237393, 26.7595118], [83.7295926, 26.7592597], [83.7286433, 26.761263], [83.7283995, 26.7649732], [83.7291497, 26.7694556], [83.7319616, 26.7739409], [83.7387571, 26.7745804], [83.7429731, 26.7689848], [83.7456853, 26.7664164], [83.7479368, 26.7621058], [83.7497459, 26.7612118], [83.7502973, 26.7662058], [83.7522623, 26.7726291], [83.7520609, 26.7749034], [83.7571867, 26.7736701], [83.7575385, 26.7764623], [83.7563914, 26.7794834], [83.7539954, 26.7784785], [83.7532409, 26.7766134], [83.7479356, 26.7767515], [83.7439837, 26.7836588], [83.7429184, 26.7890804], [83.7440845, 26.8004126], [83.7450782, 26.8042659], [83.7456756, 26.8042516], [83.7458719, 26.8033076], [83.7479334, 26.8034612], [83.7492684, 26.8025112], [83.7549725, 26.8060503], [83.7599719, 26.8070616], [83.759999, 26.8079719], [83.7669233, 26.8090001], [83.768386, 26.8040432], [83.7688378, 26.7980637], [83.7701425, 26.7960532], [83.7812733, 26.790786], [83.778566, 26.7838088], [83.7894527, 26.7778335], [83.789934, 26.7772754], [83.7886017, 26.7734326], [83.7896821, 26.7725621], [83.7936357, 26.7715724], [83.7974706, 26.7795274], [83.8030325, 26.7807838], [83.8045256, 26.7855146], [83.8031885, 26.7868178], [83.8006588, 26.7876911], [83.7993843, 26.7897695], [83.7971661, 26.7911999], [83.7966579, 26.7919537], [83.7966894, 26.7956243], [83.8001941, 26.7983989], [83.8051855, 26.800908], [83.809304, 26.8051148], [83.8158837, 26.8068085], [83.8199584, 26.808898], [83.8205812, 26.8119365], [83.8224159, 26.8140805], [83.8219593, 26.8176044], [83.8259996, 26.8172695], [83.8287075, 26.8153411], [83.8315222, 26.8146517], [83.8432466, 26.815855], [83.8485706, 26.8180835], [83.8482931, 26.820325], [83.8504338, 26.8297919], [83.8606575, 26.8266731], [83.8757766, 26.8241198], [83.878409, 26.8293776], [83.8828556, 26.8341139], [83.8822836, 26.8345982], [83.882865, 26.8371815], [83.8853355, 26.8400607], [83.8880886, 26.8412001], [83.8904899, 26.8352002], [83.8924212, 26.8335213], [83.8955448, 26.8327808], [83.8968827, 26.8317292], [83.897315, 26.8303347], [83.899387, 26.8280961], [83.9006185, 26.8248017]]]}}, {"type": "Feature", "properties": {"name": "Desai Deoria", "district": "Deoria", "kind": "wasteland", "wl_pct": 1.8}, "geometry": {"type": "Polygon", "coordinates": [[[83.8482706, 26.7512992], [83.8501813, 26.7484532], [83.8573137, 26.7492982], [83.8604099, 26.7506298], [83.8680334, 26.7502943], [83.8675628, 26.7477693], [83.8691865, 26.7445879], [83.8694178, 26.7427828], [83.867629, 26.7349487], [83.8656181, 26.7328292], [83.8631863, 26.7330937], [83.8477614, 26.7288163], [83.8500878, 26.7268763], [83.8524114, 26.726898], [83.8537566, 26.7250148], [83.85501, 26.7244328], [83.8574246, 26.7206887], [83.8581962, 26.7172448], [83.8606459, 26.7128043], [83.8601435, 26.7095076], [83.8607496, 26.7070446], [83.8601348, 26.7030607], [83.8571099, 26.6993786], [83.8563755, 26.696864], [83.8535563, 26.6945274], [83.8524995, 26.6922007], [83.8529532, 26.6909021], [83.856192, 26.6908225], [83.8558853, 26.6884664], [83.8571284, 26.6865551], [83.8593329, 26.6875194], [83.868461, 26.6883099], [83.8767381, 26.6854276], [83.8805575, 26.6700515], [83.8835563, 26.6722671], [83.8844354, 26.6723032], [83.8877604, 26.6700917], [83.8908439, 26.6651815], [83.8909929, 26.6536649], [83.8889387, 26.6522436], [83.9014689, 26.6515334], [83.9068327, 26.6520467], [83.9066617, 26.6506659], [83.9049133, 26.6480218], [83.9010104, 26.6448185], [83.8966563, 26.643858], [83.8916796, 26.643809], [83.889189, 26.6456235], [83.8872905, 26.6438681], [83.8829866, 26.6425462], [83.8823087, 26.6417339], [83.8820675, 26.6395498], [83.8839858, 26.6389901], [83.8845227, 26.6347481], [83.8817558, 26.6337058], [83.8776685, 26.6349243], [83.8772065, 26.6338954], [83.8770558, 26.6319865], [83.8798375, 26.6281055], [83.8812484, 26.6277625], [83.8830862, 26.6291568], [83.8840251, 26.6282948], [83.8838944, 26.6266297], [83.8820564, 26.6228164], [83.8837836, 26.622153], [83.8856916, 26.622374], [83.8867759, 26.6202258], [83.8888292, 26.6183168], [83.8903347, 26.6123868], [83.889958, 26.6114934], [83.8860721, 26.6111733], [83.8839383, 26.6090885], [83.8810416, 26.6113721], [83.8780997, 26.6112775], [83.8768898, 26.6123335], [83.8738774, 26.6192109], [83.8719244, 26.6199555], [83.8687111, 26.6184436], [83.8617983, 26.6120214], [83.8616228, 26.609923], [83.851707, 26.6129092], [83.8516511, 26.6163615], [83.8525292, 26.6184464], [83.8497921, 26.6221781], [83.8518608, 26.6223318], [83.852925, 26.6230901], [83.8536124, 26.625297], [83.8554467, 26.6240112], [83.8593719, 26.6231272], [83.8601246, 26.6261959], [83.8608039, 26.6373541], [83.8547598, 26.6377511], [83.853456, 26.6296608], [83.8426708, 26.6281605], [83.839584, 26.6284283], [83.8385288, 26.6267786], [83.8370629, 26.6259524], [83.8351161, 26.6263712], [83.8355378, 26.6221883], [83.8366535, 26.6188627], [83.8310206, 26.6177283], [83.8290217, 26.6194832], [83.8279026, 26.6184043], [83.8241471, 26.6182857], [83.8219183, 26.617468], [83.8211609, 26.6160417], [83.8187359, 26.6159686], [83.818645, 26.617029], [83.8162902, 26.6171996], [83.8067016, 26.6158008], [83.8070195, 26.6129489], [83.8025706, 26.6141968], [83.8003468, 26.6136089], [83.7978861, 26.6146636], [83.7899636, 26.6147945], [83.7882071, 26.6137735], [83.786234, 26.6138219], [83.7862903, 26.6125223], [83.7839958, 26.6126066], [83.7833699, 26.6105574], [83.7811911, 26.6104883], [83.7806344, 26.6098065], [83.7756687, 26.6103897], [83.7766226, 26.6162028], [83.7776362, 26.6169436], [83.7786616, 26.6214481], [83.7780222, 26.6236589], [83.7768115, 26.624335], [83.7774478, 26.6259239], [83.7755644, 26.6265183], [83.7711622, 26.6305902], [83.7677585, 26.6298114], [83.7656596, 26.6299452], [83.7652873, 26.630694], [83.7657257, 26.6342143], [83.7711569, 26.6479129], [83.7705211, 26.6483559], [83.7671092, 26.6475867], [83.7613029, 26.6483719], [83.7579408, 26.6507113], [83.7554095, 26.655592], [83.7527595, 26.6586764], [83.7480636, 26.6593665], [83.7481906, 26.6566238], [83.7469142, 26.6534789], [83.7463315, 26.6533395], [83.7460188, 26.6568687], [83.7438896, 26.6572315], [83.7436956, 26.6589601], [83.7413649, 26.6586641], [83.7421663, 26.66152], [83.7438941, 26.6615186], [83.7435015, 26.6656391], [83.7424391, 26.667973], [83.743968, 26.669822], [83.7415118, 26.6699458], [83.7387206, 26.6715636], [83.7377274, 26.6728731], [83.7401207, 26.6751998], [83.7409865, 26.676932], [83.7419512, 26.6771749], [83.7441098, 26.6758418], [83.7455916, 26.6756736], [83.7479331, 26.6766492], [83.750512, 26.6793969], [83.7593056, 26.681769], [83.7579309, 26.6849583], [83.758414, 26.6890653], [83.7719911, 26.6915849], [83.771668, 26.6933311], [83.7722141, 26.6950103], [83.7704587, 26.697166], [83.7677854, 26.6976514], [83.7675046, 26.7015054], [83.769818, 26.7000176], [83.7704107, 26.700185], [83.7695302, 26.7016059], [83.7695084, 26.7034515], [83.7717444, 26.7032862], [83.7717638, 26.7040624], [83.7760047, 26.7038398], [83.7772101, 26.7103074], [83.7822005, 26.7092953], [83.7823204, 26.710049], [83.7829987, 26.7101939], [83.7837979, 26.7098244], [83.7837783, 26.7091971], [83.7902903, 26.7091651], [83.7910956, 26.7143145], [83.7938894, 26.7142214], [83.7946273, 26.7154582], [83.7991851, 26.7151314], [83.7996762, 26.7173068], [83.8010881, 26.7175241], [83.8005141, 26.7192205], [83.8022779, 26.7193298], [83.8027494, 26.7206252], [83.8014777, 26.7210668], [83.8021698, 26.723328], [83.8007322, 26.7239184], [83.8013687, 26.7264278], [83.8080385, 26.7248111], [83.8076859, 26.7261241], [83.8086289, 26.7292699], [83.8083621, 26.7299557], [83.8072766, 26.7299552], [83.8076225, 26.7314852], [83.8071901, 26.7317241], [83.8093606, 26.7415357], [83.8092545, 26.7424427], [83.8084151, 26.7425913], [83.8089204, 26.7464904], [83.8096192, 26.7463102], [83.8091298, 26.7503232], [83.8100904, 26.7486165], [83.8128652, 26.7482477], [83.8133591, 26.7456801], [83.8140582, 26.744981], [83.8157606, 26.7478608], [83.8189884, 26.7461473], [83.8240044, 26.7469254], [83.8279107, 26.744878], [83.8303781, 26.7458535], [83.8317609, 26.7444911], [83.8340418, 26.747574], [83.8364244, 26.7471685], [83.8410775, 26.7504833], [83.8357697, 26.7506871], [83.8368698, 26.7529527], [83.8365576, 26.754848], [83.8372607, 26.7565178], [83.8399643, 26.7591765], [83.8416284, 26.7585677], [83.8482706, 26.7512992]]]}}, {"type": "Feature", "properties": {"name": "Tarkalua", "district": "Deoria", "kind": "wasteland", "wl_pct": 1.1}, "geometry": {"type": "Polygon", "coordinates": [[[83.8884157, 26.7331072], [83.8893647, 26.7265365], [83.8920226, 26.7231924], [83.8952932, 26.7172352], [83.8960965, 26.7133812], [83.8943575, 26.7111431], [83.8945828, 26.7062784], [83.8957683, 26.7049019], [83.9030782, 26.7017237], [83.9021879, 26.6973014], [83.9041117, 26.695681], [83.9058387, 26.6908294], [83.9072704, 26.6904455], [83.9091998, 26.6914965], [83.9125505, 26.6904487], [83.9149353, 26.6860572], [83.9206064, 26.684467], [83.9208966, 26.6813486], [83.9233525, 26.6799444], [83.9243365, 26.6785721], [83.927386, 26.6792795], [83.9300975, 26.677135], [83.9316797, 26.6767643], [83.9368096, 26.6787884], [83.9400737, 26.6768465], [83.9435599, 26.6767772], [83.946774, 26.6756203], [83.9506027, 26.6771301], [83.9552971, 26.6736798], [83.9573173, 26.6748294], [83.9612169, 26.670355], [83.9608188, 26.6686449], [83.9612447, 26.6672231], [83.9599069, 26.6648773], [83.9606575, 26.6610591], [83.9593555, 26.6594759], [83.9590126, 26.6577612], [83.9597, 26.6567997], [83.9604784, 26.6567676], [83.9624832, 26.6577637], [83.9633695, 26.6542703], [83.9652313, 26.6524008], [83.9671785, 26.6444707], [83.965345, 26.6373824], [83.9615401, 26.6326192], [83.9621855, 26.6297179], [83.9480066, 26.6311557], [83.944582, 26.6308505], [83.9458355, 26.6360891], [83.9346684, 26.6375383], [83.9307767, 26.6376437], [83.9299579, 26.6369085], [83.9279255, 26.6289984], [83.935884, 26.628756], [83.9408293, 26.6277339], [83.9399325, 26.6224364], [83.940121, 26.6184289], [83.9348748, 26.6193518], [83.9263442, 26.6185248], [83.9166449, 26.6204865], [83.9140746, 26.6216696], [83.9146103, 26.6171522], [83.9124753, 26.6134658], [83.9121683, 26.6113584], [83.9193066, 26.6094159], [83.9231439, 26.6014767], [83.930848, 26.5981615], [83.9296582, 26.5874711], [83.9239361, 26.5873018], [83.909575, 26.5852346], [83.8966093, 26.5805483], [83.8947071, 26.5807877], [83.8931664, 26.5819884], [83.8932123, 26.5859461], [83.8993689, 26.5998265], [83.8949672, 26.6045746], [83.8888451, 26.6046566], [83.8845056, 26.6093367], [83.8860721, 26.6111733], [83.889958, 26.6114934], [83.8903347, 26.6123868], [83.8888292, 26.6183168], [83.8867759, 26.6202258], [83.8856916, 26.622374], [83.8837836, 26.622153], [83.8820564, 26.6228164], [83.8838944, 26.6266297], [83.8840251, 26.6282948], [83.8830862, 26.6291568], [83.8812484, 26.6277625], [83.8798375, 26.6281055], [83.8769152, 26.6328033], [83.8776685, 26.6349243], [83.8817558, 26.6337058], [83.8845227, 26.6347481], [83.8839858, 26.6389901], [83.8820675, 26.6395498], [83.8823087, 26.6417339], [83.8829866, 26.6425462], [83.8872905, 26.6438681], [83.889189, 26.6456235], [83.8916796, 26.643809], [83.8966563, 26.643858], [83.9010104, 26.6448185], [83.9049133, 26.6480218], [83.9066617, 26.6506659], [83.9068327, 26.6520467], [83.9014689, 26.6515334], [83.8889387, 26.6522436], [83.8909929, 26.6536649], [83.8908439, 26.6651815], [83.8877604, 26.6700917], [83.8844354, 26.6723032], [83.8835563, 26.6722671], [83.8805575, 26.6700515], [83.8767381, 26.6854276], [83.868461, 26.6883099], [83.8593329, 26.6875194], [83.8571284, 26.6865551], [83.8558853, 26.6884664], [83.856192, 26.6908225], [83.8529532, 26.6909021], [83.8524995, 26.6922007], [83.8535563, 26.6945274], [83.8563755, 26.696864], [83.8571099, 26.6993786], [83.8601348, 26.7030607], [83.8607496, 26.7070446], [83.8601435, 26.7095076], [83.8606459, 26.7128043], [83.8581962, 26.7172448], [83.8574246, 26.7206887], [83.85501, 26.7244328], [83.8537566, 26.7250148], [83.8524114, 26.726898], [83.8500878, 26.7268763], [83.8477614, 26.7288163], [83.8631863, 26.7330937], [83.8656181, 26.7328292], [83.8665083, 26.7335227], [83.867629, 26.7349487], [83.8693274, 26.7413117], [83.8691865, 26.7445879], [83.8675628, 26.7477693], [83.8680334, 26.7502943], [83.8703926, 26.7491548], [83.872931, 26.7448453], [83.8760976, 26.7417586], [83.8854708, 26.736176], [83.8884157, 26.7331072]]]}}, {"type": "Feature", "properties": {"name": "Kasaya", "district": "Kushinagar", "kind": "wasteland", "wl_pct": 3.3}, "geometry": {"type": "Polygon", "coordinates": [[[83.9226339, 26.8065075], [83.9267421, 26.7950135], [83.9319381, 26.787712], [83.9377859, 26.7877935], [83.9422786, 26.7888709], [83.948257, 26.7854206], [83.9519298, 26.7853281], [83.9542049, 26.7867856], [83.9559409, 26.7864173], [83.9575919, 26.7871871], [83.9649568, 26.7849522], [83.9661517, 26.7850078], [83.9682775, 26.7873535], [83.9734216, 26.7885517], [83.9735673, 26.7855914], [83.978531, 26.7810523], [83.9803995, 26.7706909], [83.9835329, 26.7701829], [83.9829949, 26.7616057], [83.98432, 26.7583404], [83.9865023, 26.7569], [83.9879625, 26.7597354], [83.9888951, 26.7603273], [83.9886082, 26.7657206], [83.9875087, 26.7670822], [83.9878976, 26.7703552], [83.9950064, 26.7693538], [83.9983103, 26.7715154], [84.0003636, 26.765547], [84.0030527, 26.7637578], [84.0039518, 26.7643723], [84.0038876, 26.76805], [84.0051625, 26.7676225], [84.0063356, 26.7682845], [84.0073951, 26.7719926], [84.0086902, 26.7714679], [84.0096119, 26.7697787], [84.0105726, 26.7693057], [84.0144683, 26.7725195], [84.0167445, 26.7763841], [84.0205092, 26.7747579], [84.0222435, 26.7667717], [84.018211, 26.7646365], [84.0127098, 26.7663042], [84.0112611, 26.7619595], [84.0103406, 26.753498], [84.0125127, 26.7502838], [84.0117805, 26.7501806], [84.0096198, 26.7471352], [84.0098583, 26.7399378], [84.0073986, 26.7319979], [84.0055822, 26.7292887], [84.004427, 26.7286199], [83.9980154, 26.7287217], [83.9980429, 26.7222215], [83.9916723, 26.7206725], [83.9925374, 26.7164435], [83.9969057, 26.7131139], [83.9973718, 26.7120575], [83.9964067, 26.7069771], [83.9972708, 26.7068906], [83.9998607, 26.7038773], [84.00041, 26.7023841], [84.0044229, 26.6990888], [84.0084243, 26.6971111], [84.0096444, 26.6929152], [83.9973776, 26.6939165], [83.9960232, 26.6912371], [83.9775766, 26.6925151], [83.9772178, 26.6901687], [83.9820264, 26.6856164], [83.9825614, 26.6829129], [83.9816006, 26.6815463], [83.9813463, 26.6780626], [83.9815705, 26.676131], [83.9824734, 26.6747855], [83.9821913, 26.6738742], [83.9782349, 26.6703482], [83.9694207, 26.6657152], [83.9630164, 26.6556017], [83.9624832, 26.6577637], [83.9604784, 26.6567676], [83.9597, 26.6567997], [83.9590126, 26.6577612], [83.9593555, 26.6594759], [83.9606575, 26.6610591], [83.9599069, 26.6648773], [83.9612447, 26.6672231], [83.9608188, 26.6686449], [83.9612169, 26.670355], [83.9573173, 26.6748294], [83.9552971, 26.6736798], [83.9506027, 26.6771301], [83.946774, 26.6756203], [83.9435599, 26.6767772], [83.9400737, 26.6768465], [83.9368096, 26.6787884], [83.9316797, 26.6767643], [83.9300975, 26.677135], [83.927386, 26.6792795], [83.9243365, 26.6785721], [83.9233525, 26.6799444], [83.9208966, 26.6813486], [83.9206064, 26.684467], [83.9149353, 26.6860572], [83.9125505, 26.6904487], [83.9091998, 26.6914965], [83.9072704, 26.6904455], [83.9058387, 26.6908294], [83.9041117, 26.695681], [83.9021879, 26.6973014], [83.9030782, 26.7017237], [83.8957683, 26.7049019], [83.8945828, 26.7062784], [83.8943575, 26.7111431], [83.8960965, 26.7133812], [83.8952932, 26.7172352], [83.8920226, 26.7231924], [83.8893647, 26.7265365], [83.8881041, 26.7336668], [83.8854708, 26.736176], [83.8760976, 26.7417586], [83.872931, 26.7448453], [83.8703926, 26.7491548], [83.8680334, 26.7502943], [83.8758162, 26.7511393], [83.8770829, 26.7539778], [83.8791639, 26.7541808], [83.8795359, 26.7547449], [83.8742629, 26.7571321], [83.8745243, 26.7608732], [83.8756151, 26.7629445], [83.8782144, 26.7731792], [83.8772994, 26.7740231], [83.8774352, 26.7749797], [83.8783201, 26.7753724], [83.8781441, 26.7767126], [83.8762788, 26.7777551], [83.8775559, 26.7798489], [83.8775761, 26.7807063], [83.8768923, 26.781126], [83.8770733, 26.7833372], [83.8851634, 26.7833414], [83.8881555, 26.7885081], [83.8898199, 26.788526], [83.8913836, 26.7881333], [83.8914034, 26.7860755], [83.8934091, 26.7827359], [83.896642, 26.7823067], [83.8999008, 26.7855598], [83.9009021, 26.788714], [83.905699, 26.78888], [83.9064438, 26.7909331], [83.9076103, 26.7908561], [83.9079524, 26.7916232], [83.9111503, 26.7908056], [83.9130578, 26.7962745], [83.911856, 26.7963154], [83.9136221, 26.7996318], [83.9145445, 26.8058093], [83.9195584, 26.8059973], [83.918112, 26.8108488], [83.9197972, 26.8119125], [83.9226339, 26.8065075]]]}}, {"type": "Feature", "properties": {"name": "Padrauna", "district": "Kushinagar", "kind": "wasteland", "wl_pct": 0.9}, "geometry": {"type": "Polygon", "coordinates": [[[83.9658071, 26.9844106], [83.9687248, 26.9778007], [83.9707032, 26.9765251], [83.9741246, 26.9755867], [83.9755039, 26.9656304], [83.9792808, 26.9656516], [83.9806061, 26.9601904], [83.9803215, 26.9552952], [83.9829727, 26.9526601], [83.985771, 26.9546903], [83.9914584, 26.9518135], [83.9915321, 26.94614], [83.9979053, 26.9439691], [83.9985353, 26.9426112], [84.0011932, 26.9409508], [84.0087351, 26.9389242], [84.0108587, 26.9375903], [84.0126613, 26.9348503], [84.0143255, 26.9346193], [84.0151307, 26.9323275], [84.0210392, 26.9263145], [84.0235027, 26.9216051], [84.0246694, 26.9174116], [84.0262393, 26.9152602], [84.0308819, 26.9134403], [84.0383477, 26.9125155], [84.0334321, 26.9065377], [84.0294814, 26.8999016], [84.027469, 26.895954], [84.0277268, 26.8916874], [84.0203972, 26.8856624], [84.0214168, 26.8822787], [84.0311501, 26.8814958], [84.0354339, 26.8797455], [84.0411551, 26.8804416], [84.0430111, 26.8815574], [84.0425943, 26.8839488], [84.0414406, 26.8856516], [84.0363843, 26.8871783], [84.0364991, 26.8883833], [84.035326, 26.888976], [84.0357073, 26.8904315], [84.0338616, 26.8919826], [84.0314054, 26.8922292], [84.0318273, 26.8932922], [84.0335537, 26.8961272], [84.0430909, 26.8965934], [84.0471342, 26.9013136], [84.0501233, 26.9022741], [84.0533912, 26.904776], [84.0557452, 26.9023365], [84.0580555, 26.9018864], [84.0608489, 26.8956348], [84.0605042, 26.8878326], [84.0618783, 26.8875038], [84.0669851, 26.8884942], [84.0756325, 26.883074], [84.0773596, 26.8800063], [84.0797403, 26.8778594], [84.0834503, 26.8772085], [84.0834682, 26.8752733], [84.0808403, 26.8654801], [84.0827638, 26.8645247], [84.0870489, 26.8666507], [84.092488, 26.867171], [84.0899658, 26.8630481], [84.090404, 26.8615478], [84.0949757, 26.8591798], [84.1019468, 26.858371], [84.1039319, 26.8570942], [84.1040957, 26.8554404], [84.1009329, 26.8470713], [84.1019976, 26.8437907], [84.1014241, 26.8434544], [84.0930595, 26.8479361], [84.0917368, 26.8462346], [84.093058, 26.8440192], [84.0908571, 26.8358598], [84.0835146, 26.8242219], [84.0831103, 26.822665], [84.0836824, 26.8191611], [84.0847695, 26.8171849], [84.0869956, 26.8154346], [84.0878712, 26.8140607], [84.0877231, 26.8131762], [84.0925817, 26.811959], [84.0994271, 26.8091874], [84.0897323, 26.8052864], [84.0786456, 26.7936202], [84.0757949, 26.7927212], [84.0752956, 26.7906181], [84.071181, 26.7883739], [84.0726056, 26.7846447], [84.0721538, 26.783187], [84.0676492, 26.7773796], [84.067572, 26.7759694], [84.0697142, 26.7751241], [84.0698627, 26.7745218], [84.0661787, 26.7722639], [84.0603986, 26.7650479], [84.0547554, 26.7696008], [84.0511266, 26.7680578], [84.0484618, 26.7685483], [84.046025, 26.77382], [84.042103, 26.7778589], [84.0421638, 26.7807199], [84.0433312, 26.7829678], [84.0450805, 26.7835871], [84.0500179, 26.7836214], [84.0504846, 26.7849935], [84.0503881, 26.7863947], [84.0469303, 26.7916545], [84.0477593, 26.7962714], [84.0472645, 26.7991863], [84.0442736, 26.8011229], [84.0362567, 26.8024402], [84.0334322, 26.8002994], [84.0258021, 26.7992248], [84.0235037, 26.8024226], [84.0220624, 26.8057587], [84.0206703, 26.8074972], [84.0194327, 26.8080221], [84.0177437, 26.804422], [84.0164813, 26.7993691], [84.015384, 26.7978543], [84.0154643, 26.7928318], [84.0141597, 26.7898862], [84.0122861, 26.7879737], [84.0119634, 26.7863308], [84.0085654, 26.7804052], [84.0069428, 26.7790546], [84.0075658, 26.7721868], [84.0063356, 26.7682845], [84.0051625, 26.7676225], [84.0038876, 26.76805], [84.0039518, 26.7643723], [84.0027107, 26.7637959], [84.0003636, 26.765547], [83.9983103, 26.7715154], [83.9950064, 26.7693538], [83.9878976, 26.7703552], [83.9875087, 26.7670822], [83.9886082, 26.7657206], [83.9888951, 26.7603273], [83.9879625, 26.7597354], [83.9865023, 26.7569], [83.98432, 26.7583404], [83.9829949, 26.7616057], [83.9835329, 26.7701829], [83.9803995, 26.7706909], [83.978531, 26.7810523], [83.9735673, 26.7855914], [83.9734216, 26.7885517], [83.9682775, 26.7873535], [83.9661517, 26.7850078], [83.9649568, 26.7849522], [83.9575919, 26.7871871], [83.9559409, 26.7864173], [83.9542049, 26.7867856], [83.9519298, 26.7853281], [83.948257, 26.7854206], [83.9422786, 26.7888709], [83.9377859, 26.7877935], [83.9319381, 26.787712], [83.9267421, 26.7950135], [83.9237007, 26.8042768], [83.9197972, 26.8119125], [83.918112, 26.8108488], [83.9170714, 26.8123113], [83.9118064, 26.8139418], [83.9104639, 26.8154088], [83.9093444, 26.8221825], [83.9022124, 26.8226217], [83.8968827, 26.8317292], [83.8955448, 26.8327808], [83.8916316, 26.8340314], [83.8890365, 26.8378809], [83.8879855, 26.8416175], [83.8884488, 26.8454622], [83.8941441, 26.8487693], [83.9002179, 26.8557945], [83.9023059, 26.8562634], [83.9034583, 26.8572695], [83.9054105, 26.8574271], [83.9091346, 26.8608107], [83.910177, 26.8637436], [83.9150983, 26.8648479], [83.9164119, 26.8659846], [83.9185365, 26.8692782], [83.920305, 26.8751305], [83.921416, 26.8849], [83.9238064, 26.884827], [83.9235233, 26.8936311], [83.9230356, 26.8946872], [83.9243756, 26.897832], [83.9258075, 26.8980289], [83.9255266, 26.8997559], [83.9242795, 26.900287], [83.9221543, 26.9000734], [83.9218358, 26.9029816], [83.9182018, 26.9047972], [83.9100895, 26.9112744], [83.9054482, 26.9202582], [83.9098396, 26.9219568], [83.9104068, 26.9254594], [83.9110518, 26.9256199], [83.9119806, 26.9235905], [83.912679, 26.9191493], [83.9145646, 26.9165906], [83.9197677, 26.9133202], [83.9243377, 26.9132403], [83.925937, 26.9182494], [83.9264621, 26.9188835], [83.9292901, 26.9192983], [83.9300066, 26.9211949], [83.9286298, 26.9213118], [83.9264339, 26.9276383], [83.9262682, 26.9297055], [83.9278111, 26.9304921], [83.9288078, 26.932129], [83.9304139, 26.9320451], [83.9318091, 26.9376237], [83.9199024, 26.9421381], [83.914975, 26.9425498], [83.9125875, 26.9417705], [83.9104486, 26.9426625], [83.9058375, 26.9432186], [83.90291, 26.9514043], [83.9056501, 26.9523967], [83.9123872, 26.9527716], [83.9171374, 26.9484211], [83.9214272, 26.9466126], [83.9216549, 26.9486291], [83.9241584, 26.9486406], [83.9239227, 26.9565617], [83.9246262, 26.9589326], [83.9327274, 26.9577314], [83.9359972, 26.9631648], [83.9338026, 26.9626985], [83.9318327, 26.9632255], [83.9217725, 26.9715543], [83.9224825, 26.9772953], [83.9284179, 26.9789793], [83.9319337, 26.9777329], [83.9381861, 26.9736079], [83.9417589, 26.9733433], [83.947995, 26.970794], [83.9493223, 26.9736787], [83.9499692, 26.9735458], [83.9528904, 26.9783162], [83.9545449, 26.9782746], [83.9548545, 26.9798426], [83.955572, 26.9798829], [83.9555564, 26.981459], [83.956272, 26.981441], [83.9566054, 26.983767], [83.9627618, 26.9848959], [83.9658071, 26.9844106]]]}}, {"type": "Feature", "properties": {"name": "Dudhahi", "district": "Kushinagar", "kind": "wasteland", "wl_pct": 2.7}, "geometry": {"type": "Polygon", "coordinates": [[[84.1110591, 26.8985041], [84.1122464, 26.8979479], [84.1134847, 26.8959308], [84.1158654, 26.8949382], [84.1163608, 26.8891209], [84.1179545, 26.8877137], [84.1196001, 26.8880477], [84.122826, 26.8908862], [84.1290012, 26.8932011], [84.129741, 26.8929665], [84.1307072, 26.8900739], [84.1300311, 26.8866738], [84.1312755, 26.8844511], [84.1354725, 26.8833317], [84.1399968, 26.8846265], [84.141527, 26.8871218], [84.1472988, 26.884639], [84.1474, 26.8818219], [84.1443306, 26.880762], [84.1435103, 26.8798103], [84.1469545, 26.8734298], [84.1469704, 26.8720264], [84.1455264, 26.8714176], [84.1423266, 26.8715262], [84.1401876, 26.8668023], [84.1398214, 26.8642927], [84.1406045, 26.8617534], [84.1397691, 26.8598087], [84.1406083, 26.8526525], [84.1428111, 26.8497329], [84.1458391, 26.8480992], [84.1459746, 26.8462763], [84.1491729, 26.8425804], [84.1562185, 26.8375616], [84.1649287, 26.8340535], [84.1776026, 26.8323935], [84.1817425, 26.8334792], [84.1840484, 26.838243], [84.1867916, 26.8416439], [84.1837454, 26.845467], [84.1833039, 26.8475111], [84.190126, 26.8584724], [84.1930301, 26.8607542], [84.19477, 26.8596479], [84.1978638, 26.8595515], [84.2061056, 26.8617174], [84.211355, 26.8646741], [84.2194857, 26.8715995], [84.2276993, 26.8689362], [84.2355719, 26.8677119], [84.25455, 26.8560665], [84.2569283, 26.8492193], [84.2618108, 26.8425786], [84.2601793, 26.8345214], [84.2606793, 26.8294197], [84.2582225, 26.8287045], [84.2558465, 26.8265154], [84.2540943, 26.8257776], [84.2515372, 26.8225565], [84.2503631, 26.8193307], [84.2541831, 26.8181327], [84.2568154, 26.8182334], [84.2542051, 26.8124263], [84.2600021, 26.8069942], [84.2598335, 26.8037609], [84.2587035, 26.8020428], [84.2591732, 26.800906], [84.2584354, 26.7996059], [84.2571734, 26.7893768], [84.2546878, 26.7830038], [84.247924, 26.770629], [84.2431576, 26.7646726], [84.2338602, 26.755904], [84.2325308, 26.7532474], [84.2394816, 26.7429498], [84.240669, 26.7387233], [84.247243, 26.7324416], [84.2443064, 26.732597], [84.2352084, 26.7363995], [84.2310169, 26.7365426], [84.2245373, 26.7351483], [84.2224976, 26.7359981], [84.218276, 26.7361905], [84.2155512, 26.7352491], [84.2140066, 26.7330614], [84.212585, 26.7273943], [84.2093343, 26.7217735], [84.2016122, 26.7243862], [84.1980114, 26.7280118], [84.1950266, 26.7287895], [84.1891235, 26.7322355], [84.1819873, 26.7328793], [84.1812912, 26.7380105], [84.1792024, 26.7422893], [84.1814055, 26.745321], [84.181039, 26.7462372], [84.178496, 26.7469467], [84.1659153, 26.7480565], [84.1616175, 26.7474214], [84.1581586, 26.7446695], [84.1467189, 26.7446988], [84.1435214, 26.7397578], [84.1408877, 26.7399341], [84.1327657, 26.7431749], [84.1267946, 26.7437572], [84.1166918, 26.7460765], [84.1142291, 26.7437703], [84.110932, 26.7430661], [84.10957, 26.7419378], [84.1063181, 26.7419374], [84.0983019, 26.740149], [84.0925913, 26.7434376], [84.0917574, 26.7416052], [84.0918098, 26.7342676], [84.0912874, 26.733374], [84.0894529, 26.7336082], [84.0869909, 26.7318206], [84.0853677, 26.7315358], [84.0803918, 26.7327121], [84.0707391, 26.7395635], [84.0718168, 26.7458953], [84.0705688, 26.7489544], [84.0690083, 26.7497709], [84.0679626, 26.7537017], [84.0644886, 26.7549188], [84.0601431, 26.7548582], [84.0618427, 26.7582411], [84.0657787, 26.7632], [84.0603986, 26.7650479], [84.0661787, 26.7722639], [84.0698627, 26.7745218], [84.0697142, 26.7751241], [84.067572, 26.7759694], [84.0676492, 26.7773796], [84.0721538, 26.783187], [84.0726056, 26.7846447], [84.071181, 26.7883739], [84.0752956, 26.7906181], [84.0757949, 26.7927212], [84.0786456, 26.7936202], [84.0897323, 26.8052864], [84.0994271, 26.8091874], [84.0925817, 26.811959], [84.0877231, 26.8131762], [84.0878712, 26.8140607], [84.0869956, 26.8154346], [84.0847695, 26.8171849], [84.0836824, 26.8191611], [84.0831103, 26.822665], [84.0835146, 26.8242219], [84.0908571, 26.8358598], [84.093058, 26.8440192], [84.0917368, 26.8462346], [84.0930595, 26.8479361], [84.101814, 26.8435515], [84.1009329, 26.8470713], [84.1040957, 26.8554404], [84.1039319, 26.8570942], [84.1019468, 26.858371], [84.0966413, 26.8586476], [84.090404, 26.8615478], [84.0899658, 26.8630481], [84.092488, 26.867171], [84.0870489, 26.8666507], [84.0827638, 26.8645247], [84.0808403, 26.8654801], [84.0834682, 26.8752733], [84.0834503, 26.8772085], [84.0854409, 26.8784794], [84.08705, 26.8814893], [84.0904009, 26.8821624], [84.0945824, 26.8814865], [84.0966568, 26.876059], [84.0981361, 26.8759375], [84.1000277, 26.8768447], [84.1036698, 26.8806264], [84.1059585, 26.8851208], [84.1074067, 26.8911084], [84.1075769, 26.896929], [84.1092323, 26.8984768], [84.1110591, 26.8985041]]]}}, {"type": "Feature", "properties": {"name": "Tamkuhiraj", "district": "Kushinagar", "kind": "wasteland", "wl_pct": 0.9}, "geometry": {"type": "Polygon", "coordinates": [[[84.0257435, 26.799294], [84.0334322, 26.8002994], [84.0362567, 26.8024402], [84.0442736, 26.8011229], [84.0472645, 26.7991863], [84.0477593, 26.7962714], [84.0469303, 26.7916545], [84.0503881, 26.7863947], [84.0504846, 26.7849935], [84.0500179, 26.7836214], [84.0450805, 26.7835871], [84.0433312, 26.7829678], [84.0421638, 26.7807199], [84.042103, 26.7778589], [84.046025, 26.77382], [84.0484618, 26.7685483], [84.0511266, 26.7680578], [84.0547554, 26.7696008], [84.0595212, 26.7654018], [84.0657787, 26.7632], [84.0618427, 26.7582411], [84.0601431, 26.7548582], [84.0644886, 26.7549188], [84.0679626, 26.7537017], [84.0690083, 26.7497709], [84.0705688, 26.7489544], [84.0718168, 26.7458953], [84.0707391, 26.7395635], [84.0810201, 26.7324777], [84.0853677, 26.7315358], [84.0869909, 26.7318206], [84.0894529, 26.7336082], [84.0912874, 26.733374], [84.0918098, 26.7342676], [84.0917574, 26.7416052], [84.0925913, 26.7434376], [84.0983019, 26.740149], [84.1063181, 26.7419374], [84.10957, 26.7419378], [84.110932, 26.7430661], [84.1142291, 26.7437703], [84.1166918, 26.7460765], [84.1267946, 26.7437572], [84.1327657, 26.7431749], [84.1408877, 26.7399341], [84.1435214, 26.7397578], [84.1467189, 26.7446988], [84.1581586, 26.7446695], [84.162824, 26.7478452], [84.1702933, 26.7478431], [84.181039, 26.7462372], [84.1814055, 26.745321], [84.1792024, 26.7422893], [84.1812912, 26.7380105], [84.1819873, 26.7328793], [84.1891235, 26.7322355], [84.1950266, 26.7287895], [84.1980114, 26.7280118], [84.2016122, 26.7243862], [84.2112531, 26.7206396], [84.2119356, 26.719299], [84.2085753, 26.7145762], [84.2049508, 26.7051602], [84.2063809, 26.702524], [84.2114274, 26.6985002], [84.2116367, 26.6961129], [84.2176102, 26.6958745], [84.2176095, 26.6949809], [84.2189148, 26.693897], [84.2209054, 26.6951683], [84.2271725, 26.7031966], [84.2294779, 26.7022291], [84.2304535, 26.6977698], [84.2347517, 26.695068], [84.2337663, 26.6890308], [84.2364576, 26.6875575], [84.2367935, 26.6817448], [84.2358192, 26.676732], [84.234243, 26.6726401], [84.2349717, 26.6676982], [84.2333516, 26.6647706], [84.232348, 26.6605023], [84.2296522, 26.6564338], [84.2294152, 26.6554187], [84.2303075, 26.6535588], [84.2276151, 26.6474325], [84.2267862, 26.641395], [84.2333529, 26.6395444], [84.2359954, 26.6407202], [84.2399257, 26.6440294], [84.2447397, 26.6421888], [84.2493775, 26.6390827], [84.2547092, 26.6379907], [84.2550601, 26.6338167], [84.253056, 26.6295505], [84.2485526, 26.6266809], [84.2438359, 26.6277216], [84.2376225, 26.6305111], [84.2363972, 26.6304894], [84.2332056, 26.6325362], [84.2330868, 26.6343279], [84.2316958, 26.6343154], [84.2294707, 26.6334957], [84.2273747, 26.6311686], [84.2238629, 26.6290005], [84.2241873, 26.6266536], [84.2231724, 26.6259549], [84.2158057, 26.6249669], [84.2087065, 26.6257159], [84.2068207, 26.6286097], [84.2067019, 26.6311594], [84.2080444, 26.6335594], [84.1865959, 26.6295946], [84.1804907, 26.6309193], [84.1745105, 26.6313412], [84.1725784, 26.634072], [84.1693041, 26.6331932], [84.1670998, 26.6333924], [84.1633645, 26.6349729], [84.1604515, 26.6333942], [84.1570997, 26.6304985], [84.1588451, 26.6321272], [84.1592852, 26.6360472], [84.1561494, 26.6363905], [84.146192, 26.6357126], [84.1451625, 26.6347221], [84.1363154, 26.6360282], [84.1305753, 26.633923], [84.1305516, 26.6334624], [84.1125129, 26.6344007], [84.1119651, 26.6306363], [84.1082308, 26.6314265], [84.1085708, 26.632674], [84.1081305, 26.6328184], [84.1029581, 26.633507], [84.1022175, 26.6352061], [84.1005974, 26.6359534], [84.0864991, 26.639142], [84.0883971, 26.6348739], [84.0874984, 26.6329022], [84.0879127, 26.6308176], [84.0873511, 26.6258485], [84.0855492, 26.6254552], [84.085199, 26.6238285], [84.0867575, 26.6213524], [84.0869346, 26.6209004], [84.0869602, 26.6200889], [84.0869579, 26.6197947], [84.0847338, 26.6194438], [84.0792007, 26.6199656], [84.0774611, 26.6257143], [84.0768719, 26.6299742], [84.0774933, 26.6329619], [84.0771813, 26.6345457], [84.0751074, 26.634545], [84.0739672, 26.6352892], [84.0703347, 26.6393944], [84.0674826, 26.6390639], [84.0653552, 26.6358454], [84.0625033, 26.6350048], [84.0614247, 26.6332804], [84.0595959, 26.6350983], [84.0591547, 26.6425396], [84.050708, 26.6425896], [84.0502949, 26.6447645], [84.0453935, 26.6446986], [84.0439612, 26.6462547], [84.0466453, 26.6500876], [84.0466917, 26.6555931], [84.045236, 26.6618244], [84.0485505, 26.6699402], [84.0506239, 26.6793503], [84.0543571, 26.6781338], [84.0565362, 26.6797639], [84.058717, 26.6786007], [84.0625048, 26.6783678], [84.0737683, 26.6759986], [84.0738727, 26.6782144], [84.0773981, 26.6806119], [84.0793714, 26.6828509], [84.0804588, 26.6899407], [84.0766158, 26.6891948], [84.075372, 26.6845282], [84.0740261, 26.6834582], [84.0698449, 26.6866968], [84.0704646, 26.6934571], [84.0745633, 26.6955119], [84.0756276, 26.6974437], [84.0756762, 26.701266], [84.0785344, 26.7028509], [84.080247, 26.7047153], [84.0794673, 26.7069082], [84.0800344, 26.7087721], [84.0751553, 26.7090503], [84.0753048, 26.7120332], [84.0730176, 26.7138962], [84.0666876, 26.711001], [84.0649994, 26.7108333], [84.0624564, 26.7116716], [84.0610025, 26.7148389], [84.060664, 26.7180157], [84.0634407, 26.7220332], [84.0575153, 26.7231496], [84.0532201, 26.7288245], [84.0515101, 26.7229887], [84.0489638, 26.7206633], [84.0471183, 26.7226253], [84.0451679, 26.7233237], [84.0408612, 26.723407], [84.04008, 26.7264391], [84.0356922, 26.7270185], [84.0361064, 26.7308907], [84.0383334, 26.7366728], [84.0371653, 26.7392985], [84.0397472, 26.7413308], [84.034762, 26.7404883], [84.0338769, 26.741115], [84.0338004, 26.7425184], [84.0329955, 26.7433076], [84.0298521, 26.7397811], [84.0238931, 26.7375477], [84.0227083, 26.7361614], [84.0204725, 26.7352483], [84.0178528, 26.7366317], [84.018138, 26.7379947], [84.0211768, 26.7400999], [84.020907, 26.7492966], [84.0125127, 26.7502838], [84.0103406, 26.753498], [84.0108985, 26.7601722], [84.0127098, 26.7663042], [84.018211, 26.7646365], [84.0222435, 26.7667717], [84.0205092, 26.7747579], [84.0167445, 26.7763841], [84.0144683, 26.7725195], [84.0103288, 26.7692942], [84.0091229, 26.7710914], [84.0073951, 26.7719926], [84.0076318, 26.7740844], [84.0068354, 26.778373], [84.0085654, 26.7804052], [84.0119634, 26.7863308], [84.0122861, 26.7879737], [84.0141597, 26.7898862], [84.0154643, 26.7928318], [84.015384, 26.7978543], [84.0164813, 26.7993691], [84.0190984, 26.8078459], [84.0206703, 26.8074972], [84.0220624, 26.8057587], [84.0257435, 26.799294]]]}}, {"type": "Feature", "properties": {"name": "Seorahi", "district": "Kushinagar", "kind": "wasteland", "wl_pct": 5.2}, "geometry": {"type": "Polygon", "coordinates": [[[84.289933, 26.7489629], [84.2959439, 26.7497726], [84.2994204, 26.7491712], [84.3058652, 26.7494879], [84.3105204, 26.744925], [84.3142113, 26.7390443], [84.3146759, 26.7353086], [84.3153899, 26.7340047], [84.3181053, 26.7319854], [84.3217773, 26.7240874], [84.3242421, 26.7151561], [84.3258581, 26.7141489], [84.3287457, 26.6982685], [84.3300556, 26.6840999], [84.3350318, 26.6815496], [84.3379887, 26.6811675], [84.3384541, 26.6805897], [84.3430422, 26.6809012], [84.3449129, 26.6792805], [84.3486098, 26.6790383], [84.3501845, 26.6780481], [84.356998, 26.6785495], [84.3627403, 26.6773705], [84.3765783, 26.6774961], [84.4039131, 26.6717725], [84.4051551, 26.6730314], [84.4062113, 26.6727394], [84.4063027, 26.6709228], [84.4104108, 26.6702489], [84.4100108, 26.6646154], [84.4112214, 26.6503623], [84.4097817, 26.6467447], [84.4132676, 26.6373291], [84.4175411, 26.6302501], [84.4181317, 26.6302963], [84.4194261, 26.6279798], [84.4195649, 26.6261919], [84.4129746, 26.6246184], [84.4104031, 26.6232244], [84.4062248, 26.6229732], [84.3998793, 26.6245414], [84.3907291, 26.6210941], [84.3861919, 26.6216849], [84.3808229, 26.6160444], [84.3787939, 26.6146996], [84.3648738, 26.616317], [84.3539946, 26.6199752], [84.3516795, 26.6196138], [84.3490318, 26.6181463], [84.3414713, 26.6168175], [84.3382924, 26.615645], [84.3350215, 26.6155483], [84.3316262, 26.612493], [84.3257994, 26.6116214], [84.3190985, 26.6115129], [84.3160001, 26.6144849], [84.3096116, 26.6153391], [84.3072672, 26.6163228], [84.3054225, 26.614267], [84.3032497, 26.6144386], [84.3001127, 26.6037822], [84.2958237, 26.6044642], [84.2945073, 26.6025957], [84.2914606, 26.6030518], [84.2916254, 26.6035867], [84.2858249, 26.6057983], [84.2845325, 26.5995872], [84.2814626, 26.6002939], [84.2813213, 26.5995998], [84.276468, 26.5998454], [84.26792, 26.6016478], [84.2686027, 26.6036107], [84.2672883, 26.6041704], [84.2676335, 26.6054001], [84.2664689, 26.6057408], [84.2563869, 26.6069709], [84.2483147, 26.6085247], [84.2470417, 26.6092896], [84.2448366, 26.6091568], [84.2416431, 26.6104753], [84.2395614, 26.6100107], [84.2390986, 26.6129793], [84.2336171, 26.6138472], [84.2302172, 26.6137223], [84.2299416, 26.6130809], [84.2292275, 26.6131482], [84.229281, 26.6165372], [84.2282282, 26.6166972], [84.2279526, 26.6175083], [84.218419, 26.619677], [84.2110779, 26.6200069], [84.2084764, 26.6227574], [84.2011945, 26.6247706], [84.1912678, 26.6251161], [84.1874078, 26.6238894], [84.1832709, 26.6235233], [84.1744336, 26.6242727], [84.173621, 26.6228219], [84.1704024, 26.6232812], [84.1692739, 26.6226407], [84.1665428, 26.6238855], [84.1612992, 26.624232], [84.1569105, 26.6259352], [84.1570997, 26.6304985], [84.1604515, 26.6333942], [84.1633645, 26.6349729], [84.1670998, 26.6333924], [84.1693041, 26.6331932], [84.1725784, 26.634072], [84.1745105, 26.6313412], [84.1804907, 26.6309193], [84.1865959, 26.6295946], [84.2080444, 26.6335594], [84.2067019, 26.6311594], [84.2068207, 26.6286097], [84.2087065, 26.6257159], [84.2158057, 26.6249669], [84.2231724, 26.6259549], [84.2241873, 26.6266536], [84.2238629, 26.6290005], [84.2273747, 26.6311686], [84.2294707, 26.6334957], [84.2316958, 26.6343154], [84.2330868, 26.6343279], [84.2332056, 26.6325362], [84.2363972, 26.6304894], [84.2376225, 26.6305111], [84.2438359, 26.6277216], [84.2485526, 26.6266809], [84.253056, 26.6295505], [84.2550601, 26.6338167], [84.2547092, 26.6379907], [84.2493775, 26.6390827], [84.2447397, 26.6421888], [84.2399257, 26.6440294], [84.2359954, 26.6407202], [84.2333529, 26.6395444], [84.2267862, 26.641395], [84.2276151, 26.6474325], [84.2303075, 26.6535588], [84.2294152, 26.6554187], [84.2296522, 26.6564338], [84.232348, 26.6605023], [84.2333516, 26.6647706], [84.2349717, 26.6676982], [84.234243, 26.6726401], [84.2358192, 26.676732], [84.2367935, 26.6817448], [84.2364576, 26.6875575], [84.2337663, 26.6890308], [84.2347517, 26.695068], [84.2304535, 26.6977698], [84.2294779, 26.7022291], [84.2271725, 26.7031966], [84.2209054, 26.6951683], [84.2189148, 26.693897], [84.2176095, 26.6949809], [84.2176102, 26.6958745], [84.2116367, 26.6961129], [84.2114274, 26.6985002], [84.2102779, 26.6999134], [84.205683, 26.7032555], [84.2049508, 26.7051602], [84.207126, 26.7116348], [84.2119356, 26.719299], [84.2112531, 26.7206396], [84.2093343, 26.7217735], [84.212585, 26.7273943], [84.2140066, 26.7330614], [84.2155512, 26.7352491], [84.218276, 26.7361905], [84.2224976, 26.7359981], [84.2245373, 26.7351483], [84.2310169, 26.7365426], [84.236545, 26.7360916], [84.2443064, 26.732597], [84.247243, 26.7324416], [84.2494157, 26.7291623], [84.2524042, 26.7273165], [84.2554202, 26.7266215], [84.2581063, 26.7285773], [84.2595867, 26.731791], [84.2621471, 26.7341818], [84.2632993, 26.7366312], [84.2662898, 26.7399507], [84.2728208, 26.7418856], [84.2756778, 26.7419721], [84.2802554, 26.7449248], [84.2857944, 26.7499349], [84.289933, 26.7489629]]]}}, {"type": "Feature", "properties": {"name": "Lar", "district": "Deoria", "kind": "wasteland", "wl_pct": 4.7}, "geometry": {"type": "Polygon", "coordinates": [[[84.0235947, 26.2606179], [84.0270583, 26.2606519], [84.0303739, 26.2580095], [84.030986, 26.2561235], [84.0283982, 26.2504173], [84.0268958, 26.2484627], [84.0255218, 26.242904], [84.0257509, 26.2393009], [84.0246556, 26.2377665], [84.0216695, 26.2379572], [84.0192284, 26.2389396], [84.015599, 26.2337667], [84.0122199, 26.2321176], [84.0157946, 26.2223894], [84.0168823, 26.2217083], [84.0208553, 26.2214389], [84.0230219, 26.2200222], [84.0285914, 26.2202999], [84.0312138, 26.2168852], [84.0276612, 26.2143235], [84.0288528, 26.212681], [84.0290717, 26.2111854], [84.031881, 26.2093999], [84.0392436, 26.2090523], [84.0380827, 26.2034361], [84.0383502, 26.2009736], [84.0353809, 26.1986336], [84.0323516, 26.1998423], [84.0285894, 26.1956518], [84.026632, 26.1969146], [84.0223195, 26.1957607], [84.0166468, 26.1960491], [84.0132284, 26.1940203], [84.0090334, 26.1897108], [84.0080073, 26.1874068], [84.0085577, 26.1783917], [84.0099526, 26.1744781], [84.0167196, 26.168867], [84.0198014, 26.1668107], [84.021301, 26.1668147], [84.0240398, 26.1652699], [84.0256671, 26.1637879], [84.0293873, 26.1631565], [84.033454, 26.1606871], [84.0347068, 26.1554259], [84.0343591, 26.1511918], [84.0302396, 26.146686], [84.0274393, 26.1424013], [84.0434488, 26.1348365], [84.0482807, 26.1305012], [84.0496352, 26.1306959], [84.0506533, 26.1289619], [84.0517936, 26.1237568], [84.0517739, 26.1205625], [84.0516609, 26.1196895], [84.0500437, 26.1200128], [84.0503437, 26.1168205], [84.0487298, 26.1090643], [84.0496059, 26.1072056], [84.0534382, 26.1042209], [84.0559518, 26.1000551], [84.0529459, 26.0895736], [84.0487491, 26.0910947], [84.0440804, 26.0955195], [84.0377391, 26.0970187], [84.0318169, 26.1022862], [84.0220042, 26.1088167], [84.0172514, 26.1131052], [84.0152708, 26.1141462], [84.0120575, 26.1130448], [84.009413, 26.113124], [84.0057122, 26.1122161], [84.0021071, 26.1130592], [83.9967915, 26.116922], [83.9928958, 26.1156255], [83.9866721, 26.1157207], [83.9809416, 26.1139648], [83.9773184, 26.1153124], [83.9759494, 26.1160083], [83.9741891, 26.1213756], [83.9727361, 26.1234165], [83.9703576, 26.12493], [83.9650528, 26.13099], [83.9633285, 26.1318394], [83.9607436, 26.1317282], [83.959003, 26.1308943], [83.9537405, 26.1266685], [83.9501256, 26.1262462], [83.9429846, 26.1232711], [83.9347648, 26.1217403], [83.930341, 26.1230193], [83.9239757, 26.1203272], [83.9195212, 26.1196924], [83.9121724, 26.1203804], [83.904919, 26.1223453], [83.9004403, 26.1256903], [83.896791, 26.1271351], [83.8957513, 26.1289992], [83.8871277, 26.1352282], [83.886003, 26.1389245], [83.8843832, 26.1405402], [83.8861236, 26.1450126], [83.8900795, 26.1506491], [83.8960401, 26.1500481], [83.89871, 26.148265], [83.9055252, 26.1467067], [83.9076358, 26.1480511], [83.9084669, 26.1518509], [83.9099579, 26.1544997], [83.9113477, 26.1534614], [83.916174, 26.154999], [83.9197242, 26.1543166], [83.9210348, 26.1553361], [83.9219914, 26.1591719], [83.9197612, 26.1594614], [83.9190123, 26.1629909], [83.9080804, 26.1645688], [83.9101967, 26.1671317], [83.9158593, 26.1704428], [83.927672, 26.1693604], [83.9280331, 26.1714543], [83.9273241, 26.1739909], [83.9241551, 26.1790286], [83.9245374, 26.1841237], [83.929215, 26.1856023], [83.930041, 26.1870958], [83.9312148, 26.1940273], [83.9318755, 26.1947762], [83.9353369, 26.1941927], [83.9360041, 26.1977892], [83.9383601, 26.1975446], [83.9412708, 26.2049491], [83.9398453, 26.2055094], [83.9336407, 26.2034225], [83.9306625, 26.2002556], [83.9253951, 26.2011646], [83.9257959, 26.2025229], [83.9243056, 26.2037645], [83.9203541, 26.205571], [83.9186781, 26.2056392], [83.916016, 26.2041236], [83.9140789, 26.2010869], [83.9111916, 26.1985332], [83.9091405, 26.1985157], [83.9082003, 26.1994681], [83.9024618, 26.1975198], [83.8968688, 26.1966406], [83.8975394, 26.1975522], [83.89784, 26.200648], [83.8967847, 26.2018713], [83.8937333, 26.2033339], [83.8961503, 26.2068718], [83.895951, 26.2114571], [83.8965016, 26.2129598], [83.9018107, 26.2160458], [83.9038085, 26.2220613], [83.9036088, 26.223668], [83.9029333, 26.2242412], [83.9004616, 26.2242959], [83.8968237, 26.2230419], [83.8961533, 26.2241476], [83.9038957, 26.2311189], [83.9086023, 26.2408074], [83.9105145, 26.2426211], [83.9181009, 26.2416893], [83.921068, 26.2400728], [83.9209818, 26.2372341], [83.9179743, 26.2373118], [83.9158419, 26.2356787], [83.914689, 26.2298888], [83.9165352, 26.229252], [83.9217593, 26.2292549], [83.9230507, 26.2301119], [83.9228478, 26.2359203], [83.9425684, 26.2341793], [83.9366061, 26.2297096], [83.9401176, 26.2273478], [83.9409425, 26.2261469], [83.9395997, 26.2228034], [83.9398091, 26.2216389], [83.9421505, 26.2210286], [83.9447776, 26.2214426], [83.9461169, 26.2186393], [83.948343, 26.2179703], [83.9518897, 26.2244626], [83.9500057, 26.2282004], [83.9502863, 26.2287419], [83.9532126, 26.2284956], [83.9561217, 26.2300791], [83.9567832, 26.2315815], [83.9574989, 26.2315811], [83.9546937, 26.2346561], [83.94989, 26.2350558], [83.9494662, 26.2375562], [83.9534808, 26.2394405], [83.9539171, 26.2407219], [83.9528618, 26.2417469], [83.9492184, 26.2413382], [83.9484531, 26.2420472], [83.9492659, 26.2452555], [83.9518736, 26.2457054], [83.9537248, 26.2450771], [83.9541115, 26.2470219], [83.9558189, 26.2481763], [83.9523603, 26.2476367], [83.9525549, 26.2503644], [83.9564492, 26.2522474], [83.9572198, 26.2554818], [83.9614142, 26.2556396], [83.9628095, 26.2542455], [83.9658589, 26.2539856], [83.9660019, 26.2517994], [83.9692755, 26.2518216], [83.9702351, 26.2527104], [83.9728156, 26.2529963], [83.9791755, 26.252511], [83.9830563, 26.2528658], [83.9838878, 26.2564448], [83.9830512, 26.2599205], [83.9869103, 26.2595257], [83.9952541, 26.260633], [83.9973213, 26.2596879], [83.9978962, 26.2582464], [84.0014884, 26.2586961], [84.0036569, 26.2575652], [84.0057921, 26.2595256], [84.0067002, 26.2622386], [84.0092113, 26.2638202], [84.0235947, 26.2606179]]]}}, {"type": "Feature", "properties": {"name": "Bhaluani", "district": "Deoria", "kind": "wasteland", "wl_pct": 0.4}, "geometry": {"type": "Polygon", "coordinates": [[[83.6708616, 26.4385292], [83.6792507, 26.4389599], [83.6838328, 26.4348591], [83.6877453, 26.433468], [83.6898357, 26.4337074], [83.6913065, 26.434683], [83.6982534, 26.4347595], [83.7036214, 26.4382717], [83.7063174, 26.4369118], [83.7068224, 26.4351424], [83.7119792, 26.4334426], [83.7129028, 26.4350125], [83.7190114, 26.4326213], [83.7212984, 26.4340233], [83.7344206, 26.4328631], [83.7340686, 26.4317126], [83.7355731, 26.4316005], [83.7352007, 26.4256284], [83.7444981, 26.424252], [83.7479616, 26.4227355], [83.7487153, 26.4217151], [83.7481526, 26.4137763], [83.7582372, 26.4080716], [83.7777391, 26.4092094], [83.7784045, 26.4108898], [83.7818649, 26.4096947], [83.7856243, 26.4099048], [83.7877586, 26.4090658], [83.7893992, 26.4132174], [83.7916341, 26.4123064], [83.7914697, 26.4111063], [83.7952654, 26.4108059], [83.7942999, 26.4086062], [83.8019664, 26.4064539], [83.8014543, 26.4049474], [83.8022261, 26.4047387], [83.8006795, 26.4003862], [83.7999182, 26.3947082], [83.8014253, 26.3943937], [83.7992157, 26.3875299], [83.8089781, 26.384287], [83.8178347, 26.3863382], [83.8174994, 26.391525], [83.8191436, 26.3934983], [83.819254, 26.3988], [83.8260737, 26.3995522], [83.8276284, 26.4019184], [83.8278395, 26.4082408], [83.8311983, 26.4130954], [83.8453804, 26.4115747], [83.8510401, 26.4152623], [83.8581668, 26.4150966], [83.8583606, 26.4158012], [83.8611553, 26.413831], [83.8660065, 26.4072621], [83.8708388, 26.4027038], [83.8757071, 26.3950136], [83.8774668, 26.395129], [83.87726, 26.3940398], [83.8784563, 26.3900577], [83.8728755, 26.3901851], [83.8741647, 26.3892166], [83.874263, 26.3828693], [83.8748143, 26.3825281], [83.8749577, 26.3809375], [83.8714174, 26.3791793], [83.8683831, 26.3806333], [83.8705053, 26.384022], [83.8665799, 26.3849983], [83.8645002, 26.384718], [83.8648031, 26.3761024], [83.8602469, 26.3795113], [83.8593553, 26.3789868], [83.8564183, 26.3807634], [83.8514196, 26.3812829], [83.8476046, 26.3800287], [83.8498876, 26.3757324], [83.8505813, 26.3753983], [83.8510596, 26.3735431], [83.8497866, 26.3720121], [83.8483031, 26.3714584], [83.8434523, 26.3730175], [83.8392758, 26.3722192], [83.8411748, 26.3717233], [83.8418364, 26.3706719], [83.8404817, 26.3608921], [83.8436638, 26.356944], [83.8418863, 26.3538117], [83.8433496, 26.3517134], [83.8441417, 26.349087], [83.8438321, 26.3459009], [83.8426806, 26.343608], [83.8429514, 26.3426169], [83.8440745, 26.3423858], [83.8442693, 26.3413634], [83.845561, 26.3411722], [83.8440858, 26.3334498], [83.8471604, 26.327763], [83.8449724, 26.3252878], [83.8442907, 26.3208849], [83.8433342, 26.3188019], [83.8422116, 26.3194276], [83.8430729, 26.3197753], [83.8426671, 26.3204521], [83.8379505, 26.3200052], [83.837403, 26.3192666], [83.8334934, 26.3197246], [83.8318093, 26.3179897], [83.8293639, 26.3190177], [83.8288569, 26.3205117], [83.8210415, 26.3195054], [83.8202023, 26.3203614], [83.8151657, 26.3200734], [83.8115413, 26.321805], [83.8097849, 26.3187418], [83.8077329, 26.3191331], [83.8011574, 26.3223845], [83.7971243, 26.3207837], [83.796823, 26.3179859], [83.7994085, 26.3176724], [83.7992626, 26.3158935], [83.7968517, 26.3127493], [83.795833, 26.3127741], [83.7957305, 26.3114119], [83.7942818, 26.3106706], [83.7939144, 26.3089218], [83.7914646, 26.305475], [83.7905574, 26.3054064], [83.7905491, 26.3046914], [83.7836193, 26.3050537], [83.7836126, 26.3060379], [83.7828836, 26.3061105], [83.7828018, 26.3067717], [83.7797302, 26.3074597], [83.7782758, 26.3045988], [83.7759462, 26.3048016], [83.7751257, 26.3038508], [83.767527, 26.3051329], [83.7713563, 26.309303], [83.7608243, 26.3113749], [83.7600437, 26.3104328], [83.758048, 26.3102611], [83.7569734, 26.3103236], [83.7566659, 26.310917], [83.7479697, 26.3110308], [83.7468887, 26.3144782], [83.7475597, 26.3151489], [83.7473512, 26.3171855], [83.7329837, 26.3193008], [83.7320535, 26.3243588], [83.7305074, 26.3266945], [83.7306859, 26.3277259], [83.7414983, 26.3277423], [83.7423818, 26.3295349], [83.7385027, 26.3316647], [83.7401604, 26.3378032], [83.7288057, 26.3392591], [83.7300044, 26.340627], [83.7224418, 26.3438923], [83.7226923, 26.344808], [83.6984784, 26.3452981], [83.6952119, 26.3561076], [83.6958331, 26.3586371], [83.6942368, 26.3604223], [83.6930306, 26.3670633], [83.696637, 26.3798724], [83.6920669, 26.3860145], [83.6878978, 26.3864358], [83.6870165, 26.3871148], [83.6867087, 26.3890969], [83.6827909, 26.390045], [83.6818488, 26.3882269], [83.682277, 26.3861982], [83.6813518, 26.3845303], [83.6767824, 26.3840015], [83.6740283, 26.3847684], [83.672681, 26.3835301], [83.6722308, 26.3814342], [83.6689576, 26.3810941], [83.6681447, 26.3816179], [83.6684214, 26.3836081], [83.6713299, 26.3873359], [83.66699, 26.386783], [83.6653867, 26.3852407], [83.6609008, 26.3842267], [83.6556259, 26.3845694], [83.6536057, 26.3881341], [83.6562176, 26.3912894], [83.6605019, 26.3941166], [83.6609558, 26.395399], [83.6559626, 26.3975023], [83.6571444, 26.4013095], [83.6565857, 26.4039622], [83.6543095, 26.406699], [83.6515791, 26.4082491], [83.6452968, 26.4088685], [83.6408159, 26.4121481], [83.6401555, 26.4152711], [83.636049, 26.4185418], [83.634308, 26.420609], [83.6341161, 26.4217619], [83.6346134, 26.4234133], [83.6375054, 26.4236828], [83.6393465, 26.4245541], [83.6405954, 26.4271229], [83.6409, 26.4302909], [83.6453606, 26.4293692], [83.6471587, 26.4308596], [83.6514237, 26.4305677], [83.6522029, 26.431656], [83.6526422, 26.4357831], [83.6560665, 26.4378198], [83.661048, 26.4382807], [83.6664148, 26.4399324], [83.6680684, 26.4398455], [83.6708616, 26.4385292]]]}}, {"type": "Feature", "properties": {"name": "Salempur", "district": "Deoria", "kind": "wasteland", "wl_pct": 1.7}, "geometry": {"type": "Polygon", "coordinates": [[[83.905885, 26.3932705], [83.9159933, 26.392211], [83.9147601, 26.3849216], [83.9118559, 26.3846962], [83.9108461, 26.3814703], [83.913405, 26.3788698], [83.9134904, 26.377775], [83.919472, 26.3782598], [83.9242595, 26.3740423], [83.9255779, 26.3747743], [83.9268561, 26.3746006], [83.9299199, 26.3730603], [83.9290898, 26.3690988], [83.9302183, 26.3682666], [83.9292119, 26.3628171], [83.9295542, 26.3620296], [83.9313781, 26.3613004], [83.9309006, 26.3573885], [83.9333718, 26.3567235], [83.9351194, 26.3554638], [83.9355443, 26.3536403], [83.9347327, 26.3533428], [83.9353184, 26.3525754], [83.9359512, 26.3462479], [83.9418809, 26.3465562], [83.9455807, 26.34755], [83.949024, 26.3473086], [83.9495126, 26.3486203], [83.9510979, 26.348131], [83.9517375, 26.3489919], [83.9536541, 26.3488601], [83.9543052, 26.3460509], [83.960989, 26.3454312], [83.9611065, 26.3470429], [83.9643469, 26.3461093], [83.9611801, 26.3417682], [83.9616308, 26.3399006], [83.9611272, 26.3378486], [83.9618215, 26.3378519], [83.9615918, 26.3352337], [83.962342, 26.334529], [83.9623029, 26.3322118], [83.9632856, 26.3315471], [83.9705701, 26.3308421], [83.9746634, 26.3307578], [83.9784237, 26.331836], [83.9819068, 26.3317738], [83.986475, 26.3286804], [83.988925, 26.3280347], [83.99085, 26.3283728], [83.9957296, 26.3177255], [83.9982219, 26.3167422], [83.9987695, 26.3153922], [83.9979247, 26.3121136], [83.9996252, 26.3111397], [84.0022184, 26.3117241], [84.0056295, 26.3106755], [84.0086412, 26.3085479], [84.008988, 26.3071401], [84.0086052, 26.3043914], [84.0053884, 26.3016945], [84.0049356, 26.2990179], [83.9992577, 26.2989815], [83.9966981, 26.2995693], [83.9974833, 26.3082516], [83.9907163, 26.3111673], [83.9837499, 26.3101986], [83.9841277, 26.3090247], [83.9831126, 26.3080697], [83.9783389, 26.3080058], [83.9770758, 26.3085152], [83.9755167, 26.3113119], [83.9745638, 26.3118663], [83.9693475, 26.3060618], [83.9679186, 26.3064428], [83.9651122, 26.309788], [83.9497929, 26.3102017], [83.9473501, 26.3096537], [83.9427543, 26.3105768], [83.9385872, 26.3094227], [83.932953, 26.3053034], [83.932911, 26.3044755], [83.9347878, 26.3028906], [83.9355228, 26.3010324], [83.9357783, 26.294602], [83.936978, 26.29076], [83.9409182, 26.2871649], [83.9457565, 26.2868942], [83.9516798, 26.2931176], [83.956471, 26.2916708], [83.960729, 26.2922387], [83.9670504, 26.2941328], [83.9701263, 26.2928353], [83.9719021, 26.2909391], [83.973347, 26.2868463], [83.9748807, 26.276296], [83.9746735, 26.2701436], [83.9827792, 26.2603522], [83.9838849, 26.2577571], [83.9830563, 26.2528658], [83.9791755, 26.252511], [83.9728156, 26.2529963], [83.9702351, 26.2527104], [83.9692755, 26.2518216], [83.9660019, 26.2517994], [83.9658589, 26.2539856], [83.9628095, 26.2542455], [83.9614142, 26.2556396], [83.9573366, 26.2555087], [83.9564492, 26.2522474], [83.9525549, 26.2503644], [83.9523603, 26.2476367], [83.9558189, 26.2481763], [83.9541115, 26.2470219], [83.9537248, 26.2450771], [83.9518736, 26.2457054], [83.9492659, 26.2452555], [83.9484531, 26.2420472], [83.9492184, 26.2413382], [83.9528618, 26.2417469], [83.9539171, 26.2407219], [83.9534808, 26.2394405], [83.9494662, 26.2375562], [83.94989, 26.2350558], [83.9546937, 26.2346561], [83.9574989, 26.2315811], [83.9567832, 26.2315815], [83.9561217, 26.2300791], [83.9532126, 26.2284956], [83.9502863, 26.2287419], [83.9500057, 26.2282004], [83.9518897, 26.2244626], [83.948343, 26.2179703], [83.9461169, 26.2186393], [83.9447776, 26.2214426], [83.9421505, 26.2210286], [83.9398091, 26.2216389], [83.9395997, 26.2228034], [83.9409425, 26.2261469], [83.9401176, 26.2273478], [83.9366061, 26.2297096], [83.9425684, 26.2341793], [83.9228478, 26.2359203], [83.9230507, 26.2301119], [83.9224599, 26.2296563], [83.9199778, 26.2290433], [83.914689, 26.2298888], [83.9158419, 26.2356787], [83.9179743, 26.2373118], [83.9209818, 26.2372341], [83.921068, 26.2400728], [83.9232522, 26.2456681], [83.9245641, 26.2473646], [83.9242446, 26.2490977], [83.9260888, 26.250324], [83.9260943, 26.24985], [83.9277375, 26.2499109], [83.9288192, 26.2512736], [83.9287691, 26.2522894], [83.9283155, 26.2536906], [83.9268044, 26.2541171], [83.9275482, 26.2550698], [83.9233428, 26.2572068], [83.9239723, 26.2583807], [83.9224914, 26.2603758], [83.9227482, 26.2622522], [83.9191966, 26.2635074], [83.918076, 26.261483], [83.9165917, 26.2516748], [83.9159796, 26.2517375], [83.9162677, 26.2536099], [83.9146875, 26.2535122], [83.9145618, 26.2542133], [83.9130074, 26.2551827], [83.9109068, 26.2551689], [83.9113077, 26.2586152], [83.9097635, 26.2587202], [83.9088152, 26.2607754], [83.9076507, 26.2602592], [83.902643, 26.2631595], [83.9030159, 26.2664764], [83.9044241, 26.2664711], [83.9061487, 26.2635323], [83.9080849, 26.2637407], [83.9085159, 26.2654135], [83.9101914, 26.2653715], [83.9102725, 26.2681573], [83.9090352, 26.2690728], [83.9064104, 26.2691099], [83.906037, 26.2698644], [83.9048111, 26.2701233], [83.9048076, 26.268982], [83.9014962, 26.2693216], [83.8971607, 26.2711504], [83.8958654, 26.2692212], [83.8953412, 26.2670999], [83.8957508, 26.266026], [83.8967897, 26.2658655], [83.8974384, 26.2633419], [83.8994846, 26.2631723], [83.8991933, 26.2605949], [83.903686, 26.2597105], [83.9046042, 26.2574867], [83.9030027, 26.2569285], [83.9022021, 26.2548548], [83.9004495, 26.252971], [83.8974574, 26.251517], [83.9017229, 26.2503746], [83.902844, 26.248589], [83.9046505, 26.2474739], [83.9016066, 26.2429299], [83.9015957, 26.2389765], [83.898603, 26.2385663], [83.8954201, 26.2371182], [83.8975629, 26.2424657], [83.8931141, 26.2433329], [83.8933826, 26.2502973], [83.8913229, 26.2511005], [83.8862001, 26.2510275], [83.8840064, 26.2502115], [83.8821043, 26.2474406], [83.8762038, 26.2492776], [83.8757273, 26.2511481], [83.8741263, 26.2522249], [83.8747641, 26.255036], [83.8794322, 26.257599], [83.8810237, 26.2557847], [83.8821227, 26.2554627], [83.8867776, 26.2670849], [83.88547, 26.2693549], [83.8836989, 26.2692954], [83.8827591, 26.2699913], [83.8816823, 26.2727079], [83.8807448, 26.2734784], [83.8762762, 26.274485], [83.8766734, 26.2766419], [83.8756703, 26.2779819], [83.874881, 26.2778674], [83.8739285, 26.2797933], [83.8742665, 26.2808375], [83.8749888, 26.2808977], [83.8745341, 26.2823356], [83.876635, 26.2846645], [83.8806387, 26.2851202], [83.881591, 26.2841835], [83.8816606, 26.2825901], [83.8873691, 26.2819239], [83.8883598, 26.2876365], [83.8888489, 26.2881094], [83.8903395, 26.2879061], [83.8902377, 26.2895637], [83.8892714, 26.2908576], [83.8839758, 26.2920324], [83.8822478, 26.2935255], [83.8820469, 26.2898127], [83.8812861, 26.2896048], [83.8812625, 26.2888343], [83.8798574, 26.2875078], [83.8777785, 26.2874293], [83.8783587, 26.2893299], [83.877906, 26.2913925], [83.874158, 26.2915921], [83.8751534, 26.2907602], [83.8713413, 26.2913581], [83.8682221, 26.2901879], [83.8673305, 26.2893005], [83.8670199, 26.287619], [83.8659891, 26.286891], [83.863335, 26.2874748], [83.8626801, 26.2867894], [83.8568153, 26.2872461], [83.8566441, 26.2816112], [83.8552773, 26.2812032], [83.855344, 26.2805519], [83.854642, 26.2802055], [83.8551819, 26.2780612], [83.8530567, 26.2801926], [83.8522899, 26.2796138], [83.8510799, 26.2798584], [83.8501704, 26.2775583], [83.8478673, 26.2773702], [83.8462064, 26.2789522], [83.8456914, 26.2820851], [83.8447562, 26.2837141], [83.8381702, 26.2837708], [83.8333643, 26.2863962], [83.8369152, 26.2877301], [83.8373549, 26.2887144], [83.8386831, 26.2888523], [83.8386966, 26.2893337], [83.8432301, 26.2897165], [83.8425924, 26.296435], [83.8406539, 26.2963309], [83.8407419, 26.2978462], [83.8391442, 26.2978855], [83.8395299, 26.2995073], [83.8428091, 26.2994267], [83.8441946, 26.3016995], [83.8515767, 26.300592], [83.852784, 26.3021561], [83.8538023, 26.3052274], [83.8530719, 26.3133361], [83.8502396, 26.312899], [83.845294, 26.3136023], [83.842494, 26.3148633], [83.8407108, 26.3144403], [83.8411309, 26.3162276], [83.842598, 26.3167379], [83.8433989, 26.3180604], [83.8449724, 26.3252878], [83.8471604, 26.327763], [83.8440858, 26.3334498], [83.845561, 26.3411722], [83.8442693, 26.3413634], [83.8440745, 26.3423858], [83.8429514, 26.3426169], [83.8426806, 26.343608], [83.8438321, 26.3459009], [83.8441417, 26.349087], [83.8433496, 26.3517134], [83.8418863, 26.3538117], [83.8436638, 26.356944], [83.8404817, 26.3608921], [83.8418364, 26.3706719], [83.8411748, 26.3717233], [83.8392758, 26.3722192], [83.8434523, 26.3730175], [83.8483031, 26.3714584], [83.8497866, 26.3720121], [83.8510596, 26.3735431], [83.8505813, 26.3753983], [83.8498876, 26.3757324], [83.8476046, 26.3800287], [83.8514196, 26.3812829], [83.8564183, 26.3807634], [83.8593553, 26.3789868], [83.8602469, 26.3795113], [83.8648031, 26.3761024], [83.8645002, 26.384718], [83.8665799, 26.3849983], [83.8705053, 26.384022], [83.8683831, 26.3806333], [83.8714174, 26.3791793], [83.8734525, 26.3800866], [83.8749577, 26.3809375], [83.8748143, 26.3825281], [83.874263, 26.3828693], [83.8741647, 26.3892166], [83.8728755, 26.3901851], [83.8803846, 26.3899886], [83.8865008, 26.3886081], [83.8875205, 26.3891989], [83.8881829, 26.392301], [83.8908191, 26.3926301], [83.902192, 26.3886891], [83.9047884, 26.3933771], [83.905885, 26.3932705]]]}}, {"type": "Feature", "properties": {"name": "Bhagalpur", "district": "Deoria", "kind": "wasteland", "wl_pct": 0.8}, "geometry": {"type": "Polygon", "coordinates": [[[83.8014653, 26.3223492], [83.8077329, 26.3191331], [83.8097849, 26.3187418], [83.8115413, 26.321805], [83.8151657, 26.3200734], [83.8202023, 26.3203614], [83.8210415, 26.3195054], [83.8288569, 26.3205117], [83.8293639, 26.3190177], [83.8318093, 26.3179897], [83.8334934, 26.3197246], [83.837403, 26.3192666], [83.8379505, 26.3200052], [83.8426671, 26.3204521], [83.8430729, 26.3197753], [83.8422116, 26.3194276], [83.8434739, 26.318259], [83.842598, 26.3167379], [83.8411309, 26.3162276], [83.8407108, 26.3144403], [83.842494, 26.3148633], [83.845294, 26.3136023], [83.8502396, 26.312899], [83.8530719, 26.3133361], [83.8538023, 26.3052274], [83.8524441, 26.301583], [83.8515767, 26.300592], [83.8441946, 26.3016995], [83.8428091, 26.2994267], [83.8395299, 26.2995073], [83.8391442, 26.2978855], [83.8407419, 26.2978462], [83.8406539, 26.2963309], [83.8425924, 26.296435], [83.8432301, 26.2897165], [83.8386966, 26.2893337], [83.8386831, 26.2888523], [83.8373549, 26.2887144], [83.8369152, 26.2877301], [83.8333643, 26.2863962], [83.8381702, 26.2837708], [83.8447562, 26.2837141], [83.8456914, 26.2820851], [83.8462064, 26.2789522], [83.8477384, 26.2773734], [83.8501704, 26.2775583], [83.8510799, 26.2798584], [83.8522899, 26.2796138], [83.8530567, 26.2801926], [83.8551819, 26.2780612], [83.854642, 26.2802055], [83.855344, 26.2805519], [83.8552773, 26.2812032], [83.8566441, 26.2816112], [83.8568153, 26.2872461], [83.8626801, 26.2867894], [83.863335, 26.2874748], [83.8659891, 26.286891], [83.8670199, 26.287619], [83.8673305, 26.2893005], [83.8682221, 26.2901879], [83.8713413, 26.2913581], [83.8751534, 26.2907602], [83.874158, 26.2915921], [83.877906, 26.2913925], [83.8783587, 26.2893299], [83.8777785, 26.2874293], [83.8798574, 26.2875078], [83.8812625, 26.2888343], [83.8812861, 26.2896048], [83.8820469, 26.2898127], [83.8822478, 26.2935255], [83.8839758, 26.2920324], [83.8899094, 26.2903428], [83.8903395, 26.2879061], [83.8888489, 26.2881094], [83.8883598, 26.2876365], [83.8873691, 26.2819239], [83.8816606, 26.2825901], [83.881591, 26.2841835], [83.8806387, 26.2851202], [83.876635, 26.2846645], [83.8745341, 26.2823356], [83.8749888, 26.2808977], [83.8742665, 26.2808375], [83.8739285, 26.2797933], [83.874881, 26.2778674], [83.8756703, 26.2779819], [83.8766734, 26.2766419], [83.8762762, 26.274485], [83.8807448, 26.2734784], [83.8834206, 26.2694069], [83.88547, 26.2693549], [83.8867733, 26.2666174], [83.8821227, 26.2554627], [83.879242, 26.2575764], [83.8750127, 26.2553697], [83.8741263, 26.2522249], [83.8757273, 26.2511481], [83.8762038, 26.2492776], [83.8821043, 26.2474406], [83.8840064, 26.2502115], [83.8862001, 26.2510275], [83.8913229, 26.2511005], [83.8933826, 26.2502973], [83.8931141, 26.2433329], [83.8975629, 26.2424657], [83.8954201, 26.2371182], [83.898603, 26.2385663], [83.9015957, 26.2389765], [83.9016066, 26.2429299], [83.9046505, 26.2474739], [83.902844, 26.248589], [83.9017229, 26.2503746], [83.8974574, 26.251517], [83.9004495, 26.252971], [83.9022021, 26.2548548], [83.9030027, 26.2569285], [83.9046042, 26.2574867], [83.903686, 26.2597105], [83.8991933, 26.2605949], [83.8994846, 26.2631723], [83.8974384, 26.2633419], [83.8967897, 26.2658655], [83.8957508, 26.266026], [83.8953412, 26.2670999], [83.8958654, 26.2692212], [83.8971607, 26.2711504], [83.9014962, 26.2693216], [83.9048076, 26.268982], [83.9048111, 26.2701233], [83.906037, 26.2698644], [83.9064104, 26.2691099], [83.9090352, 26.2690728], [83.9102725, 26.2681573], [83.9101914, 26.2653715], [83.9085159, 26.2654135], [83.907602, 26.2634675], [83.9055062, 26.264069], [83.9044241, 26.2664711], [83.9030159, 26.2664764], [83.902643, 26.2631595], [83.9076507, 26.2602592], [83.9088152, 26.2607754], [83.9097635, 26.2587202], [83.9113077, 26.2586152], [83.9107647, 26.2553386], [83.9130074, 26.2551827], [83.9145618, 26.2542133], [83.9146875, 26.2535122], [83.9162677, 26.2536099], [83.9159796, 26.2517375], [83.9165917, 26.2516748], [83.9185907, 26.2626228], [83.9191362, 26.2625792], [83.9191966, 26.2635074], [83.9227482, 26.2622522], [83.9224914, 26.2603758], [83.9239723, 26.2583807], [83.9233428, 26.2572068], [83.9275482, 26.2550698], [83.9267589, 26.2542528], [83.9284442, 26.2535678], [83.9288192, 26.2512736], [83.9277375, 26.2499109], [83.9260943, 26.24985], [83.9260888, 26.250324], [83.9242446, 26.2490977], [83.9245641, 26.2473646], [83.9232522, 26.2456681], [83.921068, 26.2400728], [83.9181009, 26.2416893], [83.9105145, 26.2426211], [83.9086023, 26.2408074], [83.9038957, 26.2311189], [83.8961533, 26.2241476], [83.8968237, 26.2230419], [83.9004616, 26.2242959], [83.9029333, 26.2242412], [83.9036088, 26.223668], [83.9038083, 26.2212444], [83.9018107, 26.2160458], [83.8965016, 26.2129598], [83.895951, 26.2114571], [83.8961503, 26.2068718], [83.8937333, 26.2033339], [83.8967847, 26.2018713], [83.89784, 26.200648], [83.8975394, 26.1975522], [83.8968688, 26.1966406], [83.9024618, 26.1975198], [83.9082003, 26.1994681], [83.9091405, 26.1985157], [83.9111916, 26.1985332], [83.9140789, 26.2010869], [83.916016, 26.2041236], [83.9186781, 26.2056392], [83.9203541, 26.205571], [83.9243056, 26.2037645], [83.9257959, 26.2025229], [83.9253951, 26.2011646], [83.9306625, 26.2002556], [83.9336407, 26.2034225], [83.9398453, 26.2055094], [83.9412708, 26.2049491], [83.9383601, 26.1975446], [83.9360041, 26.1977892], [83.9353369, 26.1941927], [83.9318755, 26.1947762], [83.9312148, 26.1940273], [83.930041, 26.1870958], [83.929215, 26.1856023], [83.9245374, 26.1841237], [83.9241551, 26.1790286], [83.9273241, 26.1739909], [83.9280331, 26.1714543], [83.927672, 26.1693604], [83.9158593, 26.1704428], [83.9101967, 26.1671317], [83.9080804, 26.1645688], [83.9190123, 26.1629909], [83.9197612, 26.1594614], [83.9219914, 26.1591719], [83.9215352, 26.1562295], [83.9202994, 26.1546143], [83.9187791, 26.1543213], [83.916174, 26.154999], [83.9113477, 26.1534614], [83.9099579, 26.1544997], [83.9084669, 26.1518509], [83.9076358, 26.1480511], [83.9055252, 26.1467067], [83.89871, 26.148265], [83.8960401, 26.1500481], [83.8900795, 26.1506491], [83.8861236, 26.1450126], [83.8843832, 26.1405402], [83.8792032, 26.1439569], [83.876218, 26.1468318], [83.8719623, 26.1576675], [83.8668812, 26.1619367], [83.8642653, 26.1652311], [83.8642498, 26.1704346], [83.8653845, 26.1781701], [83.8649041, 26.1811667], [83.8611974, 26.1838381], [83.858415, 26.1934506], [83.8555324, 26.2004634], [83.8542763, 26.2024129], [83.8495279, 26.2062708], [83.8475812, 26.2086759], [83.8440515, 26.2182563], [83.8369777, 26.2302728], [83.8341193, 26.233589], [83.8319372, 26.2344504], [83.8293101, 26.2342645], [83.8244323, 26.2315506], [83.8222456, 26.2312925], [83.8112115, 26.2317167], [83.7894953, 26.2301124], [83.7773036, 26.2326318], [83.7758215, 26.2336282], [83.7848644, 26.2459547], [83.7871956, 26.250358], [83.7908652, 26.250904], [83.797333, 26.2503639], [83.7980292, 26.2523041], [83.7967796, 26.2526917], [83.7977703, 26.2550825], [83.7980805, 26.2582996], [83.7948344, 26.2667491], [83.7932623, 26.2691748], [83.7895976, 26.2681746], [83.7825666, 26.2705007], [83.7815031, 26.2718343], [83.7759542, 26.2722755], [83.7732898, 26.2731355], [83.7732866, 26.2739344], [83.7708761, 26.2745043], [83.7702259, 26.2770702], [83.7711487, 26.2773607], [83.7709277, 26.2794699], [83.7685588, 26.28038], [83.7682212, 26.2817527], [83.7668708, 26.2819274], [83.7676395, 26.2834427], [83.7675644, 26.2850195], [83.7662936, 26.2853066], [83.7663232, 26.2869906], [83.7694912, 26.2869874], [83.7705004, 26.2888311], [83.7739267, 26.2901181], [83.7717882, 26.2919071], [83.7719049, 26.2924171], [83.773434, 26.2926183], [83.7733522, 26.2932795], [83.7700413, 26.2959198], [83.7798843, 26.2966338], [83.7833193, 26.2960379], [83.7893213, 26.2987114], [83.7910193, 26.3004832], [83.7916053, 26.3024612], [83.7905574, 26.3054064], [83.7914646, 26.305475], [83.7939144, 26.3089218], [83.7942818, 26.3106706], [83.7957305, 26.3114119], [83.795833, 26.3127741], [83.7968517, 26.3127493], [83.7992626, 26.3158935], [83.7994085, 26.3176724], [83.796823, 26.3179859], [83.7971243, 26.3207837], [83.8014653, 26.3223492]]]}}, {"type": "Feature", "properties": {"name": "Bankata", "district": "Deoria", "kind": "wasteland", "wl_pct": 0.5}, "geometry": {"type": "Polygon", "coordinates": [[[84.1451192, 26.3770178], [84.1619815, 26.3739924], [84.1623061, 26.375668], [84.1755997, 26.3729446], [84.1768135, 26.368958], [84.1759049, 26.360603], [84.1728428, 26.3534958], [84.1725424, 26.3343527], [84.1748058, 26.3289747], [84.176416, 26.3278155], [84.1774775, 26.3251296], [84.1812823, 26.3216134], [84.1859038, 26.3137146], [84.1855962, 26.3111145], [84.1839427, 26.3086999], [84.1806992, 26.3064211], [84.1777389, 26.3032003], [84.1745053, 26.2922732], [84.1748868, 26.2856219], [84.1760996, 26.2834848], [84.1757868, 26.2786334], [84.1765471, 26.2769927], [84.1752077, 26.2725858], [84.1768132, 26.2657961], [84.1766185, 26.2645381], [84.1727841, 26.2615077], [84.1669072, 26.2603857], [84.1640762, 26.2591117], [84.1614585, 26.2568855], [84.1611719, 26.2559189], [84.1615031, 26.2503223], [84.1660405, 26.2433291], [84.1662084, 26.2409459], [84.1630852, 26.2418361], [84.1621013, 26.2442393], [84.156001, 26.2504331], [84.1511629, 26.2577902], [84.1497301, 26.2577358], [84.1475006, 26.2552012], [84.1465496, 26.2552139], [84.1423971, 26.256232], [84.1413537, 26.2571586], [84.1322217, 26.2590336], [84.1291704, 26.2555485], [84.1272589, 26.2580005], [84.1216889, 26.2588678], [84.1200226, 26.2580675], [84.1167861, 26.2497379], [84.1196829, 26.2479103], [84.1178213, 26.2436774], [84.117444, 26.240115], [84.1070764, 26.2412283], [84.1070172, 26.2385699], [84.1060453, 26.2380225], [84.1060182, 26.2366912], [84.0994947, 26.2373174], [84.0981234, 26.2333198], [84.0941056, 26.2333649], [84.0937203, 26.2345751], [84.0927755, 26.2345515], [84.0925969, 26.2336862], [84.091044, 26.2337768], [84.0901693, 26.2303393], [84.0876376, 26.2303647], [84.08714, 26.2262495], [84.0882531, 26.2235337], [84.0881365, 26.222593], [84.0871485, 26.2226993], [84.0864117, 26.2187506], [84.0802209, 26.2197121], [84.0801611, 26.2223048], [84.0634595, 26.2241477], [84.0620812, 26.2222745], [84.0619971, 26.2234321], [84.0610787, 26.2234753], [84.0629676, 26.2294876], [84.0622115, 26.2350383], [84.0559407, 26.2360554], [84.0558947, 26.2376145], [84.0616678, 26.2407898], [84.0615481, 26.2448628], [84.060181, 26.2464485], [84.0580789, 26.2466619], [84.0592073, 26.2512923], [84.0508812, 26.2560765], [84.0502332, 26.2596143], [84.0520571, 26.2645615], [84.0585737, 26.2653906], [84.0633729, 26.2672475], [84.0624159, 26.2688989], [84.0632538, 26.2748429], [84.060099, 26.2768633], [84.062078, 26.2829071], [84.065298, 26.2810355], [84.0676791, 26.2830884], [84.075279, 26.2836118], [84.0777374, 26.2830575], [84.0794466, 26.2903962], [84.0820351, 26.2902254], [84.0840174, 26.290912], [84.0853139, 26.2914629], [84.0858441, 26.292835], [84.0864141, 26.2951368], [84.086108, 26.2972307], [84.0847009, 26.2976772], [84.0853462, 26.2994644], [84.0850797, 26.3026235], [84.0855499, 26.3039684], [84.0966004, 26.3051219], [84.0972107, 26.3074237], [84.0965993, 26.3097928], [84.0891137, 26.3083019], [84.0874359, 26.3091273], [84.0820633, 26.3084037], [84.0763837, 26.3115609], [84.0755421, 26.3124903], [84.0776593, 26.3151537], [84.0752, 26.3162766], [84.075009, 26.3179598], [84.0766451, 26.321467], [84.073008, 26.3245436], [84.0726617, 26.3260191], [84.0738817, 26.3303701], [84.0773872, 26.3312649], [84.0769661, 26.332226], [84.0778218, 26.3338916], [84.0774405, 26.3356108], [84.0799938, 26.3382382], [84.0843371, 26.3358341], [84.0876175, 26.336178], [84.0896362, 26.3354564], [84.0913133, 26.3377901], [84.0914629, 26.3401955], [84.092684, 26.3436301], [84.0985545, 26.3430808], [84.0990097, 26.3459691], [84.1037784, 26.3447017], [84.1087322, 26.3442872], [84.1125436, 26.3471037], [84.1130391, 26.3509848], [84.1241694, 26.3484446], [84.1246303, 26.3563468], [84.1194405, 26.3575786], [84.1180678, 26.3588152], [84.108159, 26.3588143], [84.1003441, 26.3595352], [84.1007238, 26.3649598], [84.1022857, 26.3703576], [84.1034276, 26.372005], [84.1065536, 26.3740678], [84.1083772, 26.3748126], [84.1120452, 26.3698082], [84.1135733, 26.3693932], [84.1159379, 26.3699438], [84.1185679, 26.3738252], [84.121589, 26.3749174], [84.1246633, 26.383036], [84.1355976, 26.3817087], [84.1375187, 26.3779396], [84.1451192, 26.3770178]]]}}, {"type": "Feature", "properties": {"name": "Bhatpar Rani", "district": "Deoria", "kind": "wasteland", "wl_pct": 1.6}, "geometry": {"type": "Polygon", "coordinates": [[[84.0379705, 26.4123077], [84.0410711, 26.4125796], [84.0396765, 26.4108862], [84.0412019, 26.4072593], [84.0436292, 26.4095109], [84.045364, 26.4082702], [84.0471696, 26.4079917], [84.0478192, 26.4068729], [84.0495114, 26.4071108], [84.0489444, 26.4059668], [84.0493717, 26.4037427], [84.0528663, 26.4046042], [84.0531933, 26.4033704], [84.055377, 26.4022019], [84.0567909, 26.4023484], [84.0579026, 26.4013743], [84.0607861, 26.4014471], [84.0631288, 26.4007194], [84.0622941, 26.3996602], [84.0624356, 26.3984225], [84.0654705, 26.3964684], [84.0651314, 26.3928481], [84.067976, 26.391084], [84.0681623, 26.3882684], [84.0737056, 26.3875293], [84.0739895, 26.3866013], [84.0758068, 26.3864355], [84.0760867, 26.3850653], [84.0791775, 26.3846503], [84.0791663, 26.3825073], [84.0840079, 26.381776], [84.0844393, 26.3827457], [84.0877144, 26.3841612], [84.0887556, 26.3867808], [84.098119, 26.3856945], [84.0992935, 26.384595], [84.1019835, 26.3849789], [84.1020137, 26.385575], [84.1028968, 26.3857147], [84.1058163, 26.3851332], [84.1219897, 26.3851212], [84.1247654, 26.3828962], [84.121589, 26.3749174], [84.1185679, 26.3738252], [84.1159379, 26.3699438], [84.1135733, 26.3693932], [84.1120452, 26.3698082], [84.1083772, 26.3748126], [84.1034276, 26.372005], [84.1022857, 26.3703576], [84.1007238, 26.3649598], [84.1003441, 26.3595352], [84.108159, 26.3588143], [84.1180678, 26.3588152], [84.1194405, 26.3575786], [84.1246303, 26.3563468], [84.1241694, 26.3484446], [84.1130391, 26.3509848], [84.1125436, 26.3471037], [84.1087322, 26.3442872], [84.1037784, 26.3447017], [84.0990097, 26.3459691], [84.0985545, 26.3430808], [84.092684, 26.3436301], [84.0914629, 26.3401955], [84.0913133, 26.3377901], [84.0896362, 26.3354564], [84.0876175, 26.336178], [84.0843371, 26.3358341], [84.0799938, 26.3382382], [84.0774405, 26.3356108], [84.0778218, 26.3338916], [84.0769661, 26.332226], [84.0773872, 26.3312649], [84.0738817, 26.3303701], [84.0731564, 26.3285601], [84.0726617, 26.3260191], [84.073008, 26.3245436], [84.0766451, 26.321467], [84.075009, 26.3179598], [84.0752, 26.3162766], [84.0776593, 26.3151537], [84.0755421, 26.3124903], [84.0763837, 26.3115609], [84.0820633, 26.3084037], [84.0874359, 26.3091273], [84.0891137, 26.3083019], [84.0965993, 26.3097928], [84.0972107, 26.3074237], [84.0966004, 26.3051219], [84.0855499, 26.3039684], [84.0850797, 26.3026235], [84.0853462, 26.2994644], [84.0847009, 26.2976772], [84.086108, 26.2972307], [84.0864141, 26.2951368], [84.0858441, 26.292835], [84.0853139, 26.2914629], [84.0840174, 26.290912], [84.0820351, 26.2902254], [84.0794466, 26.2903962], [84.0777374, 26.2830575], [84.075279, 26.2836118], [84.0676791, 26.2830884], [84.065298, 26.2810355], [84.062078, 26.2829071], [84.060099, 26.2768633], [84.0632538, 26.2748429], [84.0624159, 26.2688989], [84.0633729, 26.2672475], [84.0585737, 26.2653906], [84.0520571, 26.2645615], [84.0502332, 26.2596143], [84.0508812, 26.2560765], [84.0592073, 26.2512923], [84.0580789, 26.2466619], [84.060181, 26.2464485], [84.0615481, 26.2448628], [84.0616678, 26.2407898], [84.0558947, 26.2376145], [84.0559407, 26.2360554], [84.0622115, 26.2350383], [84.0629676, 26.2294876], [84.0610787, 26.2234753], [84.0565601, 26.2246336], [84.0569651, 26.2260268], [84.0512043, 26.2291521], [84.0421256, 26.2299624], [84.0382342, 26.2317362], [84.0374291, 26.2325181], [84.038231, 26.2369916], [84.0272638, 26.2396475], [84.0257509, 26.2393009], [84.0255218, 26.242904], [84.0268958, 26.2484627], [84.0283982, 26.2504173], [84.030986, 26.2561235], [84.0303739, 26.2580095], [84.0270583, 26.2606519], [84.0235947, 26.2606179], [84.0092113, 26.2638202], [84.0067002, 26.2622386], [84.0057921, 26.2595256], [84.0036569, 26.2575652], [84.0014884, 26.2586961], [83.9978962, 26.2582464], [83.9973213, 26.2596879], [83.9952541, 26.260633], [83.9869103, 26.2595257], [83.9830512, 26.2599205], [83.9746735, 26.2701436], [83.9748807, 26.276296], [83.973347, 26.2868463], [83.9719021, 26.2909391], [83.9701263, 26.2928353], [83.9670504, 26.2941328], [83.960729, 26.2922387], [83.956471, 26.2916708], [83.9516798, 26.2931176], [83.9457565, 26.2868942], [83.9409182, 26.2871649], [83.936978, 26.29076], [83.9357783, 26.294602], [83.9355228, 26.3010324], [83.9347878, 26.3028906], [83.9328607, 26.3046959], [83.932953, 26.3053034], [83.9385872, 26.3094227], [83.9427543, 26.3105768], [83.9473501, 26.3096537], [83.9497929, 26.3102017], [83.9651122, 26.309788], [83.9679186, 26.3064428], [83.9693475, 26.3060618], [83.9745638, 26.3118663], [83.9755167, 26.3113119], [83.9770758, 26.3085152], [83.9783389, 26.3080058], [83.9831126, 26.3080697], [83.9841277, 26.3090247], [83.9837499, 26.3101986], [83.9907163, 26.3111673], [83.9974833, 26.3082516], [83.9966981, 26.2995693], [83.9992577, 26.2989815], [84.0049356, 26.2990179], [84.0053884, 26.3016945], [84.0086052, 26.3043914], [84.0086412, 26.3085479], [84.0056295, 26.3106755], [84.0022184, 26.3117241], [83.9996252, 26.3111397], [83.9979247, 26.3121136], [83.9987695, 26.3153922], [83.9982219, 26.3167422], [83.9957296, 26.3177255], [83.99085, 26.3283728], [83.9940048, 26.3296547], [83.9987883, 26.3301294], [84.0076283, 26.3346725], [84.0089237, 26.3363885], [84.0089978, 26.3374897], [84.0057499, 26.3447258], [84.0092533, 26.3474725], [84.0135995, 26.3491909], [84.0151948, 26.3519405], [84.017409, 26.3518068], [84.0191629, 26.3509145], [84.0202313, 26.3494035], [84.0206142, 26.3469307], [84.0223666, 26.3476856], [84.0237686, 26.3540408], [84.0215555, 26.3585748], [84.0261265, 26.3616693], [84.0229971, 26.3655167], [84.0233381, 26.3708376], [84.0247619, 26.3754644], [84.0260989, 26.3764627], [84.0313989, 26.3774275], [84.0327298, 26.3796938], [84.0338135, 26.384212], [84.0316755, 26.38857], [84.0267914, 26.3928631], [84.0229942, 26.3973778], [84.0205663, 26.405725], [84.024833, 26.4092661], [84.0316634, 26.409889], [84.0338681, 26.4116981], [84.0370769, 26.4130292], [84.0379705, 26.4123077]]]}}, {"type": "Feature", "properties": {"name": "Bhatni", "district": "Deoria", "kind": "wasteland", "wl_pct": 2.5}, "geometry": {"type": "Polygon", "coordinates": [[[83.9043349, 26.4473372], [83.9110378, 26.4470476], [83.9110382, 26.4483293], [83.9103114, 26.4486588], [83.9105625, 26.4499133], [83.9219465, 26.4464396], [83.9221365, 26.4451128], [83.9244473, 26.4444892], [83.9418811, 26.4410253], [83.9467788, 26.4409823], [83.946236, 26.4386178], [83.9542907, 26.4372236], [83.9616693, 26.4367364], [83.9622362, 26.4373905], [83.963329, 26.437304], [83.9696187, 26.4355536], [83.9736039, 26.4355193], [83.9810102, 26.4327973], [83.9844447, 26.4335709], [83.9912606, 26.4322387], [83.9935736, 26.439313], [83.9964024, 26.4455023], [83.997896, 26.4468112], [84.000135, 26.4470916], [84.0007968, 26.4463026], [84.0025066, 26.4460724], [84.0046844, 26.4442145], [84.0063754, 26.4439297], [84.0152817, 26.4463851], [84.0165799, 26.44754], [84.0186341, 26.4467754], [84.023793, 26.4402519], [84.0244236, 26.4342384], [84.0224174, 26.4317833], [84.0226056, 26.430894], [84.0259676, 26.4275763], [84.0311157, 26.4239619], [84.0346753, 26.4197594], [84.0350236, 26.418287], [84.0338681, 26.4116981], [84.0325752, 26.4103003], [84.024833, 26.4092661], [84.0205663, 26.405725], [84.0229942, 26.3973778], [84.0267914, 26.3928631], [84.0316755, 26.38857], [84.0338135, 26.384212], [84.0327298, 26.3796938], [84.0313989, 26.3774275], [84.0260989, 26.3764627], [84.0247619, 26.3754644], [84.0233381, 26.3708376], [84.0229971, 26.3655167], [84.0261265, 26.3616693], [84.0215555, 26.3585748], [84.0237686, 26.3540408], [84.0223666, 26.3476856], [84.0206142, 26.3469307], [84.0202313, 26.3494035], [84.0191629, 26.3509145], [84.017409, 26.3518068], [84.0151948, 26.3519405], [84.0135995, 26.3491909], [84.0092533, 26.3474725], [84.0057499, 26.3447258], [84.0089978, 26.3374897], [84.0089237, 26.3363885], [84.0076283, 26.3346725], [84.0026781, 26.3317124], [83.9979083, 26.3298628], [83.9940048, 26.3296547], [83.988925, 26.3280347], [83.9856072, 26.32914], [83.9819068, 26.3317738], [83.9784237, 26.331836], [83.9746634, 26.3307578], [83.9632856, 26.3315471], [83.9623029, 26.3322118], [83.962342, 26.334529], [83.9615918, 26.3352337], [83.9611801, 26.3417682], [83.9643469, 26.3461093], [83.9611065, 26.3470429], [83.960989, 26.3454312], [83.9543052, 26.3460509], [83.9536541, 26.3488601], [83.9517375, 26.3489919], [83.9510979, 26.348131], [83.9495126, 26.3486203], [83.9488147, 26.3472723], [83.9455807, 26.34755], [83.9418809, 26.3465562], [83.935736, 26.3464737], [83.9358378, 26.3494748], [83.9353119, 26.3497187], [83.9353184, 26.3525754], [83.9347327, 26.3533428], [83.9355443, 26.3536403], [83.9351194, 26.3554638], [83.9333718, 26.3567235], [83.9309006, 26.3573885], [83.9313781, 26.3613004], [83.9295542, 26.3620296], [83.9292119, 26.3628171], [83.9302183, 26.3682666], [83.9290898, 26.3690988], [83.9299199, 26.3730603], [83.9268561, 26.3746006], [83.9255779, 26.3747743], [83.9242595, 26.3740423], [83.919472, 26.3782598], [83.9134904, 26.377775], [83.913405, 26.3788698], [83.9108461, 26.3814703], [83.9118559, 26.3846962], [83.9147601, 26.3849216], [83.9159933, 26.392211], [83.9047884, 26.3933771], [83.902192, 26.3886891], [83.8908191, 26.3926301], [83.8881829, 26.392301], [83.8875205, 26.3891989], [83.8865008, 26.3886081], [83.8784563, 26.3900577], [83.87726, 26.3940398], [83.8774668, 26.395129], [83.8757071, 26.3950136], [83.8708388, 26.4027038], [83.8660065, 26.4072621], [83.8617954, 26.413181], [83.8583606, 26.4158012], [83.859609, 26.4203036], [83.8615314, 26.4239072], [83.8649867, 26.4253134], [83.8660363, 26.4270029], [83.8670534, 26.4310607], [83.8574393, 26.4376839], [83.8552072, 26.4419744], [83.855237, 26.4454933], [83.8568023, 26.4470756], [83.87183, 26.4445975], [83.8728786, 26.442719], [83.8732652, 26.4400761], [83.874199, 26.439251], [83.880138, 26.4380554], [83.8824464, 26.4363297], [83.8879156, 26.4381856], [83.8879158, 26.4396896], [83.8885825, 26.439673], [83.8885985, 26.4407886], [83.8891499, 26.4406666], [83.8905319, 26.4449288], [83.8918644, 26.4475384], [83.8926533, 26.4471533], [83.894082, 26.4506335], [83.8957141, 26.4493995], [83.9043349, 26.4473372]]]}}, {"type": "Feature", "properties": {"name": "Fazilnagar", "district": "Kushinagar", "kind": "wasteland", "wl_pct": 2.0}, "geometry": {"type": "Polygon", "coordinates": [[[84.0183459, 26.7360048], [84.0204725, 26.7352483], [84.0233713, 26.73655], [84.0238931, 26.7375477], [84.0282294, 26.7389045], [84.0310977, 26.740671], [84.0329955, 26.7433076], [84.0338004, 26.7425184], [84.0338769, 26.741115], [84.034762, 26.7404883], [84.0397472, 26.7413308], [84.0371653, 26.7392985], [84.0383334, 26.7366728], [84.0361064, 26.7308907], [84.0356922, 26.7270185], [84.04008, 26.7264391], [84.0408612, 26.723407], [84.0451679, 26.7233237], [84.0471183, 26.7226253], [84.0489638, 26.7206633], [84.0515101, 26.7229887], [84.0532201, 26.7288245], [84.0575153, 26.7231496], [84.0634407, 26.7220332], [84.060664, 26.7180157], [84.0610025, 26.7148389], [84.0624564, 26.7116716], [84.0649994, 26.7108333], [84.0666876, 26.711001], [84.0730176, 26.7138962], [84.0753048, 26.7120332], [84.0751553, 26.7090503], [84.0800344, 26.7087721], [84.0794673, 26.7069082], [84.080247, 26.7047153], [84.0785344, 26.7028509], [84.0756762, 26.701266], [84.0756276, 26.6974437], [84.0737849, 26.6947671], [84.0704646, 26.6934571], [84.0697932, 26.6899143], [84.0698449, 26.6866968], [84.0740261, 26.6834582], [84.075372, 26.6845282], [84.0766158, 26.6891948], [84.0804588, 26.6899407], [84.0793714, 26.6828509], [84.0773981, 26.6806119], [84.0738727, 26.6782144], [84.0737683, 26.6759986], [84.0625048, 26.6783678], [84.058717, 26.6786007], [84.0565362, 26.6797639], [84.0543571, 26.6781338], [84.0506239, 26.6793503], [84.0485505, 26.6699402], [84.045236, 26.6618244], [84.0466917, 26.6555931], [84.0466453, 26.6500876], [84.0439612, 26.6462547], [84.0453935, 26.6446986], [84.0502949, 26.6447645], [84.050708, 26.6425896], [84.0591547, 26.6425396], [84.0595959, 26.6350983], [84.0614247, 26.6332804], [84.0625033, 26.6350048], [84.0653552, 26.6358454], [84.0674826, 26.6390639], [84.069039, 26.639579], [84.0703347, 26.6393944], [84.0751074, 26.634545], [84.0771813, 26.6345457], [84.0774933, 26.6329619], [84.0768719, 26.6299742], [84.0774611, 26.6257143], [84.0792007, 26.6199656], [84.0847338, 26.6194438], [84.0869579, 26.619846], [84.0882815, 26.6186499], [84.088662, 26.6174984], [84.0880986, 26.6163636], [84.0885856, 26.6159585], [84.0863623, 26.6123989], [84.0877403, 26.6110964], [84.0876768, 26.6100395], [84.088852, 26.6094095], [84.0887559, 26.6078557], [84.0900076, 26.6067806], [84.089087, 26.6030231], [84.0848768, 26.5982835], [84.0836228, 26.5955349], [84.0832894, 26.5924919], [84.0812744, 26.5922115], [84.0806252, 26.5913005], [84.0778401, 26.5903275], [84.0773546, 26.5886983], [84.0761749, 26.5881325], [84.0750372, 26.5859123], [84.0756023, 26.5834113], [84.0661133, 26.5769862], [84.0668628, 26.5755311], [84.0668799, 26.572694], [84.0606435, 26.5681987], [84.0583816, 26.5632711], [84.0594107, 26.561276], [84.0554207, 26.5592042], [84.0547696, 26.5511316], [84.0480167, 26.5522919], [84.0455319, 26.5536399], [84.0373263, 26.5620289], [84.033827, 26.5639402], [84.0318306, 26.5690518], [84.0318284, 26.571755], [84.0312104, 26.5726075], [84.0237245, 26.5758967], [84.0179116, 26.5770974], [84.0158201, 26.5755073], [84.0148716, 26.5755066], [84.0099346, 26.5789414], [84.0086584, 26.5803213], [84.0072477, 26.5855504], [84.0045998, 26.5881069], [84.004283, 26.5934814], [84.001656, 26.5951263], [83.9969423, 26.596234], [83.99637, 26.5962344], [83.9967954, 26.5949299], [83.995047, 26.5933925], [83.9926793, 26.5950732], [83.9899734, 26.5998093], [83.9883086, 26.6015572], [83.9884965, 26.6038766], [83.9862511, 26.6127504], [83.9802051, 26.6168075], [83.9788421, 26.6197779], [83.9759969, 26.6214316], [83.9746174, 26.6229895], [83.9720467, 26.6229461], [83.9698335, 26.6241976], [83.9663895, 26.6246286], [83.9618998, 26.6301009], [83.9615401, 26.6326192], [83.965345, 26.6373824], [83.9671983, 26.6439246], [83.9652313, 26.6524008], [83.9636654, 26.6537331], [83.9630164, 26.6556017], [83.9694207, 26.6657152], [83.9782349, 26.6703482], [83.9815375, 26.6731391], [83.9824734, 26.6747855], [83.9815705, 26.676131], [83.9813463, 26.6780626], [83.9816006, 26.6815463], [83.9825614, 26.6829129], [83.9820264, 26.6856164], [83.9772178, 26.6901687], [83.9775766, 26.6925151], [83.9960232, 26.6912371], [83.9973776, 26.6939165], [84.0096444, 26.6929152], [84.0084243, 26.6971111], [84.0044229, 26.6990888], [84.00041, 26.7023841], [83.9998607, 26.7038773], [83.9972708, 26.7068906], [83.9964067, 26.7069771], [83.9973718, 26.7120575], [83.9969057, 26.7131139], [83.9925374, 26.7164435], [83.9916723, 26.7206725], [83.9980429, 26.7222215], [83.9980154, 26.7287217], [84.004427, 26.7286199], [84.0065158, 26.7303636], [84.0097434, 26.739175], [84.0096198, 26.7471352], [84.0117805, 26.7501806], [84.020907, 26.7492966], [84.0211768, 26.7400999], [84.0176209, 26.7373806], [84.0183459, 26.7360048]]]}}, {"type": "Feature", "properties": {"name": "Pathar Dewa", "district": "Deoria", "kind": "wasteland", "wl_pct": 1.4}, "geometry": {"type": "Polygon", "coordinates": [[[83.9448695, 26.6331428], [83.944582, 26.6308505], [83.9480066, 26.6311557], [83.9621855, 26.6297179], [83.9663895, 26.6246286], [83.9698335, 26.6241976], [83.9720467, 26.6229461], [83.9746174, 26.6229895], [83.9759969, 26.6214316], [83.9788421, 26.6197779], [83.9802051, 26.6168075], [83.9866172, 26.6122447], [83.9874151, 26.6068468], [83.9884965, 26.6038766], [83.9883086, 26.6015572], [83.9933411, 26.594274], [83.9944046, 26.5935239], [83.9955441, 26.5936268], [83.9967954, 26.5949299], [83.99637, 26.5962344], [83.9969423, 26.596234], [84.001656, 26.5951263], [84.004283, 26.5934814], [84.0045998, 26.5881069], [84.0072477, 26.5855504], [84.0086584, 26.5803213], [84.013566, 26.5762411], [84.0158201, 26.5755073], [84.0173544, 26.5771556], [84.0224745, 26.5762478], [84.0312104, 26.5726075], [84.0318284, 26.571755], [84.0318306, 26.5690518], [84.033827, 26.5639402], [84.0373263, 26.5620289], [84.0455319, 26.5536399], [84.0480167, 26.5522919], [84.0547696, 26.5511316], [84.0564416, 26.5491271], [84.0563265, 26.5441743], [84.0527602, 26.5400677], [84.0481197, 26.5364036], [84.0421842, 26.5348528], [84.0317075, 26.5339828], [84.0238072, 26.5319144], [84.0195437, 26.5292485], [84.0140605, 26.52738], [84.0121974, 26.5245803], [84.0083194, 26.5219412], [84.006491, 26.5222592], [84.0068479, 26.5252814], [83.9988181, 26.5272268], [83.9926439, 26.5331666], [83.9866873, 26.5328225], [83.986786, 26.5321799], [83.9844267, 26.5324774], [83.9843663, 26.5314998], [83.9827374, 26.5315339], [83.9761288, 26.5335126], [83.9767218, 26.5316192], [83.9751052, 26.5278548], [83.9765221, 26.5258269], [83.9753533, 26.5250347], [83.9753375, 26.5240337], [83.9715065, 26.5176133], [83.9724273, 26.5159883], [83.9718351, 26.5142143], [83.9736151, 26.512657], [83.9720146, 26.5102815], [83.9736766, 26.508041], [83.9691704, 26.5073094], [83.966079, 26.5075858], [83.9629379, 26.5082736], [83.9622915, 26.5100463], [83.9614704, 26.5102844], [83.9510199, 26.5090531], [83.9490136, 26.5102044], [83.9477231, 26.512482], [83.9494065, 26.5159613], [83.9526105, 26.5163505], [83.9527921, 26.5177632], [83.9466805, 26.5187784], [83.9441168, 26.5206899], [83.9442067, 26.5222443], [83.941366, 26.523327], [83.9412753, 26.5246867], [83.9403568, 26.5252424], [83.935522, 26.5252158], [83.934622, 26.5251261], [83.9331089, 26.5220221], [83.932411, 26.5221853], [83.9312403, 26.5203193], [83.9282778, 26.5197667], [83.927062, 26.5188849], [83.9257622, 26.5200304], [83.9222967, 26.5196143], [83.9164004, 26.5166675], [83.9080855, 26.5190771], [83.9060648, 26.5126472], [83.9067447, 26.5093809], [83.9085275, 26.507107], [83.9134501, 26.5042818], [83.9132615, 26.5035639], [83.9151686, 26.5028437], [83.9143974, 26.5002972], [83.9124616, 26.4977803], [83.9111121, 26.4977487], [83.9109419, 26.4985748], [83.9045679, 26.4980782], [83.9039386, 26.4988218], [83.9013895, 26.4986506], [83.9003026, 26.5002338], [83.8981569, 26.4993085], [83.8950695, 26.499444], [83.8946485, 26.4989027], [83.8842581, 26.4997362], [83.8854003, 26.5003619], [83.8831628, 26.5024306], [83.8866637, 26.5022567], [83.8904613, 26.5075182], [83.8917956, 26.5082988], [83.8941789, 26.5122518], [83.8963712, 26.5137543], [83.9002461, 26.5249048], [83.9040497, 26.5286136], [83.9090766, 26.5288742], [83.9102523, 26.5349212], [83.9109248, 26.5356024], [83.9146604, 26.5353189], [83.9146662, 26.5376228], [83.9156698, 26.5396722], [83.9144085, 26.540886], [83.9072698, 26.544656], [83.9028804, 26.5480506], [83.896578, 26.5469144], [83.8923929, 26.5443472], [83.8903508, 26.5448754], [83.8882883, 26.5425967], [83.8863905, 26.5292027], [83.877616, 26.529149], [83.8754136, 26.5304081], [83.8736025, 26.5330707], [83.870547, 26.5355708], [83.8684747, 26.5407649], [83.8685749, 26.5419472], [83.8703209, 26.5424573], [83.8744252, 26.5434411], [83.8773102, 26.5431252], [83.8774608, 26.5452869], [83.8796887, 26.5481976], [83.8791519, 26.550621], [83.8779728, 26.5515507], [83.8744904, 26.5525074], [83.8672399, 26.5472271], [83.8614798, 26.5460805], [83.8557648, 26.5463009], [83.8539589, 26.5441707], [83.8489606, 26.5477169], [83.8488849, 26.5497115], [83.8500754, 26.550855], [83.8511625, 26.5552019], [83.8524478, 26.5572952], [83.8509453, 26.5582141], [83.8508899, 26.5596266], [83.8541617, 26.5601144], [83.8547888, 26.5609133], [83.8533277, 26.5646226], [83.8540453, 26.5653808], [83.856133, 26.5650427], [83.868523, 26.572535], [83.8724576, 26.574065], [83.8726835, 26.5746788], [83.8705102, 26.576538], [83.8713332, 26.5787493], [83.8734613, 26.5812178], [83.886802, 26.5811226], [83.8921426, 26.5822773], [83.8947071, 26.5807877], [83.8966093, 26.5805483], [83.909575, 26.5852346], [83.9239361, 26.5873018], [83.9296582, 26.5874711], [83.930848, 26.5981615], [83.9231439, 26.6014767], [83.9193066, 26.6094159], [83.9121683, 26.6113584], [83.9124753, 26.6134658], [83.9146103, 26.6171522], [83.9140746, 26.6216696], [83.9166449, 26.6204865], [83.9263442, 26.6185248], [83.9348748, 26.6193518], [83.940121, 26.6184289], [83.9399325, 26.6224364], [83.9408293, 26.6277339], [83.935884, 26.628756], [83.9279255, 26.6289984], [83.9285749, 26.6326489], [83.9299579, 26.6369085], [83.9307767, 26.6376437], [83.9384746, 26.6373111], [83.9458355, 26.6360891], [83.9448695, 26.6331428]]]}}, {"type": "Feature", "properties": {"name": "Rampur Karkhana", "district": "Deoria", "kind": "wasteland", "wl_pct": 2.9}, "geometry": {"type": "Polygon", "coordinates": [[[83.8547598, 26.6377511], [83.8608039, 26.6373541], [83.8601246, 26.6261959], [83.8593719, 26.6231272], [83.8554467, 26.6240112], [83.8536124, 26.625297], [83.852925, 26.6230901], [83.8518608, 26.6223318], [83.8497921, 26.6221781], [83.8525292, 26.6184464], [83.8516511, 26.6163615], [83.851707, 26.6129092], [83.8616228, 26.609923], [83.8617983, 26.6120214], [83.8648355, 26.6143142], [83.8669841, 26.6169904], [83.8687111, 26.6184436], [83.8719244, 26.6199555], [83.8731444, 26.6199059], [83.8743895, 26.6184889], [83.8768898, 26.6123335], [83.8780997, 26.6112775], [83.8810416, 26.6113721], [83.8831852, 26.6094902], [83.8845056, 26.6093367], [83.8888451, 26.6046566], [83.8949672, 26.6045746], [83.8993689, 26.5998265], [83.8932123, 26.5859461], [83.8931664, 26.5819884], [83.8921426, 26.5822773], [83.886802, 26.5811226], [83.8734613, 26.5812178], [83.8713332, 26.5787493], [83.8705102, 26.576538], [83.8726835, 26.5746788], [83.8724576, 26.574065], [83.868523, 26.572535], [83.856133, 26.5650427], [83.8548682, 26.5654938], [83.8536438, 26.5650062], [83.8533277, 26.5646226], [83.8547888, 26.5609133], [83.8541617, 26.5601144], [83.8508899, 26.5596266], [83.8509453, 26.5582141], [83.8524478, 26.5572952], [83.8511625, 26.5552019], [83.8500754, 26.550855], [83.8488849, 26.5497115], [83.8489606, 26.5477169], [83.8539589, 26.5441707], [83.8557648, 26.5463009], [83.8614798, 26.5460805], [83.8672399, 26.5472271], [83.8744904, 26.5525074], [83.8779728, 26.5515507], [83.8797841, 26.5490866], [83.8774608, 26.5452869], [83.8773102, 26.5431252], [83.8744252, 26.5434411], [83.8703209, 26.5424573], [83.8685749, 26.5419472], [83.8684747, 26.5407649], [83.870547, 26.5355708], [83.8736025, 26.5330707], [83.8754136, 26.5304081], [83.877616, 26.529149], [83.8863905, 26.5292027], [83.8882883, 26.5425967], [83.8903508, 26.5448754], [83.8923929, 26.5443472], [83.896578, 26.5469144], [83.9028804, 26.5480506], [83.9072698, 26.544656], [83.9144085, 26.540886], [83.9156698, 26.5396722], [83.9146662, 26.5376228], [83.9146604, 26.5353189], [83.9109248, 26.5356024], [83.9102523, 26.5349212], [83.9090766, 26.5288742], [83.9040497, 26.5286136], [83.9002461, 26.5249048], [83.8963712, 26.5137543], [83.8941789, 26.5122518], [83.8875616, 26.5031321], [83.8866637, 26.5022567], [83.8831628, 26.5024306], [83.8854003, 26.5003619], [83.8842581, 26.4997362], [83.8890746, 26.4989825], [83.8981619, 26.4993106], [83.898192, 26.4984385], [83.8976452, 26.4959277], [83.8940374, 26.4944088], [83.8935753, 26.4934417], [83.890915, 26.4920271], [83.885868, 26.4912131], [83.8823358, 26.4918566], [83.8794365, 26.4868958], [83.8806617, 26.4859625], [83.8780093, 26.4801944], [83.8756201, 26.4809872], [83.8754054, 26.4801178], [83.8763617, 26.4796144], [83.8758204, 26.4772857], [83.8746453, 26.4757442], [83.8751878, 26.4740094], [83.8747993, 26.4725799], [83.8801494, 26.4692023], [83.8806464, 26.468033], [83.8797898, 26.4635958], [83.8772841, 26.4593865], [83.876719, 26.4560895], [83.873077, 26.4573821], [83.8696125, 26.4595121], [83.8660728, 26.460543], [83.868024, 26.4631533], [83.8695298, 26.4632007], [83.8709571, 26.4663767], [83.8705246, 26.4665849], [83.8664939, 26.4680109], [83.8652999, 26.4668834], [83.8564995, 26.4681163], [83.8565158, 26.4686521], [83.8539516, 26.4698722], [83.851862, 26.47189], [83.849136, 26.4729446], [83.8461417, 26.4740391], [83.8456157, 26.4734224], [83.8434029, 26.473623], [83.8336558, 26.4752262], [83.8306321, 26.4772492], [83.8306542, 26.4779794], [83.8279226, 26.4789233], [83.8282151, 26.4796469], [83.8225329, 26.4811642], [83.8250899, 26.4822256], [83.8249992, 26.4832771], [83.8260772, 26.4837107], [83.8250786, 26.4851048], [83.8270241, 26.4859133], [83.8268631, 26.4871453], [83.8291005, 26.4853498], [83.8315477, 26.4856124], [83.8324451, 26.4864114], [83.8348456, 26.4864236], [83.8340529, 26.4924874], [83.8375603, 26.4929897], [83.8375127, 26.4955587], [83.8361743, 26.4958736], [83.8363171, 26.4985226], [83.8397081, 26.4984209], [83.8401978, 26.5003582], [83.8389181, 26.5065171], [83.8318302, 26.5080901], [83.8321695, 26.5126887], [83.8331165, 26.5158119], [83.827172, 26.5160222], [83.8226168, 26.5169638], [83.8214987, 26.5159073], [83.8184732, 26.5071558], [83.8269295, 26.5084089], [83.8256047, 26.5003115], [83.8187088, 26.5003206], [83.8157213, 26.4991253], [83.8154613, 26.495684], [83.8126002, 26.4953075], [83.8116988, 26.500319], [83.8087527, 26.5067003], [83.8052314, 26.5069378], [83.8071853, 26.5106302], [83.8064546, 26.5165507], [83.8073216, 26.5177471], [83.8081373, 26.5213622], [83.8071772, 26.5245523], [83.7951467, 26.5253944], [83.7835642, 26.5303652], [83.7822642, 26.531154], [83.7817613, 26.532652], [83.7822154, 26.5356939], [83.7808186, 26.5381615], [83.7722119, 26.5349199], [83.7701948, 26.5351576], [83.7664073, 26.5400782], [83.7668472, 26.5417799], [83.7660138, 26.5423479], [83.7714177, 26.5477086], [83.7725194, 26.5502185], [83.7734275, 26.5560633], [83.7743051, 26.5566686], [83.7785012, 26.5554801], [83.7841714, 26.5556282], [83.7903652, 26.5534885], [83.7956181, 26.5546378], [83.8082902, 26.5559575], [83.8070811, 26.5597296], [83.8051998, 26.5590473], [83.7989039, 26.5637329], [83.7964995, 26.5645303], [83.7974471, 26.5659253], [83.8014701, 26.5686487], [83.7977203, 26.5701223], [83.7960246, 26.5692459], [83.7930575, 26.5706838], [83.7901616, 26.5710297], [83.7890779, 26.5704423], [83.7865559, 26.5740058], [83.7860667, 26.5769389], [83.7836955, 26.5798391], [83.7834434, 26.5813778], [83.782042, 26.5825999], [83.7802754, 26.5824723], [83.7794416, 26.5832119], [83.7790441, 26.584421], [83.7796548, 26.5864071], [83.777995, 26.5903908], [83.7699634, 26.5908182], [83.7689799, 26.5917745], [83.7688435, 26.5968195], [83.7789471, 26.5980184], [83.7795421, 26.6011232], [83.7792544, 26.6030319], [83.7749305, 26.6048476], [83.7742913, 26.606747], [83.7756687, 26.6103897], [83.7806344, 26.6098065], [83.7811911, 26.6104883], [83.7833699, 26.6105574], [83.7839958, 26.6126066], [83.7862903, 26.6125223], [83.786234, 26.6138219], [83.7882071, 26.6137735], [83.7899636, 26.6147945], [83.7978861, 26.6146636], [83.8003468, 26.6136089], [83.8025706, 26.6141968], [83.8070195, 26.6129489], [83.8067016, 26.6158008], [83.8162902, 26.6171996], [83.818645, 26.617029], [83.8187359, 26.6159686], [83.8211609, 26.6160417], [83.8219183, 26.617468], [83.8241471, 26.6182857], [83.8279026, 26.6184043], [83.8290217, 26.6194832], [83.8310206, 26.6177283], [83.8366535, 26.6188627], [83.8355378, 26.6221883], [83.8351161, 26.6263712], [83.8370629, 26.6259524], [83.8385288, 26.6267786], [83.839584, 26.6284283], [83.8426708, 26.6281605], [83.853456, 26.6296608], [83.8547598, 26.6377511]]]}}, {"type": "Feature", "properties": {"name": "Deoria Sadar", "district": "Deoria", "kind": "wasteland", "wl_pct": 1.4}, "geometry": {"type": "Polygon", "coordinates": [[[83.7819651, 26.5350574], [83.7822642, 26.531154], [83.7873735, 26.5284632], [83.7951467, 26.5253944], [83.8071772, 26.5245523], [83.8081373, 26.5213622], [83.8073216, 26.5177471], [83.8064546, 26.5165507], [83.8071853, 26.5106302], [83.8052314, 26.5069378], [83.8087527, 26.5067003], [83.8116988, 26.500319], [83.8126002, 26.4953075], [83.8154613, 26.495684], [83.8157213, 26.4991253], [83.8187088, 26.5003206], [83.8256047, 26.5003115], [83.8269295, 26.5084089], [83.8184732, 26.5071558], [83.8214987, 26.5159073], [83.8226168, 26.5169638], [83.827172, 26.5160222], [83.8331165, 26.5158119], [83.8321695, 26.5126887], [83.8318302, 26.5080901], [83.8389181, 26.5065171], [83.8401978, 26.5003582], [83.8397081, 26.4984209], [83.8363171, 26.4985226], [83.8361743, 26.4958736], [83.8375127, 26.4955587], [83.8375603, 26.4929897], [83.8340529, 26.4924874], [83.8348456, 26.4864236], [83.8324451, 26.4864114], [83.8315477, 26.4856124], [83.8291005, 26.4853498], [83.8268631, 26.4871453], [83.8270241, 26.4859133], [83.8250786, 26.4851048], [83.8260772, 26.4837107], [83.8249992, 26.4832771], [83.8250899, 26.4822256], [83.8225329, 26.4811642], [83.8282151, 26.4796469], [83.8279226, 26.4789233], [83.8306542, 26.4779794], [83.8306321, 26.4772492], [83.8336558, 26.4752262], [83.8434029, 26.473623], [83.8456157, 26.4734224], [83.8461417, 26.4740391], [83.849136, 26.4729446], [83.851862, 26.47189], [83.8539516, 26.4698722], [83.8565158, 26.4686521], [83.8564995, 26.4681163], [83.8652999, 26.4668834], [83.8664939, 26.4680109], [83.8705246, 26.4665849], [83.8709571, 26.4663767], [83.8695298, 26.4632007], [83.868024, 26.4631533], [83.8660728, 26.460543], [83.8696125, 26.4595121], [83.873077, 26.4573821], [83.876719, 26.4560895], [83.8772841, 26.4593865], [83.8797898, 26.4635958], [83.8806464, 26.468033], [83.8801494, 26.4692023], [83.8747993, 26.4725799], [83.8751878, 26.4740094], [83.8746453, 26.4757442], [83.8758204, 26.4772857], [83.8763617, 26.4796144], [83.8754054, 26.4801178], [83.8756201, 26.4809872], [83.8780093, 26.4801944], [83.8806617, 26.4859625], [83.8794365, 26.4868958], [83.8823358, 26.4918566], [83.885868, 26.4912131], [83.890915, 26.4920271], [83.8935753, 26.4934417], [83.8940374, 26.4944088], [83.8976452, 26.4959277], [83.8981619, 26.4993106], [83.9003025, 26.5002338], [83.9013895, 26.4986506], [83.9039386, 26.4988218], [83.9045679, 26.4980782], [83.9109419, 26.4985748], [83.9111121, 26.4977487], [83.9124616, 26.4977803], [83.911948, 26.4871395], [83.9126891, 26.4838765], [83.9124883, 26.4830733], [83.9106027, 26.4832181], [83.910466, 26.4786378], [83.9096202, 26.4756919], [83.9123104, 26.4757039], [83.9097301, 26.4661598], [83.9112028, 26.4617278], [83.9108061, 26.4595978], [83.9114557, 26.4559143], [83.909225, 26.4537541], [83.909681, 26.4530093], [83.9077347, 26.4491287], [83.9080199, 26.447089], [83.9043349, 26.4473372], [83.8957141, 26.4493995], [83.894082, 26.4506335], [83.8926533, 26.4471533], [83.8918644, 26.4475384], [83.8905319, 26.4449288], [83.8891499, 26.4406666], [83.8885985, 26.4407886], [83.8885825, 26.439673], [83.8879158, 26.4396896], [83.8879156, 26.4381856], [83.8824464, 26.4363297], [83.880138, 26.4380554], [83.874199, 26.439251], [83.8732652, 26.4400761], [83.8728786, 26.442719], [83.87183, 26.4445975], [83.8565689, 26.4470118], [83.855237, 26.4454933], [83.8552072, 26.4419744], [83.8574393, 26.4376839], [83.8670534, 26.4310607], [83.8660363, 26.4270029], [83.8649867, 26.4253134], [83.8615314, 26.4239072], [83.859609, 26.4203036], [83.8581668, 26.4150966], [83.8510401, 26.4152623], [83.8453804, 26.4115747], [83.8311983, 26.4130954], [83.8278395, 26.4082408], [83.8276284, 26.4019184], [83.8260737, 26.3995522], [83.819254, 26.3988], [83.8191436, 26.3934983], [83.8174994, 26.391525], [83.8178347, 26.3863382], [83.8101075, 26.3842364], [83.7992157, 26.3875299], [83.8014253, 26.3943937], [83.7999182, 26.3947082], [83.8006795, 26.4003862], [83.8022261, 26.4047387], [83.8014543, 26.4049474], [83.8019664, 26.4064539], [83.7942999, 26.4086062], [83.7952654, 26.4108059], [83.7914697, 26.4111063], [83.7916341, 26.4123064], [83.7893992, 26.4132174], [83.7877586, 26.4090658], [83.7856243, 26.4099048], [83.7818649, 26.4096947], [83.7784045, 26.4108898], [83.7777391, 26.4092094], [83.7582372, 26.4080716], [83.7481526, 26.4137763], [83.7487153, 26.4217151], [83.7479616, 26.4227355], [83.7444981, 26.424252], [83.7352007, 26.4256284], [83.7355731, 26.4316005], [83.7340686, 26.4317126], [83.7344206, 26.4328631], [83.7212984, 26.4340233], [83.7190114, 26.4326213], [83.7129028, 26.4350125], [83.7119792, 26.4334426], [83.7068224, 26.4351424], [83.7063174, 26.4369118], [83.7036214, 26.4382717], [83.7041668, 26.4413793], [83.7090262, 26.4450288], [83.7118873, 26.4527381], [83.7167065, 26.4566375], [83.719405, 26.4646662], [83.7236782, 26.4670413], [83.7269038, 26.471432], [83.7272522, 26.4742967], [83.7298613, 26.4771144], [83.7163114, 26.4788103], [83.7055377, 26.4818345], [83.7003433, 26.4777833], [83.6928843, 26.4731935], [83.6914135, 26.473291], [83.6891736, 26.474272], [83.680895, 26.4803458], [83.6799805, 26.481602], [83.6961187, 26.4833877], [83.7017265, 26.4847404], [83.7004855, 26.4873528], [83.7007494, 26.4893268], [83.7032154, 26.4913725], [83.706833, 26.492834], [83.7100848, 26.4979533], [83.7096728, 26.4990277], [83.7137135, 26.5031471], [83.7132009, 26.5039454], [83.7111898, 26.5043392], [83.7120741, 26.5063514], [83.7097839, 26.5091417], [83.7074523, 26.5101945], [83.7052397, 26.5096362], [83.7044576, 26.5102098], [83.7031749, 26.5120698], [83.7034409, 26.5134551], [83.7101382, 26.5135009], [83.7102915, 26.5173141], [83.7112259, 26.5190916], [83.716136, 26.5179198], [83.7176541, 26.5217998], [83.7281375, 26.5205381], [83.7272799, 26.5264551], [83.7301602, 26.527184], [83.7317142, 26.5258651], [83.7357538, 26.527094], [83.7379436, 26.5245831], [83.7383229, 26.5224889], [83.7378354, 26.5216319], [83.7423308, 26.5172599], [83.7479363, 26.5200162], [83.7492009, 26.5190027], [83.7513413, 26.5204668], [83.7541766, 26.5195575], [83.7554195, 26.5206236], [83.7592921, 26.5207848], [83.762446, 26.5171184], [83.7638708, 26.5169571], [83.7650529, 26.518727], [83.7659859, 26.5187683], [83.7664987, 26.5176451], [83.7695552, 26.515955], [83.770588, 26.5164928], [83.7708823, 26.5183568], [83.7677993, 26.5268748], [83.7645362, 26.5292369], [83.7663343, 26.5323748], [83.7692027, 26.5338391], [83.7701948, 26.5351576], [83.7722119, 26.5349199], [83.7793687, 26.537998], [83.7808186, 26.5381615], [83.7822154, 26.5356939], [83.7819651, 26.5350574]]]}}, {"type": "Feature", "properties": {"name": "Baitalpur", "district": "Deoria", "kind": "wasteland", "wl_pct": 0.9}, "geometry": {"type": "Polygon", "coordinates": [[[83.7663473, 26.6989455], [83.7670658, 26.6988874], [83.766632, 26.7006786], [83.7675046, 26.7015054], [83.7677854, 26.6976514], [83.7704587, 26.697166], [83.7722141, 26.6950103], [83.771668, 26.6933311], [83.7719911, 26.6915849], [83.758414, 26.6890653], [83.7579309, 26.6849583], [83.7593056, 26.681769], [83.750512, 26.6793969], [83.7479331, 26.6766492], [83.7455916, 26.6756736], [83.7441098, 26.6758418], [83.7419512, 26.6771749], [83.7409865, 26.676932], [83.7401207, 26.6751998], [83.7377274, 26.6728731], [83.7387206, 26.6715636], [83.7415118, 26.6699458], [83.743968, 26.669822], [83.7424391, 26.667973], [83.7435015, 26.6656391], [83.7438941, 26.6615186], [83.7421663, 26.66152], [83.7413649, 26.6586641], [83.7436956, 26.6589601], [83.7438896, 26.6572315], [83.7460188, 26.6568687], [83.7463315, 26.6533395], [83.7469142, 26.6534789], [83.7481906, 26.6566238], [83.7480636, 26.6593665], [83.7527595, 26.6586764], [83.7554095, 26.655592], [83.7579408, 26.6507113], [83.7613029, 26.6483719], [83.7671092, 26.6475867], [83.7705211, 26.6483559], [83.7711569, 26.6479129], [83.7657257, 26.6342143], [83.7652873, 26.630694], [83.7656596, 26.6299452], [83.7677585, 26.6298114], [83.7711622, 26.6305902], [83.7755644, 26.6265183], [83.7774478, 26.6259239], [83.7768115, 26.624335], [83.7780222, 26.6236589], [83.7786616, 26.6214481], [83.7784221, 26.619724], [83.7776362, 26.6169436], [83.7766226, 26.6162028], [83.776144, 26.6122674], [83.7742913, 26.606747], [83.7749305, 26.6048476], [83.7792544, 26.6030319], [83.7795421, 26.6011232], [83.7789471, 26.5980184], [83.7688435, 26.5968195], [83.7689799, 26.5917745], [83.7699634, 26.5908182], [83.777995, 26.5903908], [83.7796548, 26.5864071], [83.7790441, 26.584421], [83.7794416, 26.5832119], [83.7802754, 26.5824723], [83.782042, 26.5825999], [83.7834434, 26.5813778], [83.7836955, 26.5798391], [83.7860667, 26.5769389], [83.7865559, 26.5740058], [83.7890779, 26.5704423], [83.7901616, 26.5710297], [83.7930575, 26.5706838], [83.7960246, 26.5692459], [83.7977203, 26.5701223], [83.8014701, 26.5686487], [83.7974471, 26.5659253], [83.7964995, 26.5645303], [83.7989039, 26.5637329], [83.8051998, 26.5590473], [83.8070811, 26.5597296], [83.8082902, 26.5559575], [83.7956181, 26.5546378], [83.7903652, 26.5534885], [83.7841714, 26.5556282], [83.7785012, 26.5554801], [83.7743051, 26.5566686], [83.7734275, 26.5560633], [83.7725194, 26.5502185], [83.7714177, 26.5477086], [83.7660138, 26.5423479], [83.7668472, 26.5417799], [83.7664073, 26.5400782], [83.7701948, 26.5351576], [83.7692027, 26.5338391], [83.7663343, 26.5323748], [83.7645362, 26.5292369], [83.7677993, 26.5268748], [83.7708823, 26.5183568], [83.770588, 26.5164928], [83.7695552, 26.515955], [83.7664987, 26.5176451], [83.7659859, 26.5187683], [83.7650529, 26.518727], [83.7638708, 26.5169571], [83.762446, 26.5171184], [83.7592921, 26.5207848], [83.7554195, 26.5206236], [83.7541766, 26.5195575], [83.7513413, 26.5204668], [83.7492009, 26.5190027], [83.7479363, 26.5200162], [83.7423308, 26.5172599], [83.7378354, 26.5216319], [83.7383229, 26.5224889], [83.7379436, 26.5245831], [83.7357538, 26.527094], [83.7317142, 26.5258651], [83.7301602, 26.527184], [83.7272799, 26.5264551], [83.7281375, 26.5205381], [83.7176541, 26.5217998], [83.716136, 26.5179198], [83.7112259, 26.5190916], [83.7102915, 26.5173141], [83.7101382, 26.5135009], [83.7034409, 26.5134551], [83.7031749, 26.5120698], [83.7044576, 26.5102098], [83.7052397, 26.5096362], [83.7074523, 26.5101945], [83.7097839, 26.5091417], [83.7120741, 26.5063514], [83.7111898, 26.5043392], [83.7132009, 26.5039454], [83.7137135, 26.5031471], [83.7096728, 26.4990277], [83.7100848, 26.4979533], [83.706833, 26.492834], [83.7032154, 26.4913725], [83.7007494, 26.4893268], [83.7004855, 26.4873528], [83.7017265, 26.4847404], [83.6961187, 26.4833877], [83.6799805, 26.481602], [83.680895, 26.4803458], [83.6891736, 26.474272], [83.6914135, 26.473291], [83.6928843, 26.4731935], [83.7003433, 26.4777833], [83.7055377, 26.4818345], [83.7163114, 26.4788103], [83.7298613, 26.4771144], [83.7272522, 26.4742967], [83.7269038, 26.471432], [83.7236782, 26.4670413], [83.719405, 26.4646662], [83.7167065, 26.4566375], [83.7118873, 26.4527381], [83.7090262, 26.4450288], [83.7041668, 26.4413793], [83.703585, 26.4382345], [83.6982534, 26.4347595], [83.6913065, 26.434683], [83.6898357, 26.4337074], [83.6877453, 26.433468], [83.6838328, 26.4348591], [83.6792507, 26.4389599], [83.6708616, 26.4385292], [83.6680684, 26.4398455], [83.6664148, 26.4399324], [83.661048, 26.4382807], [83.6560665, 26.4378198], [83.6534077, 26.4363906], [83.6523588, 26.4352124], [83.6522029, 26.431656], [83.6514237, 26.4305677], [83.6471587, 26.4308596], [83.6453606, 26.4293692], [83.6409, 26.4302909], [83.640023, 26.4257892], [83.6393465, 26.4245541], [83.6375054, 26.4236828], [83.6150596, 26.4232124], [83.6190046, 26.4366003], [83.6190557, 26.4383938], [83.6234193, 26.4395923], [83.625728, 26.4410241], [83.6284367, 26.4444268], [83.6291169, 26.446577], [83.6301207, 26.4582818], [83.6327705, 26.4644086], [83.6350323, 26.4665839], [83.6393603, 26.4688967], [83.6430027, 26.4688739], [83.6580654, 26.462458], [83.662698, 26.4631637], [83.6593627, 26.4688656], [83.6595528, 26.4730692], [83.6605022, 26.4764218], [83.6545859, 26.477843], [83.6505893, 26.4817548], [83.647544, 26.4834168], [83.6435503, 26.4841948], [83.6428202, 26.4855136], [83.6437552, 26.4875551], [83.6485659, 26.4930863], [83.6494465, 26.497918], [83.6549625, 26.4971906], [83.6557394, 26.4993504], [83.6592393, 26.500359], [83.6595623, 26.5035802], [83.6605255, 26.503932], [83.6612184, 26.5063959], [83.6617852, 26.5064364], [83.6620916, 26.5078894], [83.6630096, 26.5081644], [83.6638378, 26.5097347], [83.6703436, 26.510008], [83.6704739, 26.5095386], [83.6748826, 26.508946], [83.6749274, 26.5079667], [83.6772393, 26.5070227], [83.6799492, 26.5098513], [83.6847087, 26.5085136], [83.6874494, 26.5122129], [83.6857049, 26.5143979], [83.6878833, 26.5168068], [83.6885104, 26.5168065], [83.6896309, 26.5202222], [83.6947318, 26.5187622], [83.6960423, 26.5208329], [83.6986513, 26.5215401], [83.6998513, 26.5232183], [83.6987995, 26.5256602], [83.6963377, 26.5281029], [83.695892, 26.5294209], [83.6939412, 26.5306403], [83.6943639, 26.5327882], [83.693617, 26.5339709], [83.6948285, 26.5377972], [83.6939112, 26.5392779], [83.6960808, 26.5427336], [83.6951742, 26.545162], [83.6965943, 26.5456125], [83.6966252, 26.5469032], [83.6980307, 26.5476697], [83.7001305, 26.5514142], [83.7016016, 26.5525913], [83.7011657, 26.5536836], [83.7021151, 26.5551723], [83.7019059, 26.5575777], [83.7039047, 26.5598872], [83.7034592, 26.5614624], [83.7045399, 26.5640657], [83.7059257, 26.5650713], [83.7046621, 26.5667056], [83.7018816, 26.5662784], [83.701732, 26.5676369], [83.6997192, 26.5672499], [83.699454, 26.5684097], [83.6979694, 26.5696922], [83.6979802, 26.5709603], [83.6930991, 26.5744601], [83.6915975, 26.5766028], [83.6818101, 26.5814237], [83.6871313, 26.5923695], [83.6970288, 26.5905146], [83.6979183, 26.5922381], [83.6989961, 26.597901], [83.6998, 26.5988799], [83.6990436, 26.6013397], [83.7039535, 26.6018425], [83.7043718, 26.6042386], [83.6993274, 26.6055004], [83.6988815, 26.6070124], [83.7009426, 26.6106359], [83.6990346, 26.6108617], [83.6996375, 26.6115699], [83.6991218, 26.6136009], [83.6997754, 26.6151575], [83.700398, 26.6152023], [83.7001826, 26.6160372], [83.7020617, 26.6179903], [83.7036635, 26.6182332], [83.7043171, 26.6197175], [83.709453, 26.6191278], [83.7099454, 26.619642], [83.713645, 26.6187101], [83.7137448, 26.617821], [83.715948, 26.6167681], [83.7162159, 26.612684], [83.7186506, 26.6124839], [83.7182901, 26.607335], [83.7239121, 26.6065956], [83.7243748, 26.607561], [83.7317154, 26.6087065], [83.7307522, 26.6094067], [83.7305525, 26.6106027], [83.7294383, 26.610933], [83.7295448, 26.6121693], [83.7285716, 26.6129598], [83.728671, 26.6137633], [83.7318604, 26.6133816], [83.7321874, 26.6141621], [83.7362132, 26.6134731], [83.7373036, 26.6144514], [83.7393771, 26.6194454], [83.7396994, 26.6207074], [83.7314936, 26.6239913], [83.7340938, 26.6284841], [83.7339803, 26.6305736], [83.7321594, 26.6334964], [83.7254636, 26.6357289], [83.7181578, 26.6362032], [83.7183543, 26.6371598], [83.7169081, 26.637084], [83.7162721, 26.645627], [83.7222984, 26.6455644], [83.724229, 26.6481353], [83.7256898, 26.6531886], [83.7227108, 26.6581412], [83.7234616, 26.6668502], [83.7170419, 26.672545], [83.7176582, 26.6768182], [83.7187767, 26.6789211], [83.7214634, 26.6798527], [83.7200042, 26.6874626], [83.7216454, 26.6873212], [83.7217494, 26.691342], [83.7201923, 26.6917853], [83.7221509, 26.6968923], [83.7226281, 26.6967115], [83.7232073, 26.6983988], [83.7238855, 26.6983983], [83.7315208, 26.6967412], [83.7381474, 26.6963254], [83.7377894, 26.6950847], [83.7417722, 26.6937367], [83.7411739, 26.6934348], [83.7422336, 26.6930007], [83.7419921, 26.6926264], [83.7452921, 26.6919422], [83.7479457, 26.692301], [83.7538762, 26.6950003], [83.7556065, 26.7026644], [83.7568827, 26.7026835], [83.7569187, 26.7067765], [83.7606986, 26.7052634], [83.7663473, 26.6989455]]]}}, {"type": "Feature", "properties": {"name": "Gauri Bazar", "district": "Deoria", "kind": "wasteland", "wl_pct": 0.8}, "geometry": {"type": "Polygon", "coordinates": [[[83.6916023, 26.7026771], [83.6943505, 26.7023735], [83.6988549, 26.698558], [83.6950764, 26.6897736], [83.6954969, 26.6874494], [83.69336, 26.6843637], [83.6937409, 26.6828743], [83.7030546, 26.6830139], [83.7056687, 26.6855937], [83.7063066, 26.6853587], [83.7089055, 26.687582], [83.7110002, 26.6874543], [83.7110412, 26.6884787], [83.7200042, 26.6874626], [83.7214634, 26.6798527], [83.7187767, 26.6789211], [83.7176582, 26.6768182], [83.7170419, 26.672545], [83.7234616, 26.6668502], [83.7227108, 26.6581412], [83.7256898, 26.6531886], [83.724229, 26.6481353], [83.7222984, 26.6455644], [83.7162721, 26.645627], [83.7169081, 26.637084], [83.7183543, 26.6371598], [83.7181578, 26.6362032], [83.7254636, 26.6357289], [83.7321594, 26.6334964], [83.7339803, 26.6305736], [83.7340938, 26.6284841], [83.7314936, 26.6239913], [83.737311, 26.6219336], [83.7396994, 26.6207074], [83.7395684, 26.6200364], [83.7373036, 26.6144514], [83.7362132, 26.6134731], [83.7321874, 26.6141621], [83.7318604, 26.6133816], [83.728671, 26.6137633], [83.7285716, 26.6129598], [83.7295448, 26.6121693], [83.7294383, 26.610933], [83.7305525, 26.6106027], [83.7307522, 26.6094067], [83.7317154, 26.6087065], [83.7243748, 26.607561], [83.7239121, 26.6065956], [83.7182901, 26.607335], [83.7186506, 26.6124839], [83.7162159, 26.612684], [83.715948, 26.6167681], [83.7137448, 26.617821], [83.713645, 26.6187101], [83.7099454, 26.619642], [83.709453, 26.6191278], [83.7043171, 26.6197175], [83.7036635, 26.6182332], [83.7020617, 26.6179903], [83.7001826, 26.6160372], [83.700398, 26.6152023], [83.6997754, 26.6151575], [83.6991218, 26.6136009], [83.6996375, 26.6115699], [83.6990346, 26.6108617], [83.7009426, 26.6106359], [83.6988815, 26.6070124], [83.6993274, 26.6055004], [83.7043718, 26.6042386], [83.7039535, 26.6018425], [83.6990436, 26.6013397], [83.6998, 26.5988799], [83.6989961, 26.597901], [83.6979183, 26.5922381], [83.6970288, 26.5905146], [83.6871313, 26.5923695], [83.6818101, 26.5814237], [83.6915975, 26.5766028], [83.6930991, 26.5744601], [83.6979802, 26.5709603], [83.6979694, 26.5696922], [83.699454, 26.5684097], [83.6997192, 26.5672499], [83.701732, 26.5676369], [83.7018816, 26.5662784], [83.7046621, 26.5667056], [83.7059757, 26.5649043], [83.7045399, 26.5640657], [83.7034592, 26.5614624], [83.7039047, 26.5598872], [83.7019059, 26.5575777], [83.7021151, 26.5551723], [83.7011657, 26.5536836], [83.7016016, 26.5525913], [83.7001305, 26.5514142], [83.6980307, 26.5476697], [83.6966252, 26.5469032], [83.6965943, 26.5456125], [83.6951742, 26.545162], [83.6960808, 26.5427336], [83.6939112, 26.5392779], [83.6948285, 26.5377972], [83.693617, 26.5339709], [83.6943639, 26.5327882], [83.6939412, 26.5306403], [83.695892, 26.5294209], [83.6963377, 26.5281029], [83.6987995, 26.5256602], [83.6998513, 26.5232183], [83.6986513, 26.5215401], [83.6960423, 26.5208329], [83.6947318, 26.5187622], [83.6896309, 26.5202222], [83.6885104, 26.5168065], [83.6878833, 26.5168068], [83.6857049, 26.5143979], [83.6874494, 26.5122129], [83.6847087, 26.5085136], [83.6799492, 26.5098513], [83.6772393, 26.5070227], [83.6749274, 26.5079667], [83.6748826, 26.508946], [83.6704739, 26.5095386], [83.6703436, 26.510008], [83.6638378, 26.5097347], [83.6630096, 26.5081644], [83.6620916, 26.5078894], [83.6617852, 26.5064364], [83.6612184, 26.5063959], [83.6605255, 26.503932], [83.6595623, 26.5035802], [83.6592393, 26.500359], [83.6557394, 26.4993504], [83.6549625, 26.4971906], [83.6494465, 26.497918], [83.6485659, 26.4930863], [83.6437552, 26.4875551], [83.6428202, 26.4855136], [83.6435503, 26.4841948], [83.647544, 26.4834168], [83.6505893, 26.4817548], [83.6545859, 26.477843], [83.6605022, 26.4764218], [83.6595528, 26.4730692], [83.6593627, 26.4688656], [83.662698, 26.4631637], [83.6580654, 26.462458], [83.6450492, 26.4683312], [83.6392326, 26.4688472], [83.6393627, 26.4705763], [83.6387765, 26.4717037], [83.6367865, 26.473182], [83.6355071, 26.4732514], [83.6304874, 26.4704675], [83.6263873, 26.4645961], [83.6238716, 26.4631429], [83.6220878, 26.4656503], [83.6181204, 26.4660768], [83.6173177, 26.4671547], [83.617948, 26.4812227], [83.6157135, 26.4802625], [83.6101045, 26.4803522], [83.6074528, 26.4834363], [83.6058259, 26.4834749], [83.6062083, 26.4863522], [83.6045055, 26.4888008], [83.6049178, 26.4918519], [83.6056667, 26.4927463], [83.60661, 26.4927413], [83.6123783, 26.4960163], [83.6120202, 26.4968621], [83.6147818, 26.4983326], [83.6148463, 26.499047], [83.6139545, 26.5009395], [83.6077032, 26.5014249], [83.6043037, 26.5050857], [83.6052566, 26.5054558], [83.6050407, 26.5064622], [83.6063298, 26.5068911], [83.60488, 26.5077528], [83.6041574, 26.5094496], [83.6091982, 26.5110748], [83.6184097, 26.5120301], [83.6187586, 26.5162111], [83.6199374, 26.5160939], [83.620765, 26.5188467], [83.614083, 26.5204574], [83.6136015, 26.5193156], [83.603734, 26.520533], [83.6029066, 26.5189218], [83.6019486, 26.5187276], [83.6012704, 26.518741], [83.6008849, 26.5198375], [83.6015669, 26.5209298], [83.6033175, 26.5216205], [83.6022034, 26.5233803], [83.6037531, 26.5258085], [83.6015607, 26.5265212], [83.601375, 26.5270853], [83.6029195, 26.529924], [83.6029491, 26.5326363], [83.606596, 26.535728], [83.6057829, 26.5376324], [83.6080458, 26.5367346], [83.6078399, 26.5375424], [83.6056973, 26.5391216], [83.6092041, 26.5413784], [83.6079698, 26.5416671], [83.608361, 26.542475], [83.6071718, 26.5430614], [83.6088124, 26.5441177], [83.6087219, 26.5448984], [83.60675, 26.5453449], [83.6063284, 26.5462429], [83.6093134, 26.5490322], [83.6112402, 26.5493708], [83.6109792, 26.5500613], [83.6089068, 26.5505169], [83.6085153, 26.5512614], [83.6113403, 26.551731], [83.6129608, 26.5537123], [83.6140348, 26.5523451], [83.6162324, 26.5546693], [83.6158108, 26.5554274], [83.6134775, 26.5551655], [83.6122882, 26.5556979], [83.6149876, 26.5580809], [83.6147716, 26.5609916], [83.6124378, 26.5636766], [83.6127841, 26.5643399], [83.6145354, 26.5643807], [83.6131752, 26.5664295], [83.6147257, 26.5683971], [83.6170392, 26.5699226], [83.6183689, 26.5732712], [83.6191218, 26.5731043], [83.6199651, 26.5704643], [83.6233426, 26.5707893], [83.6232724, 26.5678695], [83.6245621, 26.5681809], [83.6247629, 26.5698777], [83.6254153, 26.5696295], [83.625069, 26.5681041], [83.6265746, 26.5684562], [83.625862, 26.569634], [83.6262635, 26.5712045], [83.6268807, 26.571376], [83.6274278, 26.5697739], [83.6281655, 26.5705004], [83.626645, 26.5744537], [83.6288533, 26.5767642], [83.6276187, 26.5793501], [83.6257415, 26.5802932], [83.6253099, 26.5812771], [83.6307808, 26.5824277], [83.6318249, 26.5846299], [83.6314937, 26.5856362], [83.6300431, 26.5847789], [83.6290694, 26.5862998], [83.6293054, 26.5868547], [83.6308512, 26.5862545], [83.6319205, 26.5888222], [83.6295765, 26.5898738], [83.6309569, 26.5915841], [83.629436, 26.5931862], [83.6281762, 26.5961602], [83.6271271, 26.5960293], [83.6263892, 26.5970131], [83.6267707, 26.5993236], [83.6244415, 26.5983805], [83.622072, 26.6012912], [83.6213089, 26.6049014], [83.6205509, 26.6032542], [83.6185278, 26.6033399], [83.6202394, 26.6094547], [83.617935, 26.6101586], [83.6198828, 26.6113997], [83.6193356, 26.6120857], [83.6196367, 26.6134756], [83.6182561, 26.6144187], [83.6196367, 26.6141841], [83.6198977, 26.6151003], [83.6163681, 26.6171128], [83.6191445, 26.6182275], [83.6198274, 26.6163006], [83.6210173, 26.6156147], [83.6221068, 26.6158268], [83.6234322, 26.6172936], [83.6231711, 26.6197755], [83.6257618, 26.6195409], [83.626289, 26.6213144], [83.6296128, 26.6199018], [83.6296882, 26.6226636], [83.6323794, 26.6228305], [83.6325652, 26.6239723], [83.6335544, 26.6236653], [83.6318224, 26.6271673], [83.6315463, 26.6293109], [83.6330326, 26.6299516], [83.633339, 26.6308135], [83.6322896, 26.6322351], [83.6323802, 26.6344057], [83.6312052, 26.635737], [83.6316422, 26.6375196], [83.6301257, 26.6380205], [83.6298797, 26.6391894], [83.6290712, 26.6394646], [83.6302162, 26.6424024], [83.6279917, 26.6443882], [83.6282679, 26.64525], [83.6313312, 26.6452229], [83.631929, 26.6474657], [83.6274192, 26.6486256], [83.6276101, 26.6503765], [83.6266308, 26.6523125], [83.6270628, 26.6534362], [83.6301515, 26.6549479], [83.6289059, 26.6549119], [83.6291872, 26.6558821], [83.6284691, 26.6564778], [83.6300964, 26.6579353], [83.6281828, 26.6580572], [83.6295842, 26.6595374], [83.6284139, 26.6596051], [83.6284491, 26.6607468], [83.6268218, 26.6613064], [83.6279369, 26.6623308], [83.6322864, 26.6609227], [83.6439687, 26.6593963], [83.6492976, 26.6598106], [83.6489565, 26.6613541], [83.6523767, 26.6607443], [83.6527382, 26.6602026], [83.6545111, 26.6602926], [83.6544714, 26.6616735], [83.6533765, 26.6619264], [83.6550153, 26.6673323], [83.6561504, 26.6673862], [83.6570701, 26.6690377], [83.6615386, 26.6790684], [83.6634124, 26.6789281], [83.6641924, 26.6830615], [83.6694973, 26.6829696], [83.6722104, 26.6838308], [83.6735498, 26.6913033], [83.6744038, 26.6913527], [83.6745047, 26.6922146], [83.6762177, 26.6919793], [83.6800508, 26.7020457], [83.6811059, 26.7019912], [83.6810855, 26.7012015], [83.6822056, 26.7007497], [83.6881491, 26.7002283], [83.6884526, 26.7037255], [83.6916023, 26.7026771]]]}}, {"type": "Feature", "properties": {"name": "Rudrapur", "district": "Deoria", "kind": "wasteland", "wl_pct": 2.5}, "geometry": {"type": "Polygon", "coordinates": [[[83.6072708, 26.5197482], [83.6136015, 26.5193156], [83.614083, 26.5204574], [83.620765, 26.5188467], [83.6199374, 26.5160939], [83.6187586, 26.5162111], [83.6184097, 26.5120301], [83.6091982, 26.5110748], [83.6041574, 26.5094496], [83.60488, 26.5077528], [83.6063298, 26.5068911], [83.6050407, 26.5064622], [83.6052566, 26.5054558], [83.6043037, 26.5050857], [83.6077032, 26.5014249], [83.6139545, 26.5009395], [83.6148463, 26.499047], [83.6147818, 26.4983326], [83.6120202, 26.4968621], [83.6123783, 26.4960163], [83.60661, 26.4927413], [83.6056667, 26.4927463], [83.6049178, 26.4918519], [83.6045055, 26.4888008], [83.6062083, 26.4863522], [83.6058259, 26.4834749], [83.6074528, 26.4834363], [83.6101045, 26.4803522], [83.6157135, 26.4802625], [83.617948, 26.4812227], [83.6173177, 26.4671547], [83.6181204, 26.4660768], [83.6220878, 26.4656503], [83.6238716, 26.4631429], [83.6263873, 26.4645961], [83.629302, 26.4691825], [83.6332389, 26.4724323], [83.6367865, 26.473182], [83.6393627, 26.4705763], [83.6392326, 26.4688472], [83.6350323, 26.4665839], [83.6320464, 26.4631259], [83.6301207, 26.4582818], [83.6291169, 26.446577], [83.6284367, 26.4444268], [83.625728, 26.4410241], [83.6234193, 26.4395923], [83.6190557, 26.4383938], [83.6190046, 26.4366003], [83.6150596, 26.4232124], [83.6346134, 26.4234133], [83.634308, 26.420609], [83.6401555, 26.4152711], [83.6408159, 26.4121481], [83.6452968, 26.4088685], [83.6515791, 26.4082491], [83.6543095, 26.406699], [83.6565857, 26.4039622], [83.6571444, 26.4013095], [83.6559626, 26.3975023], [83.6609558, 26.395399], [83.6605019, 26.3941166], [83.6562176, 26.3912894], [83.6535622, 26.3881723], [83.6501579, 26.3823793], [83.6482523, 26.3745465], [83.6460511, 26.3709636], [83.6489762, 26.3674883], [83.6484145, 26.3642255], [83.6463956, 26.364289], [83.6451881, 26.3635987], [83.6426678, 26.3610402], [83.6421416, 26.3586123], [83.6383796, 26.3603186], [83.6376081, 26.3600388], [83.63617, 26.3565685], [83.636245, 26.3540864], [83.6371263, 26.3519472], [83.6355634, 26.3512343], [83.634356, 26.3484454], [83.6291366, 26.3490052], [83.6263466, 26.3500072], [83.625991, 26.3524261], [83.6250492, 26.3533874], [83.6242277, 26.3533016], [83.6199, 26.3488111], [83.6182321, 26.345846], [83.6181873, 26.3422176], [83.6173409, 26.3414324], [83.6159883, 26.3435353], [83.6080491, 26.3451637], [83.5995583, 26.3487683], [83.6000386, 26.351237], [83.6092391, 26.3605935], [83.6128756, 26.365319], [83.6131008, 26.3668895], [83.6112919, 26.3700304], [83.6090324, 26.3700888], [83.5996099, 26.3641258], [83.5898123, 26.3596785], [83.58604, 26.3600521], [83.5833591, 26.3623529], [83.5815496, 26.365173], [83.5787861, 26.3728215], [83.5785244, 26.3757909], [83.5804254, 26.3834409], [83.5830398, 26.3865015], [83.5851079, 26.3903425], [83.585231, 26.3962771], [83.583266, 26.3983163], [83.5797131, 26.3983423], [83.5625927, 26.3929655], [83.5535026, 26.393426], [83.5493739, 26.3929907], [83.5471797, 26.3920553], [83.5458585, 26.3896718], [83.5469571, 26.3877228], [83.5488918, 26.3869161], [83.561414, 26.3861369], [83.5627723, 26.3852666], [83.5647735, 26.3813502], [83.5685831, 26.3780618], [83.5689402, 26.375282], [83.5685198, 26.3743793], [83.5659398, 26.3738547], [83.5581265, 26.3781566], [83.5553511, 26.3778349], [83.5540666, 26.3726533], [83.5509402, 26.3649979], [83.5469128, 26.3567912], [83.5458817, 26.3556353], [83.5448849, 26.3555491], [83.5421744, 26.3560981], [83.5392378, 26.3576984], [83.5365248, 26.3614786], [83.5351995, 26.3650701], [83.5332567, 26.3764685], [83.5333814, 26.3835222], [83.5328938, 26.3854399], [83.5299568, 26.386485], [83.5221979, 26.3834559], [83.5160006, 26.3827248], [83.5105924, 26.3845257], [83.5106919, 26.3852524], [83.5127199, 26.3866801], [83.5223866, 26.3911506], [83.5246141, 26.3937968], [83.5260931, 26.3988297], [83.524026, 26.4015721], [83.5114036, 26.4004569], [83.5019323, 26.400422], [83.4997716, 26.401237], [83.49987, 26.3983262], [83.5008733, 26.3973072], [83.5003246, 26.3949509], [83.4962951, 26.3924457], [83.4951411, 26.3909574], [83.4925752, 26.3906481], [83.4892188, 26.3914767], [83.4871213, 26.3937394], [83.4864388, 26.3978331], [83.4855782, 26.399147], [83.4853613, 26.4029425], [83.4860344, 26.4046794], [83.4920884, 26.4097968], [83.4979707, 26.4131765], [83.502258, 26.4146199], [83.5057033, 26.4174524], [83.497988, 26.4220018], [83.497285, 26.4235387], [83.4968141, 26.4333636], [83.4957428, 26.4347635], [83.4960039, 26.4351694], [83.4875817, 26.4447391], [83.4815704, 26.4551323], [83.4767505, 26.4587777], [83.4772892, 26.4613045], [83.4798377, 26.4628822], [83.4863855, 26.4623763], [83.4915834, 26.4608243], [83.4937713, 26.4626817], [83.4942053, 26.4653936], [83.4936209, 26.4675919], [83.4871904, 26.4807611], [83.4930911, 26.4889336], [83.4937447, 26.4905622], [83.4931792, 26.4917676], [83.4993676, 26.4963408], [83.5057483, 26.4953038], [83.5076979, 26.4966864], [83.5091745, 26.4946162], [83.5112899, 26.4956649], [83.5137933, 26.4949087], [83.5146605, 26.495478], [83.5146721, 26.4989799], [83.5174621, 26.4974838], [83.5186693, 26.4992131], [83.5276197, 26.496056], [83.5274373, 26.498186], [83.5323842, 26.4962081], [83.533648, 26.496385], [83.5360381, 26.4992973], [83.5373971, 26.4995915], [83.5389255, 26.5013659], [83.5415687, 26.5013945], [83.5430692, 26.5003034], [83.5438634, 26.4977812], [83.5435657, 26.4933177], [83.5445744, 26.4922984], [83.5441149, 26.4896581], [83.5462365, 26.4892261], [83.548849, 26.4898232], [83.5515913, 26.4914809], [83.5537309, 26.4945462], [83.5550528, 26.4979676], [83.5529516, 26.5056104], [83.5496814, 26.5053515], [83.5484614, 26.5070883], [83.549057, 26.5092638], [83.5513536, 26.5101089], [83.5535694, 26.5124116], [83.5683191, 26.507612], [83.5694263, 26.5103021], [83.5736524, 26.5156109], [83.577877, 26.5135183], [83.5792406, 26.5154864], [83.5820252, 26.5138265], [83.5859634, 26.5125731], [83.5925294, 26.5129087], [83.5979165, 26.5138034], [83.5999629, 26.5147785], [83.6006799, 26.5165522], [83.5998117, 26.5180638], [83.6029066, 26.5189218], [83.603734, 26.520533], [83.6072306, 26.5203395], [83.6072708, 26.5197482]]]}}, {"type": "Feature", "properties": {"name": "Brahmpur", "district": "Gorakhpur", "kind": "wasteland", "wl_pct": 2.7}, "geometry": {"type": "Polygon", "coordinates": [[[83.5445473, 26.6243287], [83.5463448, 26.6243297], [83.5493434, 26.6227157], [83.5497306, 26.6217005], [83.5491395, 26.619692], [83.5501757, 26.6167277], [83.5483633, 26.6166364], [83.5496902, 26.6144214], [83.5485607, 26.6142448], [83.5489831, 26.6133695], [83.5470418, 26.6109], [83.5496152, 26.606339], [83.5479765, 26.6028669], [83.5489709, 26.6014513], [83.5549058, 26.5993921], [83.5597147, 26.5997508], [83.5648161, 26.606969], [83.564973, 26.6139864], [83.5728554, 26.613809], [83.5729348, 26.6158443], [83.5709164, 26.6159519], [83.5712351, 26.6216562], [83.5707523, 26.6233572], [83.5820187, 26.6247646], [83.5824106, 26.6242819], [83.5853606, 26.6254179], [83.586294, 26.6251734], [83.5931142, 26.6285538], [83.5950925, 26.6287076], [83.5952635, 26.6272861], [83.5979202, 26.6251476], [83.6019923, 26.6253018], [83.6026405, 26.622689], [83.6060904, 26.6195937], [83.6084051, 26.6185742], [83.6163792, 26.6170856], [83.6198023, 26.6153349], [83.6196367, 26.6141841], [83.6182561, 26.6144187], [83.6196367, 26.6134756], [83.6193356, 26.6120857], [83.6198828, 26.6113997], [83.617935, 26.6101586], [83.6202394, 26.6094547], [83.6185278, 26.6033399], [83.6205509, 26.6032542], [83.6213089, 26.6049014], [83.622072, 26.6012912], [83.6244415, 26.5983805], [83.6267707, 26.5993236], [83.6263892, 26.5970131], [83.6271271, 26.5960293], [83.6281762, 26.5961602], [83.629436, 26.5931862], [83.6309569, 26.5915841], [83.6295765, 26.5898738], [83.6319205, 26.5888222], [83.6308512, 26.5862545], [83.6290894, 26.5866607], [83.6300431, 26.5847789], [83.6311575, 26.5855911], [83.6317747, 26.585379], [83.631087, 26.582748], [83.6280202, 26.5814665], [83.6253099, 26.5812771], [83.6257415, 26.5802932], [83.6276187, 26.5793501], [83.6288533, 26.5767642], [83.626645, 26.5744537], [83.628055, 26.5700176], [83.627237, 26.5699003], [83.6269561, 26.5712676], [83.6263839, 26.5713534], [83.625862, 26.569634], [83.6265746, 26.5684562], [83.625069, 26.5681041], [83.6254153, 26.5696295], [83.6247629, 26.5698777], [83.6245621, 26.5681809], [83.6232724, 26.5678695], [83.6233426, 26.5707893], [83.6199651, 26.5704643], [83.6191218, 26.5731043], [83.6183689, 26.5732712], [83.6170392, 26.5699226], [83.6133759, 26.5668356], [83.6131903, 26.5657119], [83.6145354, 26.5643807], [83.6127841, 26.5643399], [83.6124378, 26.5636766], [83.6147716, 26.5609916], [83.6149876, 26.5580809], [83.6122882, 26.5556979], [83.6134775, 26.5551655], [83.6158108, 26.5554274], [83.6162324, 26.5546693], [83.6140348, 26.5523451], [83.6129608, 26.5537123], [83.6113403, 26.551731], [83.6086708, 26.5514555], [83.6086308, 26.5507154], [83.6109792, 26.5500613], [83.6112402, 26.5493708], [83.6093134, 26.5490322], [83.6063284, 26.5462429], [83.60675, 26.5453449], [83.6087219, 26.5448984], [83.6088124, 26.5441177], [83.6071718, 26.5430614], [83.608361, 26.542475], [83.6079698, 26.5416671], [83.6092041, 26.5413784], [83.6056973, 26.5391216], [83.6078399, 26.5375424], [83.6080458, 26.5367346], [83.6057829, 26.5376324], [83.606596, 26.535728], [83.6029491, 26.5326363], [83.6029195, 26.529924], [83.601375, 26.5270853], [83.6015607, 26.5265212], [83.6037531, 26.5258085], [83.6022034, 26.5233803], [83.6033175, 26.5216205], [83.6010001, 26.5202798], [83.6011761, 26.5181408], [83.5998117, 26.5180638], [83.6006799, 26.5165522], [83.5999629, 26.5147785], [83.5979165, 26.5138034], [83.5925294, 26.5129087], [83.5859634, 26.5125731], [83.5820252, 26.5138265], [83.5792406, 26.5154864], [83.577877, 26.5135183], [83.5736524, 26.5156109], [83.5694263, 26.5103021], [83.5683191, 26.507612], [83.5535694, 26.5124116], [83.5513536, 26.5101089], [83.549057, 26.5092638], [83.5484614, 26.5070883], [83.5496814, 26.5053515], [83.5529516, 26.5056104], [83.5550528, 26.4979676], [83.5537309, 26.4945462], [83.5515913, 26.4914809], [83.548849, 26.4898232], [83.5462365, 26.4892261], [83.5446819, 26.4891349], [83.5440194, 26.4899514], [83.5445744, 26.4922984], [83.5435657, 26.4933177], [83.5438634, 26.4977812], [83.5430692, 26.5003034], [83.5415687, 26.5013945], [83.5398232, 26.5015967], [83.5384042, 26.5009911], [83.5373971, 26.4995915], [83.5360381, 26.4992973], [83.533648, 26.496385], [83.5323842, 26.4962081], [83.5274373, 26.498186], [83.5276197, 26.496056], [83.5186693, 26.4992131], [83.5174621, 26.4974838], [83.5146721, 26.4989799], [83.5146605, 26.495478], [83.5137933, 26.4949087], [83.5112899, 26.4956649], [83.5091745, 26.4946162], [83.5076979, 26.4966864], [83.5057483, 26.4953038], [83.4993676, 26.4963408], [83.4931792, 26.4917676], [83.48485, 26.4929069], [83.4823382, 26.4938476], [83.478268, 26.4962604], [83.4767303, 26.5003408], [83.4791935, 26.5048558], [83.4823605, 26.5178098], [83.4848076, 26.5238661], [83.4838821, 26.5249705], [83.483573, 26.5269157], [83.4828309, 26.5273134], [83.4836353, 26.5292804], [83.4757438, 26.5292547], [83.4703516, 26.5302376], [83.4688895, 26.5276934], [83.4652147, 26.5245052], [83.4624704, 26.5240827], [83.4586292, 26.5193239], [83.4542785, 26.517237], [83.4511285, 26.5175907], [83.4471617, 26.5193166], [83.4462003, 26.5221286], [83.447437, 26.5263294], [83.4522143, 26.5284073], [83.45323, 26.5298656], [83.4542614, 26.5288756], [83.4569312, 26.5300609], [83.4568814, 26.5306476], [83.4585078, 26.5318922], [83.4578083, 26.5331339], [83.4599751, 26.5350097], [83.4604628, 26.5363768], [83.4635024, 26.5353009], [83.465394, 26.5355434], [83.4665142, 26.5373839], [83.4683046, 26.5363222], [83.4695639, 26.5364162], [83.4747151, 26.5404878], [83.4790154, 26.5410397], [83.4813195, 26.542252], [83.4824343, 26.5432936], [83.4832242, 26.545572], [83.4810425, 26.5466703], [83.4729488, 26.5462473], [83.4695632, 26.5478697], [83.4657002, 26.5486303], [83.4647867, 26.5482564], [83.4643539, 26.5465283], [83.4573895, 26.5466633], [83.4531153, 26.5477578], [83.4512597, 26.5492164], [83.4442215, 26.5519457], [83.442931, 26.5505744], [83.4441039, 26.548295], [83.4437323, 26.5477987], [83.439111, 26.5477828], [83.4325212, 26.5547579], [83.4321105, 26.5562202], [83.4327192, 26.5591984], [83.4338538, 26.5601185], [83.4359767, 26.560578], [83.4390165, 26.558424], [83.4398848, 26.5586222], [83.4404005, 26.5653911], [83.4429758, 26.5668792], [83.4470201, 26.5659295], [83.4533498, 26.5606733], [83.4555277, 26.5606269], [83.4563511, 26.5612538], [83.4573409, 26.562792], [83.4564836, 26.5641193], [83.4574815, 26.5701659], [83.4606976, 26.5756245], [83.4666336, 26.5803998], [83.4730157, 26.5837351], [83.4741162, 26.5851694], [83.4761653, 26.5923568], [83.4756579, 26.5976461], [83.4761564, 26.5993877], [83.4771614, 26.6004836], [83.4775474, 26.5998109], [83.4841232, 26.5996391], [83.4850737, 26.6014028], [83.4865294, 26.6012573], [83.4868012, 26.602101], [83.4891871, 26.6034033], [83.4901277, 26.6052663], [83.4917152, 26.606339], [83.4920993, 26.6088614], [83.4910884, 26.6121113], [83.4979634, 26.6092806], [83.4995273, 26.607531], [83.5039559, 26.6068399], [83.5048785, 26.6079508], [83.5045713, 26.6088306], [83.5055499, 26.6092014], [83.5057036, 26.6110112], [83.5084796, 26.6113339], [83.5104337, 26.6151804], [83.5119786, 26.6166664], [83.5152219, 26.6166689], [83.5157386, 26.6172244], [83.5209815, 26.615703], [83.5239991, 26.6155472], [83.5305841, 26.6179796], [83.5330533, 26.6192268], [83.5363646, 26.6223832], [83.5376697, 26.6227541], [83.5404517, 26.6288931], [83.5403782, 26.6334104], [83.5442059, 26.6313187], [83.5447241, 26.6298885], [83.5459902, 26.6288828], [83.5458554, 26.6276733], [83.5440239, 26.6259755], [83.5445473, 26.6243287]]]}}, {"type": "Feature", "properties": {"name": "Bansgaon", "district": "Gorakhpur", "kind": "wasteland", "wl_pct": 1.2}, "geometry": {"type": "Polygon", "coordinates": [[[83.316533, 26.6789397], [83.3211105, 26.6763241], [83.3207303, 26.6731605], [83.3221534, 26.6698036], [83.3207343, 26.6647263], [83.3181489, 26.6621485], [83.3176125, 26.6600317], [83.3184468, 26.6589896], [83.3212895, 26.6590043], [83.3216616, 26.6579935], [83.3191711, 26.6566252], [83.3154498, 26.6560912], [83.3115104, 26.6503357], [83.3121391, 26.6486347], [83.3149612, 26.6493083], [83.3158704, 26.6488259], [83.3145074, 26.6433243], [83.3139399, 26.6432157], [83.3125229, 26.644772], [83.311037, 26.6438643], [83.3087111, 26.6451493], [83.3082042, 26.6445715], [83.3084474, 26.6410335], [83.3060174, 26.6402156], [83.304246, 26.637999], [83.3059945, 26.6364339], [83.3058105, 26.6335502], [83.3070006, 26.633289], [83.3102389, 26.634166], [83.3108721, 26.6334217], [83.3096079, 26.6311647], [83.3060794, 26.6288345], [83.3062511, 26.627237], [83.3087119, 26.626277], [83.31892, 26.625952], [83.3197334, 26.6259477], [83.3208927, 26.627126], [83.3231879, 26.625931], [83.3251851, 26.6288019], [83.3269531, 26.627426], [83.3290618, 26.6279007], [83.3298117, 26.6235641], [83.3331768, 26.6206544], [83.3347986, 26.6204202], [83.3356515, 26.6223338], [83.3367763, 26.6217926], [83.3383184, 26.6195863], [83.3376012, 26.6173207], [83.3393695, 26.6141126], [83.3425629, 26.6129762], [83.3444963, 26.6112391], [83.350611, 26.6113125], [83.3543213, 26.6101398], [83.3542665, 26.6085242], [83.3528411, 26.6063173], [83.3518472, 26.6058162], [83.3520933, 26.605189], [83.3536045, 26.6049049], [83.3582429, 26.6057855], [83.3602714, 26.6039671], [83.3583135, 26.6032584], [83.3580679, 26.6013404], [83.3550158, 26.6010918], [83.3557695, 26.5969447], [83.3576216, 26.5978926], [83.3592232, 26.5966518], [83.3590426, 26.5951986], [83.3570101, 26.5927795], [83.3562125, 26.5889481], [83.3567297, 26.5881449], [83.3587225, 26.5875088], [83.3585573, 26.5840023], [83.361504, 26.5815026], [83.3631405, 26.5782084], [83.3668095, 26.5767329], [83.3691133, 26.5738855], [83.3739464, 26.5753884], [83.374644, 26.5801494], [83.3734243, 26.5831775], [83.375949, 26.5823697], [83.3769477, 26.58019], [83.380165, 26.5812595], [83.3842754, 26.5777889], [83.3838386, 26.5755821], [83.3848773, 26.5730098], [83.3937201, 26.5719575], [83.3951353, 26.5709194], [83.3957613, 26.5634325], [83.3964184, 26.5620469], [83.3989372, 26.5602686], [83.400282, 26.5596997], [83.401085, 26.5604125], [83.4011758, 26.5622989], [83.4030235, 26.5665181], [83.407314, 26.5655018], [83.4085136, 26.5658941], [83.4098982, 26.5641924], [83.4136418, 26.5641554], [83.4153182, 26.5647776], [83.4172141, 26.5620379], [83.4156529, 26.560328], [83.4169268, 26.5582697], [83.4192663, 26.5610851], [83.4200641, 26.5609313], [83.4215894, 26.5603577], [83.4226926, 26.5583944], [83.4249854, 26.557175], [83.4300984, 26.5564918], [83.4309054, 26.5546818], [83.4317937, 26.5547988], [83.4312182, 26.557967], [83.432036, 26.5578133], [83.4323109, 26.5554079], [83.433479, 26.5532999], [83.4370798, 26.5495031], [83.4397883, 26.5476291], [83.4352365, 26.5459343], [83.4309016, 26.5466039], [83.4300934, 26.5459048], [83.4302479, 26.5436889], [83.4263349, 26.5452518], [83.418115, 26.5422083], [83.4152152, 26.5427191], [83.4141009, 26.5413655], [83.4109399, 26.5411634], [83.4087353, 26.5346609], [83.4054541, 26.5345398], [83.402869, 26.536097], [83.4022283, 26.5350729], [83.3980094, 26.5376189], [83.3970355, 26.5343743], [83.3951489, 26.5339955], [83.3949027, 26.5316037], [83.3936032, 26.531446], [83.393879, 26.5303268], [83.3954343, 26.5304304], [83.3955394, 26.5287065], [83.3965626, 26.5280565], [83.3967731, 26.5267793], [83.3958699, 26.5255113], [83.3954334, 26.525719], [83.3942784, 26.5184896], [83.3952516, 26.5179795], [83.3937214, 26.5166755], [83.3928919, 26.511574], [83.3864925, 26.5132194], [83.3833376, 26.5170149], [83.3792794, 26.5168526], [83.3754168, 26.5177372], [83.3747245, 26.5146053], [83.3760238, 26.5142714], [83.373586, 26.5103633], [83.3733352, 26.5085581], [83.3749403, 26.5055616], [83.3779398, 26.5043657], [83.3767493, 26.5003888], [83.3847105, 26.5004819], [83.3861902, 26.4989417], [83.3909498, 26.4979123], [83.3874785, 26.4924024], [83.3883959, 26.4886297], [83.3865951, 26.485534], [83.3883954, 26.4848524], [83.3857173, 26.4815496], [83.3822464, 26.4733812], [83.3783152, 26.4744148], [83.3770063, 26.4689001], [83.3758781, 26.466779], [83.3722881, 26.4615306], [83.3661565, 26.4555597], [83.3610272, 26.4581587], [83.3536374, 26.4560729], [83.351401, 26.456781], [83.3501724, 26.4583512], [83.3505332, 26.4588297], [83.3456745, 26.4602097], [83.3406004, 26.4606057], [83.3390566, 26.4592921], [83.3359225, 26.4604827], [83.3253784, 26.4604027], [83.3252919, 26.4631419], [83.3283335, 26.4680258], [83.330541, 26.4777337], [83.3335819, 26.4859571], [83.3342427, 26.4894096], [83.3258045, 26.4926023], [83.3255393, 26.494371], [83.3262605, 26.496727], [83.3309942, 26.4991383], [83.3408313, 26.4937572], [83.3454094, 26.4968451], [83.3456124, 26.5029035], [83.3441394, 26.5027228], [83.3415253, 26.5041721], [83.3415101, 26.5048265], [83.3388263, 26.5058999], [83.3399783, 26.5106248], [83.3390858, 26.5103406], [83.3348462, 26.5131916], [83.3350262, 26.5146222], [83.329352, 26.5172244], [83.3260299, 26.5201747], [83.3236672, 26.5199798], [83.3205261, 26.5216664], [83.319231, 26.5233808], [83.3194012, 26.5239676], [83.3182321, 26.5244725], [83.3188737, 26.5256506], [83.3180107, 26.5259707], [83.3200914, 26.5285438], [83.3199856, 26.5294644], [83.3169751, 26.5303703], [83.3164724, 26.5320804], [83.3085439, 26.5351637], [83.3071284, 26.5362371], [83.3057923, 26.5387546], [83.3017897, 26.5402917], [83.3044687, 26.5489664], [83.3072562, 26.549234], [83.3107512, 26.5533198], [83.3070321, 26.5548162], [83.3074826, 26.5568112], [83.3103203, 26.5610861], [83.3096725, 26.5620425], [83.3016876, 26.5632165], [83.3007417, 26.5592899], [83.2994334, 26.5575725], [83.2964563, 26.5592559], [83.2955487, 26.5582581], [83.2924366, 26.5592762], [83.2880159, 26.5590525], [83.2841711, 26.5601151], [83.2829958, 26.5614231], [83.2784471, 26.5639788], [83.2777003, 26.5629042], [83.2749746, 26.5637959], [83.2729099, 26.5606445], [83.2663947, 26.5622056], [83.2606485, 26.562553], [83.2602316, 26.56281], [83.261562, 26.5674141], [83.2578569, 26.5688056], [83.2584324, 26.57039], [83.2615015, 26.5727526], [83.2628445, 26.5747709], [83.2634126, 26.5790495], [83.2665578, 26.5860964], [83.2698212, 26.5851782], [83.2721344, 26.5804009], [83.2737157, 26.5800726], [83.2740009, 26.581025], [83.2753811, 26.5810937], [83.2758692, 26.5796229], [83.2781588, 26.5784963], [83.2776059, 26.5794932], [83.2793492, 26.5836145], [83.2902505, 26.5842663], [83.2899876, 26.5866719], [83.2912516, 26.587819], [83.2909046, 26.5887755], [83.2931395, 26.5939845], [83.2908098, 26.5947593], [83.2902336, 26.5934367], [83.2883414, 26.5931197], [83.2863438, 26.5929831], [83.2835068, 26.5940057], [83.2819009, 26.593585], [83.2819234, 26.5966356], [83.2841303, 26.5989025], [83.2851552, 26.6043636], [83.2781321, 26.6102662], [83.2787636, 26.6114986], [83.2799581, 26.6119867], [83.279982, 26.6134579], [83.2854862, 26.6138727], [83.2838513, 26.6152927], [83.2841771, 26.6159246], [83.2830008, 26.6178509], [83.2832109, 26.6188347], [83.2781773, 26.6220716], [83.2748345, 26.626564], [83.2707016, 26.6271522], [83.2690992, 26.6279542], [83.2684219, 26.6273174], [83.2650527, 26.627351], [83.2651455, 26.6300271], [83.267449, 26.6313331], [83.2679987, 26.6342217], [83.270025, 26.6367864], [83.26894, 26.6371737], [83.2708093, 26.6412953], [83.2733135, 26.643039], [83.2729951, 26.645435], [83.2699063, 26.6457577], [83.2680669, 26.6488057], [83.2688891, 26.6487444], [83.2700367, 26.6514212], [83.2729943, 26.6518521], [83.2755632, 26.6547557], [83.2745362, 26.6569215], [83.2761885, 26.6576352], [83.2773174, 26.6590936], [83.2784729, 26.6586657], [83.2793213, 26.6590815], [83.2801992, 26.6603997], [83.2795997, 26.6625158], [83.2806236, 26.6634687], [83.2818441, 26.6634334], [83.2839901, 26.6617154], [83.287009, 26.6615143], [83.2899079, 26.6603788], [83.2902983, 26.6620668], [83.2920595, 26.6644641], [83.2960267, 26.6657525], [83.298187, 26.6678242], [83.3003197, 26.6679345], [83.3038197, 26.669439], [83.3025486, 26.6699032], [83.3062091, 26.6719448], [83.3098379, 26.6772038], [83.3122531, 26.6788476], [83.3154376, 26.6795394], [83.316533, 26.6789397]]]}}, {"type": "Feature", "properties": {"name": "Uruwa", "district": "Gorakhpur", "kind": "wasteland", "wl_pct": 2.6}, "geometry": {"type": "Polygon", "coordinates": [[[83.220956, 26.5794589], [83.2197154, 26.5783903], [83.2195741, 26.5774742], [83.2207056, 26.5740438], [83.2207385, 26.5714534], [83.2289415, 26.5631171], [83.2314769, 26.5587513], [83.23443, 26.5561227], [83.2347019, 26.5518804], [83.2378319, 26.5507317], [83.2420063, 26.5452949], [83.2435461, 26.544716], [83.2471599, 26.5410937], [83.2476998, 26.5392475], [83.2489118, 26.5386073], [83.2504667, 26.5390148], [83.2498029, 26.540359], [83.2526681, 26.5400727], [83.2590384, 26.5368062], [83.2614453, 26.5381485], [83.2629872, 26.5365838], [83.2640052, 26.5370178], [83.2644239, 26.5346759], [83.2666876, 26.5336352], [83.2675689, 26.5354049], [83.2667095, 26.5370695], [83.2674842, 26.5401343], [83.267267, 26.5417678], [83.2685908, 26.5424908], [83.2695226, 26.5441477], [83.2683534, 26.5443544], [83.2682372, 26.5451711], [83.2648337, 26.5468473], [83.2652747, 26.5473531], [83.2670812, 26.5473183], [83.2729099, 26.5606445], [83.2749746, 26.5637959], [83.2777003, 26.5629042], [83.2784471, 26.5639788], [83.2829958, 26.5614231], [83.2841711, 26.5601151], [83.2872079, 26.5592099], [83.2924366, 26.5592762], [83.2955487, 26.5582581], [83.2964563, 26.5592559], [83.2994334, 26.5575725], [83.3007417, 26.5592899], [83.3016876, 26.5632165], [83.3092658, 26.5623356], [83.3103203, 26.5610861], [83.3074826, 26.5568112], [83.3070321, 26.5548162], [83.3107512, 26.5533198], [83.3072562, 26.549234], [83.3044687, 26.5489664], [83.3017897, 26.5402917], [83.3057923, 26.5387546], [83.3071284, 26.5362371], [83.3085439, 26.5351637], [83.3164724, 26.5320804], [83.3169751, 26.5303703], [83.3199856, 26.5294644], [83.3200914, 26.5285438], [83.3180107, 26.5259707], [83.3188737, 26.5256506], [83.3182321, 26.5244725], [83.3194012, 26.5239676], [83.319231, 26.5233808], [83.3205261, 26.5216664], [83.3236672, 26.5199798], [83.3260299, 26.5201747], [83.329352, 26.5172244], [83.3350262, 26.5146222], [83.3348462, 26.5131916], [83.3390858, 26.5103406], [83.3399783, 26.5106248], [83.3388263, 26.5058999], [83.3415101, 26.5048265], [83.3415253, 26.5041721], [83.3441394, 26.5027228], [83.3456124, 26.5029035], [83.3454094, 26.4968451], [83.3408313, 26.4937572], [83.3309942, 26.4991383], [83.3262605, 26.496727], [83.3255393, 26.494371], [83.3258045, 26.4926023], [83.3152868, 26.496461], [83.3121511, 26.4984453], [83.3099441, 26.4988414], [83.3027077, 26.4972494], [83.2999731, 26.4990351], [83.2949187, 26.4971685], [83.2903299, 26.4967687], [83.2895834, 26.4956131], [83.2890103, 26.4906892], [83.290953, 26.4882308], [83.2955884, 26.4861259], [83.2964726, 26.4837437], [83.2935221, 26.479184], [83.2932177, 26.4770403], [83.2831992, 26.4761993], [83.2855291, 26.4721753], [83.2869434, 26.4718738], [83.2880431, 26.4698888], [83.2880597, 26.4678129], [83.2871291, 26.4651994], [83.2878285, 26.4617836], [83.2948747, 26.4594501], [83.2985551, 26.4591452], [83.3014344, 26.4569941], [83.3051447, 26.4567388], [83.3068813, 26.4536167], [83.3079642, 26.4535766], [83.311051, 26.4473186], [83.3135891, 26.444946], [83.3190298, 26.4419968], [83.3285171, 26.4354927], [83.3348193, 26.4324303], [83.3288855, 26.4292469], [83.3192913, 26.419464], [83.3195102, 26.412406], [83.3179645, 26.4091673], [83.31213, 26.4085309], [83.3127218, 26.4075834], [83.3126729, 26.4054984], [83.3107935, 26.4055653], [83.3107191, 26.4040851], [83.3091858, 26.4037549], [83.3089713, 26.4022068], [83.3102044, 26.4016073], [83.3114432, 26.3997304], [83.3054248, 26.3994027], [83.3015809, 26.4000054], [83.3027617, 26.4029214], [83.296024, 26.4065508], [83.2940453, 26.4052319], [83.2925058, 26.4066435], [83.2909626, 26.4061778], [83.2878748, 26.4072184], [83.2865931, 26.4053673], [83.2846385, 26.4056639], [83.2863679, 26.4115634], [83.2818813, 26.410777], [83.2775147, 26.4085476], [83.27464, 26.4062575], [83.2746668, 26.4042403], [83.270302, 26.4041288], [83.2700986, 26.407414], [83.2657267, 26.4079407], [83.2678454, 26.4158966], [83.2720452, 26.4161885], [83.2713087, 26.4215313], [83.2724643, 26.4239374], [83.2671203, 26.4250256], [83.266922, 26.4226923], [83.2609479, 26.4222319], [83.2596396, 26.4172531], [83.2626069, 26.4166768], [83.2593056, 26.4111251], [83.2529099, 26.4111055], [83.2504425, 26.4126558], [83.2507462, 26.4145514], [83.248002, 26.4150963], [83.245567, 26.4141115], [83.2451801, 26.4097109], [83.2436089, 26.4072131], [83.2426967, 26.4063679], [83.2379574, 26.4046908], [83.2317268, 26.4045212], [83.2284984, 26.40575], [83.2305601, 26.4079221], [83.226545, 26.4095614], [83.2228273, 26.4096042], [83.2179665, 26.4119713], [83.2147799, 26.4077734], [83.2099614, 26.4098591], [83.208423, 26.4114133], [83.2088041, 26.4190526], [83.2077259, 26.4208202], [83.2053674, 26.4226281], [83.2050943, 26.4237164], [83.207646, 26.426574], [83.212856, 26.4275837], [83.2144954, 26.4360217], [83.2136834, 26.4410461], [83.2123539, 26.443442], [83.2121876, 26.450199], [83.2164816, 26.4516251], [83.2185669, 26.456758], [83.2125028, 26.4577599], [83.2077888, 26.4569137], [83.2088913, 26.4619375], [83.2095313, 26.4631672], [83.210508, 26.4632568], [83.2212343, 26.4623422], [83.2212895, 26.4681954], [83.2203313, 26.4697276], [83.2214922, 26.4712204], [83.2272316, 26.4706811], [83.2271303, 26.474052], [83.2297754, 26.4787146], [83.2272687, 26.4798597], [83.2258433, 26.4826684], [83.222184, 26.4840912], [83.2196149, 26.4869454], [83.2252587, 26.490686], [83.2242602, 26.4927548], [83.2200645, 26.495984], [83.2213702, 26.5003205], [83.2210737, 26.5036978], [83.2160036, 26.5048473], [83.2132747, 26.5044023], [83.2114741, 26.4997684], [83.204462, 26.5043443], [83.2001999, 26.5063774], [83.201411, 26.5022971], [83.2050918, 26.5002626], [83.1960047, 26.5003263], [83.1965113, 26.5032429], [83.1933221, 26.5130508], [83.1929684, 26.5172705], [83.1939773, 26.5182042], [83.2024619, 26.521282], [83.2046815, 26.5244849], [83.2041256, 26.5260106], [83.2016791, 26.5283451], [83.1985346, 26.5300345], [83.1970008, 26.5323775], [83.2032799, 26.5364943], [83.1972798, 26.5452388], [83.2019465, 26.545629], [83.2030758, 26.5462963], [83.2063158, 26.5527101], [83.206771, 26.556606], [83.2062978, 26.561629], [83.2056714, 26.5628253], [83.2035545, 26.5639817], [83.2025101, 26.5632467], [83.1988873, 26.5636953], [83.1909527, 26.562738], [83.192908, 26.5682833], [83.1877953, 26.5704248], [83.1966745, 26.5804345], [83.2070782, 26.5793548], [83.2196382, 26.5822443], [83.220956, 26.5794589]]]}}, {"type": "Feature", "properties": {"name": "Kauri Ram", "district": "Gorakhpur", "kind": "wasteland", "wl_pct": 3.2}, "geometry": {"type": "MultiPolygon", "coordinates": [[[[83.4535015, 26.5476041], [83.4588295, 26.5464954], [83.4643539, 26.5465283], [83.4651633, 26.5485585], [83.467075, 26.5485483], [83.4729488, 26.5462473], [83.4810425, 26.5466703], [83.4832242, 26.545572], [83.4824343, 26.5432936], [83.4813195, 26.542252], [83.4790154, 26.5410397], [83.4747151, 26.5404878], [83.4695639, 26.5364162], [83.4683046, 26.5363222], [83.4665142, 26.5373839], [83.465394, 26.5355434], [83.4635024, 26.5353009], [83.4604628, 26.5363768], [83.4599751, 26.5350097], [83.4578083, 26.5331339], [83.4585078, 26.5318922], [83.4568814, 26.5306476], [83.4569312, 26.5300609], [83.4542614, 26.5288756], [83.45323, 26.5298656], [83.4522143, 26.5284073], [83.447437, 26.5263294], [83.4462003, 26.5221286], [83.4471617, 26.5193166], [83.4511285, 26.5175907], [83.4542785, 26.517237], [83.4586292, 26.5193239], [83.4624704, 26.5240827], [83.4652147, 26.5245052], [83.4688895, 26.5276934], [83.4703516, 26.5302376], [83.4757438, 26.5292547], [83.4839312, 26.5290275], [83.4828309, 26.5273134], [83.483573, 26.5269157], [83.4838821, 26.5249705], [83.4848076, 26.5238661], [83.4823605, 26.5178098], [83.4791935, 26.5048558], [83.4767303, 26.5003408], [83.478268, 26.4962604], [83.4823382, 26.4938476], [83.48485, 26.4929069], [83.4919961, 26.4922379], [83.493695, 26.4909955], [83.4918102, 26.4869039], [83.4881753, 26.4827776], [83.4871904, 26.4807611], [83.4941007, 26.4660887], [83.4939977, 26.4633811], [83.4929278, 26.4616129], [83.4909817, 26.4608564], [83.4863855, 26.4623763], [83.4798377, 26.4628822], [83.4772892, 26.4613045], [83.471165, 26.4526305], [83.4596394, 26.4532967], [83.4592623, 26.4518483], [83.4550673, 26.4535295], [83.4506456, 26.4541637], [83.4508289, 26.4584283], [83.4496549, 26.464968], [83.4482021, 26.4669138], [83.4450643, 26.4687521], [83.438861, 26.4674914], [83.4348147, 26.4676285], [83.4326405, 26.4667348], [83.4311005, 26.470252], [83.4248322, 26.4694014], [83.4244009, 26.4691082], [83.4247558, 26.4549377], [83.4205991, 26.4538604], [83.4152548, 26.4542322], [83.4162549, 26.4470384], [83.4159476, 26.4427286], [83.4060769, 26.4431057], [83.4102557, 26.4361955], [83.3973236, 26.4410313], [83.3943314, 26.4448406], [83.3988843, 26.4490911], [83.4035776, 26.4523711], [83.4055087, 26.4555974], [83.4058197, 26.4564277], [83.4022302, 26.4574709], [83.4007665, 26.458807], [83.3966093, 26.4548635], [83.3882619, 26.4571119], [83.3783495, 26.4479919], [83.3756574, 26.4458889], [83.3723687, 26.4444538], [83.3695413, 26.4444808], [83.3633548, 26.4470122], [83.3591577, 26.453754], [83.3541993, 26.453961], [83.3528808, 26.4532026], [83.3518429, 26.4538793], [83.3513113, 26.4546825], [83.3537528, 26.4553869], [83.353507, 26.4562398], [83.3610272, 26.4581587], [83.3661565, 26.4555597], [83.3722881, 26.4615306], [83.3758781, 26.466779], [83.3770063, 26.4689001], [83.3783152, 26.4744148], [83.3822464, 26.4733812], [83.3857173, 26.4815496], [83.3883954, 26.4848524], [83.3865951, 26.485534], [83.3883959, 26.4886297], [83.3874785, 26.4924024], [83.3909498, 26.4979123], [83.3861902, 26.4989417], [83.3847105, 26.5004819], [83.3767493, 26.5003888], [83.3779398, 26.5043657], [83.3749403, 26.5055616], [83.3733352, 26.5085581], [83.373586, 26.5103633], [83.3760238, 26.5142714], [83.3747245, 26.5146053], [83.3754168, 26.5177372], [83.3792794, 26.5168526], [83.3833376, 26.5170149], [83.3864925, 26.5132194], [83.3928919, 26.511574], [83.3937214, 26.5166755], [83.3952516, 26.5179795], [83.3942784, 26.5184896], [83.3954334, 26.525719], [83.3958699, 26.5255113], [83.3967731, 26.5267793], [83.3965626, 26.5280565], [83.3955394, 26.5287065], [83.3954343, 26.5304304], [83.393879, 26.5303268], [83.3936032, 26.531446], [83.3949027, 26.5316037], [83.3951489, 26.5339955], [83.3970355, 26.5343743], [83.3980094, 26.5376189], [83.4022283, 26.5350729], [83.402869, 26.536097], [83.4054541, 26.5345398], [83.4087353, 26.5346609], [83.4109399, 26.5411634], [83.4141009, 26.5413655], [83.4152152, 26.5427191], [83.418115, 26.5422083], [83.4263349, 26.5452518], [83.4302479, 26.5436889], [83.4300934, 26.5459048], [83.4309016, 26.5466039], [83.4352365, 26.5459343], [83.4397883, 26.5476291], [83.4431802, 26.5475282], [83.4441039, 26.548295], [83.442931, 26.5505744], [83.4439907, 26.5519549], [83.4512597, 26.5492164], [83.4535015, 26.5476041]]], [[[83.3844857, 26.6330884], [83.3885122, 26.6277225], [83.3913038, 26.626788], [83.3994829, 26.6255504], [83.400578, 26.6278517], [83.4047858, 26.6263458], [83.4057049, 26.6290736], [83.4068448, 26.6293577], [83.4130197, 26.6255384], [83.415444, 26.6232859], [83.419857, 26.6221203], [83.4257916, 26.6220777], [83.4343983, 26.6236493], [83.4454725, 26.6285857], [83.4516498, 26.6303334], [83.4549889, 26.6302821], [83.4582989, 26.6247249], [83.4583069, 26.6219676], [83.4541509, 26.6165772], [83.4565955, 26.6158312], [83.4577995, 26.6145715], [83.4567269, 26.6099511], [83.4549491, 26.6091669], [83.452936, 26.6093259], [83.4471799, 26.6127315], [83.4423899, 26.6121292], [83.434667, 26.6091858], [83.4286122, 26.6086556], [83.428019, 26.6069501], [83.4290466, 26.6035831], [83.4310083, 26.6012403], [83.4388777, 26.5976403], [83.4417979, 26.5953328], [83.4432533, 26.5949667], [83.4468076, 26.5954568], [83.4509495, 26.5962535], [83.4569953, 26.5990571], [83.465735, 26.6055818], [83.4711464, 26.611174], [83.474726, 26.6112799], [83.4770292, 26.6098838], [83.4778759, 26.6080059], [83.4769445, 26.6049469], [83.4776642, 26.6014354], [83.4758044, 26.5985847], [83.4762714, 26.5931284], [83.4741162, 26.5851694], [83.4730157, 26.5837351], [83.4666336, 26.5803998], [83.4606976, 26.5756245], [83.4574815, 26.5701659], [83.4564836, 26.5641193], [83.4573409, 26.562792], [83.4555277, 26.5606269], [83.4533498, 26.5606733], [83.4464131, 26.5662773], [83.4423183, 26.5667531], [83.4403151, 26.565116], [83.4398848, 26.5586222], [83.4390165, 26.558424], [83.4359767, 26.560578], [83.4338538, 26.5601185], [83.4328699, 26.5594646], [83.4322621, 26.5576861], [83.4312182, 26.557967], [83.4317937, 26.5547988], [83.4309054, 26.5546818], [83.4300984, 26.5564918], [83.4249854, 26.557175], [83.4226926, 26.5583944], [83.4215894, 26.5603577], [83.4200641, 26.5609313], [83.4192663, 26.5610851], [83.4169268, 26.5582697], [83.4156529, 26.560328], [83.4172141, 26.5620379], [83.4153182, 26.5647776], [83.4136418, 26.5641554], [83.4098982, 26.5641924], [83.4085136, 26.5658941], [83.407314, 26.5655018], [83.4030235, 26.5665181], [83.4011758, 26.5622989], [83.401085, 26.5604125], [83.3997802, 26.5597946], [83.3964184, 26.5620469], [83.3957613, 26.5634325], [83.3951353, 26.5709194], [83.3937201, 26.5719575], [83.3848773, 26.5730098], [83.3838386, 26.5755821], [83.3842754, 26.5777889], [83.380165, 26.5812595], [83.3769477, 26.58019], [83.3762953, 26.5820086], [83.3744583, 26.5831233], [83.3734243, 26.5831775], [83.374644, 26.5801494], [83.3739464, 26.5753884], [83.3691133, 26.5738855], [83.3668095, 26.5767329], [83.3631405, 26.5782084], [83.361504, 26.5815026], [83.3585573, 26.5840023], [83.3587225, 26.5875088], [83.3567297, 26.5881449], [83.3562125, 26.5889481], [83.3570101, 26.5927795], [83.3590426, 26.5951986], [83.3592232, 26.5966518], [83.3576216, 26.5978926], [83.3557695, 26.5969447], [83.3550158, 26.6010918], [83.3580679, 26.6013404], [83.3583135, 26.6032584], [83.3608235, 26.604247], [83.3619562, 26.6056225], [83.3639319, 26.6083686], [83.3644882, 26.6141969], [83.3561421, 26.6164867], [83.3560853, 26.6225779], [83.3585396, 26.6271765], [83.3622467, 26.6270591], [83.3654151, 26.6254167], [83.3663367, 26.6272658], [83.367927, 26.6271169], [83.3691083, 26.6288521], [83.3700343, 26.628454], [83.3729767, 26.6295778], [83.3737399, 26.6338875], [83.3749752, 26.6341808], [83.3770138, 26.6336439], [83.378013, 26.6324479], [83.3798508, 26.6324659], [83.3813022, 26.6354894], [83.3804636, 26.6359994], [83.3811869, 26.6377728], [83.3829594, 26.6369515], [83.3844857, 26.6330884]]]]}}, {"type": "Feature", "properties": {"name": "Gagaha", "district": "Gorakhpur", "kind": "wasteland", "wl_pct": 3.5}, "geometry": {"type": "MultiPolygon", "coordinates": [[[[83.431987, 26.4682795], [83.4326405, 26.4667348], [83.4348147, 26.4676285], [83.438861, 26.4674914], [83.4450643, 26.4687521], [83.4482021, 26.4669138], [83.4496549, 26.464968], [83.4502051, 26.4629866], [83.4506456, 26.4541637], [83.4550673, 26.4535295], [83.4592623, 26.4518483], [83.4596394, 26.4532967], [83.471165, 26.4526305], [83.4768774, 26.4606053], [83.4767505, 26.4587777], [83.4815704, 26.4551323], [83.4875817, 26.4447391], [83.4960039, 26.4351694], [83.4957428, 26.4347635], [83.4968141, 26.4333636], [83.497285, 26.4235387], [83.497988, 26.4220018], [83.5057033, 26.4174524], [83.502258, 26.4146199], [83.4979707, 26.4131765], [83.4920884, 26.4097968], [83.4865663, 26.4053605], [83.4853613, 26.4029425], [83.4853043, 26.40102], [83.4871213, 26.3937394], [83.4900452, 26.3911466], [83.4925752, 26.3906481], [83.4951411, 26.3909574], [83.4962951, 26.3924457], [83.5006498, 26.395362], [83.5008733, 26.3973072], [83.49987, 26.3983262], [83.4997716, 26.401237], [83.5019323, 26.400422], [83.5114036, 26.4004569], [83.523189, 26.4017475], [83.5246729, 26.4011348], [83.5260931, 26.3988297], [83.5258989, 26.3972591], [83.5246141, 26.3937968], [83.5229022, 26.3916429], [83.5127199, 26.3866801], [83.5106919, 26.3852524], [83.5105924, 26.3845257], [83.5160006, 26.3827248], [83.5221979, 26.3834559], [83.5299568, 26.386485], [83.5328938, 26.3854399], [83.5333814, 26.3835222], [83.5332567, 26.3764685], [83.5346833, 26.3688545], [83.5309086, 26.3681948], [83.5300296, 26.364796], [83.5284779, 26.3632921], [83.5278285, 26.3610623], [83.5187646, 26.3627437], [83.5173518, 26.3574445], [83.4979719, 26.3607049], [83.4969604, 26.357831], [83.4946048, 26.3566822], [83.4918553, 26.3523431], [83.4906325, 26.3518161], [83.4900935, 26.3537706], [83.4879702, 26.354386], [83.4867928, 26.3541839], [83.485614, 26.3525962], [83.4842114, 26.3524755], [83.4828997, 26.35337], [83.478542, 26.3544507], [83.4753715, 26.3482081], [83.476969, 26.3478415], [83.4771187, 26.3472231], [83.4757377, 26.3430225], [83.4738169, 26.3402123], [83.4741662, 26.3386145], [83.4697439, 26.3390868], [83.4692674, 26.3381394], [83.4706391, 26.3374391], [83.4707438, 26.3367845], [83.4663755, 26.3357675], [83.4650225, 26.3347755], [83.4644216, 26.3348661], [83.463111, 26.3370873], [83.4597211, 26.3382673], [83.4594468, 26.3398514], [83.4576897, 26.3411928], [83.456667, 26.3400065], [83.4531962, 26.3403153], [83.4539565, 26.3385638], [83.4532045, 26.3377339], [83.4522533, 26.3382849], [83.4519496, 26.3410786], [83.4500056, 26.339992], [83.4479971, 26.3399524], [83.4477931, 26.3422361], [83.4466273, 26.344272], [83.4445273, 26.3420031], [83.445137, 26.3397418], [83.4462481, 26.3384054], [83.4450304, 26.337377], [83.4452848, 26.3355943], [83.4478171, 26.3325739], [83.4428415, 26.3285507], [83.4410582, 26.3278476], [83.4408934, 26.3285337], [83.4399168, 26.3287416], [83.4403635, 26.3303391], [83.4359673, 26.3323854], [83.4360279, 26.333518], [83.4353221, 26.3340464], [83.4337087, 26.3325848], [83.4330312, 26.3299541], [83.4310635, 26.3311779], [83.4283293, 26.3318243], [83.4274542, 26.3348212], [83.4280679, 26.3406833], [83.4251975, 26.3397726], [83.4247409, 26.3377826], [83.4229066, 26.3350529], [83.4200658, 26.3321837], [83.4151633, 26.3340715], [83.4177045, 26.339581], [83.4129319, 26.3417576], [83.4120702, 26.3407289], [83.4051236, 26.3424499], [83.4058509, 26.3466874], [83.4050996, 26.3468952], [83.4040838, 26.3507314], [83.398033, 26.3520412], [83.3953579, 26.3511616], [83.3931333, 26.3472853], [83.3928625, 26.3450153], [83.3934984, 26.3434944], [83.3930475, 26.3429439], [83.3901876, 26.3435354], [83.3892813, 26.3461394], [83.3890114, 26.3519205], [83.3853196, 26.3513071], [83.379494, 26.3517993], [83.3735331, 26.350635], [83.3760477, 26.3546786], [83.3727566, 26.356759], [83.3752462, 26.3638037], [83.3778564, 26.3645529], [83.389248, 26.3613074], [83.3936364, 26.3609052], [83.3986548, 26.3618865], [83.4005733, 26.3707921], [83.4035979, 26.3713556], [83.4050053, 26.3694824], [83.4069341, 26.3694098], [83.4069347, 26.3718558], [83.4093697, 26.3723336], [83.4093502, 26.3738952], [83.4064503, 26.3776234], [83.4067317, 26.3806154], [83.412413, 26.3792241], [83.4129759, 26.3845673], [83.412641, 26.3867922], [83.4081914, 26.3864909], [83.4075458, 26.3890409], [83.4155912, 26.3981368], [83.424641, 26.3974164], [83.424995, 26.4047318], [83.4144526, 26.4096225], [83.3944118, 26.4148525], [83.3918511, 26.4179713], [83.3904177, 26.4187115], [83.3892043, 26.414465], [83.385756, 26.4127414], [83.383305, 26.4103497], [83.3772158, 26.4101694], [83.3705703, 26.4111306], [83.3691067, 26.4154539], [83.3698282, 26.4187619], [83.3695674, 26.4227422], [83.3732463, 26.4264475], [83.3789956, 26.4276433], [83.383392, 26.4348006], [83.3839787, 26.438104], [83.3829714, 26.4426981], [83.3818887, 26.4447245], [83.3792317, 26.4450179], [83.3749405, 26.4442237], [83.3731508, 26.4446208], [83.3783495, 26.4479919], [83.3882619, 26.4571119], [83.3966093, 26.4548635], [83.4007665, 26.458807], [83.4022302, 26.4574709], [83.4058197, 26.4564277], [83.4055087, 26.4555974], [83.4035776, 26.4523711], [83.3988843, 26.4490911], [83.3943314, 26.4448406], [83.3973236, 26.4410313], [83.4102557, 26.4361955], [83.4060769, 26.4431057], [83.4159476, 26.4427286], [83.4162549, 26.4470384], [83.4152548, 26.4542322], [83.4205991, 26.4538604], [83.4247558, 26.4549377], [83.4244009, 26.4691082], [83.4311005, 26.470252], [83.431987, 26.4682795]]], [[[83.3020455, 26.4975695], [83.3056214, 26.4976886], [83.3090163, 26.498841], [83.3121511, 26.4984453], [83.3152868, 26.496461], [83.3342427, 26.4894096], [83.3335819, 26.4859571], [83.330541, 26.4777337], [83.3283335, 26.4680258], [83.3252919, 26.4631419], [83.3253784, 26.4604027], [83.3359225, 26.4604827], [83.3390566, 26.4592921], [83.3406004, 26.4606057], [83.3476501, 26.4599168], [83.3505332, 26.4588297], [83.3501724, 26.4583512], [83.351401, 26.456781], [83.353873, 26.4559511], [83.3535222, 26.455247], [83.3513113, 26.4546825], [83.3525149, 26.4532611], [83.3547909, 26.4540061], [83.3595338, 26.4534652], [83.3587469, 26.4516735], [83.3558847, 26.4484961], [83.353985, 26.4467944], [83.3526262, 26.4472726], [83.3515686, 26.4466407], [83.3455393, 26.4403621], [83.3475212, 26.4331058], [83.3494267, 26.4298524], [83.3492414, 26.4290129], [83.3474323, 26.4276587], [83.347934, 26.4255106], [83.3458141, 26.4240345], [83.3466865, 26.4230148], [83.3453536, 26.4216878], [83.3460758, 26.4197112], [83.3471636, 26.4191112], [83.346427, 26.4186462], [83.3468833, 26.4174956], [83.3451543, 26.4171748], [83.345761, 26.4158572], [83.3454006, 26.4142189], [83.3475058, 26.4133935], [83.3468997, 26.412387], [83.3475161, 26.4123871], [83.3534113, 26.4051585], [83.3547949, 26.4026224], [83.3441455, 26.4033832], [83.3402447, 26.4096597], [83.3390558, 26.413387], [83.3389089, 26.4185453], [83.3400955, 26.4228915], [83.3436524, 26.4291517], [83.336955, 26.4312846], [83.3285171, 26.4354927], [83.3190298, 26.4419968], [83.3135891, 26.444946], [83.311051, 26.4473186], [83.3079642, 26.4535766], [83.3068813, 26.4536167], [83.3051447, 26.4567388], [83.3014344, 26.4569941], [83.2985551, 26.4591452], [83.2948747, 26.4594501], [83.2878285, 26.4617836], [83.2871291, 26.4651994], [83.2880597, 26.4678129], [83.2880431, 26.4698888], [83.2869434, 26.4718738], [83.2855291, 26.4721753], [83.2831992, 26.4761993], [83.2932177, 26.4770403], [83.2935221, 26.479184], [83.2964726, 26.4837437], [83.2955884, 26.4861259], [83.290953, 26.4882308], [83.2890103, 26.4906892], [83.2895834, 26.4956131], [83.2903299, 26.4967687], [83.2949187, 26.4971685], [83.2999731, 26.4990351], [83.3020455, 26.4975695]]]]}}, {"type": "Feature", "properties": {"name": "Gola", "district": "Gorakhpur", "kind": "wasteland", "wl_pct": 3.6}, "geometry": {"type": "Polygon", "coordinates": [[[83.3633548, 26.4470122], [83.3695413, 26.4444808], [83.3818887, 26.4447245], [83.3838585, 26.4393314], [83.383392, 26.4348006], [83.3789956, 26.4276433], [83.3732463, 26.4264475], [83.3695674, 26.4227422], [83.3698282, 26.4187619], [83.3691067, 26.4154539], [83.3705703, 26.4111306], [83.3772158, 26.4101694], [83.383305, 26.4103497], [83.385756, 26.4127414], [83.3892043, 26.414465], [83.3904177, 26.4187115], [83.3918511, 26.4179713], [83.3944118, 26.4148525], [83.4144526, 26.4096225], [83.424995, 26.4047318], [83.424641, 26.3974164], [83.4155912, 26.3981368], [83.4075458, 26.3890409], [83.4081914, 26.3864909], [83.412641, 26.3867922], [83.4129759, 26.3845673], [83.412413, 26.3792241], [83.4067317, 26.3806154], [83.4064503, 26.3776234], [83.4093502, 26.3738952], [83.4093697, 26.3723336], [83.4069347, 26.3718558], [83.4069341, 26.3694098], [83.4050053, 26.3694824], [83.4035979, 26.3713556], [83.4005733, 26.3707921], [83.3986548, 26.3618865], [83.3936364, 26.3609052], [83.389248, 26.3613074], [83.3778564, 26.3645529], [83.3752462, 26.3638037], [83.3727566, 26.356759], [83.3760477, 26.3546786], [83.3735331, 26.350635], [83.379494, 26.3517993], [83.3853196, 26.3513071], [83.3890114, 26.3519205], [83.3892813, 26.3461394], [83.3901876, 26.3435354], [83.3930475, 26.3429439], [83.3934984, 26.3434944], [83.3928625, 26.3450153], [83.3931333, 26.3472853], [83.3953579, 26.3511616], [83.398033, 26.3520412], [83.4040838, 26.3507314], [83.4050996, 26.3468952], [83.4058509, 26.3466874], [83.4051236, 26.3424499], [83.4120702, 26.3407289], [83.4129319, 26.3417576], [83.4177045, 26.339581], [83.4151633, 26.3340715], [83.4200658, 26.3321837], [83.4229066, 26.3350529], [83.4247409, 26.3377826], [83.4251975, 26.3397726], [83.4280679, 26.3406833], [83.4274542, 26.3348212], [83.4283293, 26.3318243], [83.4310635, 26.3311779], [83.4330312, 26.3299541], [83.4337087, 26.3325848], [83.4353221, 26.3340464], [83.4360279, 26.333518], [83.4359673, 26.3323854], [83.4403635, 26.3303391], [83.4399168, 26.3287416], [83.4413236, 26.3279287], [83.4418655, 26.3207167], [83.4398615, 26.3191742], [83.4370797, 26.3187591], [83.4362993, 26.3161205], [83.4401894, 26.314634], [83.4400632, 26.3128335], [83.4389103, 26.310591], [83.4399712, 26.3093269], [83.4394993, 26.3073324], [83.4414962, 26.305445], [83.4454215, 26.3047979], [83.4457903, 26.3020267], [83.4410155, 26.2966901], [83.441581, 26.2960761], [83.4413986, 26.2923259], [83.4399894, 26.2881611], [83.4423171, 26.2876365], [83.4426082, 26.2887736], [83.4436997, 26.2889898], [83.4475942, 26.2881123], [83.4485847, 26.2868662], [83.4500164, 26.2866037], [83.4505706, 26.2844192], [83.4487285, 26.2768428], [83.4449593, 26.2771787], [83.4422505, 26.2761104], [83.4385061, 26.2763062], [83.4345158, 26.2751977], [83.4333546, 26.2755907], [83.4313585, 26.2780331], [83.4284804, 26.2788601], [83.4178545, 26.2842024], [83.4179009, 26.2740988], [83.4109695, 26.2796147], [83.405203, 26.2815701], [83.4010636, 26.2843824], [83.4000082, 26.2888145], [83.4011058, 26.2945005], [83.4007557, 26.2958139], [83.3954693, 26.3006121], [83.3910991, 26.3059921], [83.3741996, 26.3196987], [83.3682649, 26.3268291], [83.3588642, 26.3310795], [83.3498381, 26.3362771], [83.3408194, 26.3478328], [83.3392312, 26.3490961], [83.3371319, 26.3503547], [83.3347325, 26.3506879], [83.3323603, 26.3449288], [83.3246621, 26.3438025], [83.3182384, 26.3487012], [83.3179667, 26.3511742], [83.3097475, 26.349731], [83.3014875, 26.3498895], [83.2883983, 26.3572382], [83.283899, 26.3581921], [83.279532, 26.3629053], [83.2714059, 26.3688116], [83.2738422, 26.3729471], [83.2740103, 26.3755918], [83.2714936, 26.3773456], [83.2714679, 26.3780406], [83.2738003, 26.3807048], [83.274955, 26.383973], [83.2734702, 26.3858222], [83.2709752, 26.3854278], [83.267141, 26.386666], [83.2659784, 26.3921529], [83.2711844, 26.3924546], [83.2709509, 26.3957894], [83.2792741, 26.3959487], [83.2787347, 26.3998204], [83.2746668, 26.4042403], [83.27464, 26.4062575], [83.2775147, 26.4085476], [83.2818813, 26.410777], [83.2863679, 26.4115634], [83.2846385, 26.4056639], [83.2865931, 26.4053673], [83.2878748, 26.4072184], [83.2909626, 26.4061778], [83.2925058, 26.4066435], [83.2940453, 26.4052319], [83.296024, 26.4065508], [83.3027617, 26.4029214], [83.3015809, 26.4000054], [83.3054248, 26.3994027], [83.3114432, 26.3997304], [83.3102044, 26.4016073], [83.3089713, 26.4022068], [83.3091858, 26.4037549], [83.3107191, 26.4040851], [83.3107935, 26.4055653], [83.3126729, 26.4054984], [83.3127218, 26.4075834], [83.31213, 26.4085309], [83.3179645, 26.4091673], [83.3195102, 26.412406], [83.3192913, 26.419464], [83.3288855, 26.4292469], [83.3348193, 26.4324303], [83.3436524, 26.4291517], [83.3400955, 26.4228915], [83.3389089, 26.4185453], [83.3390558, 26.413387], [83.3402447, 26.4096597], [83.3441455, 26.4033832], [83.3547949, 26.4026224], [83.3534113, 26.4051585], [83.3475161, 26.4123871], [83.3468997, 26.412387], [83.3475058, 26.4133935], [83.3454006, 26.4142189], [83.345761, 26.4158572], [83.3451543, 26.4171748], [83.3468833, 26.4174956], [83.346427, 26.4186462], [83.3471636, 26.4191112], [83.3460758, 26.4197112], [83.3453536, 26.4216878], [83.3466865, 26.4230148], [83.3458141, 26.4240345], [83.347934, 26.4255106], [83.3474323, 26.4276587], [83.3492414, 26.4290129], [83.3494267, 26.4298524], [83.3475212, 26.4331058], [83.3455393, 26.4403621], [83.3515686, 26.4466407], [83.3526262, 26.4472726], [83.3542156, 26.446957], [83.3595839, 26.453199], [83.3597997, 26.4520256], [83.362417, 26.4491692], [83.3633548, 26.4470122]]]}}, {"type": "Feature", "properties": {"name": "Barhalganj", "district": "Gorakhpur", "kind": "wasteland", "wl_pct": 3.1}, "geometry": {"type": "Polygon", "coordinates": [[[83.5853206, 26.393016], [83.5851079, 26.3903425], [83.5842016, 26.3882483], [83.5798146, 26.3820733], [83.5785244, 26.3757909], [83.5796891, 26.3699696], [83.5815496, 26.365173], [83.5833591, 26.3623529], [83.58604, 26.3600521], [83.5898123, 26.3596785], [83.5996099, 26.3641258], [83.6090324, 26.3700888], [83.6112919, 26.3700304], [83.6131008, 26.3668895], [83.6128756, 26.365319], [83.6092391, 26.3605935], [83.6000386, 26.351237], [83.5995583, 26.3487683], [83.6064311, 26.3457141], [83.6145657, 26.3440587], [83.6167296, 26.3428944], [83.6173409, 26.3414324], [83.6108854, 26.3346218], [83.6198808, 26.3295499], [83.6211381, 26.3236425], [83.6221748, 26.3219276], [83.6231412, 26.3215214], [83.624849, 26.322072], [83.6280741, 26.325213], [83.6342993, 26.3287328], [83.6343996, 26.329667], [83.6367235, 26.3298383], [83.6381707, 26.3291702], [83.6381405, 26.3272027], [83.6345893, 26.3221123], [83.6289805, 26.3221713], [83.6232715, 26.3206595], [83.6226256, 26.3154696], [83.6203673, 26.3119494], [83.6200723, 26.3028015], [83.6180395, 26.3018132], [83.6184902, 26.3010279], [83.6224908, 26.2980314], [83.6251594, 26.2972958], [83.6324447, 26.3016597], [83.6397058, 26.3090513], [83.6464316, 26.3142089], [83.6514947, 26.316654], [83.6578099, 26.3184534], [83.6614452, 26.3173018], [83.6641888, 26.31541], [83.6663811, 26.3127919], [83.6680572, 26.3088607], [83.6695318, 26.2890663], [83.671043, 26.2871749], [83.6550059, 26.280703], [83.6452988, 26.2793643], [83.6382747, 26.2729839], [83.6380066, 26.248208], [83.6342327, 26.2428965], [83.6329508, 26.2314515], [83.6296076, 26.218752], [83.6260151, 26.2198939], [83.6231931, 26.2221369], [83.6231481, 26.2236443], [83.6173987, 26.2256975], [83.6134953, 26.2300568], [83.6083509, 26.2325745], [83.6082155, 26.2343482], [83.6105619, 26.239236], [83.616096, 26.2473689], [83.6052761, 26.2459191], [83.6020022, 26.2506663], [83.5986837, 26.2518887], [83.5969621, 26.2514191], [83.595361, 26.2499295], [83.5895858, 26.2484433], [83.5803406, 26.2523761], [83.5778343, 26.2497623], [83.5730935, 26.2524544], [83.5657749, 26.2552451], [83.5630653, 26.2589085], [83.5576283, 26.2611265], [83.5451336, 26.2706785], [83.5408772, 26.2729145], [83.5326709, 26.2752337], [83.5098962, 26.2781506], [83.5040953, 26.2771845], [83.4992924, 26.2791617], [83.4881792, 26.2807706], [83.4753075, 26.2796068], [83.4651401, 26.2795819], [83.4487285, 26.2768428], [83.4505706, 26.2844192], [83.4500164, 26.2866037], [83.4485847, 26.2868662], [83.4475942, 26.2881123], [83.4436997, 26.2889898], [83.4426082, 26.2887736], [83.4423171, 26.2876365], [83.4399894, 26.2881611], [83.4413986, 26.2923259], [83.441581, 26.2960761], [83.4410155, 26.2966901], [83.4451837, 26.3007769], [83.4457764, 26.3039222], [83.4454215, 26.3047979], [83.4414962, 26.305445], [83.4394993, 26.3073324], [83.4399712, 26.3093269], [83.4389103, 26.310591], [83.4400632, 26.3128335], [83.4401894, 26.314634], [83.4370002, 26.3157547], [83.4363246, 26.3165763], [83.4370797, 26.3187591], [83.4398615, 26.3191742], [83.4418152, 26.3205588], [83.4413236, 26.3279287], [83.4478171, 26.3325739], [83.4452848, 26.3355943], [83.4450801, 26.3367136], [83.4450304, 26.337377], [83.4462481, 26.3384054], [83.445137, 26.3397418], [83.4445274, 26.3421655], [83.4465371, 26.3442315], [83.4477931, 26.3422361], [83.4479971, 26.3399524], [83.4500056, 26.339992], [83.4519496, 26.3410786], [83.4522533, 26.3382849], [83.4532045, 26.3377339], [83.4539565, 26.3385638], [83.4531962, 26.3403153], [83.456667, 26.3400065], [83.4576897, 26.3411928], [83.4594468, 26.3398514], [83.4597211, 26.3382673], [83.463111, 26.3370873], [83.4644216, 26.3348661], [83.4650225, 26.3347755], [83.4663755, 26.3357675], [83.4707438, 26.3367845], [83.4706391, 26.3374391], [83.4692674, 26.3381394], [83.4697439, 26.3390868], [83.4741662, 26.3386145], [83.4738169, 26.3402123], [83.4757377, 26.3430225], [83.4771187, 26.3472231], [83.476969, 26.3478415], [83.4753715, 26.3482081], [83.478542, 26.3544507], [83.4828997, 26.35337], [83.4842114, 26.3524755], [83.485614, 26.3525962], [83.4867928, 26.3541839], [83.4879702, 26.354386], [83.4900935, 26.3537706], [83.4906325, 26.3518161], [83.4918553, 26.3523431], [83.4946048, 26.3566822], [83.4969604, 26.357831], [83.4979719, 26.3607049], [83.5173518, 26.3574445], [83.5187646, 26.3627437], [83.5278285, 26.3610623], [83.5284779, 26.3632921], [83.5300296, 26.364796], [83.5309086, 26.3681948], [83.5346833, 26.3688545], [83.5351995, 26.3650701], [83.5365248, 26.3614786], [83.5392378, 26.3576984], [83.5436275, 26.3556341], [83.5458817, 26.3556353], [83.5509402, 26.3649979], [83.5540666, 26.3726533], [83.5553511, 26.3778349], [83.5581265, 26.3781566], [83.5659398, 26.3738547], [83.5685198, 26.3743793], [83.5689402, 26.375282], [83.5685831, 26.3780618], [83.5647735, 26.3813502], [83.5627723, 26.3852666], [83.561414, 26.3861369], [83.5488918, 26.3869161], [83.5469571, 26.3877228], [83.5458585, 26.3896718], [83.5471797, 26.3920553], [83.5493739, 26.3929907], [83.5535026, 26.393426], [83.5625927, 26.3929655], [83.5821033, 26.3986364], [83.583266, 26.3983163], [83.585231, 26.3962771], [83.5853206, 26.393016]]]}}, {"type": "Feature", "properties": {"name": "Barhaj", "district": "Deoria", "kind": "wasteland", "wl_pct": 5.3}, "geometry": {"type": "Polygon", "coordinates": [[[83.6891794, 26.3861203], [83.6920669, 26.3860145], [83.696637, 26.3798724], [83.6930306, 26.3670633], [83.6942368, 26.3604223], [83.6958331, 26.3586371], [83.6952119, 26.3561076], [83.6984784, 26.3452981], [83.7226923, 26.344808], [83.7224418, 26.3438923], [83.7300044, 26.340627], [83.7288057, 26.3392591], [83.7401604, 26.3378032], [83.7385027, 26.3316647], [83.7423818, 26.3295349], [83.7414983, 26.3277423], [83.7306859, 26.3277259], [83.7305074, 26.3266945], [83.7320535, 26.3243588], [83.7329837, 26.3193008], [83.7473512, 26.3171855], [83.7475597, 26.3151489], [83.7468887, 26.3144782], [83.7479697, 26.3110308], [83.7566659, 26.310917], [83.7569734, 26.3103236], [83.758048, 26.3102611], [83.7600437, 26.3104328], [83.7608243, 26.3113749], [83.7713563, 26.309303], [83.767527, 26.3051329], [83.7719858, 26.3041281], [83.7751257, 26.3038508], [83.7759462, 26.3048016], [83.7780894, 26.3044751], [83.7797302, 26.3074597], [83.7828018, 26.3067717], [83.7828836, 26.3061105], [83.7836126, 26.3060379], [83.7836193, 26.3050537], [83.790474, 26.3047045], [83.7914599, 26.30371], [83.7910193, 26.3004832], [83.7884081, 26.298056], [83.7856963, 26.2967496], [83.7826473, 26.2959809], [83.7798843, 26.2966338], [83.7700413, 26.2959198], [83.7733522, 26.2932795], [83.773434, 26.2926183], [83.7719049, 26.2924171], [83.7717882, 26.2919071], [83.7739267, 26.2901181], [83.7705004, 26.2888311], [83.7694912, 26.2869874], [83.7663232, 26.2869906], [83.7662936, 26.2853066], [83.7675644, 26.2850195], [83.7676395, 26.2834427], [83.7668708, 26.2819274], [83.7682212, 26.2817527], [83.7685588, 26.28038], [83.7709277, 26.2794699], [83.7711487, 26.2773607], [83.7702259, 26.2770702], [83.7708761, 26.2745043], [83.7732866, 26.2739344], [83.7732898, 26.2731355], [83.7759542, 26.2722755], [83.7815031, 26.2718343], [83.7825666, 26.2705007], [83.7895976, 26.2681746], [83.7932623, 26.2691748], [83.7948344, 26.2667491], [83.7980805, 26.2582996], [83.7977703, 26.2550825], [83.7967796, 26.2526917], [83.7980292, 26.2523041], [83.797333, 26.2503639], [83.7908652, 26.250904], [83.7871956, 26.250358], [83.7848644, 26.2459547], [83.7758215, 26.2336282], [83.7715935, 26.2388694], [83.7667274, 26.2408019], [83.7627208, 26.2440437], [83.7596895, 26.2476967], [83.7572104, 26.2493284], [83.7568056, 26.2503351], [83.7578873, 26.2531285], [83.7571605, 26.254211], [83.7526141, 26.2559988], [83.7535252, 26.2605893], [83.7496421, 26.2597556], [83.7438523, 26.2638914], [83.7424232, 26.2661761], [83.7419403, 26.2638072], [83.7400364, 26.2619945], [83.7301174, 26.2581254], [83.723111, 26.2590556], [83.7196712, 26.2575912], [83.7152321, 26.2580769], [83.7077521, 26.2548455], [83.7066881, 26.2506085], [83.7009557, 26.2478186], [83.690222, 26.2412258], [83.6744672, 26.2392419], [83.6645277, 26.2366589], [83.6624054, 26.2350077], [83.6622498, 26.233365], [83.6630147, 26.231325], [83.6603721, 26.229552], [83.6447942, 26.2250329], [83.6369182, 26.2240996], [83.6313942, 26.2249078], [83.6329508, 26.2314515], [83.6342327, 26.2428965], [83.6380066, 26.248208], [83.6382747, 26.2729839], [83.6452988, 26.2793643], [83.6550059, 26.280703], [83.671043, 26.2871749], [83.6695318, 26.2890663], [83.6680572, 26.3088607], [83.6663811, 26.3127919], [83.6641888, 26.31541], [83.6596777, 26.3181055], [83.6558418, 26.3181334], [83.6464316, 26.3142089], [83.6397058, 26.3090513], [83.6324447, 26.3016597], [83.6283188, 26.2988979], [83.6251594, 26.2972958], [83.6239328, 26.2972958], [83.6210688, 26.2989339], [83.6180395, 26.3018132], [83.6200723, 26.3028015], [83.6203673, 26.3119494], [83.6226256, 26.3154696], [83.6231413, 26.3204564], [83.6289805, 26.3221713], [83.6345893, 26.3221123], [83.6381405, 26.3272027], [83.6381707, 26.3291702], [83.6367235, 26.3298383], [83.6343996, 26.329667], [83.6342993, 26.3287328], [83.6280741, 26.325213], [83.624849, 26.322072], [83.6231412, 26.3215214], [83.6221748, 26.3219276], [83.6211381, 26.3236425], [83.6198808, 26.3295499], [83.6108854, 26.3346218], [83.6181873, 26.3422176], [83.6184825, 26.3463199], [83.6199, 26.3488111], [83.6242277, 26.3533016], [83.6250492, 26.3533874], [83.625991, 26.3524261], [83.6263466, 26.3500072], [83.6291366, 26.3490052], [83.634356, 26.3484454], [83.6355634, 26.3512343], [83.6371263, 26.3519472], [83.636245, 26.3540864], [83.63617, 26.3565685], [83.6376081, 26.3600388], [83.6383796, 26.3603186], [83.6421416, 26.3586123], [83.6426678, 26.3610402], [83.6451881, 26.3635987], [83.6463956, 26.364289], [83.6484145, 26.3642255], [83.6489762, 26.3674883], [83.6460511, 26.3709636], [83.6482523, 26.3745465], [83.6501579, 26.3823793], [83.6535622, 26.3881723], [83.6557912, 26.38439], [83.6609008, 26.3842267], [83.6653867, 26.3852407], [83.66699, 26.386783], [83.6713299, 26.3873359], [83.6681616, 26.3830437], [83.6681447, 26.3816179], [83.6689576, 26.3810941], [83.6724516, 26.3814948], [83.672681, 26.3835301], [83.6740283, 26.3847684], [83.6767824, 26.3840015], [83.6813518, 26.3845303], [83.682277, 26.3861982], [83.6818488, 26.3882269], [83.6827909, 26.390045], [83.6867087, 26.3890969], [83.6871542, 26.3868264], [83.6891794, 26.3861203]]]}}, {"type": "Feature", "properties": {"name": "Belghat", "district": "Gorakhpur", "kind": "wasteland", "wl_pct": 3.9}, "geometry": {"type": "MultiPolygon", "coordinates": [[[[83.1831529, 26.4939263], [83.182726, 26.4889352], [83.188217, 26.487931], [83.1930588, 26.4919001], [83.1950325, 26.4961954], [83.1960047, 26.5003263], [83.2050918, 26.5002626], [83.201411, 26.5022971], [83.2001999, 26.5063774], [83.204462, 26.5043443], [83.2114741, 26.4997684], [83.2132747, 26.5044023], [83.2160036, 26.5048473], [83.2210737, 26.5036978], [83.2213702, 26.5003205], [83.2200645, 26.495984], [83.2242602, 26.4927548], [83.2252587, 26.490686], [83.2196149, 26.4869454], [83.222184, 26.4840912], [83.2258433, 26.4826684], [83.2272687, 26.4798597], [83.2297754, 26.4787146], [83.2271303, 26.474052], [83.2272316, 26.4706811], [83.2214922, 26.4712204], [83.2203313, 26.4697276], [83.2212895, 26.4681954], [83.2212343, 26.4623422], [83.210508, 26.4632568], [83.2095313, 26.4631672], [83.2088913, 26.4619375], [83.2077888, 26.4569137], [83.2125028, 26.4577599], [83.2185669, 26.456758], [83.2164816, 26.4516251], [83.2121876, 26.450199], [83.2123539, 26.443442], [83.2136834, 26.4410461], [83.2144954, 26.4360217], [83.212856, 26.4275837], [83.207646, 26.426574], [83.2050943, 26.4237164], [83.2053674, 26.4226281], [83.2077259, 26.4208202], [83.2088041, 26.4190526], [83.208423, 26.4114133], [83.2099614, 26.4098591], [83.2147799, 26.4077734], [83.2179665, 26.4119713], [83.2228273, 26.4096042], [83.226545, 26.4095614], [83.2305601, 26.4079221], [83.2284984, 26.40575], [83.2317268, 26.4045212], [83.2379574, 26.4046908], [83.2426967, 26.4063679], [83.2436089, 26.4072131], [83.2451801, 26.4097109], [83.245567, 26.4141115], [83.248002, 26.4150963], [83.2507462, 26.4145514], [83.2504425, 26.4126558], [83.2529099, 26.4111055], [83.2593056, 26.4111251], [83.2626069, 26.4166768], [83.2596396, 26.4172531], [83.2609479, 26.4222319], [83.266922, 26.4226923], [83.2671203, 26.4250256], [83.2724643, 26.4239374], [83.2713087, 26.4215313], [83.2720452, 26.4161885], [83.2678454, 26.4158966], [83.2657267, 26.4079407], [83.2700986, 26.407414], [83.270302, 26.4041288], [83.2746668, 26.4042403], [83.2787347, 26.3998204], [83.2793528, 26.3977178], [83.2792741, 26.3959487], [83.2709509, 26.3957894], [83.2711844, 26.3924546], [83.2659784, 26.3921529], [83.267141, 26.386666], [83.2709752, 26.3854278], [83.2734702, 26.3858222], [83.274955, 26.383973], [83.2738003, 26.3807048], [83.2714679, 26.3780406], [83.2714936, 26.3773456], [83.2740103, 26.3755918], [83.2738422, 26.3729471], [83.2714059, 26.3688116], [83.2684146, 26.3693284], [83.2655707, 26.3728553], [83.261972, 26.3743011], [83.2590525, 26.3778459], [83.2526479, 26.3792487], [83.2498976, 26.3835606], [83.2443925, 26.387407], [83.2419784, 26.3884741], [83.2359059, 26.3889934], [83.2298324, 26.3940298], [83.2253789, 26.3955403], [83.2115017, 26.3934643], [83.2082947, 26.3934436], [83.2039509, 26.394421], [83.1982125, 26.3931603], [83.1877567, 26.3969742], [83.1838533, 26.3975761], [83.1771628, 26.3962744], [83.1701916, 26.3940339], [83.1651561, 26.3956555], [83.1583113, 26.3968757], [83.1479775, 26.392419], [83.1438929, 26.3880782], [83.1388168, 26.3863683], [83.1321726, 26.3854302], [83.1193601, 26.3927592], [83.1166742, 26.3933592], [83.1096991, 26.3922484], [83.0987647, 26.3948418], [83.0948512, 26.394155], [83.0895454, 26.3916266], [83.087055, 26.3913371], [83.067767, 26.4081513], [83.0781213, 26.4144135], [83.0786858, 26.4191071], [83.08094, 26.4223074], [83.0862231, 26.4215778], [83.0880265, 26.4246787], [83.0907032, 26.4244492], [83.0927574, 26.4272657], [83.0935794, 26.4273967], [83.0965053, 26.4330205], [83.0925601, 26.4337281], [83.0947296, 26.4374607], [83.0948746, 26.4388372], [83.0963381, 26.4399793], [83.0973251, 26.4427233], [83.097685, 26.4466721], [83.0970923, 26.4517986], [83.0946394, 26.456636], [83.091003, 26.4613285], [83.0887211, 26.4632956], [83.0835857, 26.4660108], [83.0865108, 26.4757956], [83.0876942, 26.4755658], [83.0915543, 26.4794026], [83.095118, 26.4862133], [83.0974901, 26.4859566], [83.0982471, 26.4873016], [83.1021038, 26.4862327], [83.1027504, 26.4880875], [83.1178807, 26.4891767], [83.1221937, 26.4922998], [83.1242249, 26.4914108], [83.1271537, 26.4932159], [83.1317628, 26.4934369], [83.1352035, 26.4951651], [83.1441463, 26.4978042], [83.143946, 26.5001645], [83.1444527, 26.500863], [83.1554175, 26.5031763], [83.1571534, 26.5049088], [83.1669549, 26.5067565], [83.1703657, 26.506742], [83.1695426, 26.5055237], [83.1706752, 26.502942], [83.1696872, 26.5003773], [83.176882, 26.4968213], [83.1769168, 26.4962076], [83.1831529, 26.4939263]]], [[[83.1915309, 26.5646377], [83.1909527, 26.562738], [83.1988873, 26.5636953], [83.2025101, 26.5632467], [83.2035545, 26.5639817], [83.2056714, 26.5628253], [83.2062978, 26.561629], [83.206771, 26.556606], [83.2063158, 26.5527101], [83.2030758, 26.5462963], [83.2019465, 26.545629], [83.1972798, 26.5452388], [83.2032799, 26.5364943], [83.1970008, 26.5323775], [83.1995224, 26.5292713], [83.1885169, 26.5318625], [83.1867354, 26.5310284], [83.1808628, 26.5250152], [83.178625, 26.5243707], [83.1744718, 26.5257576], [83.170701, 26.5304116], [83.1613717, 26.536994], [83.1557329, 26.5387237], [83.153922, 26.5402765], [83.1527392, 26.5457553], [83.1593847, 26.5532903], [83.161253, 26.5584253], [83.1740684, 26.5564224], [83.1739291, 26.5593828], [83.1768706, 26.5612727], [83.1769618, 26.5630732], [83.1757135, 26.5659031], [83.1749727, 26.5704975], [83.1709638, 26.5730847], [83.1706886, 26.5750117], [83.1774907, 26.5786331], [83.1788627, 26.5824143], [83.1923603, 26.5756214], [83.1877953, 26.5704248], [83.1926824, 26.5686444], [83.1915309, 26.5646377]]]]}}, {"type": "Feature", "properties": {"name": "Khajni", "district": "Gorakhpur", "kind": "wasteland", "wl_pct": 2.3}, "geometry": {"type": "Polygon", "coordinates": [[[83.2221881, 26.7014061], [83.2214425, 26.6990149], [83.2217824, 26.6969749], [83.2229627, 26.6965003], [83.2250135, 26.697451], [83.227551, 26.692237], [83.228575, 26.6912616], [83.2333568, 26.690193], [83.2362824, 26.6919507], [83.2384563, 26.6904959], [83.2387007, 26.6886816], [83.2365871, 26.6849693], [83.2370481, 26.6837686], [83.2382633, 26.683208], [83.2398762, 26.6836535], [83.2424607, 26.6859122], [83.2459692, 26.6830076], [83.2503197, 26.6836216], [83.2523952, 26.6875766], [83.2576912, 26.6916516], [83.2596855, 26.6967842], [83.2624194, 26.695929], [83.2684389, 26.6899046], [83.2691942, 26.6881407], [83.2700482, 26.6882136], [83.2707197, 26.6899424], [83.2694863, 26.6928658], [83.271569, 26.6952906], [83.2771496, 26.6907503], [83.2777732, 26.6842073], [83.2801798, 26.6777106], [83.2804379, 26.6692764], [83.2817308, 26.666854], [83.2796377, 26.6651874], [83.2766478, 26.6666835], [83.274795, 26.6659557], [83.2743818, 26.662099], [83.276814, 26.658485], [83.2745362, 26.6569215], [83.2755632, 26.6547557], [83.2729943, 26.6518521], [83.2700367, 26.6514212], [83.2688891, 26.6487444], [83.2680669, 26.6488057], [83.2699063, 26.6457577], [83.2729951, 26.645435], [83.2732437, 26.6425786], [83.2721891, 26.6426004], [83.2708093, 26.6412953], [83.26894, 26.6371737], [83.270025, 26.6367864], [83.2679987, 26.6342217], [83.267449, 26.6313331], [83.2651455, 26.6300271], [83.2650527, 26.627351], [83.2684219, 26.6273174], [83.2690992, 26.6279542], [83.2707016, 26.6271522], [83.2748345, 26.626564], [83.2781773, 26.6220716], [83.2832109, 26.6188347], [83.2830008, 26.6178509], [83.2841771, 26.6159246], [83.2838513, 26.6152927], [83.2854862, 26.6138727], [83.279982, 26.6134579], [83.2799581, 26.6119867], [83.2787636, 26.6114986], [83.2781321, 26.6102662], [83.2851552, 26.6043636], [83.2841303, 26.5989025], [83.2819234, 26.5966356], [83.2819009, 26.593585], [83.2835068, 26.5940057], [83.2863438, 26.5929831], [83.2883414, 26.5931197], [83.2902336, 26.5934367], [83.2908098, 26.5947593], [83.2931395, 26.5939845], [83.2909046, 26.5887755], [83.2912516, 26.587819], [83.2899876, 26.5866719], [83.2902505, 26.5842663], [83.2793492, 26.5836145], [83.2776059, 26.5794932], [83.2781588, 26.5784963], [83.2758692, 26.5796229], [83.2753811, 26.5810937], [83.2740009, 26.581025], [83.2737157, 26.5800726], [83.2721344, 26.5804009], [83.2698212, 26.5851782], [83.2665578, 26.5860964], [83.2634126, 26.5790495], [83.2628445, 26.5747709], [83.2615015, 26.5727526], [83.2580766, 26.5698978], [83.2578569, 26.5688056], [83.261562, 26.5674141], [83.2602316, 26.56281], [83.2663947, 26.5622056], [83.2729099, 26.5606445], [83.2670812, 26.5473183], [83.2652747, 26.5473531], [83.2648337, 26.5468473], [83.2682372, 26.5451711], [83.2683534, 26.5443544], [83.2695226, 26.5441477], [83.2685908, 26.5424908], [83.267267, 26.5417678], [83.2674842, 26.5401343], [83.2667095, 26.5370695], [83.2675689, 26.5354049], [83.2668782, 26.5336264], [83.264665, 26.534428], [83.2640052, 26.5370178], [83.2629872, 26.5365838], [83.2614453, 26.5381485], [83.2590384, 26.5368062], [83.2526681, 26.5400727], [83.2498029, 26.540359], [83.2504667, 26.5390148], [83.2489118, 26.5386073], [83.2476998, 26.5392475], [83.2471599, 26.5410937], [83.2435461, 26.544716], [83.2420063, 26.5452949], [83.2378319, 26.5507317], [83.2347019, 26.5518804], [83.23443, 26.5561227], [83.2314769, 26.5587513], [83.2289415, 26.5631171], [83.2207385, 26.5714534], [83.2207056, 26.5740438], [83.2195741, 26.5774742], [83.2210216, 26.5800005], [83.2196382, 26.5822443], [83.2070782, 26.5793548], [83.1966745, 26.5804345], [83.1923603, 26.5756214], [83.1788627, 26.5824143], [83.1774907, 26.5786331], [83.1706886, 26.5750117], [83.1709638, 26.5730847], [83.1749727, 26.5704975], [83.1757135, 26.5659031], [83.1769618, 26.5630732], [83.1768706, 26.5612727], [83.1739291, 26.5593828], [83.1740684, 26.5564224], [83.161253, 26.5584253], [83.1593847, 26.5532903], [83.1527392, 26.5457553], [83.1526191, 26.5472084], [83.1478392, 26.5567358], [83.1398813, 26.5623734], [83.141091, 26.5643679], [83.143741, 26.5659154], [83.1448609, 26.5708839], [83.1418558, 26.5785515], [83.1392512, 26.5797296], [83.1369373, 26.5798562], [83.1389405, 26.5844726], [83.1378966, 26.5848789], [83.1393875, 26.5868598], [83.1372852, 26.594437], [83.1346801, 26.5955789], [83.1326772, 26.5954527], [83.130067, 26.5975242], [83.1273312, 26.5953852], [83.1245954, 26.5943382], [83.1226729, 26.5945458], [83.120374, 26.5923254], [83.1191492, 26.5922803], [83.1170057, 26.5934895], [83.1176431, 26.5952947], [83.1168499, 26.5964093], [83.1179391, 26.5982506], [83.1127081, 26.6006059], [83.1094551, 26.6013547], [83.1109507, 26.6042746], [83.1105489, 26.6051771], [83.1112013, 26.6076502], [83.1083897, 26.6091707], [83.1084647, 26.6112286], [83.1074856, 26.6118151], [83.1079523, 26.6135345], [83.108941, 26.6161701], [83.1097191, 26.6172036], [83.1103868, 26.617118], [83.1105874, 26.6189772], [83.1122189, 26.6203989], [83.1147193, 26.6200516], [83.1161853, 26.6222269], [83.1182087, 26.6220013], [83.1195544, 26.6198533], [83.1323374, 26.6200292], [83.1389296, 26.6193383], [83.143599, 26.6203757], [83.1451158, 26.6227357], [83.1471691, 26.6216433], [83.1510092, 26.6180821], [83.1538299, 26.613844], [83.157871, 26.6122411], [83.160105, 26.612182], [83.1649089, 26.6100958], [83.1681985, 26.6135877], [83.1703478, 26.6147514], [83.1836061, 26.6126661], [83.1954696, 26.6129], [83.1974896, 26.61576], [83.2018745, 26.6260423], [83.2051449, 26.6283736], [83.1976955, 26.6317712], [83.1952664, 26.633591], [83.2000951, 26.6383767], [83.196829, 26.6432701], [83.1948108, 26.6442188], [83.1934394, 26.6433305], [83.1931975, 26.6419903], [83.1875713, 26.638667], [83.1834816, 26.6345486], [83.1834328, 26.6374142], [83.1818973, 26.6394004], [83.1831308, 26.6458847], [83.1802481, 26.6457911], [83.1764996, 26.652002], [83.1747726, 26.6535234], [83.1747027, 26.6543719], [83.172378, 26.6560695], [83.1697667, 26.6569774], [83.1749961, 26.6824591], [83.1774543, 26.6861992], [83.1768974, 26.6877383], [83.1775418, 26.6907435], [83.1820822, 26.6983638], [83.1867372, 26.7031859], [83.1824384, 26.7075154], [83.182459, 26.7086255], [83.1848005, 26.7084621], [83.1868113, 26.710334], [83.1901081, 26.7112621], [83.1906214, 26.7124939], [83.1951547, 26.7139763], [83.1995513, 26.7137485], [83.2030379, 26.7127223], [83.203086, 26.7094866], [83.2020844, 26.7069375], [83.2017202, 26.7034719], [83.2032761, 26.7010252], [83.2035614, 26.6992199], [83.2078814, 26.6982111], [83.2081285, 26.6993031], [83.2060141, 26.7005679], [83.2089992, 26.7013243], [83.2090956, 26.7026645], [83.2081016, 26.7038655], [83.206047, 26.7043946], [83.2058616, 26.7050942], [83.2066712, 26.706073], [83.2102795, 26.7069373], [83.213569, 26.7113668], [83.2122955, 26.7150725], [83.2127586, 26.7161327], [83.2179211, 26.7183091], [83.2194757, 26.7144633], [83.2277266, 26.7088527], [83.2260744, 26.7041697], [83.2221881, 26.7014061]]]}}, {"type": "Feature", "properties": {"name": "Pali", "district": "Gorakhpur", "kind": "wasteland", "wl_pct": 2.2}, "geometry": {"type": "Polygon", "coordinates": [[[83.2439443, 26.8921423], [83.2480243, 26.888569], [83.254204, 26.8884307], [83.2385856, 26.878652], [83.2361549, 26.8762748], [83.2351407, 26.8736915], [83.243796, 26.8705075], [83.2469028, 26.8665007], [83.2481426, 26.8636825], [83.2507417, 26.8636528], [83.2507238, 26.8556077], [83.2502627, 26.854288], [83.2479676, 26.8523196], [83.2473628, 26.8541075], [83.2437934, 26.8519761], [83.2371358, 26.8502261], [83.242159, 26.8427446], [83.2426984, 26.8389761], [83.245828, 26.8348083], [83.245896, 26.8325836], [83.2453016, 26.8317538], [83.238812, 26.8310235], [83.237658, 26.8289081], [83.2347548, 26.8279536], [83.2330017, 26.8250217], [83.2339948, 26.8220743], [83.241974, 26.8144009], [83.2479566, 26.8075277], [83.2470606, 26.7979222], [83.2479343, 26.7908308], [83.2428194, 26.7904606], [83.2345203, 26.7932742], [83.2324772, 26.7913721], [83.224504, 26.7884412], [83.2224062, 26.7840556], [83.2184912, 26.7787295], [83.2157778, 26.7828687], [83.2135246, 26.7846056], [83.2087598, 26.7858542], [83.2050779, 26.7860299], [83.2021014, 26.791154], [83.1871872, 26.7917314], [83.1823145, 26.7804289], [83.1768517, 26.7814301], [83.1715465, 26.7802078], [83.1699913, 26.7820361], [83.1664151, 26.7835815], [83.1613182, 26.7624458], [83.1428364, 26.7639877], [83.144683, 26.7653094], [83.1423408, 26.7675254], [83.1420243, 26.7694343], [83.1375351, 26.7720477], [83.1349058, 26.7720208], [83.1339255, 26.772788], [83.1337999, 26.7740065], [83.1354794, 26.776565], [83.1340213, 26.7772465], [83.1332018, 26.7771608], [83.1283299, 26.7730139], [83.1282997, 26.7715653], [83.1299737, 26.7695751], [83.1255647, 26.7656222], [83.1176269, 26.7635461], [83.1131979, 26.7644302], [83.1097494, 26.7641998], [83.1062699, 26.768351], [83.1098086, 26.7725302], [83.1088278, 26.775143], [83.1116786, 26.7746603], [83.1099991, 26.7770474], [83.1111403, 26.7772777], [83.1114215, 26.7792633], [83.1134779, 26.7800306], [83.1145537, 26.7816236], [83.1132262, 26.7832481], [83.1128788, 26.7868266], [83.1115462, 26.7888166], [83.1099672, 26.7898408], [83.1112941, 26.7937308], [83.1092674, 26.7952107], [83.1076585, 26.7939877], [83.1055062, 26.7943574], [83.1037661, 26.7962028], [83.1051736, 26.7991633], [83.1027094, 26.7997586], [83.1018843, 26.801717], [83.099606, 26.8027409], [83.0973572, 26.8067478], [83.100173, 26.8085083], [83.1069771, 26.8100436], [83.1083096, 26.8112125], [83.1085961, 26.8129454], [83.1117899, 26.8111587], [83.1132131, 26.8115244], [83.1167886, 26.8151618], [83.1199871, 26.8198506], [83.1198561, 26.8256223], [83.1224513, 26.8289211], [83.1214705, 26.8301981], [83.1187492, 26.8302567], [83.1180851, 26.8316195], [83.1184673, 26.8348867], [83.120298, 26.8397198], [83.1183059, 26.840884], [83.1185071, 26.8422242], [83.1201972, 26.8447919], [83.1208158, 26.84819], [83.1231502, 26.847107], [83.1252078, 26.8474771], [83.1264303, 26.8486458], [83.1266215, 26.8500086], [83.1345361, 26.8626527], [83.1320657, 26.8634831], [83.1306721, 26.8652702], [83.1328257, 26.8673188], [83.1336511, 26.870076], [83.1347279, 26.8696923], [83.1354828, 26.8712175], [83.1310851, 26.8729732], [83.1335862, 26.8769803], [83.1298826, 26.8770662], [83.1311507, 26.8781175], [83.1324492, 26.880816], [83.1341552, 26.8812717], [83.1357106, 26.8859602], [83.1378296, 26.8894844], [83.1385897, 26.8901386], [83.1403307, 26.8882341], [83.1446726, 26.8809277], [83.1474902, 26.8783732], [83.1497337, 26.8743655], [83.1528077, 26.8722351], [83.1585996, 26.8728295], [83.1623353, 26.8789657], [83.1651891, 26.8804721], [83.1688321, 26.8795595], [83.1731031, 26.8764896], [83.1747185, 26.8764032], [83.1791525, 26.8781074], [83.1799117, 26.8769429], [83.1821759, 26.8763463], [83.1825487, 26.8770546], [83.181633, 26.8774837], [83.1822928, 26.8787018], [83.1849048, 26.8792648], [83.1880998, 26.8783203], [83.1893533, 26.8793125], [83.191225, 26.878716], [83.1934351, 26.8803485], [83.1946428, 26.8801313], [83.1966464, 26.8815518], [83.1976926, 26.8807074], [83.1989408, 26.8809053], [83.1993276, 26.8799484], [83.2031313, 26.8789085], [83.2052814, 26.8809695], [83.2078926, 26.8801242], [83.2081707, 26.8819065], [83.2092627, 26.8819103], [83.2097046, 26.880606], [83.2111397, 26.8818235], [83.2135105, 26.8825982], [83.2166402, 26.8820862], [83.2167428, 26.8843696], [83.2154455, 26.8858776], [83.2156674, 26.8864732], [83.2136403, 26.8876658], [83.2167599, 26.8940864], [83.2190934, 26.8910422], [83.2211104, 26.8896735], [83.2226953, 26.8892527], [83.2251316, 26.8898151], [83.2266424, 26.8910054], [83.226384, 26.8948006], [83.227367, 26.8963928], [83.2327976, 26.90184], [83.2439443, 26.8921423]]]}}, {"type": "Feature", "properties": {"name": "Sahjanawa", "district": "Gorakhpur", "kind": "wasteland", "wl_pct": 2.9}, "geometry": {"type": "Polygon", "coordinates": [[[83.191552, 26.791322], [83.2021014, 26.791154], [83.2050779, 26.7860299], [83.2087598, 26.7858542], [83.2135246, 26.7846056], [83.2157778, 26.7828687], [83.2184912, 26.7787295], [83.2224062, 26.7840556], [83.224504, 26.7884412], [83.2324772, 26.7913721], [83.2315649, 26.789215], [83.2326291, 26.7872873], [83.2406865, 26.7797133], [83.2423732, 26.7721352], [83.2406045, 26.7681745], [83.2426481, 26.7657089], [83.2452591, 26.7580216], [83.2466661, 26.7555648], [83.2425691, 26.7557946], [83.2392794, 26.7548848], [83.2386143, 26.7539208], [83.2390926, 26.752588], [83.2257955, 26.7411831], [83.2214857, 26.7384197], [83.2216907, 26.7371786], [83.219883, 26.7330553], [83.2202053, 26.7277572], [83.2194698, 26.725587], [83.2195028, 26.7228839], [83.2275213, 26.7264389], [83.2330103, 26.7276667], [83.2331427, 26.7242686], [83.232031, 26.7230917], [83.223607, 26.7213152], [83.2216054, 26.7193851], [83.2153425, 26.71753], [83.2127586, 26.7161327], [83.2122955, 26.7150725], [83.213569, 26.7113668], [83.2102795, 26.7069373], [83.2066712, 26.706073], [83.2058616, 26.7050942], [83.206047, 26.7043946], [83.2081016, 26.7038655], [83.2090956, 26.7026645], [83.2089992, 26.7013243], [83.2060141, 26.7005679], [83.2081285, 26.6993031], [83.2082534, 26.698405], [83.2035614, 26.6992199], [83.2032761, 26.7010252], [83.2017202, 26.7034719], [83.2020844, 26.7069375], [83.203086, 26.7094866], [83.2030379, 26.7127223], [83.1995513, 26.7137485], [83.1951547, 26.7139763], [83.1906214, 26.7124939], [83.1901081, 26.7112621], [83.1868113, 26.710334], [83.1848005, 26.7084621], [83.182459, 26.7086255], [83.1824384, 26.7075154], [83.1867372, 26.7031859], [83.1820822, 26.6983638], [83.1775418, 26.6907435], [83.1768974, 26.6877383], [83.1774543, 26.6861992], [83.1749961, 26.6824591], [83.1697667, 26.6569774], [83.172378, 26.6560695], [83.1747027, 26.6543719], [83.1747726, 26.6535234], [83.1764996, 26.652002], [83.1802481, 26.6457911], [83.1831308, 26.6458847], [83.1818973, 26.6394004], [83.1834328, 26.6374142], [83.1834816, 26.6345486], [83.1860341, 26.6374627], [83.1931975, 26.6419903], [83.1934394, 26.6433305], [83.1950518, 26.6442187], [83.196829, 26.6432701], [83.2000951, 26.6383767], [83.1952664, 26.633591], [83.1976955, 26.6317712], [83.2051449, 26.6283736], [83.2018745, 26.6260423], [83.1974896, 26.61576], [83.1954696, 26.6129], [83.1836061, 26.6126661], [83.1703478, 26.6147514], [83.1681985, 26.6135877], [83.1649089, 26.6100958], [83.160105, 26.612182], [83.157871, 26.6122411], [83.1538299, 26.613844], [83.1510092, 26.6180821], [83.1471691, 26.6216433], [83.1451158, 26.6227357], [83.143599, 26.6203757], [83.1389296, 26.6193383], [83.1323374, 26.6200292], [83.1207493, 26.6198669], [83.1224915, 26.623441], [83.1256697, 26.6240096], [83.1275828, 26.6277192], [83.1330309, 26.6312705], [83.1351755, 26.6362525], [83.13505, 26.6369068], [83.128502, 26.6385453], [83.1347647, 26.6472004], [83.1313147, 26.6499804], [83.1325256, 26.6580085], [83.1266242, 26.6595927], [83.1203259, 26.6599401], [83.1171768, 26.6589788], [83.1153587, 26.6593126], [83.1145952, 26.6602196], [83.1110995, 26.6595921], [83.1074434, 26.6573262], [83.1036013, 26.6575648], [83.1010898, 26.6585934], [83.100778, 26.6607594], [83.1016462, 26.6638373], [83.104624, 26.6676285], [83.1047838, 26.672615], [83.1129207, 26.6782975], [83.1162909, 26.6845659], [83.1094283, 26.6865148], [83.1056412, 26.6822588], [83.1023507, 26.6824614], [83.1001654, 26.6828085], [83.0982511, 26.684162], [83.0974119, 26.685263], [83.0973209, 26.6874425], [83.0913277, 26.6871886], [83.0894284, 26.688041], [83.0883728, 26.6899406], [83.0881962, 26.6921563], [83.0898718, 26.7004015], [83.0877617, 26.6996969], [83.0845562, 26.699705], [83.0832346, 26.7002914], [83.0827215, 26.7020015], [83.0836097, 26.7050839], [83.086527, 26.7106489], [83.0862901, 26.713009], [83.0929556, 26.7218511], [83.0940363, 26.7210075], [83.0989261, 26.7201871], [83.0993485, 26.7189733], [83.1004037, 26.7187749], [83.1019368, 26.717092], [83.1017818, 26.7134637], [83.1078119, 26.7112037], [83.1087565, 26.712165], [83.1090704, 26.7153342], [83.1072635, 26.7159871], [83.1057656, 26.718681], [83.1066197, 26.7191008], [83.1061972, 26.7219978], [83.1074129, 26.7245251], [83.1142779, 26.7208841], [83.1176801, 26.7202209], [83.1186901, 26.7214394], [83.1189662, 26.7257491], [83.1203531, 26.7274549], [83.1222176, 26.725862], [83.1254742, 26.7263809], [83.1273085, 26.7252076], [83.1278662, 26.7256815], [83.1277557, 26.7271436], [83.1296855, 26.7277573], [83.1302936, 26.7287365], [83.1316455, 26.7279512], [83.1312886, 26.7271976], [83.1317861, 26.7265298], [83.133555, 26.7256045], [83.1334949, 26.7269765], [83.1348619, 26.7293139], [83.1317361, 26.7303611], [83.1323745, 26.7331092], [83.1308166, 26.7345488], [83.131083, 26.7355552], [83.1391802, 26.7394987], [83.1399898, 26.7422288], [83.1432467, 26.7427564], [83.1443376, 26.7436949], [83.1386993, 26.7530628], [83.1390513, 26.7544571], [83.1403131, 26.7554227], [83.1419919, 26.7538025], [83.1430324, 26.7536895], [83.1432545, 26.7601381], [83.1421792, 26.7634054], [83.1428364, 26.7639877], [83.1470911, 26.7638428], [83.1613182, 26.7624458], [83.1664151, 26.7835815], [83.1699913, 26.7820361], [83.1715465, 26.7802078], [83.1768517, 26.7814301], [83.1823145, 26.7804289], [83.1871872, 26.7917314], [83.191552, 26.791322]]]}}, {"type": "Feature", "properties": {"name": "Piprauli", "district": "Gorakhpur", "kind": "wasteland", "wl_pct": 6.0}, "geometry": {"type": "Polygon", "coordinates": [[[83.3256772, 26.7680407], [83.3287796, 26.7665164], [83.3305086, 26.7677535], [83.3314798, 26.7650823], [83.3336117, 26.7641082], [83.3311707, 26.7583764], [83.3316995, 26.7560796], [83.3431328, 26.7474827], [83.3450736, 26.7447258], [83.3489243, 26.7422175], [83.3508759, 26.7357376], [83.3430009, 26.7338452], [83.3385732, 26.733623], [83.3213021, 26.7390418], [83.3158486, 26.7394773], [83.3122057, 26.7377158], [83.3094967, 26.7378004], [83.3082609, 26.7367303], [83.3084722, 26.7362701], [83.3111564, 26.7355989], [83.3111316, 26.7350754], [83.313776, 26.7336416], [83.3213959, 26.7318351], [83.3230336, 26.7333745], [83.3246421, 26.7328832], [83.3267031, 26.7319453], [83.3271709, 26.7308624], [83.3268447, 26.7295852], [83.331263, 26.7274746], [83.3289519, 26.7260705], [83.3255676, 26.71935], [83.3310205, 26.7179438], [83.3319039, 26.7205614], [83.3507604, 26.7120099], [83.3503551, 26.7036432], [83.3453757, 26.7039987], [83.3437033, 26.7015435], [83.3446788, 26.6988134], [83.3503462, 26.6983272], [83.3536875, 26.697001], [83.363917, 26.6953416], [83.3731815, 26.6901072], [83.3731421, 26.6885583], [83.3832492, 26.6872234], [83.3828774, 26.6859373], [83.3835099, 26.6839568], [83.3823897, 26.6818352], [83.3797921, 26.6709371], [83.3829466, 26.6694477], [83.3800381, 26.6660092], [83.3825041, 26.6625703], [83.3848244, 26.6614149], [83.3967178, 26.6604795], [83.4032926, 26.661435], [83.4125087, 26.6600882], [83.4177628, 26.6615443], [83.4199979, 26.6615707], [83.4209439, 26.653276], [83.4259127, 26.6459366], [83.4254744, 26.6427913], [83.4225206, 26.6404457], [83.4063042, 26.6355674], [83.4015533, 26.6333345], [83.4016886, 26.6315791], [83.4057049, 26.6290736], [83.4047858, 26.6263458], [83.400578, 26.6278517], [83.3994829, 26.6255504], [83.3885122, 26.6277225], [83.3844857, 26.6330884], [83.3829594, 26.6369515], [83.3811869, 26.6377728], [83.3804636, 26.6359994], [83.3813022, 26.6354894], [83.3798508, 26.6324659], [83.378013, 26.6324479], [83.3770138, 26.6336439], [83.3749752, 26.6341808], [83.3737399, 26.6338875], [83.3729767, 26.6295778], [83.3700343, 26.628454], [83.3691083, 26.6288521], [83.367927, 26.6271169], [83.3663367, 26.6272658], [83.3656411, 26.6254844], [83.3622467, 26.6270591], [83.3585396, 26.6271765], [83.3560853, 26.6225779], [83.3561421, 26.6164867], [83.3644882, 26.6141969], [83.3639319, 26.6083686], [83.3602714, 26.6039671], [83.3582429, 26.6057855], [83.3536045, 26.6049049], [83.3520933, 26.605189], [83.3518472, 26.6058162], [83.3528411, 26.6063173], [83.3542665, 26.6085242], [83.3540955, 26.6102617], [83.350611, 26.6113125], [83.3444963, 26.6112391], [83.3425629, 26.6129762], [83.3393695, 26.6141126], [83.3376012, 26.6173207], [83.3383184, 26.6195863], [83.3367763, 26.6217926], [83.3356515, 26.6223338], [83.3347986, 26.6204202], [83.3331768, 26.6206544], [83.3298117, 26.6235641], [83.3290618, 26.6279007], [83.3269531, 26.627426], [83.3251851, 26.6288019], [83.3231879, 26.625931], [83.3208927, 26.627126], [83.3197334, 26.6259477], [83.3087119, 26.626277], [83.3060852, 26.6275032], [83.3060794, 26.6288345], [83.3096079, 26.6311647], [83.3108721, 26.6334217], [83.3102389, 26.634166], [83.3070006, 26.633289], [83.3058105, 26.6335502], [83.3059945, 26.6364339], [83.304246, 26.637999], [83.3060174, 26.6402156], [83.3084474, 26.6410335], [83.3082042, 26.6445715], [83.3087111, 26.6451493], [83.311037, 26.6438643], [83.3125229, 26.644772], [83.3139399, 26.6432157], [83.3145074, 26.6433243], [83.3158704, 26.6488259], [83.3149612, 26.6493083], [83.3121391, 26.6486347], [83.3115104, 26.6503357], [83.3154498, 26.6560912], [83.3191711, 26.6566252], [83.3216616, 26.6579935], [83.3212895, 26.6590043], [83.3184468, 26.6589896], [83.3176125, 26.6600317], [83.3181489, 26.6621485], [83.3207343, 26.6647263], [83.3221534, 26.6698036], [83.3207303, 26.6731605], [83.3211105, 26.6763241], [83.3154376, 26.6795394], [83.3122531, 26.6788476], [83.3090948, 26.6765988], [83.3062091, 26.6719448], [83.3025486, 26.6699032], [83.3038197, 26.669439], [83.3003197, 26.6679345], [83.298187, 26.6678242], [83.2960267, 26.6657525], [83.2920595, 26.6644641], [83.2902983, 26.6620668], [83.2899079, 26.6603788], [83.287009, 26.6615143], [83.2839901, 26.6617154], [83.2809801, 26.6635817], [83.2795997, 26.6625158], [83.280199, 26.6607066], [83.2797077, 26.6595465], [83.2788495, 26.6587517], [83.2774329, 26.6591343], [83.276814, 26.658485], [83.2743818, 26.662099], [83.274795, 26.6659557], [83.2766478, 26.6666835], [83.2796377, 26.6651874], [83.2814901, 26.6663845], [83.2818007, 26.6673595], [83.2804379, 26.6692764], [83.2801798, 26.6777106], [83.2777732, 26.6842073], [83.2771496, 26.6907503], [83.2722825, 26.6952054], [83.2704995, 26.6945768], [83.2694863, 26.6928658], [83.2707197, 26.6899424], [83.2700482, 26.6882136], [83.2688775, 26.6883526], [83.2684389, 26.6899046], [83.2617407, 26.696497], [83.2596855, 26.6967842], [83.2576912, 26.6916516], [83.2523952, 26.6875766], [83.2503197, 26.6836216], [83.2459692, 26.6830076], [83.2424607, 26.6859122], [83.2398762, 26.6836535], [83.2382633, 26.683208], [83.2370481, 26.6837686], [83.2365871, 26.6849693], [83.2387967, 26.6892953], [83.2373672, 26.6915889], [83.2358453, 26.691924], [83.2333568, 26.690193], [83.2294437, 26.6908141], [83.227551, 26.692237], [83.2250135, 26.697451], [83.2229627, 26.6965003], [83.2217824, 26.6969749], [83.2214425, 26.6990149], [83.2221881, 26.7014061], [83.2260744, 26.7041697], [83.2277266, 26.7088527], [83.2194757, 26.7144633], [83.2179211, 26.7183091], [83.2216054, 26.7193851], [83.2244114, 26.721617], [83.232031, 26.7230917], [83.2331427, 26.7242686], [83.2330945, 26.7264212], [83.2330103, 26.7276667], [83.2284864, 26.7267631], [83.2195028, 26.7228839], [83.2194698, 26.725587], [83.2202053, 26.7277572], [83.2200394, 26.7337185], [83.2216907, 26.7371786], [83.2214857, 26.7384197], [83.2257955, 26.7411831], [83.2390926, 26.752588], [83.2386143, 26.7539208], [83.2392794, 26.7548848], [83.2425691, 26.7557946], [83.2466661, 26.7555648], [83.2478019, 26.7495387], [83.2522281, 26.7496035], [83.2556948, 26.7511803], [83.2619782, 26.7509056], [83.2625263, 26.7507345], [83.26286, 26.7487549], [83.263497, 26.7501859], [83.2673831, 26.7500055], [83.2693809, 26.7524321], [83.2704721, 26.7574284], [83.2702121, 26.7610671], [83.2765127, 26.7594048], [83.2835373, 26.7602005], [83.2846871, 26.7586115], [83.2834321, 26.753202], [83.284596, 26.7503202], [83.285862, 26.7535506], [83.2871797, 26.7529768], [83.2893338, 26.7495045], [83.2935369, 26.7480764], [83.3054609, 26.7458942], [83.3100098, 26.7458692], [83.3074788, 26.7503209], [83.3082247, 26.7555514], [83.3078147, 26.760443], [83.3148752, 26.7554416], [83.3167398, 26.7561013], [83.3160872, 26.7640478], [83.3121717, 26.7628818], [83.3097333, 26.7633682], [83.3108222, 26.7668705], [83.3129334, 26.7674265], [83.3146011, 26.7698279], [83.3135741, 26.7723546], [83.3151171, 26.77333], [83.3126622, 26.7760364], [83.3134908, 26.7777111], [83.3141606, 26.7756581], [83.3152773, 26.7746703], [83.3178066, 26.773656], [83.3216142, 26.7700654], [83.3256772, 26.7680407]]]}}, {"type": "Feature", "properties": {"name": "Jangal Kaudia", "district": "Gorakhpur", "kind": "wasteland", "wl_pct": 4.0}, "geometry": {"type": "Polygon", "coordinates": [[[83.2168231, 27.0057064], [83.2211899, 27.005827], [83.2212077, 27.0048029], [83.2228989, 27.002222], [83.226237, 27.0003111], [83.2255725, 26.9984643], [83.2267925, 26.9948004], [83.2259253, 26.989265], [83.2261089, 26.9847661], [83.2270496, 26.9818571], [83.2288071, 26.9805367], [83.2420668, 26.9737353], [83.2437946, 26.9735926], [83.2475873, 26.9751633], [83.248078, 26.9706717], [83.2527363, 26.9733333], [83.2554472, 26.9768464], [83.2608641, 26.9743329], [83.2659085, 26.976053], [83.2669636, 26.973891], [83.2717237, 26.9731138], [83.2714084, 26.9710424], [83.2689524, 26.9691633], [83.2694586, 26.9664607], [83.2725083, 26.963241], [83.2735681, 26.9607148], [83.2764142, 26.959706], [83.2773319, 26.9584025], [83.2773704, 26.954621], [83.278761, 26.9537601], [83.2798283, 26.9539052], [83.2797739, 26.9528447], [83.2813253, 26.9521869], [83.2858557, 26.9540986], [83.2864449, 26.9541125], [83.2868585, 26.9531877], [83.2898942, 26.9541012], [83.2912948, 26.9530912], [83.2942245, 26.9544557], [83.294601, 26.9511166], [83.2904395, 26.9521746], [83.2871278, 26.9435807], [83.2868263, 26.9363108], [83.285057, 26.9342028], [83.2905263, 26.9303835], [83.2883792, 26.9269662], [83.2953547, 26.9226293], [83.2955323, 26.9205987], [83.2947191, 26.9174801], [83.2922149, 26.9137603], [83.2916178, 26.9111922], [83.2924538, 26.9106602], [83.2904627, 26.9075995], [83.2898562, 26.9042373], [83.2875967, 26.9037034], [83.2875116, 26.9029543], [83.284773, 26.9036565], [83.2845792, 26.9005337], [83.2833038, 26.8967288], [83.2878506, 26.8941188], [83.2887467, 26.8939434], [83.2891036, 26.8945302], [83.2914195, 26.8933268], [83.2910035, 26.8910477], [83.2928653, 26.8915903], [83.2945714, 26.8986267], [83.2935244, 26.8987747], [83.2952039, 26.9009011], [83.2916942, 26.9031825], [83.2925629, 26.9059221], [83.2930353, 26.9069377], [83.295869, 26.9071289], [83.2988625, 26.9092695], [83.3006143, 26.9091034], [83.3032814, 26.9099306], [83.3073697, 26.9082089], [83.3110624, 26.9028316], [83.3091, 26.9017611], [83.3100318, 26.9004935], [83.3200878, 26.901107], [83.3194122, 26.9035842], [83.32281, 26.9028635], [83.3248077, 26.9036855], [83.3226825, 26.906302], [83.3206283, 26.9074203], [83.3157909, 26.908005], [83.3154569, 26.9113984], [83.3167594, 26.9136868], [83.3190841, 26.9155289], [83.3174873, 26.9176356], [83.3174708, 26.9203792], [83.3208637, 26.9204618], [83.324839, 26.9241004], [83.3254332, 26.9236358], [83.3252677, 26.922476], [83.3229131, 26.9192442], [83.3263515, 26.9187942], [83.3286766, 26.92046], [83.3286749, 26.9245575], [83.3315939, 26.926544], [83.3325398, 26.9279747], [83.3324879, 26.932203], [83.3396301, 26.9383195], [83.3392924, 26.9393031], [83.3335821, 26.9412104], [83.338923, 26.9450385], [83.3390884, 26.9474573], [83.337507, 26.9484271], [83.3333274, 26.9492743], [83.3321185, 26.9503299], [83.3323196, 26.9513587], [83.3338695, 26.9539991], [83.3365233, 26.9539276], [83.340713, 26.9534775], [83.3435232, 26.951637], [83.3501851, 26.951864], [83.3556187, 26.9497439], [83.3553104, 26.9562104], [83.3566438, 26.9623431], [83.3676474, 26.9597269], [83.370392, 26.9583552], [83.3729113, 26.9581586], [83.3770139, 26.9561982], [83.371601, 26.9448852], [83.3696171, 26.945174], [83.3659718, 26.9439328], [83.367251, 26.9401153], [83.3657563, 26.9315729], [83.3652227, 26.9310358], [83.3597047, 26.9324477], [83.3553253, 26.928422], [83.35599, 26.9279889], [83.3550438, 26.9265177], [83.3557888, 26.926256], [83.3553059, 26.9240674], [83.357068, 26.9231742], [83.3568469, 26.9207057], [83.3555839, 26.9181154], [83.3595911, 26.9160942], [83.3639706, 26.9159141], [83.3651383, 26.9180441], [83.3663465, 26.9180036], [83.3663462, 26.9200343], [83.371788, 26.9191816], [83.3720448, 26.9173631], [83.3751105, 26.9190824], [83.3734896, 26.9154407], [83.3860839, 26.9119746], [83.3868138, 26.9125026], [83.3872218, 26.9148987], [83.386477, 26.9172228], [83.3875694, 26.9177597], [83.3892159, 26.920643], [83.4116455, 26.9144884], [83.4085995, 26.912463], [83.4060609, 26.9062768], [83.4064933, 26.9049365], [83.4056016, 26.9016696], [83.4069952, 26.8996838], [83.4103315, 26.8973229], [83.4110845, 26.8910412], [83.4086931, 26.8882169], [83.4031117, 26.887144], [83.4017325, 26.8857951], [83.399976, 26.8852358], [83.3967602, 26.8851687], [83.3948024, 26.8838964], [83.3934889, 26.8840274], [83.3890758, 26.8863835], [83.3880793, 26.8859504], [83.3882054, 26.8883962], [83.3867159, 26.89077], [83.3872545, 26.8919477], [83.386651, 26.896325], [83.3858105, 26.8962573], [83.3843411, 26.898965], [83.3744159, 26.9032432], [83.3713808, 26.9052151], [83.3696192, 26.9029498], [83.3688994, 26.9032657], [83.3686679, 26.9022458], [83.3635893, 26.903342], [83.3619834, 26.906266], [83.35474, 26.9079439], [83.3548857, 26.9094105], [83.3516239, 26.9096401], [83.3509349, 26.9068692], [83.3520027, 26.9034715], [83.3476088, 26.902672], [83.34238, 26.9004461], [83.3252227, 26.898803], [83.3221845, 26.894894], [83.322317, 26.891469], [83.3264645, 26.8903062], [83.326047, 26.8895525], [83.326661, 26.8894805], [83.3264207, 26.8866465], [83.3271655, 26.8866829], [83.3284444, 26.885149], [83.3308484, 26.8763051], [83.3308185, 26.8754748], [83.3298123, 26.8749285], [83.3306077, 26.8741886], [83.3301803, 26.8732634], [83.3267588, 26.8728877], [83.3274939, 26.8717914], [83.3270467, 26.870266], [83.3312942, 26.8686383], [83.3325593, 26.8662273], [83.3303956, 26.8630965], [83.3299913, 26.8550459], [83.3279811, 26.8496979], [83.3285751, 26.8487594], [83.3282236, 26.8472701], [83.3264244, 26.8430366], [83.3251421, 26.8417817], [83.3251437, 26.8379504], [83.321603, 26.8366586], [83.31955, 26.8379349], [83.3168643, 26.8370222], [83.3168302, 26.834653], [83.3115969, 26.8290552], [83.3122462, 26.8281755], [83.3141376, 26.82805], [83.3148356, 26.8261299], [83.3181529, 26.8250643], [83.3187873, 26.8237784], [83.3178521, 26.8232094], [83.3148441, 26.8235828], [83.3152527, 26.821462], [83.3170085, 26.8206775], [83.3159878, 26.8198874], [83.312553, 26.8191909], [83.3111233, 26.8215955], [83.3101126, 26.8211799], [83.3113665, 26.8182834], [83.3107093, 26.8153544], [83.3113232, 26.8147815], [83.3143859, 26.8150402], [83.3140502, 26.8128288], [83.3170776, 26.8132407], [83.3172846, 26.8115215], [83.3237768, 26.8128191], [83.3271357, 26.81449], [83.32687, 26.8123735], [83.3308336, 26.8107592], [83.337125, 26.8113838], [83.3445937, 26.8099235], [83.3451518, 26.8092699], [83.3438964, 26.8037727], [83.3453005, 26.7998469], [83.3453009, 26.7980555], [83.3380072, 26.7875793], [83.3396528, 26.7850757], [83.3381104, 26.7814833], [83.3380214, 26.7767043], [83.3369361, 26.7747725], [83.3349905, 26.7743795], [83.3341713, 26.7735759], [83.3327255, 26.7678941], [83.3326956, 26.764413], [83.330836, 26.7660433], [83.3305086, 26.7677535], [83.3287796, 26.7665164], [83.3216142, 26.7700654], [83.3178066, 26.773656], [83.3141606, 26.7756581], [83.3134908, 26.7777111], [83.3126622, 26.7760364], [83.3151171, 26.77333], [83.3135741, 26.7723546], [83.3146011, 26.7698279], [83.3129334, 26.7674265], [83.3108222, 26.7668705], [83.3097333, 26.7633682], [83.3121717, 26.7628818], [83.3160872, 26.7640478], [83.3167398, 26.7561013], [83.3148752, 26.7554416], [83.3078147, 26.760443], [83.3082247, 26.7555514], [83.3074788, 26.7503209], [83.3100098, 26.7458692], [83.3054609, 26.7458942], [83.2935369, 26.7480764], [83.2893338, 26.7495045], [83.2871797, 26.7529768], [83.285862, 26.7535506], [83.284596, 26.7503202], [83.2834321, 26.753202], [83.2846871, 26.7586115], [83.2841129, 26.7599153], [83.2765127, 26.7594048], [83.2702121, 26.7610671], [83.270188, 26.7547477], [83.2693809, 26.7524321], [83.2673831, 26.7500055], [83.263497, 26.7501859], [83.26286, 26.7487549], [83.2625263, 26.7507345], [83.2556948, 26.7511803], [83.2522281, 26.7496035], [83.2478019, 26.7495387], [83.2468598, 26.755236], [83.2452591, 26.7580216], [83.2426481, 26.7657089], [83.2406045, 26.7681745], [83.2423732, 26.7721352], [83.2406865, 26.7797133], [83.2342864, 26.7852012], [83.2315649, 26.789215], [83.2319486, 26.79088], [83.2345203, 26.7932742], [83.2428194, 26.7904606], [83.2479343, 26.7908308], [83.2470606, 26.7979222], [83.2479566, 26.8075277], [83.241974, 26.8144009], [83.2339948, 26.8220743], [83.2330017, 26.8250217], [83.2347548, 26.8279536], [83.237658, 26.8289081], [83.238812, 26.8310235], [83.2457547, 26.8321143], [83.245828, 26.8348083], [83.2426984, 26.8389761], [83.242159, 26.8427446], [83.2371358, 26.8502261], [83.2437934, 26.8519761], [83.2473628, 26.8541075], [83.2479676, 26.8523196], [83.2495664, 26.8535768], [83.2507238, 26.8556077], [83.2507417, 26.8636528], [83.2481426, 26.8636825], [83.2469028, 26.8665007], [83.243796, 26.8705075], [83.2351407, 26.8736915], [83.2361549, 26.8762748], [83.2385856, 26.878652], [83.254204, 26.8884307], [83.2480243, 26.888569], [83.2327976, 26.90184], [83.2293623, 26.8988688], [83.226384, 26.8948006], [83.2266424, 26.8910054], [83.2233495, 26.8893064], [83.2211104, 26.8896735], [83.2190934, 26.8910422], [83.2167599, 26.8940864], [83.2174917, 26.895813], [83.21699, 26.8977853], [83.2157282, 26.8994919], [83.21193, 26.9018814], [83.2062287, 26.9038162], [83.2030002, 26.9080238], [83.2032031, 26.9101716], [83.203898, 26.9107083], [83.2072655, 26.9106792], [83.2132722, 26.9062714], [83.2158841, 26.9057056], [83.2202098, 26.9081396], [83.2194099, 26.9086951], [83.2210598, 26.9132969], [83.2078952, 26.9251914], [83.208279, 26.9267796], [83.2122073, 26.9288259], [83.2067647, 26.935246], [83.2077137, 26.9387156], [83.2094261, 26.939396], [83.2101861, 26.9390526], [83.2186684, 26.9310916], [83.2234884, 26.9334213], [83.2265925, 26.9366004], [83.2229207, 26.9406915], [83.2117801, 26.9494485], [83.2084799, 26.9467249], [83.2087357, 26.945362], [83.2073399, 26.9438286], [83.2079737, 26.9430294], [83.2034096, 26.9396251], [83.198465, 26.9392307], [83.1940087, 26.942074], [83.1928293, 26.9446982], [83.195686, 26.9475938], [83.2038576, 26.9467366], [83.2074697, 26.9492931], [83.2084837, 26.9518467], [83.1949356, 26.9637311], [83.1943021, 26.9654913], [83.1960149, 26.9662305], [83.2084944, 26.9663951], [83.2133149, 26.967755], [83.2152144, 26.9687195], [83.2258692, 26.9780984], [83.2257465, 26.9817897], [83.2231538, 26.9890116], [83.2183436, 26.9953775], [83.2113826, 27.0003265], [83.213642, 27.0059859], [83.2156677, 27.0063338], [83.2168231, 27.0057064]]]}}, {"type": "Feature", "properties": {"name": "Chargawan", "district": "Gorakhpur", "kind": "wasteland", "wl_pct": 7.7}, "geometry": {"type": "Polygon", "coordinates": [[[83.3669667, 26.9024894], [83.3686679, 26.9022458], [83.3688994, 26.9032657], [83.3696192, 26.9029498], [83.3713808, 26.9052151], [83.3744159, 26.9032432], [83.3843411, 26.898965], [83.3858105, 26.8962573], [83.386651, 26.896325], [83.3872545, 26.8919477], [83.3867159, 26.89077], [83.3882054, 26.8883962], [83.3880793, 26.8859504], [83.3890758, 26.8863835], [83.3934889, 26.8840274], [83.3951697, 26.8839776], [83.3967602, 26.8851687], [83.399976, 26.8852358], [83.4017325, 26.8857951], [83.4031117, 26.887144], [83.4086931, 26.8882169], [83.4110241, 26.8913345], [83.4147988, 26.8916674], [83.419227, 26.8900144], [83.4203285, 26.8882949], [83.4299432, 26.8828222], [83.4337373, 26.8821482], [83.4364896, 26.8823621], [83.4357828, 26.877364], [83.4336895, 26.8774642], [83.4327697, 26.8696894], [83.426792, 26.8696556], [83.4260471, 26.8691911], [83.4256283, 26.8665964], [83.4276707, 26.8655578], [83.4309963, 26.8651278], [83.4275192, 26.8535363], [83.4322826, 26.8515533], [83.4332229, 26.8504926], [83.4368647, 26.8494892], [83.4368937, 26.8473727], [83.4361538, 26.8466059], [83.4365509, 26.845798], [83.4357903, 26.8441061], [83.4378421, 26.8429635], [83.4416853, 26.8425691], [83.440401, 26.8398802], [83.4412961, 26.839406], [83.4406867, 26.8382601], [83.4412948, 26.8371362], [83.4408461, 26.83539], [83.435831, 26.8354013], [83.4342946, 26.831345], [83.4376693, 26.8304411], [83.4438975, 26.8320853], [83.4453305, 26.8312001], [83.4455675, 26.8321792], [83.4471365, 26.8316189], [83.4481979, 26.8316815], [83.4490184, 26.8325701], [83.4535405, 26.8325586], [83.45358, 26.8314349], [83.4556968, 26.830265], [83.4568362, 26.8338158], [83.4614908, 26.8426216], [83.4745392, 26.8411549], [83.4746889, 26.8401085], [83.4736615, 26.8388456], [83.4743143, 26.8374959], [83.474541, 26.8321122], [83.4718604, 26.8266719], [83.4708934, 26.8192356], [83.4694744, 26.818492], [83.4705445, 26.8170337], [83.4649249, 26.8148713], [83.4655708, 26.8112653], [83.4644684, 26.8098806], [83.4643718, 26.8086307], [83.4649244, 26.8077774], [83.4666695, 26.8079027], [83.4667739, 26.806409], [83.4655506, 26.8047671], [83.4635286, 26.8043397], [83.4613593, 26.801832], [83.4601823, 26.8015078], [83.4579023, 26.7987474], [83.4592431, 26.7962827], [83.457028, 26.7927326], [83.4573787, 26.7909679], [83.4552057, 26.7898004], [83.4543802, 26.7885914], [83.4546349, 26.7861138], [83.4536988, 26.7847696], [83.4540346, 26.7832577], [83.4553664, 26.7823499], [83.4529374, 26.7816698], [83.4505671, 26.7783813], [83.4486108, 26.7775025], [83.4502113, 26.7725873], [83.4540316, 26.7717097], [83.4555732, 26.7690329], [83.4641501, 26.7692805], [83.4725095, 26.7680972], [83.475992, 26.7665153], [83.4766592, 26.7648678], [83.4788138, 26.7626278], [83.480789, 26.7620758], [83.4810987, 26.7599818], [83.4822741, 26.7590197], [83.454393, 26.7562582], [83.4503167, 26.7569238], [83.4502169, 26.7504482], [83.4494378, 26.7469467], [83.4591252, 26.7429684], [83.4580348, 26.7404877], [83.4665329, 26.7371934], [83.4654115, 26.7311554], [83.4485011, 26.7325176], [83.4447286, 26.7350773], [83.4402256, 26.7175297], [83.4395619, 26.7168304], [83.4374881, 26.7197195], [83.4381783, 26.7228014], [83.4360025, 26.7231137], [83.4221876, 26.7103841], [83.4215582, 26.7070178], [83.4183026, 26.7078447], [83.4169551, 26.7054804], [83.4155834, 26.7056613], [83.4144936, 26.7072772], [83.41381, 26.7061717], [83.4131217, 26.7063028], [83.4122082, 26.709489], [83.4106352, 26.7084605], [83.4107203, 26.7074587], [83.4096898, 26.7063308], [83.4083134, 26.7072562], [83.408033, 26.7109296], [83.4089734, 26.7133482], [83.4077531, 26.7160335], [83.4091551, 26.7162678], [83.4111862, 26.7190156], [83.4110459, 26.7204055], [83.4086994, 26.7212726], [83.4084185, 26.7231725], [83.4074732, 26.721503], [83.4016043, 26.7239952], [83.3964435, 26.7248626], [83.3953229, 26.7257698], [83.3941268, 26.7250569], [83.3928002, 26.725937], [83.3913577, 26.7244074], [83.3901767, 26.7244481], [83.3895387, 26.7265963], [83.3884935, 26.7268265], [83.3875185, 26.7263392], [83.386277, 26.724092], [83.3842518, 26.7245479], [83.3826138, 26.7289073], [83.3798599, 26.7295527], [83.3763469, 26.7258615], [83.3767137, 26.7251213], [83.3782616, 26.7250311], [83.3804224, 26.7237359], [83.3802163, 26.7220933], [83.370206, 26.723429], [83.367055, 26.7241374], [83.3649593, 26.725333], [83.3635673, 26.7249991], [83.3632515, 26.7242853], [83.3620546, 26.7249493], [83.3557125, 26.725628], [83.3555866, 26.7267175], [83.3499129, 26.7265135], [83.3501002, 26.7206199], [83.3493521, 26.7177136], [83.3507604, 26.7120099], [83.3319039, 26.7205614], [83.3310205, 26.7179438], [83.3255676, 26.71935], [83.3289519, 26.7260705], [83.331263, 26.7274746], [83.3268447, 26.7295852], [83.3271709, 26.7308624], [83.3267031, 26.7319453], [83.3246421, 26.7328832], [83.3230336, 26.7333745], [83.3213959, 26.7318351], [83.313776, 26.7336416], [83.3111316, 26.7350754], [83.3111564, 26.7355989], [83.3082609, 26.7367303], [83.3094967, 26.7378004], [83.3122057, 26.7377158], [83.3158486, 26.7394773], [83.3213021, 26.7390418], [83.3385732, 26.733623], [83.3430009, 26.7338452], [83.3508759, 26.7357376], [83.3489243, 26.7422175], [83.3450736, 26.7447258], [83.3431328, 26.7474827], [83.3316995, 26.7560796], [83.3312263, 26.7574784], [83.3336117, 26.7641082], [83.3326956, 26.764413], [83.3326905, 26.7673435], [83.3341713, 26.7735759], [83.3349905, 26.7743795], [83.3369361, 26.7747725], [83.3380214, 26.7767043], [83.3381104, 26.7814833], [83.3396528, 26.7850757], [83.3380072, 26.7875793], [83.3413349, 26.7929958], [83.3451201, 26.7973244], [83.3453005, 26.7998469], [83.3438961, 26.8046661], [83.3451518, 26.8092699], [83.3432256, 26.8104873], [83.337125, 26.8113838], [83.3308336, 26.8107592], [83.32687, 26.8123735], [83.3271357, 26.81449], [83.3237768, 26.8128191], [83.3172846, 26.8115215], [83.3170776, 26.8132407], [83.3140502, 26.8128288], [83.3143859, 26.8150402], [83.3108202, 26.8149076], [83.3113665, 26.8182834], [83.3101126, 26.8211799], [83.3111233, 26.8215955], [83.312553, 26.8191909], [83.3159878, 26.8198874], [83.3170085, 26.8206775], [83.3152527, 26.821462], [83.3148441, 26.8235828], [83.3178521, 26.8232094], [83.3187873, 26.8237784], [83.3181529, 26.8250643], [83.3148356, 26.8261299], [83.3141376, 26.82805], [83.3122462, 26.8281755], [83.3115969, 26.8290552], [83.3168302, 26.834653], [83.3168643, 26.8370222], [83.31955, 26.8379349], [83.321603, 26.8366586], [83.3251437, 26.8379504], [83.3251421, 26.8417817], [83.3264244, 26.8430366], [83.3282236, 26.8472701], [83.3285751, 26.8487594], [83.3279811, 26.8496979], [83.3299913, 26.8550459], [83.3303956, 26.8630965], [83.3325593, 26.8662273], [83.3312942, 26.8686383], [83.3270467, 26.870266], [83.3274939, 26.8717914], [83.3267588, 26.8728877], [83.3301803, 26.8732634], [83.3306077, 26.8741886], [83.3298123, 26.8749285], [83.3308185, 26.8754748], [83.3308484, 26.8763051], [83.3284444, 26.885149], [83.3271655, 26.8866829], [83.3264207, 26.8866465], [83.326661, 26.8894805], [83.326047, 26.8895525], [83.3264645, 26.8903062], [83.322317, 26.891469], [83.3221845, 26.894894], [83.3243372, 26.8981619], [83.3258961, 26.8989277], [83.34238, 26.9004461], [83.3476088, 26.902672], [83.3520027, 26.9034715], [83.3509349, 26.9068692], [83.3516239, 26.9096401], [83.3548857, 26.9094105], [83.35474, 26.9079439], [83.3619834, 26.906266], [83.3635893, 26.903342], [83.3669667, 26.9024894]]]}}, {"type": "Feature", "properties": {"name": "Bhathat", "district": "Gorakhpur", "kind": "wasteland", "wl_pct": 1.6}, "geometry": {"type": "Polygon", "coordinates": [[[83.3787966, 26.9584093], [83.3820194, 26.9579489], [83.4378855, 26.9581247], [83.4325536, 26.9496794], [83.4306535, 26.946183], [83.4309554, 26.9456775], [83.438287, 26.9464596], [83.4453238, 26.9508153], [83.4513157, 26.9505415], [83.452671, 26.9517366], [83.4584097, 26.9493868], [83.4644038, 26.9455339], [83.4718533, 26.9425778], [83.4734593, 26.9424955], [83.4732409, 26.9401988], [83.4768297, 26.9390139], [83.4766237, 26.9338066], [83.4737502, 26.9295713], [83.4706333, 26.9288469], [83.4709029, 26.9261708], [83.4776529, 26.9251282], [83.4775355, 26.9177412], [83.482433, 26.9171825], [83.4836452, 26.916349], [83.4833096, 26.9126151], [83.484457, 26.9124021], [83.4843553, 26.9112199], [83.4853669, 26.9111424], [83.4852503, 26.9103257], [83.4955392, 26.9098789], [83.4968314, 26.909161], [83.495169, 26.8983683], [83.5007092, 26.8962926], [83.5016899, 26.8969748], [83.5050019, 26.8966438], [83.5096898, 26.8944681], [83.5125331, 26.8947367], [83.5126504, 26.893207], [83.5156248, 26.8931552], [83.5183282, 26.8923314], [83.5187804, 26.8931575], [83.5223679, 26.8941259], [83.5281813, 26.8936562], [83.5461343, 26.8885475], [83.5423735, 26.8803621], [83.5408694, 26.872956], [83.5405742, 26.8706725], [83.5428188, 26.8701503], [83.5415832, 26.8670586], [83.5403353, 26.8671345], [83.5386935, 26.8625126], [83.5375665, 26.8624578], [83.5375518, 26.8619433], [83.5353424, 26.8626278], [83.5339768, 26.8620136], [83.5330226, 26.8630279], [83.5318511, 26.8614026], [83.5309961, 26.8615149], [83.5309812, 26.8605889], [83.5296131, 26.8608145], [83.5296795, 26.859551], [83.5279543, 26.8590263], [83.5267062, 26.8593955], [83.5281565, 26.8578081], [83.5266728, 26.8573242], [83.5267961, 26.8543009], [83.5244069, 26.8526509], [83.5267426, 26.8521167], [83.5266678, 26.8514443], [83.5297316, 26.8515299], [83.5270661, 26.8424192], [83.5261099, 26.8411293], [83.5286965, 26.8391481], [83.5285645, 26.8378896], [83.5260334, 26.8340317], [83.5192594, 26.8344447], [83.5182358, 26.8354364], [83.5160952, 26.8329799], [83.5168911, 26.831911], [83.5157056, 26.8301682], [83.5159797, 26.8275737], [83.5181326, 26.8274444], [83.5186468, 26.8263212], [83.5204618, 26.8271393], [83.5209459, 26.825804], [83.5224905, 26.8252952], [83.5220898, 26.8234266], [83.5230607, 26.8232153], [83.5232082, 26.8214013], [83.5212982, 26.8214294], [83.5203678, 26.8197378], [83.5161217, 26.8195157], [83.5131528, 26.8207556], [83.5045048, 26.8172384], [83.5020025, 26.8149157], [83.5036887, 26.8132924], [83.5065275, 26.8137365], [83.5065337, 26.8100779], [83.5043415, 26.8060726], [83.5026189, 26.8062303], [83.5008782, 26.8025328], [83.4987511, 26.800871], [83.4979095, 26.79926], [83.4985467, 26.7985569], [83.4979542, 26.7975586], [83.4981169, 26.7943977], [83.4767625, 26.7961946], [83.4779824, 26.7995736], [83.4818005, 26.8063172], [83.4891259, 26.8095335], [83.4892924, 26.8101336], [83.4891289, 26.8124983], [83.4863975, 26.8120718], [83.4838635, 26.8128184], [83.4841481, 26.8159545], [83.4849779, 26.8158951], [83.4852603, 26.8166214], [83.4872266, 26.8163717], [83.4871651, 26.8254918], [83.4887203, 26.8317705], [83.4868823, 26.834585], [83.4828327, 26.8343264], [83.4777707, 26.8324574], [83.4745411, 26.8322341], [83.4743143, 26.8374959], [83.4736615, 26.8388456], [83.4746889, 26.8401085], [83.4745392, 26.8411549], [83.4614908, 26.8426216], [83.4568362, 26.8338158], [83.4556968, 26.830265], [83.45358, 26.8314349], [83.4535405, 26.8325586], [83.4490184, 26.8325701], [83.4481979, 26.8316815], [83.4471365, 26.8316189], [83.4455675, 26.8321792], [83.4453305, 26.8312001], [83.4438975, 26.8320853], [83.4376693, 26.8304411], [83.4342946, 26.831345], [83.435831, 26.8354013], [83.4408461, 26.83539], [83.4412948, 26.8371362], [83.4406867, 26.8382601], [83.4412961, 26.839406], [83.440401, 26.8398802], [83.4416853, 26.8425691], [83.4378421, 26.8429635], [83.4357903, 26.8441061], [83.4365509, 26.845798], [83.4361538, 26.8466059], [83.4368937, 26.8473727], [83.4368647, 26.8494892], [83.4332229, 26.8504926], [83.4322826, 26.8515533], [83.4275192, 26.8535363], [83.4309963, 26.8651278], [83.4276707, 26.8655578], [83.4256283, 26.8665964], [83.4260471, 26.8691911], [83.426792, 26.8696556], [83.4327697, 26.8696894], [83.4336895, 26.8774642], [83.4357828, 26.877364], [83.4364896, 26.8823621], [83.4337373, 26.8821482], [83.4299432, 26.8828222], [83.4203285, 26.8882949], [83.419227, 26.8900144], [83.4147988, 26.8916674], [83.4110241, 26.8913345], [83.4103315, 26.8973229], [83.4069952, 26.8996838], [83.4056016, 26.9016696], [83.4064933, 26.9049365], [83.4060609, 26.9062768], [83.4085995, 26.912463], [83.4116455, 26.9144884], [83.4113537, 26.9148359], [83.3892159, 26.920643], [83.3875694, 26.9177597], [83.386477, 26.9172228], [83.3872218, 26.9148987], [83.3868138, 26.9125026], [83.3860839, 26.9119746], [83.3734896, 26.9154407], [83.3751105, 26.9190824], [83.3720448, 26.9173631], [83.371788, 26.9191816], [83.3663462, 26.9200343], [83.3663465, 26.9180036], [83.3651383, 26.9180441], [83.3639706, 26.9159141], [83.3595911, 26.9160942], [83.3555839, 26.9181154], [83.3568469, 26.9207057], [83.357068, 26.9231742], [83.3553059, 26.9240674], [83.3557888, 26.926256], [83.3550438, 26.9265177], [83.35599, 26.9279889], [83.3553253, 26.928422], [83.3597047, 26.9324477], [83.3652227, 26.9310358], [83.3657563, 26.9315729], [83.367251, 26.9401153], [83.3659718, 26.9439328], [83.3696171, 26.945174], [83.3713442, 26.9447769], [83.3723864, 26.9461622], [83.3770139, 26.9561982], [83.3729113, 26.9581586], [83.3787966, 26.9584093]]]}}, {"type": "Feature", "properties": {"name": "Khorabar", "district": "Gorakhpur", "kind": "wasteland", "wl_pct": 5.4}, "geometry": {"type": "Polygon", "coordinates": [[[83.4830375, 26.7583558], [83.4840911, 26.7561978], [83.4830777, 26.7530307], [83.4850516, 26.746108], [83.4844807, 26.7430714], [83.4857102, 26.7410081], [83.4847087, 26.7397318], [83.4820545, 26.739251], [83.4810275, 26.7374602], [83.4819465, 26.7365931], [83.481267, 26.7355692], [83.4814519, 26.7343145], [83.4803149, 26.733106], [83.4812694, 26.7326631], [83.480962, 26.7318194], [83.4815136, 26.7305374], [83.4800052, 26.7297804], [83.4800798, 26.7287965], [83.479159, 26.7276374], [83.479665, 26.7258997], [83.4784882, 26.7249664], [83.4778533, 26.7230354], [83.479279, 26.7213196], [83.4780821, 26.720463], [83.4783119, 26.7188924], [83.4769737, 26.7172553], [83.4738919, 26.70964], [83.4763919, 26.7070435], [83.4769131, 26.7055224], [83.4760351, 26.7012584], [83.4751545, 26.6997654], [83.476405, 26.6991462], [83.4760122, 26.6981132], [83.4777219, 26.6941227], [83.4855435, 26.6880697], [83.4865284, 26.6883443], [83.4872086, 26.6902797], [83.4883273, 26.6910585], [83.4980621, 26.6902854], [83.5037066, 26.6905171], [83.51111, 26.6925067], [83.5117353, 26.6900658], [83.5109474, 26.689271], [83.511109, 26.6884408], [83.5129163, 26.6896245], [83.5143697, 26.6881771], [83.515314, 26.6883583], [83.5152964, 26.685741], [83.5172823, 26.6841359], [83.5185048, 26.6821558], [83.5233188, 26.6805528], [83.5228688, 26.6781878], [83.5250542, 26.677869], [83.524854, 26.6771106], [83.5270595, 26.6768279], [83.5273113, 26.6761015], [83.5299537, 26.675819], [83.5299393, 26.6749886], [83.5327772, 26.6752749], [83.5358183, 26.6726053], [83.5360554, 26.6713418], [83.5345143, 26.6701811], [83.533454, 26.6706903], [83.5333472, 26.6723284], [83.5328045, 26.6725311], [83.531128, 26.6711762], [83.5322541, 26.6699404], [83.5305211, 26.669998], [83.5289252, 26.6683227], [83.528967, 26.6664319], [83.5301028, 26.6656745], [83.530662, 26.663572], [83.5292859, 26.6634176], [83.5301604, 26.6627909], [83.5292068, 26.6620051], [83.5298453, 26.661148], [83.5288164, 26.660317], [83.5286816, 26.6593331], [83.5292651, 26.6583002], [83.5307466, 26.6584049], [83.5315359, 26.6574713], [83.5327652, 26.6589071], [83.5346694, 26.6582179], [83.5347612, 26.6563542], [83.5358173, 26.6545182], [83.5374044, 26.6545192], [83.5376316, 26.652976], [83.5360546, 26.6529028], [83.5353823, 26.6521171], [83.5342622, 26.652306], [83.5339568, 26.6510964], [83.5357003, 26.6501227], [83.5370779, 26.6479395], [83.5346453, 26.645348], [83.5400985, 26.6449132], [83.5395853, 26.6386095], [83.5404517, 26.6288931], [83.5376697, 26.6227541], [83.5359781, 26.6220897], [83.5330533, 26.6192268], [83.5250433, 26.6156427], [83.5209815, 26.615703], [83.5157386, 26.6172244], [83.5152219, 26.6166689], [83.5119786, 26.6166664], [83.5104337, 26.6151804], [83.5084796, 26.6113339], [83.5057036, 26.6110112], [83.5055499, 26.6092014], [83.5045713, 26.6088306], [83.5048785, 26.6079508], [83.5039559, 26.6068399], [83.4995273, 26.607531], [83.4979634, 26.6092806], [83.4910884, 26.6121113], [83.4920993, 26.6088614], [83.4917152, 26.606339], [83.4901277, 26.6052663], [83.4891871, 26.6034033], [83.4868012, 26.602101], [83.4865294, 26.6012573], [83.4850737, 26.6014028], [83.4841232, 26.5996391], [83.4775474, 26.5998109], [83.4771614, 26.6004836], [83.4777059, 26.6031908], [83.4769445, 26.6049469], [83.4777212, 26.6089357], [83.474726, 26.6112799], [83.4718444, 26.6114217], [83.465735, 26.6055818], [83.4569953, 26.5990571], [83.4509495, 26.5962535], [83.4424653, 26.5950663], [83.4388777, 26.5976403], [83.4346418, 26.5992126], [83.4299896, 26.6021703], [83.4280791, 26.6065032], [83.4281451, 26.6081865], [83.429295, 26.6088675], [83.434667, 26.6091858], [83.4423899, 26.6121292], [83.446482, 26.6127138], [83.4533928, 26.6091992], [83.4567269, 26.6099511], [83.4577995, 26.6145715], [83.4565955, 26.6158312], [83.4541509, 26.6165772], [83.4583069, 26.6219676], [83.4582989, 26.6247249], [83.455546, 26.6299387], [83.4536635, 26.630567], [83.4508914, 26.6301759], [83.4411936, 26.6269858], [83.4352369, 26.6239016], [83.4289299, 26.6224104], [83.419857, 26.6221203], [83.415444, 26.6232859], [83.4130197, 26.6255384], [83.4068448, 26.6293577], [83.4057049, 26.6290736], [83.4028031, 26.6307124], [83.4014375, 26.6319536], [83.4013826, 26.6330277], [83.4034216, 26.6344488], [83.4211846, 26.639873], [83.4254744, 26.6427913], [83.4257824, 26.6464691], [83.4209439, 26.653276], [83.4199979, 26.6615707], [83.4177628, 26.6615443], [83.4125087, 26.6600882], [83.4044327, 26.6613762], [83.3967178, 26.6604795], [83.3837948, 26.6616677], [83.3800482, 26.6656617], [83.3802742, 26.6666725], [83.3829466, 26.6694477], [83.3797921, 26.6709371], [83.3823897, 26.6818352], [83.3835099, 26.6839568], [83.3828774, 26.6859373], [83.3832492, 26.6872234], [83.3731421, 26.6885583], [83.3731815, 26.6901072], [83.363917, 26.6953416], [83.3536875, 26.697001], [83.3503462, 26.6983272], [83.345749, 26.6983579], [83.3442315, 26.6993098], [83.3437033, 26.7015435], [83.3453757, 26.7039987], [83.3503551, 26.7036432], [83.3508207, 26.7118248], [83.3493521, 26.7177136], [83.3501002, 26.7206199], [83.3499129, 26.7265135], [83.3555866, 26.7267175], [83.3557125, 26.725628], [83.3620546, 26.7249493], [83.3632515, 26.7242853], [83.3635673, 26.7249991], [83.3649593, 26.725333], [83.367055, 26.7241374], [83.370206, 26.723429], [83.3802163, 26.7220933], [83.3804224, 26.7237359], [83.3782616, 26.7250311], [83.3767137, 26.7251213], [83.3763469, 26.7258615], [83.3798599, 26.7295527], [83.3826138, 26.7289073], [83.3842518, 26.7245479], [83.386277, 26.724092], [83.3875185, 26.7263392], [83.3891619, 26.7267949], [83.3901767, 26.7244481], [83.3913577, 26.7244074], [83.3928002, 26.725937], [83.3941268, 26.7250569], [83.3951019, 26.7258058], [83.3964435, 26.7248626], [83.4027199, 26.7236385], [83.4074732, 26.721503], [83.4086998, 26.7230461], [83.4086994, 26.7212726], [83.4110459, 26.7204055], [83.4111862, 26.7190156], [83.4091551, 26.7162678], [83.4077531, 26.7160335], [83.4089734, 26.7133482], [83.408033, 26.7109296], [83.4083134, 26.7072562], [83.4096898, 26.7063308], [83.4107203, 26.7074587], [83.4106352, 26.7084605], [83.4122082, 26.709489], [83.4131217, 26.7063028], [83.41381, 26.7061717], [83.4144936, 26.7072772], [83.4159251, 26.7054537], [83.4169551, 26.7054804], [83.4183026, 26.7078447], [83.4215582, 26.7070178], [83.4221876, 26.7103841], [83.4360025, 26.7231137], [83.4381783, 26.7228014], [83.4374881, 26.7197195], [83.4395619, 26.7168304], [83.4402256, 26.7175297], [83.4447286, 26.7350773], [83.4485011, 26.7325176], [83.4654115, 26.7311554], [83.4665329, 26.7371934], [83.4580348, 26.7404877], [83.4591252, 26.7429684], [83.4494378, 26.7469467], [83.4502169, 26.7504482], [83.4503167, 26.7569238], [83.454393, 26.7562582], [83.4812989, 26.7590295], [83.4830375, 26.7583558]]]}}, {"type": "Feature", "properties": {"name": "Pipraich", "district": "Gorakhpur", "kind": "wasteland", "wl_pct": 1.9}, "geometry": {"type": "Polygon", "coordinates": [[[83.531397, 26.8514385], [83.5368218, 26.8495602], [83.5411199, 26.8472524], [83.5485767, 26.8455508], [83.5488388, 26.8447974], [83.5478687, 26.8435197], [83.5466394, 26.8388576], [83.5478368, 26.8386416], [83.5477215, 26.8380368], [83.552939, 26.836406], [83.5571295, 26.8360065], [83.5606855, 26.8368294], [83.5623206, 26.8362932], [83.5615017, 26.8344787], [83.5619293, 26.834312], [83.5616342, 26.8314734], [83.5622126, 26.831433], [83.5610399, 26.8238332], [83.5635903, 26.8232342], [83.5655719, 26.8235238], [83.5653723, 26.820586], [83.5658758, 26.8193679], [83.5676367, 26.8184119], [83.5675969, 26.8174371], [83.5683815, 26.8173878], [83.5690008, 26.8159305], [83.5726778, 26.8150745], [83.5733312, 26.8160314], [83.5745636, 26.8155445], [83.5748651, 26.8159463], [83.578019, 26.8149726], [83.5779237, 26.8143363], [83.5796089, 26.8132809], [83.5790669, 26.8106182], [83.5809177, 26.8103345], [83.5833528, 26.8075826], [83.5848866, 26.8076327], [83.585954, 26.8040634], [83.5896019, 26.7979182], [83.5956534, 26.7899908], [83.5952817, 26.788831], [83.5926323, 26.7868899], [83.5907632, 26.7824085], [83.5911967, 26.7784374], [83.5926907, 26.7761048], [83.5930495, 26.7694983], [83.588042, 26.7701875], [83.5859336, 26.7611931], [83.5881007, 26.7598173], [83.5947265, 26.7586998], [83.5961992, 26.759016], [83.5961292, 26.7582623], [83.5978484, 26.7577257], [83.5979242, 26.7560966], [83.5967873, 26.7536012], [83.5937628, 26.7502971], [83.5900559, 26.7445075], [83.5895338, 26.7425985], [83.5911188, 26.742006], [83.5914245, 26.7393318], [83.5892902, 26.7337246], [83.5742574, 26.7353916], [83.5684921, 26.736653], [83.5656711, 26.7393007], [83.5655091, 26.7415435], [83.5573116, 26.7414089], [83.5574433, 26.7397393], [83.5472634, 26.7352169], [83.5379694, 26.7369443], [83.5349023, 26.738567], [83.5325272, 26.7359616], [83.532242, 26.7343234], [83.5302118, 26.7340467], [83.5290804, 26.734786], [83.5263368, 26.7341794], [83.5249827, 26.7309338], [83.5262798, 26.7303752], [83.5260194, 26.7292784], [83.5269701, 26.7283044], [83.526741, 26.7258854], [83.5252238, 26.7253292], [83.5249034, 26.7238894], [83.5254221, 26.7226894], [83.5244436, 26.7210823], [83.523474, 26.7207657], [83.5245045, 26.7203016], [83.524465, 26.7194622], [83.5196075, 26.7175047], [83.5207943, 26.7166617], [83.5205789, 26.715917], [83.5189751, 26.7168318], [83.5179451, 26.7166234], [83.5175374, 26.7173497], [83.5160503, 26.7169153], [83.5138619, 26.714364], [83.5136369, 26.7080505], [83.5153176, 26.7055021], [83.5147008, 26.7042697], [83.515792, 26.6980926], [83.5142518, 26.6905462], [83.5112648, 26.6883552], [83.5109474, 26.689271], [83.5117352, 26.6902419], [83.51111, 26.6925067], [83.5037066, 26.6905171], [83.4980621, 26.6902854], [83.4883273, 26.6910585], [83.4872086, 26.6902797], [83.4865284, 26.6883443], [83.4855435, 26.6880697], [83.4777219, 26.6941227], [83.4760122, 26.6981132], [83.476405, 26.6991462], [83.4751545, 26.6997654], [83.4765293, 26.7032708], [83.476743, 26.7063528], [83.4738766, 26.7094325], [83.4769737, 26.7172553], [83.4783119, 26.7188924], [83.4780821, 26.720463], [83.479279, 26.7213196], [83.4778533, 26.7230354], [83.4784882, 26.7249664], [83.479665, 26.7258997], [83.479159, 26.7276374], [83.4800798, 26.7287965], [83.4800052, 26.7297804], [83.4815136, 26.7305374], [83.480962, 26.7318194], [83.4812694, 26.7326631], [83.4803149, 26.733106], [83.4814519, 26.7343145], [83.481267, 26.7355692], [83.4819465, 26.7365931], [83.4810275, 26.7374602], [83.4820545, 26.739251], [83.4847087, 26.7397318], [83.4857102, 26.7410081], [83.4844807, 26.7430714], [83.4848821, 26.7475341], [83.4830777, 26.7530307], [83.4840911, 26.7561978], [83.4828267, 26.7586582], [83.4810987, 26.7599818], [83.480789, 26.7620758], [83.4788138, 26.7626278], [83.4754142, 26.7668722], [83.4719717, 26.7682465], [83.4703226, 26.768031], [83.4647784, 26.769226], [83.4555732, 26.7690329], [83.4540316, 26.7717097], [83.4502113, 26.7725873], [83.4486108, 26.7775025], [83.4505671, 26.7783813], [83.4529374, 26.7816698], [83.4553664, 26.7823499], [83.4540346, 26.7832577], [83.4536988, 26.7847696], [83.4546349, 26.7861138], [83.4543802, 26.7885914], [83.4552057, 26.7898004], [83.4573787, 26.7909679], [83.457028, 26.7927326], [83.4592431, 26.7962827], [83.4579023, 26.7987474], [83.4635286, 26.8043397], [83.4653644, 26.8046545], [83.466653, 26.8061202], [83.4666695, 26.8079027], [83.4649244, 26.8077774], [83.4643718, 26.8086307], [83.4644684, 26.8098806], [83.4655708, 26.8112653], [83.4649249, 26.8148713], [83.4705445, 26.8170337], [83.4694744, 26.818492], [83.4708934, 26.8192356], [83.4718604, 26.8266719], [83.4745411, 26.8322341], [83.4777707, 26.8324574], [83.4828327, 26.8343264], [83.4868823, 26.834585], [83.4887203, 26.8317705], [83.4871651, 26.8254918], [83.4872266, 26.8163717], [83.4852603, 26.8166214], [83.4849779, 26.8158951], [83.4841481, 26.8159545], [83.4838635, 26.8128184], [83.4863975, 26.8120718], [83.4891289, 26.8124983], [83.4891259, 26.8095335], [83.4818005, 26.8063172], [83.4779824, 26.7995736], [83.4767625, 26.7961946], [83.4981169, 26.7943977], [83.4979542, 26.7975586], [83.4985467, 26.7985569], [83.4979095, 26.79926], [83.4987511, 26.800871], [83.5008782, 26.8025328], [83.5026189, 26.8062303], [83.5043415, 26.8060726], [83.5065337, 26.8100779], [83.5065275, 26.8137365], [83.5036887, 26.8132924], [83.5020025, 26.8149157], [83.5045048, 26.8172384], [83.5131528, 26.8207556], [83.5161217, 26.8195157], [83.5203678, 26.8197378], [83.5212982, 26.8214294], [83.5232082, 26.8214013], [83.5230607, 26.8232153], [83.5220898, 26.8234266], [83.5224905, 26.8252952], [83.5209459, 26.825804], [83.5204618, 26.8271393], [83.5186468, 26.8263212], [83.5181326, 26.8274444], [83.5159797, 26.8275737], [83.5157056, 26.8301682], [83.5168911, 26.831911], [83.5160952, 26.8329799], [83.5182358, 26.8354364], [83.5192594, 26.8344447], [83.5260334, 26.8340317], [83.5285645, 26.8378896], [83.5286965, 26.8391481], [83.5261099, 26.8411293], [83.5270661, 26.8424192], [83.5297316, 26.8515299], [83.531397, 26.8514385]]]}}, {"type": "Feature", "properties": {"name": "Sardarnagar", "district": "Gorakhpur", "kind": "wasteland", "wl_pct": 1.5}, "geometry": {"type": "Polygon", "coordinates": [[[83.6092898, 26.7556155], [83.6100691, 26.7548303], [83.6145528, 26.7554355], [83.6150606, 26.7547812], [83.6163272, 26.7561035], [83.6178605, 26.7556207], [83.6191322, 26.7559728], [83.6221181, 26.7543844], [83.6218718, 26.75336], [83.6188812, 26.7508418], [83.6185294, 26.7487716], [83.6158603, 26.7498861], [83.6144227, 26.7494529], [83.6129401, 26.7472731], [83.6130912, 26.7453732], [83.6137698, 26.7445114], [83.611875, 26.7430311], [83.6121817, 26.7424489], [83.6100259, 26.7394162], [83.6109006, 26.7373856], [83.6132732, 26.7346014], [83.6128913, 26.7336674], [83.6138112, 26.7330672], [83.6132282, 26.7325843], [83.6136655, 26.7315554], [83.6132836, 26.7309462], [83.6166459, 26.7292722], [83.6185306, 26.7275891], [83.6201438, 26.7273996], [83.6214253, 26.728054], [83.6232345, 26.7270567], [83.622144, 26.7254502], [83.6229782, 26.723248], [83.6224457, 26.7201613], [83.6237573, 26.7188933], [83.6227121, 26.7173725], [83.623094, 26.7160908], [83.622285, 26.7146693], [83.6232197, 26.711691], [83.6220941, 26.7123904], [83.6213002, 26.7143805], [83.6205966, 26.7143895], [83.6201042, 26.7131756], [83.6210641, 26.7128327], [83.6214158, 26.7116007], [83.6197125, 26.7089697], [83.6207426, 26.7083741], [83.6207829, 26.7074128], [83.6178184, 26.706799], [83.6169693, 26.7056437], [83.6198484, 26.7051384], [83.6195822, 26.7032115], [83.6175924, 26.7044795], [83.6154923, 26.703464], [83.6159546, 26.7017357], [83.6181, 26.7026473], [83.6190998, 26.7023676], [83.6204414, 26.7007973], [83.6198889, 26.699466], [83.6203864, 26.6968441], [83.6218383, 26.6959687], [83.6222856, 26.6934505], [83.6246268, 26.6919614], [83.6218285, 26.6896779], [83.6216728, 26.6886355], [83.6233508, 26.6881752], [83.6257773, 26.6895877], [83.6244258, 26.6876337], [83.6258275, 26.6844612], [83.6241344, 26.6836941], [83.6257621, 26.6827915], [83.6250437, 26.6816995], [83.6262142, 26.6803727], [83.6250991, 26.6796236], [83.6253854, 26.6787572], [83.6244561, 26.678518], [83.6249483, 26.6774801], [83.6261388, 26.6779719], [83.6266311, 26.6773085], [83.6257018, 26.6763654], [83.6255511, 26.6750026], [83.6237327, 26.674813], [83.6238281, 26.6735044], [83.6246821, 26.6726831], [83.624225, 26.6705891], [83.6248127, 26.6697046], [83.6240743, 26.6690909], [83.6238282, 26.6674888], [83.6255913, 26.6661621], [83.6259529, 26.6649391], [83.6278465, 26.6640817], [83.6279369, 26.6623308], [83.6268419, 26.6611529], [83.6284491, 26.6607468], [83.6284139, 26.6596051], [83.6296445, 26.6593162], [83.6281828, 26.6580572], [83.6300964, 26.6579353], [83.6284691, 26.6564778], [83.6291872, 26.6558821], [83.6289059, 26.6549119], [83.6301515, 26.6549479], [83.6270628, 26.6534362], [83.6266308, 26.6523125], [83.6276101, 26.6503765], [83.6274192, 26.6486256], [83.631929, 26.6474657], [83.6313312, 26.6452229], [83.6282679, 26.64525], [83.6279917, 26.6443882], [83.6302162, 26.6424024], [83.6290712, 26.6394646], [83.6298797, 26.6391894], [83.6301257, 26.6380205], [83.6316422, 26.6375196], [83.6312052, 26.635737], [83.6323802, 26.6344057], [83.6322896, 26.6322351], [83.633339, 26.6308135], [83.6330326, 26.6299516], [83.6315463, 26.6293109], [83.6318224, 26.6271673], [83.6335544, 26.6236653], [83.6325652, 26.6239723], [83.6323794, 26.6228305], [83.6296882, 26.6226636], [83.6296128, 26.6199018], [83.626289, 26.6213144], [83.6257618, 26.6195409], [83.6231711, 26.6197755], [83.6234322, 26.6172936], [83.6226089, 26.6161292], [83.6210173, 26.6156147], [83.619496, 26.6166616], [83.6191445, 26.6182275], [83.6156251, 26.6171353], [83.6084051, 26.6185742], [83.6060904, 26.6195937], [83.6026405, 26.622689], [83.6019923, 26.6253018], [83.5979202, 26.6251476], [83.5952635, 26.6272861], [83.5950925, 26.6287076], [83.5931142, 26.6285538], [83.586294, 26.6251734], [83.5853606, 26.6254179], [83.5824106, 26.6242819], [83.5820187, 26.6247646], [83.5707523, 26.6233572], [83.5712351, 26.6216562], [83.5709164, 26.6159519], [83.5729348, 26.6158443], [83.5728554, 26.613809], [83.564973, 26.6139864], [83.5648161, 26.606969], [83.5597147, 26.5997508], [83.5549058, 26.5993921], [83.5513762, 26.6003696], [83.5489709, 26.6014513], [83.5479765, 26.6028669], [83.5496152, 26.606339], [83.5470418, 26.6109], [83.5489831, 26.6133695], [83.5485607, 26.6142448], [83.5496902, 26.6144214], [83.5483633, 26.6166364], [83.5502108, 26.6168586], [83.5491649, 26.6194168], [83.5496702, 26.6220705], [83.5463448, 26.6243297], [83.5443262, 26.6245361], [83.5440239, 26.6259755], [83.5458554, 26.6276733], [83.5459902, 26.6288828], [83.5447241, 26.6298885], [83.5442059, 26.6313187], [83.5403782, 26.6334104], [83.5395853, 26.6386095], [83.5400985, 26.6449132], [83.5346453, 26.645348], [83.5370779, 26.6479395], [83.5357003, 26.6501227], [83.5341278, 26.6507625], [83.5339963, 26.6519403], [83.5353823, 26.6521171], [83.5360546, 26.6529028], [83.5374158, 26.6527953], [83.5374044, 26.6545192], [83.5358173, 26.6545182], [83.5347612, 26.6563542], [83.5346694, 26.6582179], [83.5327652, 26.6589071], [83.5315359, 26.6574713], [83.5307466, 26.6584049], [83.5292651, 26.6583002], [83.5286816, 26.6593331], [83.5288164, 26.660317], [83.5298453, 26.661148], [83.5292068, 26.6620051], [83.5301604, 26.6627909], [83.5292859, 26.6634176], [83.530662, 26.663572], [83.5301028, 26.6656745], [83.528967, 26.6664319], [83.5289252, 26.6683227], [83.5305211, 26.669998], [83.5322541, 26.6699404], [83.531128, 26.6711762], [83.5328045, 26.6725311], [83.5333472, 26.6723284], [83.533454, 26.6706903], [83.5345143, 26.6701811], [83.5359902, 26.6712245], [83.5360043, 26.6723933], [83.5327772, 26.6752749], [83.5299393, 26.6749886], [83.5299537, 26.675819], [83.5273113, 26.6761015], [83.5270595, 26.6768279], [83.524854, 26.6771106], [83.5250542, 26.677869], [83.5228688, 26.6781878], [83.5233188, 26.6805528], [83.5189372, 26.681768], [83.5152964, 26.685741], [83.515314, 26.6883583], [83.5143697, 26.6881771], [83.5131328, 26.6892366], [83.5146983, 26.6914597], [83.515792, 26.6980926], [83.5147008, 26.7042697], [83.5153176, 26.7055021], [83.5136369, 26.7080505], [83.5138619, 26.714364], [83.5160503, 26.7169153], [83.5175374, 26.7173497], [83.5179451, 26.7166234], [83.5189751, 26.7168318], [83.5205789, 26.715917], [83.5207943, 26.7166617], [83.5196678, 26.7175589], [83.5242141, 26.7191732], [83.524585, 26.7201843], [83.523474, 26.7207657], [83.5244436, 26.7210823], [83.5254221, 26.7226894], [83.5249034, 26.7238894], [83.5252238, 26.7253292], [83.526741, 26.7258854], [83.5269701, 26.7283044], [83.5260194, 26.7292784], [83.5262798, 26.7303752], [83.524998, 26.7307308], [83.5255636, 26.733344], [83.5275879, 26.7346361], [83.5290804, 26.734786], [83.5302118, 26.7340467], [83.532242, 26.7343234], [83.5325272, 26.7359616], [83.5349023, 26.738567], [83.5379694, 26.7369443], [83.5472634, 26.7352169], [83.5574433, 26.7397393], [83.5573116, 26.7414089], [83.5655091, 26.7415435], [83.5656711, 26.7393007], [83.5684921, 26.736653], [83.5742574, 26.7353916], [83.5892902, 26.7337246], [83.5914245, 26.7393318], [83.5911188, 26.742006], [83.5895338, 26.7425985], [83.5900559, 26.7445075], [83.5937628, 26.7502971], [83.5967873, 26.7536012], [83.5979242, 26.7560966], [83.6005579, 26.7576585], [83.6052232, 26.7555337], [83.6069873, 26.757294], [83.6099027, 26.7587564], [83.6113606, 26.7577141], [83.6104859, 26.7574297], [83.6092898, 26.7556155]]]}}, {"type": "Feature", "properties": {"name": "Sukrauli", "district": "Kushinagar", "kind": "wasteland", "wl_pct": 0.9}, "geometry": {"type": "Polygon", "coordinates": [[[83.6334051, 26.8601485], [83.6328044, 26.8547711], [83.6335661, 26.8518847], [83.6312394, 26.8333108], [83.633036, 26.8295666], [83.6338749, 26.825631], [83.6387064, 26.8225998], [83.6387324, 26.8207478], [83.637019, 26.8200928], [83.6367522, 26.8177688], [83.6373254, 26.8163202], [83.6362843, 26.8158104], [83.6377025, 26.8151063], [83.6374207, 26.8141721], [83.6382204, 26.813766], [83.6373752, 26.8117308], [83.6384162, 26.8110764], [83.6377975, 26.8101017], [83.6389944, 26.8097451], [83.6383456, 26.8085177], [83.6392255, 26.8080122], [83.650115, 26.8089236], [83.6555391, 26.8075852], [83.6584945, 26.8079021], [83.6606946, 26.8220043], [83.6637376, 26.8216498], [83.6684437, 26.8144469], [83.6687398, 26.8119606], [83.6732006, 26.8125138], [83.6740278, 26.8119758], [83.6770328, 26.8046049], [83.6877372, 26.8026922], [83.6878333, 26.8001804], [83.6852621, 26.7962483], [83.6861478, 26.7946685], [83.6809957, 26.7922798], [83.689511, 26.7839594], [83.6847158, 26.7768516], [83.681763, 26.7710426], [83.6871835, 26.7689693], [83.6974523, 26.7681152], [83.6960404, 26.7601719], [83.6958058, 26.7503194], [83.6995458, 26.7490141], [83.6969293, 26.7446472], [83.6943701, 26.7431637], [83.6939679, 26.7357451], [83.6781271, 26.7358467], [83.6779883, 26.7292717], [83.6836083, 26.722171], [83.6902212, 26.7215589], [83.6936394, 26.7232586], [83.694572, 26.7248513], [83.7016359, 26.725028], [83.7065768, 26.7261895], [83.7089213, 26.7229706], [83.7210063, 26.7219206], [83.724578, 26.7205191], [83.7279077, 26.7126963], [83.7281512, 26.7039956], [83.7293252, 26.7021265], [83.7280599, 26.6974973], [83.7232073, 26.6983988], [83.7226281, 26.6967115], [83.7221509, 26.6968923], [83.7201923, 26.6917853], [83.7217494, 26.691342], [83.7216454, 26.6873212], [83.7110412, 26.6884787], [83.7110002, 26.6874543], [83.7089055, 26.687582], [83.7063066, 26.6853587], [83.7056687, 26.6855937], [83.7030546, 26.6830139], [83.695258, 26.6828419], [83.6937409, 26.6828743], [83.6932996, 26.6841651], [83.6954969, 26.6874494], [83.6948599, 26.6890652], [83.6988549, 26.698558], [83.698358, 26.6994156], [83.6943505, 26.7023735], [83.6884526, 26.7037255], [83.6881491, 26.7002283], [83.6822056, 26.7007497], [83.6810855, 26.7012015], [83.6811059, 26.7019912], [83.6800508, 26.7020457], [83.6762177, 26.6919793], [83.6745047, 26.6922146], [83.6744038, 26.6913527], [83.6735498, 26.6913033], [83.6722104, 26.6838308], [83.6694973, 26.6829696], [83.6641924, 26.6830615], [83.6634124, 26.6789281], [83.6615386, 26.6790684], [83.6570701, 26.6690377], [83.6561504, 26.6673862], [83.6550153, 26.6673323], [83.6533765, 26.6619264], [83.6544714, 26.6616735], [83.6545111, 26.6602926], [83.6527382, 26.6602026], [83.6523767, 26.6607443], [83.6489565, 26.6613541], [83.6492976, 26.6598106], [83.6466407, 26.6594501], [83.6308298, 26.6612296], [83.6279369, 26.6623308], [83.6278465, 26.6640817], [83.6259529, 26.6649391], [83.6252497, 26.6665367], [83.6239236, 26.6671504], [83.623999, 26.6689194], [83.6248127, 26.6697046], [83.624225, 26.6705891], [83.6246821, 26.6726831], [83.6238281, 26.6735044], [83.6237327, 26.674813], [83.6255511, 26.6750026], [83.6257018, 26.6763654], [83.6266311, 26.6773085], [83.6261388, 26.6779719], [83.6249483, 26.6774801], [83.6244561, 26.678518], [83.6253854, 26.6787572], [83.6250991, 26.6796236], [83.6262142, 26.6803727], [83.6250437, 26.6816995], [83.6257621, 26.6827915], [83.6241344, 26.6836941], [83.6258275, 26.6844612], [83.6244258, 26.6876337], [83.6257773, 26.6895877], [83.6233508, 26.6881752], [83.6216728, 26.6886355], [83.6218285, 26.6896779], [83.6246268, 26.6919614], [83.6222856, 26.6934505], [83.6218383, 26.6959687], [83.6203864, 26.6968441], [83.6198889, 26.699466], [83.6204414, 26.7007973], [83.6190998, 26.7023676], [83.6181, 26.7026473], [83.6159546, 26.7017357], [83.6154923, 26.703464], [83.6175924, 26.7044795], [83.6195822, 26.7032115], [83.6198484, 26.7051384], [83.6169693, 26.7056437], [83.6178184, 26.706799], [83.6207829, 26.7074128], [83.6207426, 26.7083741], [83.6197125, 26.7089697], [83.6214158, 26.7116007], [83.6210641, 26.7128327], [83.6201042, 26.7131756], [83.6205966, 26.7143895], [83.6213002, 26.7143805], [83.6220941, 26.7123904], [83.6232197, 26.711691], [83.622285, 26.7146693], [83.623094, 26.7160908], [83.6227121, 26.7173725], [83.6237573, 26.7188933], [83.6224457, 26.7201613], [83.6229782, 26.723248], [83.622144, 26.7254502], [83.6232345, 26.7270567], [83.6214253, 26.728054], [83.6201438, 26.7273996], [83.6185306, 26.7275891], [83.6166459, 26.7292722], [83.6132836, 26.7309462], [83.6136655, 26.7315554], [83.6132282, 26.7325843], [83.6138112, 26.7330672], [83.6128913, 26.7336674], [83.6132732, 26.7346014], [83.6109006, 26.7373856], [83.6100259, 26.7394162], [83.6121817, 26.7424489], [83.611875, 26.7430311], [83.6137698, 26.7445114], [83.6128397, 26.7462983], [83.6138699, 26.7487578], [83.615443, 26.7499493], [83.6185294, 26.7487716], [83.6188812, 26.7508418], [83.6218718, 26.75336], [83.6220628, 26.754601], [83.6191322, 26.7559728], [83.6178605, 26.7556207], [83.6166288, 26.7561892], [83.6153974, 26.7548128], [83.6145528, 26.7554355], [83.6100691, 26.7548303], [83.6091742, 26.7558998], [83.6113606, 26.7577141], [83.6099027, 26.7587564], [83.6069873, 26.757294], [83.6052232, 26.7555337], [83.6005579, 26.7576585], [83.5979242, 26.7560966], [83.5978484, 26.7577257], [83.5961292, 26.7582623], [83.5961992, 26.759016], [83.5947265, 26.7586998], [83.5865472, 26.760354], [83.5859336, 26.7611931], [83.588042, 26.7701875], [83.5930495, 26.7694983], [83.5926907, 26.7761048], [83.5911967, 26.7784374], [83.5907632, 26.7824085], [83.5926323, 26.7868899], [83.5955429, 26.7892192], [83.5955728, 26.7906903], [83.5896019, 26.7979182], [83.585954, 26.8040634], [83.5848866, 26.8076327], [83.5833528, 26.8075826], [83.5809177, 26.8103345], [83.5790669, 26.8106182], [83.5796089, 26.8132809], [83.5779237, 26.8143363], [83.578019, 26.8149726], [83.5748651, 26.8159463], [83.5778761, 26.8178399], [83.5806003, 26.8206088], [83.5831612, 26.8254091], [83.5787231, 26.8244843], [83.5751238, 26.8364989], [83.5831231, 26.8414615], [83.5885283, 26.8457892], [83.5964316, 26.8473426], [83.6059857, 26.8509611], [83.6082963, 26.8582844], [83.6159687, 26.8585517], [83.6224816, 26.8571815], [83.6293194, 26.858521], [83.6334051, 26.8601485]]]}}, {"type": "Feature", "properties": {"name": "Kaptainganj", "district": "Kushinagar", "kind": "wasteland", "wl_pct": 0.6}, "geometry": {"type": "Polygon", "coordinates": [[[83.7028143, 26.9529793], [83.7050233, 26.9463919], [83.7113295, 26.9439409], [83.7155495, 26.9410059], [83.7168724, 26.9412314], [83.7219544, 26.9321767], [83.7250582, 26.9305922], [83.7292333, 26.9305589], [83.7348753, 26.9330527], [83.7373666, 26.9330592], [83.7380819, 26.9349473], [83.7396291, 26.935239], [83.7425956, 26.938913], [83.7479221, 26.9387561], [83.7498375, 26.9376195], [83.7510185, 26.9387391], [83.75205, 26.9373567], [83.7498775, 26.9334509], [83.7514901, 26.9320182], [83.7521007, 26.93015], [83.7479227, 26.9320609], [83.7447251, 26.9317243], [83.7435548, 26.9293214], [83.7419052, 26.9280468], [83.7419376, 26.9266664], [83.7443294, 26.9233247], [83.7442056, 26.9216195], [83.7358658, 26.9145914], [83.7349193, 26.9123145], [83.7318157, 26.9114028], [83.729869, 26.906259], [83.7343132, 26.906679], [83.7375243, 26.9062742], [83.7395312, 26.904781], [83.7400545, 26.9026664], [83.7415937, 26.9026954], [83.7492162, 26.8966778], [83.7526473, 26.8951481], [83.7504499, 26.892396], [83.7496085, 26.888114], [83.7479266, 26.8874567], [83.7439627, 26.8866477], [83.7377617, 26.8901613], [83.7309202, 26.8835514], [83.7233403, 26.8738069], [83.721993, 26.870477], [83.7203504, 26.8684242], [83.7156357, 26.8666681], [83.7169405, 26.862902], [83.7235369, 26.8550509], [83.7113585, 26.8505262], [83.7068609, 26.8563242], [83.7037213, 26.8574186], [83.7032176, 26.8586117], [83.699899, 26.8601649], [83.698534, 26.8635463], [83.6955753, 26.8649951], [83.6912846, 26.8659497], [83.6899807, 26.8714311], [83.6905191, 26.8730545], [83.6866159, 26.8753679], [83.6887246, 26.8814122], [83.6889131, 26.8835915], [83.6860544, 26.8828239], [83.6826745, 26.8856608], [83.6846046, 26.8876312], [83.6828873, 26.8886793], [83.6827887, 26.8895775], [83.6839621, 26.8912858], [83.6827916, 26.8918171], [83.6815916, 26.8913413], [83.680095, 26.8892487], [83.6766339, 26.8893344], [83.6733098, 26.8822424], [83.6698068, 26.8767817], [83.6686479, 26.8739612], [83.6683357, 26.8710191], [83.6639799, 26.8726728], [83.6599648, 26.8688974], [83.6617614, 26.8656027], [83.6400596, 26.8618906], [83.6293194, 26.858521], [83.6224816, 26.8571815], [83.6159687, 26.8585517], [83.6082963, 26.8582844], [83.6059857, 26.8509611], [83.5964316, 26.8473426], [83.5885283, 26.8457892], [83.5831231, 26.8414615], [83.5751238, 26.8364989], [83.5787231, 26.8244843], [83.5831612, 26.8254091], [83.5806003, 26.8206088], [83.5778761, 26.8178399], [83.5745636, 26.8155445], [83.5733312, 26.8160314], [83.5726778, 26.8150745], [83.5690008, 26.8159305], [83.5683815, 26.8173878], [83.5675969, 26.8174371], [83.5676367, 26.8184119], [83.5658758, 26.8193679], [83.5653723, 26.820586], [83.5655719, 26.8235238], [83.5635903, 26.8232342], [83.5610399, 26.8238332], [83.5622126, 26.831433], [83.5616342, 26.8314734], [83.5619293, 26.834312], [83.5615017, 26.8344787], [83.5623206, 26.8362932], [83.5606855, 26.8368294], [83.5571295, 26.8360065], [83.552939, 26.836406], [83.5477215, 26.8380368], [83.5478368, 26.8386416], [83.5466394, 26.8388576], [83.5478687, 26.8435197], [83.5488388, 26.8447974], [83.5485767, 26.8455508], [83.5411199, 26.8472524], [83.5313413, 26.8517769], [83.5303858, 26.8513205], [83.5290774, 26.8517393], [83.5287257, 26.8511299], [83.5244069, 26.8526509], [83.5267961, 26.8543009], [83.5266728, 26.8573242], [83.5281565, 26.8578081], [83.5268268, 26.8595219], [83.5279543, 26.8590263], [83.5296795, 26.859551], [83.5296131, 26.8608145], [83.5309812, 26.8605889], [83.5309961, 26.8615149], [83.5318511, 26.8614026], [83.5330226, 26.8630279], [83.5339768, 26.8620136], [83.5353424, 26.8626278], [83.5375518, 26.8619433], [83.5375665, 26.8624578], [83.5386935, 26.8625126], [83.5403353, 26.8671345], [83.5415832, 26.8670586], [83.5428188, 26.8701503], [83.5405742, 26.8706725], [83.5421629, 26.8794776], [83.5461717, 26.8894211], [83.5534091, 26.8886668], [83.5550892, 26.8899177], [83.5568987, 26.8935828], [83.5554488, 26.8944214], [83.5574243, 26.8984882], [83.5576701, 26.8998285], [83.5568092, 26.9001711], [83.5585675, 26.9058172], [83.5566135, 26.9076032], [83.5554306, 26.9075304], [83.5581729, 26.9178024], [83.5580004, 26.9201173], [83.5595438, 26.9235882], [83.5647647, 26.9225617], [83.566132, 26.9265468], [83.5666502, 26.9272871], [83.5677175, 26.9271476], [83.5682549, 26.9297697], [83.569287, 26.9296528], [83.5705787, 26.9339131], [83.5723964, 26.9335032], [83.5717078, 26.9311022], [83.5738123, 26.9309496], [83.5735056, 26.9301598], [83.5771761, 26.9291322], [83.5774635, 26.9283426], [83.5795376, 26.9282621], [83.5795373, 26.9290473], [83.5821552, 26.9291202], [83.5844102, 26.9301633], [83.5863021, 26.9333362], [83.5889103, 26.932669], [83.5889863, 26.9309047], [83.5915641, 26.9307158], [83.5918918, 26.9291725], [83.5940113, 26.9288978], [83.5938809, 26.927219], [83.5946261, 26.9269123], [83.59445, 26.9263618], [83.5958446, 26.9260869], [83.5939573, 26.9236181], [83.5953066, 26.9234462], [83.5937671, 26.9196741], [83.5909343, 26.9156752], [83.5927115, 26.9147325], [83.5932097, 26.9151433], [83.594856, 26.9142546], [83.594378, 26.9136725], [83.5949116, 26.9133612], [83.5991906, 26.9119045], [83.6063687, 26.9116123], [83.6070725, 26.917375], [83.6081994, 26.9214048], [83.60904, 26.9220231], [83.607872, 26.922384], [83.6085411, 26.9257098], [83.6110481, 26.925683], [83.6119992, 26.9288916], [83.6137764, 26.9288737], [83.613872, 26.9297897], [83.6151356, 26.9299793], [83.6168522, 26.9315047], [83.6265538, 26.930079], [83.6270925, 26.9369607], [83.627873, 26.9383144], [83.6280292, 26.9413152], [83.6284823, 26.9413107], [83.6263274, 26.9447042], [83.6227676, 26.9454894], [83.621987, 26.946974], [83.6230191, 26.9528178], [83.6244542, 26.9557419], [83.6302451, 26.9549837], [83.630361, 26.9560126], [83.6332564, 26.9554755], [83.6340421, 26.9568337], [83.6390675, 26.9554614], [83.6390876, 26.9548929], [83.6435893, 26.9541072], [83.6440069, 26.9525503], [83.6507543, 26.9519987], [83.6507189, 26.9512632], [83.6519172, 26.9508027], [83.6531811, 26.9507482], [83.6533121, 26.9513665], [83.6569627, 26.950734], [83.657784, 26.9527644], [83.6593905, 26.9532469], [83.6628794, 26.9514229], [83.6659552, 26.9488814], [83.6696908, 26.9476078], [83.6719313, 26.9469573], [83.6728278, 26.9474353], [83.6787288, 26.9469548], [83.6787295, 26.948444], [83.6799328, 26.948051], [83.6799132, 26.9493866], [83.681867, 26.9493498], [83.6819227, 26.9501215], [83.6825723, 26.9500535], [83.682346, 26.9506898], [83.6832624, 26.9506354], [83.6832627, 26.9511182], [83.6824016, 26.9511365], [83.6834147, 26.9530359], [83.6820365, 26.9561908], [83.6824403, 26.9580948], [83.6815807, 26.9611458], [83.6820813, 26.9651075], [83.6959736, 26.9628617], [83.6984112, 26.9582072], [83.7005571, 26.9579339], [83.7028143, 26.9529793]]]}}, {"type": "Feature", "properties": {"name": "Campierganj", "district": "Gorakhpur", "kind": "wasteland", "wl_pct": 3.9}, "geometry": {"type": "Polygon", "coordinates": [[[83.1524668, 27.110076], [83.1530167, 27.1057722], [83.1522915, 27.1003287], [83.1527775, 27.0975837], [83.1539166, 27.0965798], [83.1552689, 27.0967122], [83.1562377, 27.0976617], [83.1620573, 27.1071734], [83.1653737, 27.1080635], [83.1692123, 27.1076551], [83.1732886, 27.1055369], [83.1741085, 27.1005652], [83.1727404, 27.0951838], [83.1743161, 27.0943916], [83.1789931, 27.0933037], [83.1813763, 27.0957578], [83.1850934, 27.0954373], [83.1863067, 27.0960261], [83.1924935, 27.0929079], [83.1959172, 27.0931697], [83.1976569, 27.0926437], [83.2000857, 27.0955259], [83.2040417, 27.0919375], [83.2034371, 27.0913243], [83.2037684, 27.0903485], [83.2086917, 27.0898067], [83.2122202, 27.0882752], [83.212774, 27.0876997], [83.2126331, 27.0859363], [83.214149, 27.0849609], [83.2163226, 27.088032], [83.2216075, 27.0906593], [83.2233763, 27.090206], [83.2237053, 27.0880773], [83.2267294, 27.0853047], [83.2296965, 27.0845938], [83.2307653, 27.0827443], [83.2309775, 27.0755276], [83.2278465, 27.0703666], [83.2324336, 27.0695611], [83.2350808, 27.0667959], [83.236752, 27.0625544], [83.238882, 27.0639212], [83.2387827, 27.0653829], [83.2377204, 27.0661407], [83.23697, 27.0681188], [83.2369004, 27.0691383], [83.237758, 27.0702737], [83.2394841, 27.0697721], [83.2413379, 27.0659805], [83.2434159, 27.066919], [83.2432205, 27.0657087], [83.2450049, 27.0658805], [83.2468149, 27.0651809], [83.2507108, 27.0655748], [83.2523324, 27.0669299], [83.2521888, 27.0692131], [83.2534749, 27.0732484], [83.2607164, 27.075258], [83.263402, 27.0765869], [83.270584, 27.0780634], [83.2736262, 27.058635], [83.2682746, 27.0414655], [83.2671866, 27.0356345], [83.2676375, 27.033153], [83.2697921, 27.0300094], [83.2870305, 27.036104], [83.292568, 27.0368836], [83.2920978, 27.0389095], [83.2927918, 27.0409991], [83.2979921, 27.0414939], [83.2971597, 27.0427389], [83.2974816, 27.0437002], [83.2966297, 27.0439886], [83.2976306, 27.0468501], [83.2966016, 27.0482032], [83.2977254, 27.0483212], [83.2975129, 27.0494673], [83.2981423, 27.0501896], [83.2982775, 27.0515931], [83.2974656, 27.0522604], [83.2977512, 27.0547289], [83.2992326, 27.0552351], [83.2996352, 27.0562688], [83.2981627, 27.0572923], [83.295814, 27.0573135], [83.2941743, 27.0580563], [83.2936096, 27.0591957], [83.2939899, 27.061063], [83.295977, 27.0623185], [83.2965797, 27.0646813], [83.2980888, 27.0636652], [83.2997396, 27.0658984], [83.3022402, 27.0650108], [83.3046334, 27.0667448], [83.3033217, 27.0684092], [83.306053, 27.0697689], [83.3063348, 27.0705316], [83.3056339, 27.0708833], [83.3031895, 27.0701691], [83.3051089, 27.071957], [83.3027998, 27.0726868], [83.3037414, 27.0744562], [83.3053943, 27.0751835], [83.3054893, 27.0763883], [83.3047832, 27.0771145], [83.3059117, 27.0780221], [83.3055775, 27.0805083], [83.3074834, 27.0799678], [83.3064692, 27.0814203], [83.3077434, 27.0834741], [83.312764, 27.0846677], [83.3133321, 27.0873168], [83.3165837, 27.087634], [83.3171893, 27.0863437], [83.3185457, 27.0860419], [83.3190295, 27.0863986], [83.3184945, 27.087513], [83.3205367, 27.0867286], [83.3211767, 27.0873561], [83.3210551, 27.0886195], [83.3247502, 27.0893339], [83.3261489, 27.0840458], [83.3278387, 27.0820428], [83.3293059, 27.0815424], [83.336419, 27.0816303], [83.3395365, 27.0911073], [83.3419356, 27.0936349], [83.3434228, 27.0938608], [83.3470531, 27.0929952], [83.3499625, 27.0916556], [83.3517528, 27.089526], [83.3567893, 27.0889311], [83.3582813, 27.0914493], [83.3588859, 27.093683], [83.3579784, 27.0940664], [83.3598783, 27.0999419], [83.3607253, 27.1001766], [83.3732146, 27.0974293], [83.3744952, 27.0942841], [83.3755187, 27.0941261], [83.3894073, 27.0826186], [83.3947563, 27.0833219], [83.397736, 27.0850723], [83.3992938, 27.0851578], [83.4032519, 27.0877472], [83.4074566, 27.0881344], [83.4050955, 27.0817813], [83.4037395, 27.0820072], [83.3981737, 27.0806365], [83.3973865, 27.0766792], [83.396257, 27.0750639], [83.3860692, 27.0740001], [83.3835385, 27.0716177], [83.3818395, 27.0661532], [83.3826207, 27.0655033], [83.3858467, 27.0659318], [83.387399, 27.0648397], [83.3885578, 27.0606113], [83.3876452, 27.0579401], [83.3861735, 27.0572994], [83.380584, 27.058297], [83.3791878, 27.0561129], [83.3755538, 27.0545156], [83.373926, 27.0501881], [83.3707964, 27.047273], [83.3649906, 27.0482113], [83.3621786, 27.0474349], [83.3617201, 27.0456479], [83.3625673, 27.0410137], [83.3613479, 27.0396778], [83.3589089, 27.0394429], [83.3586822, 27.038915], [83.362608, 27.0369028], [83.3664126, 27.0382884], [83.3683578, 27.0370701], [83.3687611, 27.0338347], [83.3671086, 27.0299042], [83.367356, 27.0235777], [83.3652599, 27.0231083], [83.3632997, 27.0253102], [83.3567642, 27.0269611], [83.3549049, 27.0267532], [83.3533583, 27.025494], [83.3495766, 27.0147942], [83.3502523, 27.0120236], [83.3524952, 27.0077778], [83.3516036, 27.0072722], [83.3486461, 27.0081155], [83.3477093, 27.0072083], [83.3489493, 27.0045146], [83.3515945, 27.0021866], [83.3513027, 27.0005079], [83.3495548, 27.0001421], [83.3464208, 27.0024654], [83.3448691, 27.0029119], [83.3450422, 26.9960542], [83.3441459, 26.9945063], [83.3392495, 26.994988], [83.3354768, 26.9943101], [83.3329824, 26.9969897], [83.3292546, 26.9970789], [83.329477, 26.9952378], [83.3274742, 26.9902282], [83.3235151, 26.9899245], [83.3221962, 26.9884033], [83.322464, 26.9864315], [83.3252796, 26.9865272], [83.3266299, 26.9858102], [83.3233929, 26.9820546], [83.3207695, 26.980375], [83.3208553, 26.9798606], [83.3233588, 26.9794553], [83.3235958, 26.9788508], [83.3236527, 26.9756108], [83.3256339, 26.9713742], [83.3239623, 26.97025], [83.3240587, 26.9685488], [83.3268706, 26.964669], [83.3289447, 26.9665019], [83.3316691, 26.9667915], [83.3325714, 26.96454], [83.3379759, 26.9621228], [83.3395629, 26.9596639], [83.3394071, 26.9588696], [83.3384454, 26.958373], [83.3331477, 26.9587009], [83.3337591, 26.9531733], [83.3320529, 26.950754], [83.3333274, 26.9492743], [83.337507, 26.9484271], [83.3390884, 26.9474573], [83.338923, 26.9450385], [83.3335821, 26.9412104], [83.3392924, 26.9393031], [83.3396301, 26.9383195], [83.3324879, 26.932203], [83.3325398, 26.9279747], [83.3315939, 26.926544], [83.3286749, 26.9245575], [83.3286766, 26.92046], [83.3263515, 26.9187942], [83.3229131, 26.9192442], [83.3252677, 26.922476], [83.3254332, 26.9236358], [83.324839, 26.9241004], [83.3208637, 26.9204618], [83.3174708, 26.9203792], [83.3171841, 26.9199278], [83.3174873, 26.9176356], [83.3191344, 26.915759], [83.3162111, 26.9130593], [83.3154569, 26.9113984], [83.3157909, 26.908005], [83.3206283, 26.9074203], [83.3240018, 26.9050299], [83.3248076, 26.9041142], [83.3245462, 26.9034282], [83.32281, 26.9028635], [83.3194122, 26.9035842], [83.3200878, 26.901107], [83.3100318, 26.9004935], [83.3091, 26.9017611], [83.3110624, 26.9028316], [83.3082159, 26.9072751], [83.3073697, 26.9082089], [83.3032814, 26.9099306], [83.3016557, 26.9097628], [83.3006143, 26.9091034], [83.2988625, 26.9092695], [83.295869, 26.9071289], [83.2930353, 26.9069377], [83.2916942, 26.9031825], [83.2952039, 26.9009011], [83.2935244, 26.8987747], [83.2945714, 26.8986267], [83.2928653, 26.8915903], [83.2910035, 26.8910477], [83.2914195, 26.8933268], [83.2891036, 26.8945302], [83.2887467, 26.8939434], [83.2878506, 26.8941188], [83.2833038, 26.8967288], [83.2845792, 26.9005337], [83.284773, 26.9036565], [83.2875116, 26.9029543], [83.2875967, 26.9037034], [83.2898562, 26.9042373], [83.2904627, 26.9075995], [83.2924538, 26.9106602], [83.2916178, 26.9111922], [83.2922149, 26.9137603], [83.2935469, 26.9163874], [83.2943876, 26.9164059], [83.295402, 26.9198225], [83.2953547, 26.9226293], [83.2883792, 26.9269662], [83.2905263, 26.9303835], [83.285057, 26.9342028], [83.2868263, 26.9363108], [83.2871278, 26.9435807], [83.2904395, 26.9521746], [83.294601, 26.9511166], [83.2942245, 26.9544557], [83.2912948, 26.9530912], [83.2898942, 26.9541012], [83.2868585, 26.9531877], [83.2864449, 26.9541125], [83.2858557, 26.9540986], [83.2813253, 26.9521869], [83.2797739, 26.9528447], [83.2798283, 26.9539052], [83.278761, 26.9537601], [83.2773704, 26.954621], [83.2773319, 26.9584025], [83.2764142, 26.959706], [83.2735681, 26.9607148], [83.2725083, 26.963241], [83.2694586, 26.9664607], [83.2689524, 26.9691633], [83.2714084, 26.9710424], [83.2717237, 26.9731138], [83.2669636, 26.973891], [83.2659085, 26.976053], [83.2608641, 26.9743329], [83.2554472, 26.9768464], [83.2527363, 26.9733333], [83.248078, 26.9706717], [83.2475873, 26.9751633], [83.2437946, 26.9735926], [83.2420668, 26.9737353], [83.2270496, 26.9818571], [83.2261089, 26.9847661], [83.2259253, 26.989265], [83.2267925, 26.9948004], [83.2255725, 26.9984643], [83.226237, 27.0003111], [83.2228989, 27.002222], [83.2212077, 27.0048029], [83.2211899, 27.005827], [83.213642, 27.0059859], [83.214333, 27.0111708], [83.2139555, 27.0148482], [83.2117387, 27.0145731], [83.2068125, 27.0176442], [83.2039534, 27.0176734], [83.2014111, 27.0154535], [83.1999303, 27.0121635], [83.1988844, 27.0112819], [83.1953532, 27.0104217], [83.1924375, 27.0107722], [83.1891581, 27.0095863], [83.1789512, 27.0049292], [83.1723206, 27.0029078], [83.1696421, 26.9997581], [83.1683837, 26.9994631], [83.1679914, 27.0006651], [83.1706763, 27.0053583], [83.1719265, 27.0092066], [83.1706398, 27.0097276], [83.1616828, 27.0088886], [83.1598293, 27.0094792], [83.1592365, 27.0117628], [83.16156, 27.0145609], [83.1606994, 27.0163002], [83.1585014, 27.0169926], [83.1549583, 27.012708], [83.1523603, 27.0123144], [83.1527597, 27.0111111], [83.1556428, 27.0097972], [83.1580122, 27.0073793], [83.1580401, 27.0039752], [83.1572294, 27.0027354], [83.1547588, 27.0024608], [83.1542102, 27.00312], [83.1510126, 27.0081274], [83.1506265, 27.0121263], [83.1498301, 27.0132767], [83.1481375, 27.01248], [83.1472753, 27.0078173], [83.1457395, 27.0055993], [83.1434164, 27.0039845], [83.1416219, 27.0040811], [83.1408698, 27.0047445], [83.1407443, 27.0142283], [83.1394103, 27.0173951], [83.139556, 27.018709], [83.1419326, 27.0197353], [83.1450614, 27.0196525], [83.1454445, 27.020516], [83.1451174, 27.0219002], [83.1426969, 27.0236503], [83.1415788, 27.0227812], [83.1403153, 27.0201525], [83.1383192, 27.0203342], [83.1374421, 27.0214254], [83.1372937, 27.0245482], [83.1379082, 27.0260756], [83.1421212, 27.02822], [83.1454947, 27.0315966], [83.1468482, 27.0346489], [83.1465055, 27.0372287], [83.1499384, 27.0393479], [83.150459, 27.0411811], [83.149447, 27.0418496], [83.1454438, 27.0399849], [83.1425827, 27.0399407], [83.1359269, 27.0473261], [83.1308548, 27.0474878], [83.1306861, 27.0498007], [83.1330565, 27.0537444], [83.1375063, 27.0558234], [83.139395, 27.0544892], [83.1380633, 27.0509503], [83.1382584, 27.0478875], [83.1478678, 27.0515041], [83.1490529, 27.0523313], [83.1493982, 27.0534791], [83.1481603, 27.054618], [83.1415182, 27.0562094], [83.1437781, 27.0611477], [83.1415692, 27.0614349], [83.1356775, 27.0641252], [83.1407513, 27.0694532], [83.1383827, 27.0733292], [83.1378477, 27.0759126], [83.1353052, 27.0778067], [83.1352556, 27.0803601], [83.128718, 27.0834883], [83.131623, 27.0848081], [83.1247671, 27.0869701], [83.1283489, 27.091862], [83.128627, 27.0962321], [83.1272993, 27.0987907], [83.1238054, 27.1009927], [83.1247616, 27.1054834], [83.1205301, 27.1094776], [83.1194634, 27.1141495], [83.1200666, 27.1144883], [83.1225085, 27.1132058], [83.1295034, 27.1077405], [83.1309101, 27.1103498], [83.1407264, 27.1115962], [83.1455534, 27.1128874], [83.1475875, 27.114171], [83.1492581, 27.1162122], [83.1524668, 27.110076]]]}}]}